solid OpenSCAD_Model
  facet normal -0.740908 -0.671607 0
    outer loop
      vertex -15.4213 -22.1713 0
      vertex -15.619 -21.9532 7.6
      vertex -15.619 -21.9532 0
    endloop
  endfacet
  facet normal -0.740908 -0.671607 0
    outer loop
      vertex -15.619 -21.9532 7.6
      vertex -15.4213 -22.1713 0
      vertex -15.4213 -22.1713 7.6
    endloop
  endfacet
  facet normal 0 -1 0
    outer loop
      vertex 3.77117 -23.05 14.3554
      vertex 13.3 -23.05 14.6
      vertex 3.25395 -23.05 14.6
    endloop
  endfacet
  facet normal 0 -1 0
    outer loop
      vertex 4.44456 -23.05 13.9518
      vertex 13.3 -23.05 14.6
      vertex 3.77117 -23.05 14.3554
    endloop
  endfacet
  facet normal 0 -1 0
    outer loop
      vertex 5.07515 -23.05 13.4841
      vertex 13.3 -23.05 14.6
      vertex 4.44456 -23.05 13.9518
    endloop
  endfacet
  facet normal 0 -1 0
    outer loop
      vertex 5.65685 -23.05 12.9569
      vertex 13.3 -23.05 14.6
      vertex 5.07515 -23.05 13.4841
    endloop
  endfacet
  facet normal 0 -1 0
    outer loop
      vertex 6.18408 -23.05 12.3751
      vertex 13.3 -23.05 14.6
      vertex 5.65685 -23.05 12.9569
    endloop
  endfacet
  facet normal 0 -1 0
    outer loop
      vertex 6.65176 -23.05 11.7446
      vertex 13.3 -23.05 14.6
      vertex 6.18408 -23.05 12.3751
    endloop
  endfacet
  facet normal 0 -1 0
    outer loop
      vertex 7.05537 -23.05 11.0712
      vertex 13.3 -23.05 14.6
      vertex 6.65176 -23.05 11.7446
    endloop
  endfacet
  facet normal 0 -1 0
    outer loop
      vertex 7.39104 -23.05 10.3615
      vertex 13.3 -23.05 14.6
      vertex 7.05537 -23.05 11.0712
    endloop
  endfacet
  facet normal 0 -1 0
    outer loop
      vertex 7.65552 -23.05 9.62228
      vertex 13.3 -23.05 14.6
      vertex 7.39104 -23.05 10.3615
    endloop
  endfacet
  facet normal 0 -1 0
    outer loop
      vertex 7.84628 -23.05 8.86072
      vertex 13.3 -23.05 14.6
      vertex 7.65552 -23.05 9.62228
    endloop
  endfacet
  facet normal 0 -1 0
    outer loop
      vertex 7.96148 -23.05 8.08414
      vertex 13.3 -23.05 14.6
      vertex 7.84628 -23.05 8.86072
    endloop
  endfacet
  facet normal 0 -1 0
    outer loop
      vertex 8 -23.05 7.3
      vertex 13.3 -23.05 14.6
      vertex 7.96148 -23.05 8.08414
    endloop
  endfacet
  facet normal 0 -1 0
    outer loop
      vertex 13.3 -23.05 0
      vertex 8 -23.05 7.3
      vertex 7.96148 -23.05 6.51586
    endloop
  endfacet
  facet normal 0 -1 0
    outer loop
      vertex 13.3 -23.05 0
      vertex 7.96148 -23.05 6.51586
      vertex 7.84628 -23.05 5.73928
    endloop
  endfacet
  facet normal 0 -1 0
    outer loop
      vertex 13.3 -23.05 0
      vertex 7.84628 -23.05 5.73928
      vertex 7.65552 -23.05 4.97772
    endloop
  endfacet
  facet normal 0 -1 0
    outer loop
      vertex 13.3 -23.05 0
      vertex 7.65552 -23.05 4.97772
      vertex 7.39104 -23.05 4.23853
    endloop
  endfacet
  facet normal 0 -1 0
    outer loop
      vertex 13.3 -23.05 0
      vertex 7.39104 -23.05 4.23853
      vertex 7.05537 -23.05 3.52883
    endloop
  endfacet
  facet normal 0 -1 0
    outer loop
      vertex 8 -23.05 7.3
      vertex 13.3 -23.05 0
      vertex 13.3 -23.05 14.6
    endloop
  endfacet
  facet normal 0 -1 0
    outer loop
      vertex 6.65176 -23.05 2.85544
      vertex 13.3 -23.05 0
      vertex 7.05537 -23.05 3.52883
    endloop
  endfacet
  facet normal 0 -1 0
    outer loop
      vertex 6.18408 -23.05 2.22485
      vertex 13.3 -23.05 0
      vertex 6.65176 -23.05 2.85544
    endloop
  endfacet
  facet normal 0 -1 0
    outer loop
      vertex 5.65685 -23.05 1.64315
      vertex 13.3 -23.05 0
      vertex 6.18408 -23.05 2.22485
    endloop
  endfacet
  facet normal 0 -1 0
    outer loop
      vertex 5.07515 -23.05 1.11592
      vertex 13.3 -23.05 0
      vertex 5.65685 -23.05 1.64315
    endloop
  endfacet
  facet normal 0 -1 0
    outer loop
      vertex 4.44456 -23.05 0.648243
      vertex 13.3 -23.05 0
      vertex 5.07515 -23.05 1.11592
    endloop
  endfacet
  facet normal 0 -1 0
    outer loop
      vertex 3.77117 -23.05 0.24463
      vertex 13.3 -23.05 0
      vertex 4.44456 -23.05 0.648243
    endloop
  endfacet
  facet normal 0 -1 0
    outer loop
      vertex 13.3 -23.05 0
      vertex 3.77117 -23.05 0.24463
      vertex 3.25395 -23.05 0
    endloop
  endfacet
  facet normal 0 1 0
    outer loop
      vertex 0.784137 -23.05 15.2615
      vertex -0.784137 -23.05 15.2615
      vertex 0 -23.05 15.3
    endloop
  endfacet
  facet normal 0 1 0
    outer loop
      vertex 1.56072 -23.05 15.1463
      vertex -0.784137 -23.05 15.2615
      vertex 0.784137 -23.05 15.2615
    endloop
  endfacet
  facet normal 0 1 0
    outer loop
      vertex 1.56072 -23.05 15.1463
      vertex -1.56072 -23.05 15.1463
      vertex -0.784137 -23.05 15.2615
    endloop
  endfacet
  facet normal 0 1 0
    outer loop
      vertex 2.32228 -23.05 14.9555
      vertex -1.56072 -23.05 15.1463
      vertex 1.56072 -23.05 15.1463
    endloop
  endfacet
  facet normal 0 1 0
    outer loop
      vertex 2.32228 -23.05 14.9555
      vertex -2.32228 -23.05 14.9555
      vertex -1.56072 -23.05 15.1463
    endloop
  endfacet
  facet normal 0 1 0
    outer loop
      vertex 3.25395 -23.05 14.6
      vertex 2.32228 -23.05 14.9555
      vertex 3.06147 -23.05 14.691
    endloop
  endfacet
  facet normal 0 1 0
    outer loop
      vertex 2.32228 -23.05 14.9555
      vertex 3.25395 -23.05 14.6
      vertex -2.32228 -23.05 14.9555
    endloop
  endfacet
  facet normal 0 1 0
    outer loop
      vertex -3.25395 -23.05 14.6
      vertex -2.32228 -23.05 14.9555
      vertex 3.25395 -23.05 14.6
    endloop
  endfacet
  facet normal 0 1 0
    outer loop
      vertex -2.32228 -23.05 14.9555
      vertex -3.25395 -23.05 14.6
      vertex -3.06147 -23.05 14.691
    endloop
  endfacet
  facet normal 0 -1 0
    outer loop
      vertex -13.3 -23.05 14.6
      vertex -3.77117 -23.05 14.3554
      vertex -3.25395 -23.05 14.6
    endloop
  endfacet
  facet normal 0 -1 0
    outer loop
      vertex -13.3 -23.05 14.6
      vertex -4.44456 -23.05 13.9518
      vertex -3.77117 -23.05 14.3554
    endloop
  endfacet
  facet normal 0 -1 0
    outer loop
      vertex -13.3 -23.05 14.6
      vertex -5.07515 -23.05 13.4841
      vertex -4.44456 -23.05 13.9518
    endloop
  endfacet
  facet normal 0 -1 0
    outer loop
      vertex -13.3 -23.05 14.6
      vertex -5.65685 -23.05 12.9569
      vertex -5.07515 -23.05 13.4841
    endloop
  endfacet
  facet normal 0 -1 0
    outer loop
      vertex -13.3 -23.05 14.6
      vertex -6.18408 -23.05 12.3751
      vertex -5.65685 -23.05 12.9569
    endloop
  endfacet
  facet normal 0 -1 0
    outer loop
      vertex -13.3 -23.05 14.6
      vertex -6.65176 -23.05 11.7446
      vertex -6.18408 -23.05 12.3751
    endloop
  endfacet
  facet normal 0 -1 0
    outer loop
      vertex -13.3 -23.05 14.6
      vertex -7.05537 -23.05 11.0712
      vertex -6.65176 -23.05 11.7446
    endloop
  endfacet
  facet normal 0 -1 0
    outer loop
      vertex -13.3 -23.05 14.6
      vertex -7.39104 -23.05 10.3615
      vertex -7.05537 -23.05 11.0712
    endloop
  endfacet
  facet normal 0 -1 0
    outer loop
      vertex -13.3 -23.05 14.6
      vertex -7.65552 -23.05 9.62228
      vertex -7.39104 -23.05 10.3615
    endloop
  endfacet
  facet normal 0 -1 0
    outer loop
      vertex -13.3 -23.05 14.6
      vertex -7.84628 -23.05 8.86072
      vertex -7.65552 -23.05 9.62228
    endloop
  endfacet
  facet normal 0 -1 0
    outer loop
      vertex -13.3 -23.05 14.6
      vertex -7.96148 -23.05 8.08414
      vertex -7.84628 -23.05 8.86072
    endloop
  endfacet
  facet normal 0 -1 0
    outer loop
      vertex -13.3 -23.05 14.6
      vertex -8 -23.05 7.3
      vertex -7.96148 -23.05 8.08414
    endloop
  endfacet
  facet normal 0 -1 0
    outer loop
      vertex -13.3 -23.05 0
      vertex -8 -23.05 7.3
      vertex -13.3 -23.05 14.6
    endloop
  endfacet
  facet normal 0 -1 -0
    outer loop
      vertex -8 -23.05 7.3
      vertex -13.3 -23.05 0
      vertex -7.96148 -23.05 6.51586
    endloop
  endfacet
  facet normal 0 -1 -0
    outer loop
      vertex -7.96148 -23.05 6.51586
      vertex -13.3 -23.05 0
      vertex -7.84628 -23.05 5.73928
    endloop
  endfacet
  facet normal 0 -1 -0
    outer loop
      vertex -7.84628 -23.05 5.73928
      vertex -13.3 -23.05 0
      vertex -7.65552 -23.05 4.97772
    endloop
  endfacet
  facet normal 0 -1 -0
    outer loop
      vertex -7.65552 -23.05 4.97772
      vertex -13.3 -23.05 0
      vertex -7.39104 -23.05 4.23853
    endloop
  endfacet
  facet normal 0 -1 -0
    outer loop
      vertex -7.39104 -23.05 4.23853
      vertex -13.3 -23.05 0
      vertex -7.05537 -23.05 3.52883
    endloop
  endfacet
  facet normal 0 -1 0
    outer loop
      vertex -13.3 -23.05 0
      vertex -6.65176 -23.05 2.85544
      vertex -7.05537 -23.05 3.52883
    endloop
  endfacet
  facet normal 0 -1 0
    outer loop
      vertex -13.3 -23.05 0
      vertex -6.18408 -23.05 2.22485
      vertex -6.65176 -23.05 2.85544
    endloop
  endfacet
  facet normal 0 -1 0
    outer loop
      vertex -13.3 -23.05 0
      vertex -5.65685 -23.05 1.64315
      vertex -6.18408 -23.05 2.22485
    endloop
  endfacet
  facet normal 0 -1 0
    outer loop
      vertex -13.3 -23.05 0
      vertex -5.07515 -23.05 1.11592
      vertex -5.65685 -23.05 1.64315
    endloop
  endfacet
  facet normal 0 -1 0
    outer loop
      vertex -13.3 -23.05 0
      vertex -4.44456 -23.05 0.648243
      vertex -5.07515 -23.05 1.11592
    endloop
  endfacet
  facet normal 0 -1 0
    outer loop
      vertex -13.3 -23.05 0
      vertex -3.77117 -23.05 0.24463
      vertex -4.44456 -23.05 0.648243
    endloop
  endfacet
  facet normal 0 -1 -0
    outer loop
      vertex -3.77117 -23.05 0.24463
      vertex -13.3 -23.05 0
      vertex -3.25395 -23.05 0
    endloop
  endfacet
  facet normal 0 1 0
    outer loop
      vertex 2.32228 -23.05 -0.355522
      vertex 3.25395 -23.05 0
      vertex 3.06147 -23.05 -0.0910358
    endloop
  endfacet
  facet normal 0 1 0
    outer loop
      vertex 3.25395 -23.05 0
      vertex 2.32228 -23.05 -0.355522
      vertex -3.25395 -23.05 0
    endloop
  endfacet
  facet normal 0 1 -0
    outer loop
      vertex -2.32228 -23.05 -0.355522
      vertex -3.25395 -23.05 0
      vertex 2.32228 -23.05 -0.355522
    endloop
  endfacet
  facet normal 0 1 0
    outer loop
      vertex -3.25395 -23.05 0
      vertex -2.32228 -23.05 -0.355522
      vertex -3.06147 -23.05 -0.0910358
    endloop
  endfacet
  facet normal 0 1 -0
    outer loop
      vertex 1.56072 -23.05 -0.546282
      vertex -2.32228 -23.05 -0.355522
      vertex 2.32228 -23.05 -0.355522
    endloop
  endfacet
  facet normal 0 1 0
    outer loop
      vertex 1.56072 -23.05 -0.546282
      vertex -1.56072 -23.05 -0.546282
      vertex -2.32228 -23.05 -0.355522
    endloop
  endfacet
  facet normal 0 1 -0
    outer loop
      vertex 0.784137 -23.05 -0.661477
      vertex -1.56072 -23.05 -0.546282
      vertex 1.56072 -23.05 -0.546282
    endloop
  endfacet
  facet normal 0 1 0
    outer loop
      vertex 0.784137 -23.05 -0.661477
      vertex -0.784137 -23.05 -0.661477
      vertex -1.56072 -23.05 -0.546282
    endloop
  endfacet
  facet normal -0 1 0
    outer loop
      vertex -0.784137 -23.05 -0.661477
      vertex 0.784137 -23.05 -0.661477
      vertex 0 -23.05 -0.7
    endloop
  endfacet
  facet normal 0.803208 -0.595699 0
    outer loop
      vertex 15.619 -21.9532 7.6
      vertex 15.7944 -21.7167 0
      vertex 15.7944 -21.7167 7.6
    endloop
  endfacet
  facet normal 0.803208 -0.595699 0
    outer loop
      vertex 15.7944 -21.7167 0
      vertex 15.619 -21.9532 7.6
      vertex 15.619 -21.9532 0
    endloop
  endfacet
  facet normal 0 0 1
    outer loop
      vertex 14.1709 22.9208 14.6
      vertex 14.2753 22.8549 14.6
      vertex 14.3012 22.8742 14.6
    endloop
  endfacet
  facet normal 0 0 1
    outer loop
      vertex 14.1709 22.9208 14.6
      vertex 14.1808 22.7692 14.6
      vertex 14.2753 22.8549 14.6
    endloop
  endfacet
  facet normal 0 0 1
    outer loop
      vertex 14.1709 22.9208 14.6
      vertex 14.0951 22.6747 14.6
      vertex 14.1808 22.7692 14.6
    endloop
  endfacet
  facet normal 0 0 1
    outer loop
      vertex 13.8853 22.9924 14.6
      vertex 14.0951 22.6747 14.6
      vertex 14.1709 22.9208 14.6
    endloop
  endfacet
  facet normal 0 0 1
    outer loop
      vertex 14.0951 22.6747 14.6
      vertex 13.8853 22.9924 14.6
      vertex 14.0191 22.5722 14.6
    endloop
  endfacet
  facet normal 0 0 1
    outer loop
      vertex 13.5941 23.0356 14.6
      vertex 14.0191 22.5722 14.6
      vertex 13.8853 22.9924 14.6
    endloop
  endfacet
  facet normal 0 0 1
    outer loop
      vertex 14.0191 22.5722 14.6
      vertex 13.5941 23.0356 14.6
      vertex 13.9535 22.4628 14.6
    endloop
  endfacet
  facet normal 0 0 1
    outer loop
      vertex 13.9535 22.4628 14.6
      vertex 13.5941 23.0356 14.6
      vertex 13.899 22.3475 14.6
    endloop
  endfacet
  facet normal 0 0 1
    outer loop
      vertex 13.3 23.05 14.6
      vertex 13.899 22.3475 14.6
      vertex 13.5941 23.0356 14.6
    endloop
  endfacet
  facet normal 0 0 1
    outer loop
      vertex 13.899 22.3475 14.6
      vertex 13.3 23.05 14.6
      vertex 13.856 22.2274 14.6
    endloop
  endfacet
  facet normal 0 0 1
    outer loop
      vertex 14.7226 20.606 14.6
      vertex 13.6638 19.5928 14.6
      vertex 13.7478 19.4154 14.6
    endloop
  endfacet
  facet normal 0 0 1
    outer loop
      vertex 12.2902 20.6116 14.6
      vertex 13.8 21.85 14.6
      vertex 13.8063 21.9774 14.6
    endloop
  endfacet
  facet normal 0 0 1
    outer loop
      vertex 13.856 22.2274 14.6
      vertex 13.3 23.05 14.6
      vertex 13.825 22.1036 14.6
    endloop
  endfacet
  facet normal 0 0 1
    outer loop
      vertex 13.825 22.1036 14.6
      vertex 13.3 23.05 14.6
      vertex 13.8063 21.9774 14.6
    endloop
  endfacet
  facet normal 0 0 1
    outer loop
      vertex 13.8063 21.7226 14.6
      vertex 13.5629 19.7611 14.6
      vertex 13.6638 19.5928 14.6
    endloop
  endfacet
  facet normal 0 0 1
    outer loop
      vertex 13.8063 21.7226 14.6
      vertex 13.446 19.9188 14.6
      vertex 13.5629 19.7611 14.6
    endloop
  endfacet
  facet normal 0 0 1
    outer loop
      vertex 13.8063 21.7226 14.6
      vertex 13.3142 20.0642 14.6
      vertex 13.446 19.9188 14.6
    endloop
  endfacet
  facet normal 0 0 1
    outer loop
      vertex 12.2902 20.6116 14.6
      vertex 13.8063 21.9774 14.6
      vertex 13.3 23.05 14.6
    endloop
  endfacet
  facet normal 0 0 1
    outer loop
      vertex 13.8063 21.7226 14.6
      vertex 13.1688 20.196 14.6
      vertex 13.3142 20.0642 14.6
    endloop
  endfacet
  facet normal 0 0 1
    outer loop
      vertex 13.8063 21.7226 14.6
      vertex 13.0111 20.3129 14.6
      vertex 13.1688 20.196 14.6
    endloop
  endfacet
  facet normal 0 0 1
    outer loop
      vertex 13.8063 21.7226 14.6
      vertex 12.8428 20.4138 14.6
      vertex 13.0111 20.3129 14.6
    endloop
  endfacet
  facet normal 0 0 1
    outer loop
      vertex 13.8063 21.7226 14.6
      vertex 12.6654 20.4978 14.6
      vertex 12.8428 20.4138 14.6
    endloop
  endfacet
  facet normal 0 0 1
    outer loop
      vertex 13.8063 21.7226 14.6
      vertex 12.4806 20.5639 14.6
      vertex 12.6654 20.4978 14.6
    endloop
  endfacet
  facet normal 0 0 1
    outer loop
      vertex 13.8063 21.7226 14.6
      vertex 12.2902 20.6116 14.6
      vertex 12.4806 20.5639 14.6
    endloop
  endfacet
  facet normal 0 0 1
    outer loop
      vertex 13.3 23.05 14.6
      vertex 12.096 20.6404 14.6
      vertex 12.2902 20.6116 14.6
    endloop
  endfacet
  facet normal 0 0 1
    outer loop
      vertex 13.3 23.05 14.6
      vertex 11.9 20.65 14.6
      vertex 12.096 20.6404 14.6
    endloop
  endfacet
  facet normal 0 0 1
    outer loop
      vertex 13.3 23.05 14.6
      vertex -11.9 20.65 14.6
      vertex 11.9 20.65 14.6
    endloop
  endfacet
  facet normal -0 0 1
    outer loop
      vertex -13.3 23.05 14.6
      vertex -11.9 20.65 14.6
      vertex 13.3 23.05 14.6
    endloop
  endfacet
  facet normal 0 0 1
    outer loop
      vertex -11.9 20.65 14.6
      vertex -13.3 23.05 14.6
      vertex -12.096 20.6404 14.6
    endloop
  endfacet
  facet normal 0 0 1
    outer loop
      vertex -13.3 23.05 14.6
      vertex -12.2902 20.6116 14.6
      vertex -12.096 20.6404 14.6
    endloop
  endfacet
  facet normal -0 0 1
    outer loop
      vertex -13.8 21.85 14.6
      vertex -12.2902 20.6116 14.6
      vertex -13.3 23.05 14.6
    endloop
  endfacet
  facet normal -0 0 1
    outer loop
      vertex -13.8063 21.7226 14.6
      vertex -12.2902 20.6116 14.6
      vertex -13.8 21.85 14.6
    endloop
  endfacet
  facet normal 0 0 1
    outer loop
      vertex -12.2902 20.6116 14.6
      vertex -13.8063 21.7226 14.6
      vertex -12.4806 20.5639 14.6
    endloop
  endfacet
  facet normal -0 0 1
    outer loop
      vertex -13.825 21.5964 14.6
      vertex -12.4806 20.5639 14.6
      vertex -13.8063 21.7226 14.6
    endloop
  endfacet
  facet normal 0 0 1
    outer loop
      vertex -12.4806 20.5639 14.6
      vertex -13.825 21.5964 14.6
      vertex -12.6654 20.4978 14.6
    endloop
  endfacet
  facet normal 0 0 1
    outer loop
      vertex -12.6654 20.4978 14.6
      vertex -13.856 21.4726 14.6
      vertex -12.8428 20.4138 14.6
    endloop
  endfacet
  facet normal -0 0 1
    outer loop
      vertex -13.899 21.3525 14.6
      vertex -12.8428 20.4138 14.6
      vertex -13.856 21.4726 14.6
    endloop
  endfacet
  facet normal -0 0 1
    outer loop
      vertex -13.9535 21.2372 14.6
      vertex -12.8428 20.4138 14.6
      vertex -13.899 21.3525 14.6
    endloop
  endfacet
  facet normal 0 0 1
    outer loop
      vertex -13.899 22.3475 14.6
      vertex -13.3 23.05 14.6
      vertex -13.5941 23.0356 14.6
    endloop
  endfacet
  facet normal 0 0 1
    outer loop
      vertex -12.8428 20.4138 14.6
      vertex -13.9535 21.2372 14.6
      vertex -13.0111 20.3129 14.6
    endloop
  endfacet
  facet normal -0 0 1
    outer loop
      vertex -14.0191 21.1278 14.6
      vertex -13.0111 20.3129 14.6
      vertex -13.9535 21.2372 14.6
    endloop
  endfacet
  facet normal -0 0 1
    outer loop
      vertex -13.856 21.4726 14.6
      vertex -12.6654 20.4978 14.6
      vertex -13.825 21.5964 14.6
    endloop
  endfacet
  facet normal 0 0 1
    outer loop
      vertex -13.3 23.05 14.6
      vertex -13.8063 21.9774 14.6
      vertex -13.8 21.85 14.6
    endloop
  endfacet
  facet normal 0 0 1
    outer loop
      vertex -13.3 23.05 14.6
      vertex -13.825 22.1036 14.6
      vertex -13.8063 21.9774 14.6
    endloop
  endfacet
  facet normal 0 0 1
    outer loop
      vertex -13.3 23.05 14.6
      vertex -13.856 22.2274 14.6
      vertex -13.825 22.1036 14.6
    endloop
  endfacet
  facet normal 0 0 1
    outer loop
      vertex -14.0191 22.5722 14.6
      vertex -13.5941 23.0356 14.6
      vertex -13.8853 22.9924 14.6
    endloop
  endfacet
  facet normal 0 0 1
    outer loop
      vertex -13.3 23.05 14.6
      vertex -13.899 22.3475 14.6
      vertex -13.856 22.2274 14.6
    endloop
  endfacet
  facet normal 0 0 1
    outer loop
      vertex -13.5941 23.0356 14.6
      vertex -13.9535 22.4628 14.6
      vertex -13.899 22.3475 14.6
    endloop
  endfacet
  facet normal 0 0 1
    outer loop
      vertex -13.5941 23.0356 14.6
      vertex -14.0191 22.5722 14.6
      vertex -13.9535 22.4628 14.6
    endloop
  endfacet
  facet normal 0 0 1
    outer loop
      vertex -13.8853 22.9924 14.6
      vertex -14.0951 22.6747 14.6
      vertex -14.0191 22.5722 14.6
    endloop
  endfacet
  facet normal -0 0 1
    outer loop
      vertex -14.1709 22.9208 14.6
      vertex -14.0951 22.6747 14.6
      vertex -13.8853 22.9924 14.6
    endloop
  endfacet
  facet normal 0 0 1
    outer loop
      vertex -14.1709 22.9208 14.6
      vertex -14.1808 22.7692 14.6
      vertex -14.0951 22.6747 14.6
    endloop
  endfacet
  facet normal 0 0 1
    outer loop
      vertex -14.1709 22.9208 14.6
      vertex -14.2753 22.8549 14.6
      vertex -14.1808 22.7692 14.6
    endloop
  endfacet
  facet normal 0 -0 1
    outer loop
      vertex -14.2753 22.8549 14.6
      vertex -14.1709 22.9208 14.6
      vertex -14.3012 22.8742 14.6
    endloop
  endfacet
  facet normal 0 0 1
    outer loop
      vertex 15.5975 20.649 14.6
      vertex 16.3 20.05 14.6
      vertex 16.2856 20.3441 14.6
    endloop
  endfacet
  facet normal 0 0 1
    outer loop
      vertex 16.3 20.05 14.6
      vertex 13.9 18.65 14.6
      vertex 16.3 -20.05 14.6
    endloop
  endfacet
  facet normal 0 0 1
    outer loop
      vertex 15.8222 20.7691 14.6
      vertex 16.2856 20.3441 14.6
      vertex 16.2424 20.6353 14.6
    endloop
  endfacet
  facet normal -0 0 1
    outer loop
      vertex 13.9 -18.65 14.6
      vertex 16.3 -20.05 14.6
      vertex 13.9 18.65 14.6
    endloop
  endfacet
  facet normal -0 0 1
    outer loop
      vertex 15.9247 20.8451 14.6
      vertex 16.2424 20.6353 14.6
      vertex 16.1708 20.9209 14.6
    endloop
  endfacet
  facet normal -0 0 1
    outer loop
      vertex 13.8904 -18.846 14.6
      vertex 16.3 -20.05 14.6
      vertex 13.9 -18.65 14.6
    endloop
  endfacet
  facet normal -0 0 1
    outer loop
      vertex 16.1049 21.0253 14.6
      vertex 16.1708 20.9209 14.6
      vertex 16.1242 21.0512 14.6
    endloop
  endfacet
  facet normal -0 0 1
    outer loop
      vertex 16.0192 20.9308 14.6
      vertex 16.1708 20.9209 14.6
      vertex 16.1049 21.0253 14.6
    endloop
  endfacet
  facet normal 0 0 1
    outer loop
      vertex 15.9247 20.8451 14.6
      vertex 16.1708 20.9209 14.6
      vertex 16.0192 20.9308 14.6
    endloop
  endfacet
  facet normal 0 0 1
    outer loop
      vertex 16.1708 -20.9209 14.6
      vertex 16.1049 -21.0253 14.6
      vertex 16.1242 -21.0512 14.6
    endloop
  endfacet
  facet normal -0 0 1
    outer loop
      vertex 13.8616 -19.0402 14.6
      vertex 16.3 -20.05 14.6
      vertex 13.8904 -18.846 14.6
    endloop
  endfacet
  facet normal 0 0 1
    outer loop
      vertex 16.1708 -20.9209 14.6
      vertex 16.0192 -20.9308 14.6
      vertex 16.1049 -21.0253 14.6
    endloop
  endfacet
  facet normal 0 0 1
    outer loop
      vertex 16.2424 20.6353 14.6
      vertex 15.9247 20.8451 14.6
      vertex 15.8222 20.7691 14.6
    endloop
  endfacet
  facet normal 0 0 1
    outer loop
      vertex 16.3 -20.05 14.6
      vertex 15.5975 -20.649 14.6
      vertex 16.2856 -20.3441 14.6
    endloop
  endfacet
  facet normal 0 0 1
    outer loop
      vertex 16.2856 20.3441 14.6
      vertex 15.8222 20.7691 14.6
      vertex 15.7128 20.7035 14.6
    endloop
  endfacet
  facet normal 0 0 1
    outer loop
      vertex 16.2856 -20.3441 14.6
      vertex 15.8222 -20.7691 14.6
      vertex 16.2424 -20.6353 14.6
    endloop
  endfacet
  facet normal 0 0 1
    outer loop
      vertex 16.2856 20.3441 14.6
      vertex 15.7128 20.7035 14.6
      vertex 15.5975 20.649 14.6
    endloop
  endfacet
  facet normal 0 0 1
    outer loop
      vertex 16.1708 -20.9209 14.6
      vertex 15.9247 -20.8451 14.6
      vertex 16.0192 -20.9308 14.6
    endloop
  endfacet
  facet normal 0 0 1
    outer loop
      vertex 16.3 20.05 14.6
      vertex 15.5975 20.649 14.6
      vertex 15.4774 20.606 14.6
    endloop
  endfacet
  facet normal 0 0 1
    outer loop
      vertex 16.2424 -20.6353 14.6
      vertex 15.9247 -20.8451 14.6
      vertex 16.1708 -20.9209 14.6
    endloop
  endfacet
  facet normal 0 0 1
    outer loop
      vertex 16.3 20.05 14.6
      vertex 15.4774 20.606 14.6
      vertex 15.3536 20.575 14.6
    endloop
  endfacet
  facet normal 0 -0 1
    outer loop
      vertex 15.9247 -20.8451 14.6
      vertex 16.2424 -20.6353 14.6
      vertex 15.8222 -20.7691 14.6
    endloop
  endfacet
  facet normal 0 0 1
    outer loop
      vertex 16.3 20.05 14.6
      vertex 15.3536 20.575 14.6
      vertex 15.2274 20.5563 14.6
    endloop
  endfacet
  facet normal 0 -0 1
    outer loop
      vertex 15.8222 -20.7691 14.6
      vertex 16.2856 -20.3441 14.6
      vertex 15.7128 -20.7035 14.6
    endloop
  endfacet
  facet normal 0 0 1
    outer loop
      vertex 13.8616 19.0402 14.6
      vertex 16.3 20.05 14.6
      vertex 15.2274 20.5563 14.6
    endloop
  endfacet
  facet normal 0 -0 1
    outer loop
      vertex 15.7128 -20.7035 14.6
      vertex 16.2856 -20.3441 14.6
      vertex 15.5975 -20.649 14.6
    endloop
  endfacet
  facet normal 0 0 1
    outer loop
      vertex 13.8616 19.0402 14.6
      vertex 15.2274 20.5563 14.6
      vertex 15.1 20.55 14.6
    endloop
  endfacet
  facet normal 0 -0 1
    outer loop
      vertex 15.5975 -20.649 14.6
      vertex 16.3 -20.05 14.6
      vertex 15.4774 -20.606 14.6
    endloop
  endfacet
  facet normal 0 0 1
    outer loop
      vertex 13.8616 19.0402 14.6
      vertex 15.1 20.55 14.6
      vertex 14.9726 20.5563 14.6
    endloop
  endfacet
  facet normal 0 -0 1
    outer loop
      vertex 15.3536 -20.575 14.6
      vertex 16.3 -20.05 14.6
      vertex 15.2274 -20.5563 14.6
    endloop
  endfacet
  facet normal 0 0 1
    outer loop
      vertex 13.8139 19.2306 14.6
      vertex 14.9726 20.5563 14.6
      vertex 14.8464 20.575 14.6
    endloop
  endfacet
  facet normal 0 -0 1
    outer loop
      vertex 15.4774 -20.606 14.6
      vertex 16.3 -20.05 14.6
      vertex 15.3536 -20.575 14.6
    endloop
  endfacet
  facet normal 0 0 1
    outer loop
      vertex 13.7478 19.4154 14.6
      vertex 14.8464 20.575 14.6
      vertex 14.7226 20.606 14.6
    endloop
  endfacet
  facet normal 0 0 1
    outer loop
      vertex 16.3 -20.05 14.6
      vertex 13.8616 -19.0402 14.6
      vertex 15.2274 -20.5563 14.6
    endloop
  endfacet
  facet normal 0 0 1
    outer loop
      vertex 13.6638 19.5928 14.6
      vertex 14.7226 20.606 14.6
      vertex 14.6025 20.649 14.6
    endloop
  endfacet
  facet normal 0 0 1
    outer loop
      vertex 15.2274 -20.5563 14.6
      vertex 13.8616 -19.0402 14.6
      vertex 15.1 -20.55 14.6
    endloop
  endfacet
  facet normal 0 0 1
    outer loop
      vertex 13.6638 19.5928 14.6
      vertex 14.6025 20.649 14.6
      vertex 14.4872 20.7035 14.6
    endloop
  endfacet
  facet normal 0 0 1
    outer loop
      vertex 15.1 -20.55 14.6
      vertex 13.8616 -19.0402 14.6
      vertex 14.9726 -20.5563 14.6
    endloop
  endfacet
  facet normal 0 0 1
    outer loop
      vertex 13.6638 19.5928 14.6
      vertex 14.4872 20.7035 14.6
      vertex 14.3778 20.7691 14.6
    endloop
  endfacet
  facet normal -0 0 1
    outer loop
      vertex 13.8139 -19.2306 14.6
      vertex 14.9726 -20.5563 14.6
      vertex 13.8616 -19.0402 14.6
    endloop
  endfacet
  facet normal 0 0 1
    outer loop
      vertex 13.6638 19.5928 14.6
      vertex 14.3778 20.7691 14.6
      vertex 14.2753 20.8451 14.6
    endloop
  endfacet
  facet normal 0 0 1
    outer loop
      vertex 14.9726 -20.5563 14.6
      vertex 13.8139 -19.2306 14.6
      vertex 14.8464 -20.575 14.6
    endloop
  endfacet
  facet normal 0 0 1
    outer loop
      vertex 13.6638 19.5928 14.6
      vertex 14.2753 20.8451 14.6
      vertex 14.1808 20.9308 14.6
    endloop
  endfacet
  facet normal -0 0 1
    outer loop
      vertex 13.7478 -19.4154 14.6
      vertex 14.8464 -20.575 14.6
      vertex 13.8139 -19.2306 14.6
    endloop
  endfacet
  facet normal 0 0 1
    outer loop
      vertex 13.6638 19.5928 14.6
      vertex 14.1808 20.9308 14.6
      vertex 14.0951 21.0253 14.6
    endloop
  endfacet
  facet normal 0 0 1
    outer loop
      vertex 14.8464 -20.575 14.6
      vertex 13.7478 -19.4154 14.6
      vertex 14.7226 -20.606 14.6
    endloop
  endfacet
  facet normal 0 0 1
    outer loop
      vertex 13.6638 19.5928 14.6
      vertex 14.0951 21.0253 14.6
      vertex 14.0191 21.1278 14.6
    endloop
  endfacet
  facet normal -0 0 1
    outer loop
      vertex 13.6638 -19.5928 14.6
      vertex 14.7226 -20.606 14.6
      vertex 13.7478 -19.4154 14.6
    endloop
  endfacet
  facet normal 0 0 1
    outer loop
      vertex 13.6638 19.5928 14.6
      vertex 14.0191 21.1278 14.6
      vertex 13.9535 21.2372 14.6
    endloop
  endfacet
  facet normal 0 0 1
    outer loop
      vertex 14.7226 -20.606 14.6
      vertex 13.6638 -19.5928 14.6
      vertex 14.6025 -20.649 14.6
    endloop
  endfacet
  facet normal 0 0 1
    outer loop
      vertex 14.6025 -20.649 14.6
      vertex 13.6638 -19.5928 14.6
      vertex 14.4872 -20.7035 14.6
    endloop
  endfacet
  facet normal 0 0 1
    outer loop
      vertex 13.6638 19.5928 14.6
      vertex 13.9535 21.2372 14.6
      vertex 13.899 21.3525 14.6
    endloop
  endfacet
  facet normal 0 0 1
    outer loop
      vertex 16.3 20.05 14.6
      vertex 13.8904 18.846 14.6
      vertex 13.9 18.65 14.6
    endloop
  endfacet
  facet normal 0 0 1
    outer loop
      vertex 16.3 20.05 14.6
      vertex 13.8616 19.0402 14.6
      vertex 13.8904 18.846 14.6
    endloop
  endfacet
  facet normal 0 0 1
    outer loop
      vertex 13.6638 19.5928 14.6
      vertex 13.899 21.3525 14.6
      vertex 13.856 21.4726 14.6
    endloop
  endfacet
  facet normal 0 0 1
    outer loop
      vertex 13.6638 19.5928 14.6
      vertex 13.856 21.4726 14.6
      vertex 13.825 21.5964 14.6
    endloop
  endfacet
  facet normal 0 0 1
    outer loop
      vertex 14.9726 20.5563 14.6
      vertex 13.8139 19.2306 14.6
      vertex 13.8616 19.0402 14.6
    endloop
  endfacet
  facet normal 0 0 1
    outer loop
      vertex 13.6638 19.5928 14.6
      vertex 13.825 21.5964 14.6
      vertex 13.8063 21.7226 14.6
    endloop
  endfacet
  facet normal 0 0 1
    outer loop
      vertex 12.2902 20.6116 14.6
      vertex 13.8063 21.7226 14.6
      vertex 13.8 21.85 14.6
    endloop
  endfacet
  facet normal 0 0 1
    outer loop
      vertex 14.8464 20.575 14.6
      vertex 13.7478 19.4154 14.6
      vertex 13.8139 19.2306 14.6
    endloop
  endfacet
  facet normal -0 0 1
    outer loop
      vertex 13.5629 -19.7611 14.6
      vertex 14.4872 -20.7035 14.6
      vertex 13.6638 -19.5928 14.6
    endloop
  endfacet
  facet normal 0 0 1
    outer loop
      vertex 14.4872 -20.7035 14.6
      vertex 13.5629 -19.7611 14.6
      vertex 14.3778 -20.7691 14.6
    endloop
  endfacet
  facet normal -0 0 1
    outer loop
      vertex 13.446 -19.9188 14.6
      vertex 14.3778 -20.7691 14.6
      vertex 13.5629 -19.7611 14.6
    endloop
  endfacet
  facet normal 0 0 1
    outer loop
      vertex 14.3778 -20.7691 14.6
      vertex 13.446 -19.9188 14.6
      vertex 14.2753 -20.8451 14.6
    endloop
  endfacet
  facet normal -0 0 1
    outer loop
      vertex 13.3142 -20.0642 14.6
      vertex 14.2753 -20.8451 14.6
      vertex 13.446 -19.9188 14.6
    endloop
  endfacet
  facet normal 0 0 1
    outer loop
      vertex 14.2753 -20.8451 14.6
      vertex 13.3142 -20.0642 14.6
      vertex 14.1808 -20.9308 14.6
    endloop
  endfacet
  facet normal 0 0 1
    outer loop
      vertex 14.1808 -20.9308 14.6
      vertex 13.3142 -20.0642 14.6
      vertex 14.0951 -21.0253 14.6
    endloop
  endfacet
  facet normal -0 0 1
    outer loop
      vertex 13.1688 -20.196 14.6
      vertex 14.0951 -21.0253 14.6
      vertex 13.3142 -20.0642 14.6
    endloop
  endfacet
  facet normal 0 0 1
    outer loop
      vertex 14.0951 -21.0253 14.6
      vertex 13.1688 -20.196 14.6
      vertex 14.0191 -21.1278 14.6
    endloop
  endfacet
  facet normal -0 0 1
    outer loop
      vertex 13.0111 -20.3129 14.6
      vertex 14.0191 -21.1278 14.6
      vertex 13.1688 -20.196 14.6
    endloop
  endfacet
  facet normal 0 0 1
    outer loop
      vertex 14.2753 -22.8549 14.6
      vertex 14.1709 -22.9208 14.6
      vertex 14.3012 -22.8742 14.6
    endloop
  endfacet
  facet normal 0 0 1
    outer loop
      vertex 14.1808 -22.7692 14.6
      vertex 14.1709 -22.9208 14.6
      vertex 14.2753 -22.8549 14.6
    endloop
  endfacet
  facet normal 0 0 1
    outer loop
      vertex 14.0951 -22.6747 14.6
      vertex 14.1709 -22.9208 14.6
      vertex 14.1808 -22.7692 14.6
    endloop
  endfacet
  facet normal 0 0 1
    outer loop
      vertex 13.8853 -22.9924 14.6
      vertex 14.0951 -22.6747 14.6
      vertex 14.0191 -22.5722 14.6
    endloop
  endfacet
  facet normal 0 0 1
    outer loop
      vertex 13.5941 -23.0356 14.6
      vertex 14.0191 -22.5722 14.6
      vertex 13.9535 -22.4628 14.6
    endloop
  endfacet
  facet normal 0 0 1
    outer loop
      vertex 14.0951 -22.6747 14.6
      vertex 13.8853 -22.9924 14.6
      vertex 14.1709 -22.9208 14.6
    endloop
  endfacet
  facet normal 0 0 1
    outer loop
      vertex 13.5941 -23.0356 14.6
      vertex 13.9535 -22.4628 14.6
      vertex 13.899 -22.3475 14.6
    endloop
  endfacet
  facet normal 0 0 1
    outer loop
      vertex 13.3 -23.05 14.6
      vertex 13.899 -22.3475 14.6
      vertex 13.856 -22.2274 14.6
    endloop
  endfacet
  facet normal 0 0 1
    outer loop
      vertex 13.3 -23.05 14.6
      vertex 13.856 -22.2274 14.6
      vertex 13.825 -22.1036 14.6
    endloop
  endfacet
  facet normal 0 0 1
    outer loop
      vertex 13.3 -23.05 14.6
      vertex 13.825 -22.1036 14.6
      vertex 13.8063 -21.9774 14.6
    endloop
  endfacet
  facet normal 0 0 1
    outer loop
      vertex 14.0191 -21.1278 14.6
      vertex 13.0111 -20.3129 14.6
      vertex 13.9535 -21.2372 14.6
    endloop
  endfacet
  facet normal -0 0 1
    outer loop
      vertex 12.8428 -20.4138 14.6
      vertex 13.9535 -21.2372 14.6
      vertex 13.0111 -20.3129 14.6
    endloop
  endfacet
  facet normal 0 0 1
    outer loop
      vertex 14.0191 -22.5722 14.6
      vertex 13.5941 -23.0356 14.6
      vertex 13.8853 -22.9924 14.6
    endloop
  endfacet
  facet normal 0 0 1
    outer loop
      vertex 13.9535 -21.2372 14.6
      vertex 12.8428 -20.4138 14.6
      vertex 13.899 -21.3525 14.6
    endloop
  endfacet
  facet normal 0 0 1
    outer loop
      vertex 13.899 -21.3525 14.6
      vertex 12.8428 -20.4138 14.6
      vertex 13.856 -21.4726 14.6
    endloop
  endfacet
  facet normal -0 0 1
    outer loop
      vertex 12.6654 -20.4978 14.6
      vertex 13.856 -21.4726 14.6
      vertex 12.8428 -20.4138 14.6
    endloop
  endfacet
  facet normal 0 0 1
    outer loop
      vertex 13.856 -21.4726 14.6
      vertex 12.6654 -20.4978 14.6
      vertex 13.825 -21.5964 14.6
    endloop
  endfacet
  facet normal -0 0 1
    outer loop
      vertex 12.4806 -20.5639 14.6
      vertex 13.825 -21.5964 14.6
      vertex 12.6654 -20.4978 14.6
    endloop
  endfacet
  facet normal 0 0 1
    outer loop
      vertex 13.825 -21.5964 14.6
      vertex 12.4806 -20.5639 14.6
      vertex 13.8063 -21.7226 14.6
    endloop
  endfacet
  facet normal -0 0 1
    outer loop
      vertex 12.2902 -20.6116 14.6
      vertex 13.8063 -21.7226 14.6
      vertex 12.4806 -20.5639 14.6
    endloop
  endfacet
  facet normal 0 0 1
    outer loop
      vertex 13.899 -22.3475 14.6
      vertex 13.3 -23.05 14.6
      vertex 13.5941 -23.0356 14.6
    endloop
  endfacet
  facet normal 0 0 1
    outer loop
      vertex 13.8063 -21.7226 14.6
      vertex 12.2902 -20.6116 14.6
      vertex 13.8 -21.85 14.6
    endloop
  endfacet
  facet normal 0 0 1
    outer loop
      vertex 13.8 -21.85 14.6
      vertex 12.2902 -20.6116 14.6
      vertex 13.8063 -21.9774 14.6
    endloop
  endfacet
  facet normal 0 0 1
    outer loop
      vertex 13.8063 -21.9774 14.6
      vertex 12.2902 -20.6116 14.6
      vertex 13.3 -23.05 14.6
    endloop
  endfacet
  facet normal -0 0 1
    outer loop
      vertex 12.096 -20.6404 14.6
      vertex 13.3 -23.05 14.6
      vertex 12.2902 -20.6116 14.6
    endloop
  endfacet
  facet normal -0 0 1
    outer loop
      vertex 11.9 -20.65 14.6
      vertex 13.3 -23.05 14.6
      vertex 12.096 -20.6404 14.6
    endloop
  endfacet
  facet normal 0 0 1
    outer loop
      vertex 11.9 -20.65 14.6
      vertex 3.25395 -23.05 14.6
      vertex 13.3 -23.05 14.6
    endloop
  endfacet
  facet normal 0 0 1
    outer loop
      vertex 11.9 -20.65 14.6
      vertex -3.25395 -23.05 14.6
      vertex 3.25395 -23.05 14.6
    endloop
  endfacet
  facet normal -0 0 1
    outer loop
      vertex -11.9 -20.65 14.6
      vertex -3.25395 -23.05 14.6
      vertex 11.9 -20.65 14.6
    endloop
  endfacet
  facet normal 0 0 1
    outer loop
      vertex -13.3 -23.05 14.6
      vertex -11.9 -20.65 14.6
      vertex -12.096 -20.6404 14.6
    endloop
  endfacet
  facet normal 0 0 1
    outer loop
      vertex -13.3 -23.05 14.6
      vertex -12.096 -20.6404 14.6
      vertex -12.2902 -20.6116 14.6
    endloop
  endfacet
  facet normal 0 0 1
    outer loop
      vertex -13.8063 -21.7226 14.6
      vertex -12.2902 -20.6116 14.6
      vertex -12.4806 -20.5639 14.6
    endloop
  endfacet
  facet normal 0 0 1
    outer loop
      vertex -11.9 -20.65 14.6
      vertex -13.3 -23.05 14.6
      vertex -3.25395 -23.05 14.6
    endloop
  endfacet
  facet normal 0 0 1
    outer loop
      vertex -13.825 -21.5964 14.6
      vertex -12.4806 -20.5639 14.6
      vertex -12.6654 -20.4978 14.6
    endloop
  endfacet
  facet normal 0 0 1
    outer loop
      vertex -13.856 -21.4726 14.6
      vertex -12.6654 -20.4978 14.6
      vertex -12.8428 -20.4138 14.6
    endloop
  endfacet
  facet normal 0 0 1
    outer loop
      vertex -13.9535 -21.2372 14.6
      vertex -12.8428 -20.4138 14.6
      vertex -13.0111 -20.3129 14.6
    endloop
  endfacet
  facet normal 0 0 1
    outer loop
      vertex -14.0191 -21.1278 14.6
      vertex -13.0111 -20.3129 14.6
      vertex -13.1688 -20.196 14.6
    endloop
  endfacet
  facet normal 0 0 1
    outer loop
      vertex -14.0951 -21.0253 14.6
      vertex -13.1688 -20.196 14.6
      vertex -13.3142 -20.0642 14.6
    endloop
  endfacet
  facet normal 0 0 1
    outer loop
      vertex -14.2753 -20.8451 14.6
      vertex -13.3142 -20.0642 14.6
      vertex -13.446 -19.9188 14.6
    endloop
  endfacet
  facet normal 0 0 1
    outer loop
      vertex -14.3778 -20.7691 14.6
      vertex -13.446 -19.9188 14.6
      vertex -13.5629 -19.7611 14.6
    endloop
  endfacet
  facet normal 0 0 1
    outer loop
      vertex -12.2902 -20.6116 14.6
      vertex -13.8063 -21.7226 14.6
      vertex -13.8 -21.85 14.6
    endloop
  endfacet
  facet normal 0 0 1
    outer loop
      vertex -14.4872 -20.7035 14.6
      vertex -13.5629 -19.7611 14.6
      vertex -13.6638 -19.5928 14.6
    endloop
  endfacet
  facet normal 0 0 1
    outer loop
      vertex -14.7226 -20.606 14.6
      vertex -13.6638 -19.5928 14.6
      vertex -13.7478 -19.4154 14.6
    endloop
  endfacet
  facet normal 0 0 1
    outer loop
      vertex -12.2902 -20.6116 14.6
      vertex -13.8 -21.85 14.6
      vertex -13.3 -23.05 14.6
    endloop
  endfacet
  facet normal -0 0 1
    outer loop
      vertex -13.825 -22.1036 14.6
      vertex -13.3 -23.05 14.6
      vertex -13.8063 -21.9774 14.6
    endloop
  endfacet
  facet normal -0 0 1
    outer loop
      vertex -13.856 -22.2274 14.6
      vertex -13.3 -23.05 14.6
      vertex -13.825 -22.1036 14.6
    endloop
  endfacet
  facet normal -0 0 1
    outer loop
      vertex -13.899 -22.3475 14.6
      vertex -13.3 -23.05 14.6
      vertex -13.856 -22.2274 14.6
    endloop
  endfacet
  facet normal 0 0 1
    outer loop
      vertex -13.3 -23.05 14.6
      vertex -13.899 -22.3475 14.6
      vertex -13.5941 -23.0356 14.6
    endloop
  endfacet
  facet normal -0 0 1
    outer loop
      vertex -13.9535 -22.4628 14.6
      vertex -13.5941 -23.0356 14.6
      vertex -13.899 -22.3475 14.6
    endloop
  endfacet
  facet normal -0 0 1
    outer loop
      vertex -14.0191 -22.5722 14.6
      vertex -13.5941 -23.0356 14.6
      vertex -13.9535 -22.4628 14.6
    endloop
  endfacet
  facet normal 0 0 1
    outer loop
      vertex -13.5941 -23.0356 14.6
      vertex -14.0191 -22.5722 14.6
      vertex -13.8853 -22.9924 14.6
    endloop
  endfacet
  facet normal -0 0 1
    outer loop
      vertex -14.0951 -22.6747 14.6
      vertex -13.8853 -22.9924 14.6
      vertex -14.0191 -22.5722 14.6
    endloop
  endfacet
  facet normal 0 0 1
    outer loop
      vertex -14.0951 -22.6747 14.6
      vertex -14.1709 -22.9208 14.6
      vertex -13.8853 -22.9924 14.6
    endloop
  endfacet
  facet normal -0 0 1
    outer loop
      vertex -14.1808 -22.7692 14.6
      vertex -14.1709 -22.9208 14.6
      vertex -14.0951 -22.6747 14.6
    endloop
  endfacet
  facet normal -0 0 1
    outer loop
      vertex -14.2753 -22.8549 14.6
      vertex -14.1709 -22.9208 14.6
      vertex -14.1808 -22.7692 14.6
    endloop
  endfacet
  facet normal 0 0 1
    outer loop
      vertex -14.1709 -22.9208 14.6
      vertex -14.2753 -22.8549 14.6
      vertex -14.3012 -22.8742 14.6
    endloop
  endfacet
  facet normal -0 0 1
    outer loop
      vertex -13.8063 -21.9774 14.6
      vertex -13.3 -23.05 14.6
      vertex -13.8 -21.85 14.6
    endloop
  endfacet
  facet normal 0 0 1
    outer loop
      vertex -14.8464 -20.575 14.6
      vertex -13.7478 -19.4154 14.6
      vertex -13.8139 -19.2306 14.6
    endloop
  endfacet
  facet normal 0 0 1
    outer loop
      vertex -12.4806 -20.5639 14.6
      vertex -13.825 -21.5964 14.6
      vertex -13.8063 -21.7226 14.6
    endloop
  endfacet
  facet normal 0 0 1
    outer loop
      vertex -12.6654 -20.4978 14.6
      vertex -13.856 -21.4726 14.6
      vertex -13.825 -21.5964 14.6
    endloop
  endfacet
  facet normal 0 0 1
    outer loop
      vertex -14.9726 -20.5563 14.6
      vertex -13.8139 -19.2306 14.6
      vertex -13.8616 -19.0402 14.6
    endloop
  endfacet
  facet normal 0 0 1
    outer loop
      vertex -16.3 -20.05 14.6
      vertex -13.8616 -19.0402 14.6
      vertex -13.8904 -18.846 14.6
    endloop
  endfacet
  facet normal 0 0 1
    outer loop
      vertex -12.8428 -20.4138 14.6
      vertex -13.899 -21.3525 14.6
      vertex -13.856 -21.4726 14.6
    endloop
  endfacet
  facet normal 0 0 1
    outer loop
      vertex -16.3 -20.05 14.6
      vertex -13.8904 -18.846 14.6
      vertex -13.9 -18.65 14.6
    endloop
  endfacet
  facet normal -0 0 1
    outer loop
      vertex -14.6025 20.649 14.6
      vertex -13.6638 19.5928 14.6
      vertex -14.4872 20.7035 14.6
    endloop
  endfacet
  facet normal 0 0 1
    outer loop
      vertex -12.8428 -20.4138 14.6
      vertex -13.9535 -21.2372 14.6
      vertex -13.899 -21.3525 14.6
    endloop
  endfacet
  facet normal -0 0 1
    outer loop
      vertex -14.7226 20.606 14.6
      vertex -13.6638 19.5928 14.6
      vertex -14.6025 20.649 14.6
    endloop
  endfacet
  facet normal 0 0 1
    outer loop
      vertex -13.0111 -20.3129 14.6
      vertex -14.0191 -21.1278 14.6
      vertex -13.9535 -21.2372 14.6
    endloop
  endfacet
  facet normal 0 0 1
    outer loop
      vertex -13.6638 19.5928 14.6
      vertex -14.7226 20.606 14.6
      vertex -13.7478 19.4154 14.6
    endloop
  endfacet
  facet normal 0 0 1
    outer loop
      vertex -13.1688 -20.196 14.6
      vertex -14.0951 -21.0253 14.6
      vertex -14.0191 -21.1278 14.6
    endloop
  endfacet
  facet normal -0 0 1
    outer loop
      vertex -14.8464 20.575 14.6
      vertex -13.7478 19.4154 14.6
      vertex -14.7226 20.606 14.6
    endloop
  endfacet
  facet normal 0 0 1
    outer loop
      vertex -13.3142 -20.0642 14.6
      vertex -14.1808 -20.9308 14.6
      vertex -14.0951 -21.0253 14.6
    endloop
  endfacet
  facet normal 0 0 1
    outer loop
      vertex -13.7478 19.4154 14.6
      vertex -14.8464 20.575 14.6
      vertex -13.8139 19.2306 14.6
    endloop
  endfacet
  facet normal 0 0 1
    outer loop
      vertex -13.3142 -20.0642 14.6
      vertex -14.2753 -20.8451 14.6
      vertex -14.1808 -20.9308 14.6
    endloop
  endfacet
  facet normal -0 0 1
    outer loop
      vertex -14.9726 20.5563 14.6
      vertex -13.8139 19.2306 14.6
      vertex -14.8464 20.575 14.6
    endloop
  endfacet
  facet normal 0 0 1
    outer loop
      vertex -13.446 -19.9188 14.6
      vertex -14.3778 -20.7691 14.6
      vertex -14.2753 -20.8451 14.6
    endloop
  endfacet
  facet normal 0 0 1
    outer loop
      vertex -13.8139 19.2306 14.6
      vertex -14.9726 20.5563 14.6
      vertex -13.8616 19.0402 14.6
    endloop
  endfacet
  facet normal 0 0 1
    outer loop
      vertex -13.5629 -19.7611 14.6
      vertex -14.4872 -20.7035 14.6
      vertex -14.3778 -20.7691 14.6
    endloop
  endfacet
  facet normal -0 0 1
    outer loop
      vertex -15.1 20.55 14.6
      vertex -13.8616 19.0402 14.6
      vertex -14.9726 20.5563 14.6
    endloop
  endfacet
  facet normal 0 0 1
    outer loop
      vertex -13.6638 -19.5928 14.6
      vertex -14.6025 -20.649 14.6
      vertex -14.4872 -20.7035 14.6
    endloop
  endfacet
  facet normal 0 0 1
    outer loop
      vertex -13.9 18.65 14.6
      vertex -16.3 20.05 14.6
      vertex -13.9 -18.65 14.6
    endloop
  endfacet
  facet normal 0 0 1
    outer loop
      vertex -13.6638 -19.5928 14.6
      vertex -14.7226 -20.606 14.6
      vertex -14.6025 -20.649 14.6
    endloop
  endfacet
  facet normal -0 0 1
    outer loop
      vertex -16.3 20.05 14.6
      vertex -13.8616 19.0402 14.6
      vertex -15.1 20.55 14.6
    endloop
  endfacet
  facet normal 0 0 1
    outer loop
      vertex -16.3 -20.05 14.6
      vertex -13.9 -18.65 14.6
      vertex -16.3 20.05 14.6
    endloop
  endfacet
  facet normal 0 0 1
    outer loop
      vertex -13.8616 19.0402 14.6
      vertex -16.3 20.05 14.6
      vertex -13.8904 18.846 14.6
    endloop
  endfacet
  facet normal 0 0 1
    outer loop
      vertex -13.8616 -19.0402 14.6
      vertex -16.3 -20.05 14.6
      vertex -15.1 -20.55 14.6
    endloop
  endfacet
  facet normal 0 0 1
    outer loop
      vertex -13.8904 18.846 14.6
      vertex -16.3 20.05 14.6
      vertex -13.9 18.65 14.6
    endloop
  endfacet
  facet normal 0 0 1
    outer loop
      vertex -13.7478 -19.4154 14.6
      vertex -14.8464 -20.575 14.6
      vertex -14.7226 -20.606 14.6
    endloop
  endfacet
  facet normal 0 0 1
    outer loop
      vertex -16.3 20.05 14.6
      vertex -15.1 20.55 14.6
      vertex -15.2274 20.5563 14.6
    endloop
  endfacet
  facet normal 0 0 1
    outer loop
      vertex -13.8139 -19.2306 14.6
      vertex -14.9726 -20.5563 14.6
      vertex -14.8464 -20.575 14.6
    endloop
  endfacet
  facet normal 0 0 1
    outer loop
      vertex -16.3 20.05 14.6
      vertex -15.2274 20.5563 14.6
      vertex -15.3536 20.575 14.6
    endloop
  endfacet
  facet normal 0 0 1
    outer loop
      vertex -13.8616 -19.0402 14.6
      vertex -15.1 -20.55 14.6
      vertex -14.9726 -20.5563 14.6
    endloop
  endfacet
  facet normal 0 0 1
    outer loop
      vertex -16.3 20.05 14.6
      vertex -15.3536 20.575 14.6
      vertex -15.4774 20.606 14.6
    endloop
  endfacet
  facet normal 0 0 1
    outer loop
      vertex -15.1 -20.55 14.6
      vertex -16.3 -20.05 14.6
      vertex -15.2274 -20.5563 14.6
    endloop
  endfacet
  facet normal 0 0 1
    outer loop
      vertex -16.3 20.05 14.6
      vertex -15.4774 20.606 14.6
      vertex -15.5975 20.649 14.6
    endloop
  endfacet
  facet normal 0 0 1
    outer loop
      vertex -15.2274 -20.5563 14.6
      vertex -16.3 -20.05 14.6
      vertex -15.3536 -20.575 14.6
    endloop
  endfacet
  facet normal 0 0 1
    outer loop
      vertex -16.2856 20.3441 14.6
      vertex -15.5975 20.649 14.6
      vertex -15.7128 20.7035 14.6
    endloop
  endfacet
  facet normal 0 0 1
    outer loop
      vertex -15.3536 -20.575 14.6
      vertex -16.3 -20.05 14.6
      vertex -15.4774 -20.606 14.6
    endloop
  endfacet
  facet normal 0 0 1
    outer loop
      vertex -16.2856 20.3441 14.6
      vertex -15.7128 20.7035 14.6
      vertex -15.8222 20.7691 14.6
    endloop
  endfacet
  facet normal 0 0 1
    outer loop
      vertex -15.4774 -20.606 14.6
      vertex -16.3 -20.05 14.6
      vertex -15.5975 -20.649 14.6
    endloop
  endfacet
  facet normal 0 0 1
    outer loop
      vertex -16.2424 20.6353 14.6
      vertex -15.8222 20.7691 14.6
      vertex -15.9247 20.8451 14.6
    endloop
  endfacet
  facet normal -0 -0 1
    outer loop
      vertex -16.2856 -20.3441 14.6
      vertex -15.5975 -20.649 14.6
      vertex -16.3 -20.05 14.6
    endloop
  endfacet
  facet normal -0 0 1
    outer loop
      vertex -16.1708 20.9209 14.6
      vertex -15.9247 20.8451 14.6
      vertex -16.0192 20.9308 14.6
    endloop
  endfacet
  facet normal 0 0 1
    outer loop
      vertex -15.5975 -20.649 14.6
      vertex -16.2856 -20.3441 14.6
      vertex -15.7128 -20.7035 14.6
    endloop
  endfacet
  facet normal 0 0 1
    outer loop
      vertex -16.1708 20.9209 14.6
      vertex -16.0192 20.9308 14.6
      vertex -16.1049 21.0253 14.6
    endloop
  endfacet
  facet normal 0 0 1
    outer loop
      vertex -15.7128 -20.7035 14.6
      vertex -16.2856 -20.3441 14.6
      vertex -15.8222 -20.7691 14.6
    endloop
  endfacet
  facet normal 0 0 1
    outer loop
      vertex -16.1708 20.9209 14.6
      vertex -16.1049 21.0253 14.6
      vertex -16.1242 21.0512 14.6
    endloop
  endfacet
  facet normal -0 -0 1
    outer loop
      vertex -16.2424 -20.6353 14.6
      vertex -15.8222 -20.7691 14.6
      vertex -16.2856 -20.3441 14.6
    endloop
  endfacet
  facet normal 0 0 1
    outer loop
      vertex -15.9247 20.8451 14.6
      vertex -16.1708 20.9209 14.6
      vertex -16.2424 20.6353 14.6
    endloop
  endfacet
  facet normal 0 0 1
    outer loop
      vertex -15.8222 -20.7691 14.6
      vertex -16.2424 -20.6353 14.6
      vertex -15.9247 -20.8451 14.6
    endloop
  endfacet
  facet normal 0 0 1
    outer loop
      vertex -15.8222 20.7691 14.6
      vertex -16.2424 20.6353 14.6
      vertex -16.2856 20.3441 14.6
    endloop
  endfacet
  facet normal 0 -0 1
    outer loop
      vertex -16.1708 -20.9209 14.6
      vertex -15.9247 -20.8451 14.6
      vertex -16.2424 -20.6353 14.6
    endloop
  endfacet
  facet normal 0 0 1
    outer loop
      vertex -15.5975 20.649 14.6
      vertex -16.2856 20.3441 14.6
      vertex -16.3 20.05 14.6
    endloop
  endfacet
  facet normal 0 0 1
    outer loop
      vertex -16.0192 -20.9308 14.6
      vertex -16.1708 -20.9209 14.6
      vertex -16.1049 -21.0253 14.6
    endloop
  endfacet
  facet normal 0 0 1
    outer loop
      vertex -16.1049 -21.0253 14.6
      vertex -16.1708 -20.9209 14.6
      vertex -16.1242 -21.0512 14.6
    endloop
  endfacet
  facet normal 0 0 1
    outer loop
      vertex -15.9247 -20.8451 14.6
      vertex -16.1708 -20.9209 14.6
      vertex -16.0192 -20.9308 14.6
    endloop
  endfacet
  facet normal 0 0 1
    outer loop
      vertex -13.0111 20.3129 14.6
      vertex -14.0191 21.1278 14.6
      vertex -13.1688 20.196 14.6
    endloop
  endfacet
  facet normal -0 0 1
    outer loop
      vertex -14.0951 21.0253 14.6
      vertex -13.1688 20.196 14.6
      vertex -14.0191 21.1278 14.6
    endloop
  endfacet
  facet normal 0 0 1
    outer loop
      vertex -13.1688 20.196 14.6
      vertex -14.0951 21.0253 14.6
      vertex -13.3142 20.0642 14.6
    endloop
  endfacet
  facet normal -0 0 1
    outer loop
      vertex -14.1808 20.9308 14.6
      vertex -13.3142 20.0642 14.6
      vertex -14.0951 21.0253 14.6
    endloop
  endfacet
  facet normal -0 0 1
    outer loop
      vertex -14.2753 20.8451 14.6
      vertex -13.3142 20.0642 14.6
      vertex -14.1808 20.9308 14.6
    endloop
  endfacet
  facet normal 0 0 1
    outer loop
      vertex -13.3142 20.0642 14.6
      vertex -14.2753 20.8451 14.6
      vertex -13.446 19.9188 14.6
    endloop
  endfacet
  facet normal -0 0 1
    outer loop
      vertex -14.3778 20.7691 14.6
      vertex -13.446 19.9188 14.6
      vertex -14.2753 20.8451 14.6
    endloop
  endfacet
  facet normal 0 0 1
    outer loop
      vertex -13.446 19.9188 14.6
      vertex -14.3778 20.7691 14.6
      vertex -13.5629 19.7611 14.6
    endloop
  endfacet
  facet normal 0 0 1
    outer loop
      vertex -13.5629 19.7611 14.6
      vertex -14.4872 20.7035 14.6
      vertex -13.6638 19.5928 14.6
    endloop
  endfacet
  facet normal -0 0 1
    outer loop
      vertex -14.4872 20.7035 14.6
      vertex -13.5629 19.7611 14.6
      vertex -14.3778 20.7691 14.6
    endloop
  endfacet
  facet normal 0.998803 0.0489044 0
    outer loop
      vertex 16.3 20.05 14.6
      vertex 16.2856 20.3441 0
      vertex 16.2856 20.3441 14.6
    endloop
  endfacet
  facet normal 0.998803 0.0489044 0
    outer loop
      vertex 16.2856 20.3441 0
      vertex 16.3 20.05 14.6
      vertex 16.3 20.05 0
    endloop
  endfacet
  facet normal 0 1 0
    outer loop
      vertex 13.3 23.05 14.6
      vertex 0 23.05 10
      vertex -13.3 23.05 14.6
    endloop
  endfacet
  facet normal 0 1 0
    outer loop
      vertex 13.3 23.05 14.6
      vertex 0.294051 23.05 9.98555
      vertex 0 23.05 10
    endloop
  endfacet
  facet normal 0 1 0
    outer loop
      vertex 13.3 23.05 14.6
      vertex 0.585271 23.05 9.94236
      vertex 0.294051 23.05 9.98555
    endloop
  endfacet
  facet normal 0 1 0
    outer loop
      vertex 13.3 23.05 14.6
      vertex 0.870853 23.05 9.87082
      vertex 0.585271 23.05 9.94236
    endloop
  endfacet
  facet normal 0 1 0
    outer loop
      vertex 13.3 23.05 14.6
      vertex 1.14805 23.05 9.77164
      vertex 0.870853 23.05 9.87082
    endloop
  endfacet
  facet normal 0 1 0
    outer loop
      vertex 13.3 23.05 14.6
      vertex 1.41419 23.05 9.64576
      vertex 1.14805 23.05 9.77164
    endloop
  endfacet
  facet normal 0 1 0
    outer loop
      vertex 13.3 23.05 14.6
      vertex 1.66671 23.05 9.49441
      vertex 1.41419 23.05 9.64576
    endloop
  endfacet
  facet normal 0 1 0
    outer loop
      vertex 13.3 23.05 14.6
      vertex 1.90318 23.05 9.31903
      vertex 1.66671 23.05 9.49441
    endloop
  endfacet
  facet normal 0 1 0
    outer loop
      vertex 13.3 23.05 14.6
      vertex 2.12132 23.05 9.12132
      vertex 1.90318 23.05 9.31903
    endloop
  endfacet
  facet normal 0 1 0
    outer loop
      vertex 13.3 23.05 14.6
      vertex 2.31903 23.05 8.90318
      vertex 2.12132 23.05 9.12132
    endloop
  endfacet
  facet normal 0 1 0
    outer loop
      vertex 13.3 23.05 14.6
      vertex 2.49441 23.05 8.66671
      vertex 2.31903 23.05 8.90318
    endloop
  endfacet
  facet normal 0 1 0
    outer loop
      vertex 13.3 23.05 14.6
      vertex 2.64576 23.05 8.41419
      vertex 2.49441 23.05 8.66671
    endloop
  endfacet
  facet normal 0 1 0
    outer loop
      vertex 13.3 23.05 14.6
      vertex 2.77164 23.05 8.14805
      vertex 2.64576 23.05 8.41419
    endloop
  endfacet
  facet normal 0 1 0
    outer loop
      vertex 13.3 23.05 14.6
      vertex 2.87082 23.05 7.87085
      vertex 2.77164 23.05 8.14805
    endloop
  endfacet
  facet normal 0 1 0
    outer loop
      vertex 13.3 23.05 14.6
      vertex 2.94236 23.05 7.58527
      vertex 2.87082 23.05 7.87085
    endloop
  endfacet
  facet normal 0 1 0
    outer loop
      vertex 13.3 23.05 14.6
      vertex 2.98555 23.05 7.29405
      vertex 2.94236 23.05 7.58527
    endloop
  endfacet
  facet normal 0 1 0
    outer loop
      vertex 13.3 23.05 14.6
      vertex 3 23.05 7
      vertex 2.98555 23.05 7.29405
    endloop
  endfacet
  facet normal 0 1 -0
    outer loop
      vertex 13.3 23.05 0
      vertex 3 23.05 7
      vertex 13.3 23.05 14.6
    endloop
  endfacet
  facet normal 0 1 0
    outer loop
      vertex 3 23.05 7
      vertex 13.3 23.05 0
      vertex 2.98555 23.05 6.70595
    endloop
  endfacet
  facet normal 0 1 0
    outer loop
      vertex 2.98555 23.05 6.70595
      vertex 13.3 23.05 0
      vertex 2.94236 23.05 6.41473
    endloop
  endfacet
  facet normal 0 1 0
    outer loop
      vertex 2.94236 23.05 6.41473
      vertex 13.3 23.05 0
      vertex 2.87082 23.05 6.12915
    endloop
  endfacet
  facet normal 0 1 0
    outer loop
      vertex 2.87082 23.05 6.12915
      vertex 13.3 23.05 0
      vertex 2.77164 23.05 5.85195
    endloop
  endfacet
  facet normal 0 1 0
    outer loop
      vertex 2.77164 23.05 5.85195
      vertex 13.3 23.05 0
      vertex 2.64576 23.05 5.58581
    endloop
  endfacet
  facet normal 0 1 0
    outer loop
      vertex 2.64576 23.05 5.58581
      vertex 13.3 23.05 0
      vertex 2.49441 23.05 5.33329
    endloop
  endfacet
  facet normal 0 1 0
    outer loop
      vertex 2.49441 23.05 5.33329
      vertex 13.3 23.05 0
      vertex 2.31903 23.05 5.09682
    endloop
  endfacet
  facet normal 0 1 0
    outer loop
      vertex 2.31903 23.05 5.09682
      vertex 13.3 23.05 0
      vertex 2.12132 23.05 4.87868
    endloop
  endfacet
  facet normal 0 1 0
    outer loop
      vertex 0.294051 23.05 4.01445
      vertex 13.3 23.05 0
      vertex 0 23.05 4
    endloop
  endfacet
  facet normal 0 1 0
    outer loop
      vertex 0.585271 23.05 4.05764
      vertex 13.3 23.05 0
      vertex 0.294051 23.05 4.01445
    endloop
  endfacet
  facet normal 0 1 0
    outer loop
      vertex 0.870853 23.05 4.12918
      vertex 13.3 23.05 0
      vertex 0.585271 23.05 4.05764
    endloop
  endfacet
  facet normal 0 1 0
    outer loop
      vertex 1.14805 23.05 4.22836
      vertex 13.3 23.05 0
      vertex 0.870853 23.05 4.12918
    endloop
  endfacet
  facet normal 0 1 0
    outer loop
      vertex 1.41419 23.05 4.35424
      vertex 13.3 23.05 0
      vertex 1.14805 23.05 4.22836
    endloop
  endfacet
  facet normal 0 1 0
    outer loop
      vertex 1.66671 23.05 4.50559
      vertex 13.3 23.05 0
      vertex 1.41419 23.05 4.35424
    endloop
  endfacet
  facet normal 0 1 0
    outer loop
      vertex 1.90318 23.05 4.68097
      vertex 13.3 23.05 0
      vertex 1.66671 23.05 4.50559
    endloop
  endfacet
  facet normal 0 1 0
    outer loop
      vertex 2.12132 23.05 4.87868
      vertex 13.3 23.05 0
      vertex 1.90318 23.05 4.68097
    endloop
  endfacet
  facet normal 0 1 -0
    outer loop
      vertex -0.294051 23.05 9.98555
      vertex -13.3 23.05 14.6
      vertex 0 23.05 10
    endloop
  endfacet
  facet normal 0 1 -0
    outer loop
      vertex -0.585271 23.05 9.94236
      vertex -13.3 23.05 14.6
      vertex -0.294051 23.05 9.98555
    endloop
  endfacet
  facet normal 0 1 -0
    outer loop
      vertex -0.870853 23.05 9.87082
      vertex -13.3 23.05 14.6
      vertex -0.585271 23.05 9.94236
    endloop
  endfacet
  facet normal 0 1 -0
    outer loop
      vertex -1.14805 23.05 9.77164
      vertex -13.3 23.05 14.6
      vertex -0.870853 23.05 9.87082
    endloop
  endfacet
  facet normal 0 1 -0
    outer loop
      vertex -1.41419 23.05 9.64576
      vertex -13.3 23.05 14.6
      vertex -1.14805 23.05 9.77164
    endloop
  endfacet
  facet normal 0 1 -0
    outer loop
      vertex -1.66671 23.05 9.49441
      vertex -13.3 23.05 14.6
      vertex -1.41419 23.05 9.64576
    endloop
  endfacet
  facet normal 0 1 -0
    outer loop
      vertex -1.90318 23.05 9.31903
      vertex -13.3 23.05 14.6
      vertex -1.66671 23.05 9.49441
    endloop
  endfacet
  facet normal 0 1 -0
    outer loop
      vertex -2.12132 23.05 9.12132
      vertex -13.3 23.05 14.6
      vertex -1.90318 23.05 9.31903
    endloop
  endfacet
  facet normal 0 1 -0
    outer loop
      vertex -2.31903 23.05 8.90318
      vertex -13.3 23.05 14.6
      vertex -2.12132 23.05 9.12132
    endloop
  endfacet
  facet normal 0 1 -0
    outer loop
      vertex -2.49441 23.05 8.66671
      vertex -13.3 23.05 14.6
      vertex -2.31903 23.05 8.90318
    endloop
  endfacet
  facet normal 0 1 -0
    outer loop
      vertex -2.64576 23.05 8.41419
      vertex -13.3 23.05 14.6
      vertex -2.49441 23.05 8.66671
    endloop
  endfacet
  facet normal 0 1 -0
    outer loop
      vertex -2.77164 23.05 8.14805
      vertex -13.3 23.05 14.6
      vertex -2.64576 23.05 8.41419
    endloop
  endfacet
  facet normal 0 1 -0
    outer loop
      vertex -2.87082 23.05 7.87085
      vertex -13.3 23.05 14.6
      vertex -2.77164 23.05 8.14805
    endloop
  endfacet
  facet normal 0 1 -0
    outer loop
      vertex -2.94236 23.05 7.58527
      vertex -13.3 23.05 14.6
      vertex -2.87082 23.05 7.87085
    endloop
  endfacet
  facet normal 0 1 -0
    outer loop
      vertex -2.98555 23.05 7.29405
      vertex -13.3 23.05 14.6
      vertex -2.94236 23.05 7.58527
    endloop
  endfacet
  facet normal 0 1 -0
    outer loop
      vertex -3 23.05 7
      vertex -13.3 23.05 14.6
      vertex -2.98555 23.05 7.29405
    endloop
  endfacet
  facet normal 0 1 0
    outer loop
      vertex -13.3 23.05 0
      vertex -3 23.05 7
      vertex -2.98555 23.05 6.70595
    endloop
  endfacet
  facet normal 0 1 0
    outer loop
      vertex -13.3 23.05 0
      vertex -2.98555 23.05 6.70595
      vertex -2.94236 23.05 6.41473
    endloop
  endfacet
  facet normal 0 1 0
    outer loop
      vertex -13.3 23.05 0
      vertex -2.94236 23.05 6.41473
      vertex -2.87082 23.05 6.12915
    endloop
  endfacet
  facet normal 0 1 0
    outer loop
      vertex -13.3 23.05 0
      vertex -2.87082 23.05 6.12915
      vertex -2.77164 23.05 5.85195
    endloop
  endfacet
  facet normal 0 1 0
    outer loop
      vertex -13.3 23.05 0
      vertex -2.77164 23.05 5.85195
      vertex -2.64576 23.05 5.58581
    endloop
  endfacet
  facet normal 0 1 0
    outer loop
      vertex -13.3 23.05 0
      vertex -2.64576 23.05 5.58581
      vertex -2.49441 23.05 5.33329
    endloop
  endfacet
  facet normal 0 1 0
    outer loop
      vertex -13.3 23.05 0
      vertex -2.49441 23.05 5.33329
      vertex -2.31903 23.05 5.09682
    endloop
  endfacet
  facet normal 0 1 0
    outer loop
      vertex -13.3 23.05 0
      vertex -2.31903 23.05 5.09682
      vertex -2.12132 23.05 4.87868
    endloop
  endfacet
  facet normal 0 1 0
    outer loop
      vertex -13.3 23.05 0
      vertex -2.12132 23.05 4.87868
      vertex -1.90318 23.05 4.68097
    endloop
  endfacet
  facet normal 0 1 0
    outer loop
      vertex -13.3 23.05 0
      vertex 0 23.05 4
      vertex 13.3 23.05 0
    endloop
  endfacet
  facet normal 0 1 0
    outer loop
      vertex 0 23.05 4
      vertex -13.3 23.05 0
      vertex -0.294051 23.05 4.01445
    endloop
  endfacet
  facet normal 0 1 0
    outer loop
      vertex -0.294051 23.05 4.01445
      vertex -13.3 23.05 0
      vertex -0.585271 23.05 4.05764
    endloop
  endfacet
  facet normal 0 1 0
    outer loop
      vertex -3 23.05 7
      vertex -13.3 23.05 0
      vertex -13.3 23.05 14.6
    endloop
  endfacet
  facet normal 0 1 0
    outer loop
      vertex -1.66671 23.05 4.50559
      vertex -13.3 23.05 0
      vertex -1.90318 23.05 4.68097
    endloop
  endfacet
  facet normal 0 1 0
    outer loop
      vertex -1.41419 23.05 4.35424
      vertex -13.3 23.05 0
      vertex -1.66671 23.05 4.50559
    endloop
  endfacet
  facet normal 0 1 0
    outer loop
      vertex -1.14805 23.05 4.22836
      vertex -13.3 23.05 0
      vertex -1.41419 23.05 4.35424
    endloop
  endfacet
  facet normal 0 1 0
    outer loop
      vertex -0.870853 23.05 4.12918
      vertex -13.3 23.05 0
      vertex -1.14805 23.05 4.22836
    endloop
  endfacet
  facet normal 0 1 0
    outer loop
      vertex -0.585271 23.05 4.05764
      vertex -13.3 23.05 0
      vertex -0.870853 23.05 4.12918
    endloop
  endfacet
  facet normal 0.146746 0.989174 -0
    outer loop
      vertex 13.8853 22.9924 0
      vertex 13.5941 23.0356 14.6
      vertex 13.8853 22.9924 14.6
    endloop
  endfacet
  facet normal 0.146746 0.989174 0
    outer loop
      vertex 13.5941 23.0356 14.6
      vertex 13.8853 22.9924 0
      vertex 13.5941 23.0356 0
    endloop
  endfacet
  facet normal 1 0 0
    outer loop
      vertex 16.3 10.1 4
      vertex 16.3 20.05 14.6
      vertex 16.3 10.1 12.6
    endloop
  endfacet
  facet normal 1 0 0
    outer loop
      vertex 16.3 20.05 14.6
      vertex 16.3 7.9 12.6
      vertex 16.3 10.1 12.6
    endloop
  endfacet
  facet normal 1 0 0
    outer loop
      vertex 16.3 7.9 12.6
      vertex 16.3 4.1 12.6
      vertex 16.3 7.9 4
    endloop
  endfacet
  facet normal 1 0 0
    outer loop
      vertex 16.3 20.05 14.6
      vertex 16.3 4.1 12.6
      vertex 16.3 7.9 12.6
    endloop
  endfacet
  facet normal 1 0 0
    outer loop
      vertex 16.3 20.05 14.6
      vertex 16.3 1.9 12.6
      vertex 16.3 4.1 12.6
    endloop
  endfacet
  facet normal 1 0 0
    outer loop
      vertex 16.3 1.9 12.6
      vertex 16.3 -1.9 12.6
      vertex 16.3 1.9 4
    endloop
  endfacet
  facet normal 1 0 0
    outer loop
      vertex 16.3 20.05 14.6
      vertex 16.3 -1.9 12.6
      vertex 16.3 1.9 12.6
    endloop
  endfacet
  facet normal 1 -0 0
    outer loop
      vertex 16.3 -20.05 14.6
      vertex 16.3 -1.9 12.6
      vertex 16.3 20.05 14.6
    endloop
  endfacet
  facet normal 1 0 0
    outer loop
      vertex 16.3 -4.1 12.6
      vertex 16.3 -7.9 12.6
      vertex 16.3 -4.1 4
    endloop
  endfacet
  facet normal 1 0 0
    outer loop
      vertex 16.3 -1.9 12.6
      vertex 16.3 -20.05 14.6
      vertex 16.3 -4.1 12.6
    endloop
  endfacet
  facet normal 1 0 0
    outer loop
      vertex 16.3 -4.1 12.6
      vertex 16.3 -20.05 14.6
      vertex 16.3 -7.9 12.6
    endloop
  endfacet
  facet normal 1 0 0
    outer loop
      vertex 16.3 -10.1 12.6
      vertex 16.3 -20.05 14.6
      vertex 16.3 -10.1 4
    endloop
  endfacet
  facet normal 1 0 0
    outer loop
      vertex 16.3 -7.9 12.6
      vertex 16.3 -20.05 14.6
      vertex 16.3 -10.1 12.6
    endloop
  endfacet
  facet normal 1 0 0
    outer loop
      vertex 16.3 20.05 14.6
      vertex 16.3 10.1 4
      vertex 16.3 20.05 0
    endloop
  endfacet
  facet normal 1 -0 0
    outer loop
      vertex 16.3 7.9 4
      vertex 16.3 20.05 0
      vertex 16.3 10.1 4
    endloop
  endfacet
  facet normal 1 0 0
    outer loop
      vertex 16.3 4.1 4
      vertex 16.3 7.9 4
      vertex 16.3 4.1 12.6
    endloop
  endfacet
  facet normal 1 -0 0
    outer loop
      vertex 16.3 4.1 4
      vertex 16.3 20.05 0
      vertex 16.3 7.9 4
    endloop
  endfacet
  facet normal 1 -0 0
    outer loop
      vertex 16.3 1.9 4
      vertex 16.3 20.05 0
      vertex 16.3 4.1 4
    endloop
  endfacet
  facet normal 1 0 0
    outer loop
      vertex 16.3 -1.9 4
      vertex 16.3 1.9 4
      vertex 16.3 -1.9 12.6
    endloop
  endfacet
  facet normal 1 -0 0
    outer loop
      vertex 16.3 -1.9 4
      vertex 16.3 20.05 0
      vertex 16.3 1.9 4
    endloop
  endfacet
  facet normal 1 0 0
    outer loop
      vertex 16.3 -20.05 0
      vertex 16.3 -1.9 4
      vertex 16.3 -4.1 4
    endloop
  endfacet
  facet normal 1 0 0
    outer loop
      vertex 16.3 -7.9 4
      vertex 16.3 -4.1 4
      vertex 16.3 -7.9 12.6
    endloop
  endfacet
  facet normal 1 0 0
    outer loop
      vertex 16.3 -20.05 0
      vertex 16.3 -4.1 4
      vertex 16.3 -7.9 4
    endloop
  endfacet
  facet normal 1 0 0
    outer loop
      vertex 16.3 -20.05 0
      vertex 16.3 -7.9 4
      vertex 16.3 -10.1 4
    endloop
  endfacet
  facet normal 1 0 0
    outer loop
      vertex 16.3 -1.9 4
      vertex 16.3 -20.05 0
      vertex 16.3 20.05 0
    endloop
  endfacet
  facet normal 1 0 0
    outer loop
      vertex 16.3 -20.05 0
      vertex 16.3 -10.1 4
      vertex 16.3 -20.05 14.6
    endloop
  endfacet
  facet normal 0.0489044 -0.998803 0
    outer loop
      vertex 13.3 -23.05 0
      vertex 13.5941 -23.0356 14.6
      vertex 13.3 -23.05 14.6
    endloop
  endfacet
  facet normal 0.0489044 -0.998803 0
    outer loop
      vertex 13.5941 -23.0356 14.6
      vertex 13.3 -23.05 0
      vertex 13.5941 -23.0356 0
    endloop
  endfacet
  facet normal -0.941595 -0.336748 0
    outer loop
      vertex -16.1708 -20.9209 0
      vertex -16.1242 -21.0512 7.6
      vertex -16.1708 -20.9209 14.6
    endloop
  endfacet
  facet normal -0.941488 -0.337047 -5.76706e-06
    outer loop
      vertex -16.0716 -21.198 0
      vertex -16.1242 -21.0512 7.6
      vertex -16.1708 -20.9209 0
    endloop
  endfacet
  facet normal -0.941393 -0.337311 0
    outer loop
      vertex -16.1242 -21.0512 7.6
      vertex -16.0716 -21.198 0
      vertex -16.0716 -21.198 7.6
    endloop
  endfacet
  facet normal -0.941595 -0.336748 0
    outer loop
      vertex -16.1708 -20.9209 14.6
      vertex -16.1242 -21.0512 7.6
      vertex -16.1242 -21.0512 14.6
    endloop
  endfacet
  facet normal 0 0 -1
    outer loop
      vertex 10.9 -17.65 0
      vertex 16.3 -20.05 0
      vertex 16.2856 -20.3441 0
    endloop
  endfacet
  facet normal 0 0 -1
    outer loop
      vertex 16.3 -20.05 0
      vertex 10.9 -17.65 0
      vertex 16.3 20.05 0
    endloop
  endfacet
  facet normal 0 0 -1
    outer loop
      vertex 10.9 -17.65 0
      vertex 16.2856 -20.3441 0
      vertex 16.2424 -20.6353 0
    endloop
  endfacet
  facet normal 0 0 -1
    outer loop
      vertex 10.9 17.65 0
      vertex 16.3 20.05 0
      vertex 10.9 -17.65 0
    endloop
  endfacet
  facet normal 0 0 -1
    outer loop
      vertex 10.9 -17.65 0
      vertex 16.2424 -20.6353 0
      vertex 16.1708 -20.9209 0
    endloop
  endfacet
  facet normal -0 0 -1
    outer loop
      vertex 16.3 20.05 0
      vertex 10.9 17.65 0
      vertex 16.2856 20.3441 0
    endloop
  endfacet
  facet normal 0 0 -1
    outer loop
      vertex 10.9 -17.65 0
      vertex 16.1708 -20.9209 0
      vertex 16.0716 -21.198 0
    endloop
  endfacet
  facet normal -0 0 -1
    outer loop
      vertex 16.2856 20.3441 0
      vertex 10.9 17.65 0
      vertex 16.2424 20.6353 0
    endloop
  endfacet
  facet normal 0 0 -1
    outer loop
      vertex 10.9 -17.65 0
      vertex 16.0716 -21.198 0
      vertex 15.9458 -21.4642 0
    endloop
  endfacet
  facet normal -0 0 -1
    outer loop
      vertex 16.2424 20.6353 0
      vertex 10.9 17.65 0
      vertex 16.1708 20.9209 0
    endloop
  endfacet
  facet normal 0 0 -1
    outer loop
      vertex 10.9 -17.65 0
      vertex 15.9458 -21.4642 0
      vertex 15.7944 -21.7167 0
    endloop
  endfacet
  facet normal -0 0 -1
    outer loop
      vertex 16.1708 20.9209 0
      vertex 10.9 17.65 0
      vertex 16.0716 21.198 0
    endloop
  endfacet
  facet normal 0 0 -1
    outer loop
      vertex 10.9 -17.65 0
      vertex 15.7944 -21.7167 0
      vertex 15.619 -21.9532 0
    endloop
  endfacet
  facet normal -0 0 -1
    outer loop
      vertex 16.0716 21.198 0
      vertex 10.9 17.65 0
      vertex 15.9458 21.4642 0
    endloop
  endfacet
  facet normal 0 0 -1
    outer loop
      vertex 10.9 -17.65 0
      vertex 15.619 -21.9532 0
      vertex 15.4213 -22.1713 0
    endloop
  endfacet
  facet normal -0 0 -1
    outer loop
      vertex 15.9458 21.4642 0
      vertex 10.9 17.65 0
      vertex 15.7944 21.7167 0
    endloop
  endfacet
  facet normal 0 0 -1
    outer loop
      vertex 10.9 -17.65 0
      vertex 15.4213 -22.1713 0
      vertex 15.2032 -22.369 0
    endloop
  endfacet
  facet normal -0 0 -1
    outer loop
      vertex 15.7944 21.7167 0
      vertex 10.9 17.65 0
      vertex 15.619 21.9532 0
    endloop
  endfacet
  facet normal 0 0 -1
    outer loop
      vertex 10.9 -17.65 0
      vertex 15.2032 -22.369 0
      vertex 14.9667 -22.5444 0
    endloop
  endfacet
  facet normal -0 0 -1
    outer loop
      vertex 15.619 21.9532 0
      vertex 10.9 17.65 0
      vertex 15.4213 22.1713 0
    endloop
  endfacet
  facet normal 0 0 -1
    outer loop
      vertex 10.9 -17.65 0
      vertex 14.9667 -22.5444 0
      vertex 14.7142 -22.6958 0
    endloop
  endfacet
  facet normal -0 0 -1
    outer loop
      vertex 15.4213 22.1713 0
      vertex 10.9 17.65 0
      vertex 15.2032 22.369 0
    endloop
  endfacet
  facet normal 0 0 -1
    outer loop
      vertex 10.9 -17.65 0
      vertex 14.7142 -22.6958 0
      vertex 14.448 -22.8216 0
    endloop
  endfacet
  facet normal -0 0 -1
    outer loop
      vertex 15.2032 22.369 0
      vertex 10.9 17.65 0
      vertex 14.9667 22.5444 0
    endloop
  endfacet
  facet normal 0 0 -1
    outer loop
      vertex 10.9 -17.65 0
      vertex 14.448 -22.8216 0
      vertex 14.1709 -22.9208 0
    endloop
  endfacet
  facet normal -0 0 -1
    outer loop
      vertex 14.9667 22.5444 0
      vertex 10.9 17.65 0
      vertex 14.7142 22.6958 0
    endloop
  endfacet
  facet normal 0 0 -1
    outer loop
      vertex 10.9 -17.65 0
      vertex 14.1709 -22.9208 0
      vertex 13.8853 -22.9924 0
    endloop
  endfacet
  facet normal -0 0 -1
    outer loop
      vertex 14.7142 22.6958 0
      vertex 10.9 17.65 0
      vertex 14.448 22.8216 0
    endloop
  endfacet
  facet normal 0 0 -1
    outer loop
      vertex 10.9 -17.65 0
      vertex 13.8853 -22.9924 0
      vertex 13.5941 -23.0356 0
    endloop
  endfacet
  facet normal -0 0 -1
    outer loop
      vertex 14.448 22.8216 0
      vertex 10.9 17.65 0
      vertex 14.1709 22.9208 0
    endloop
  endfacet
  facet normal 0 0 -1
    outer loop
      vertex 10.9 -17.65 0
      vertex 13.5941 -23.0356 0
      vertex 13.3 -23.05 0
    endloop
  endfacet
  facet normal -0 0 -1
    outer loop
      vertex 14.1709 22.9208 0
      vertex 10.9 17.65 0
      vertex 13.8853 22.9924 0
    endloop
  endfacet
  facet normal -0 0 -1
    outer loop
      vertex 13.8853 22.9924 0
      vertex 10.9 17.65 0
      vertex 13.5941 23.0356 0
    endloop
  endfacet
  facet normal 0 0 -1
    outer loop
      vertex 3.25395 -23.05 0
      vertex 10.9 -17.65 0
      vertex 13.3 -23.05 0
    endloop
  endfacet
  facet normal 0 0 -1
    outer loop
      vertex -3.25395 -23.05 0
      vertex 10.9 -17.65 0
      vertex 3.25395 -23.05 0
    endloop
  endfacet
  facet normal 0 0 -1
    outer loop
      vertex -3.25395 -23.05 0
      vertex -10.9 -17.65 0
      vertex 10.9 -17.65 0
    endloop
  endfacet
  facet normal 0 0 -1
    outer loop
      vertex -16.3 -20.05 0
      vertex -10.9 -17.65 0
      vertex -13.3 -23.05 0
    endloop
  endfacet
  facet normal 0 0 -1
    outer loop
      vertex -13.3 -23.05 0
      vertex -10.9 -17.65 0
      vertex -3.25395 -23.05 0
    endloop
  endfacet
  facet normal -0 0 -1
    outer loop
      vertex 13.5941 23.0356 0
      vertex 10.9 17.65 0
      vertex 13.3 23.05 0
    endloop
  endfacet
  facet normal 0 0 -1
    outer loop
      vertex -10.9 17.65 0
      vertex 13.3 23.05 0
      vertex 10.9 17.65 0
    endloop
  endfacet
  facet normal 0 0 -1
    outer loop
      vertex -10.9 17.65 0
      vertex -13.3 23.05 0
      vertex 13.3 23.05 0
    endloop
  endfacet
  facet normal -0 0 -1
    outer loop
      vertex -10.9 -17.65 0
      vertex -16.3 -20.05 0
      vertex -10.9 17.65 0
    endloop
  endfacet
  facet normal 0 0 -1
    outer loop
      vertex -16.3 -20.05 0
      vertex -13.3 -23.05 0
      vertex -13.5941 -23.0356 0
    endloop
  endfacet
  facet normal 0 0 -1
    outer loop
      vertex -16.3 20.05 0
      vertex -10.9 17.65 0
      vertex -16.3 -20.05 0
    endloop
  endfacet
  facet normal 0 0 -1
    outer loop
      vertex -16.3 -20.05 0
      vertex -13.5941 -23.0356 0
      vertex -13.8853 -22.9924 0
    endloop
  endfacet
  facet normal 0 0 -1
    outer loop
      vertex -10.9 17.65 0
      vertex -16.3 20.05 0
      vertex -13.3 23.05 0
    endloop
  endfacet
  facet normal 0 0 -1
    outer loop
      vertex -16.3 -20.05 0
      vertex -13.8853 -22.9924 0
      vertex -14.1709 -22.9208 0
    endloop
  endfacet
  facet normal 0 0 -1
    outer loop
      vertex -13.3 23.05 0
      vertex -16.3 20.05 0
      vertex -13.5941 23.0356 0
    endloop
  endfacet
  facet normal 0 0 -1
    outer loop
      vertex -16.3 -20.05 0
      vertex -14.1709 -22.9208 0
      vertex -14.448 -22.8216 0
    endloop
  endfacet
  facet normal 0 0 -1
    outer loop
      vertex -13.5941 23.0356 0
      vertex -16.3 20.05 0
      vertex -13.8853 22.9924 0
    endloop
  endfacet
  facet normal 0 0 -1
    outer loop
      vertex -16.3 -20.05 0
      vertex -14.448 -22.8216 0
      vertex -14.7142 -22.6958 0
    endloop
  endfacet
  facet normal 0 0 -1
    outer loop
      vertex -13.8853 22.9924 0
      vertex -16.3 20.05 0
      vertex -14.1709 22.9208 0
    endloop
  endfacet
  facet normal 0 0 -1
    outer loop
      vertex -16.3 -20.05 0
      vertex -14.7142 -22.6958 0
      vertex -14.9667 -22.5444 0
    endloop
  endfacet
  facet normal 0 0 -1
    outer loop
      vertex -14.1709 22.9208 0
      vertex -16.3 20.05 0
      vertex -14.448 22.8216 0
    endloop
  endfacet
  facet normal 0 0 -1
    outer loop
      vertex -16.3 -20.05 0
      vertex -14.9667 -22.5444 0
      vertex -15.2032 -22.369 0
    endloop
  endfacet
  facet normal 0 0 -1
    outer loop
      vertex -14.448 22.8216 0
      vertex -16.3 20.05 0
      vertex -14.7142 22.6958 0
    endloop
  endfacet
  facet normal 0 0 -1
    outer loop
      vertex -16.3 -20.05 0
      vertex -15.2032 -22.369 0
      vertex -15.4213 -22.1713 0
    endloop
  endfacet
  facet normal 0 0 -1
    outer loop
      vertex -14.7142 22.6958 0
      vertex -16.3 20.05 0
      vertex -14.9667 22.5444 0
    endloop
  endfacet
  facet normal 0 0 -1
    outer loop
      vertex -16.3 -20.05 0
      vertex -15.4213 -22.1713 0
      vertex -15.619 -21.9532 0
    endloop
  endfacet
  facet normal 0 0 -1
    outer loop
      vertex -14.9667 22.5444 0
      vertex -16.3 20.05 0
      vertex -15.2032 22.369 0
    endloop
  endfacet
  facet normal 0 0 -1
    outer loop
      vertex -16.3 -20.05 0
      vertex -15.619 -21.9532 0
      vertex -15.7944 -21.7167 0
    endloop
  endfacet
  facet normal 0 0 -1
    outer loop
      vertex -15.2032 22.369 0
      vertex -16.3 20.05 0
      vertex -15.4213 22.1713 0
    endloop
  endfacet
  facet normal 0 0 -1
    outer loop
      vertex -16.3 -20.05 0
      vertex -15.7944 -21.7167 0
      vertex -15.9458 -21.4642 0
    endloop
  endfacet
  facet normal 0 0 -1
    outer loop
      vertex -15.4213 22.1713 0
      vertex -16.3 20.05 0
      vertex -15.619 21.9532 0
    endloop
  endfacet
  facet normal 0 0 -1
    outer loop
      vertex -16.3 -20.05 0
      vertex -15.9458 -21.4642 0
      vertex -16.0716 -21.198 0
    endloop
  endfacet
  facet normal 0 0 -1
    outer loop
      vertex -15.619 21.9532 0
      vertex -16.3 20.05 0
      vertex -15.7944 21.7167 0
    endloop
  endfacet
  facet normal 0 0 -1
    outer loop
      vertex -16.3 -20.05 0
      vertex -16.0716 -21.198 0
      vertex -16.1708 -20.9209 0
    endloop
  endfacet
  facet normal 0 0 -1
    outer loop
      vertex -15.7944 21.7167 0
      vertex -16.3 20.05 0
      vertex -15.9458 21.4642 0
    endloop
  endfacet
  facet normal 0 0 -1
    outer loop
      vertex -16.3 -20.05 0
      vertex -16.1708 -20.9209 0
      vertex -16.2424 -20.6353 0
    endloop
  endfacet
  facet normal 0 0 -1
    outer loop
      vertex -15.9458 21.4642 0
      vertex -16.3 20.05 0
      vertex -16.0716 21.198 0
    endloop
  endfacet
  facet normal 0 0 -1
    outer loop
      vertex -16.3 -20.05 0
      vertex -16.2424 -20.6353 0
      vertex -16.2856 -20.3441 0
    endloop
  endfacet
  facet normal 0 0 -1
    outer loop
      vertex -16.0716 21.198 0
      vertex -16.3 20.05 0
      vertex -16.1708 20.9209 0
    endloop
  endfacet
  facet normal 0 0 -1
    outer loop
      vertex -16.1708 20.9209 0
      vertex -16.3 20.05 0
      vertex -16.2424 20.6353 0
    endloop
  endfacet
  facet normal 0 0 -1
    outer loop
      vertex -16.2424 20.6353 0
      vertex -16.3 20.05 0
      vertex -16.2856 20.3441 0
    endloop
  endfacet
  facet normal -0.803208 0.595699 0
    outer loop
      vertex -15.7944 21.7167 0
      vertex -15.619 21.9532 7.6
      vertex -15.619 21.9532 0
    endloop
  endfacet
  facet normal -0.803208 0.595699 0
    outer loop
      vertex -15.619 21.9532 7.6
      vertex -15.7944 21.7167 0
      vertex -15.7944 21.7167 7.6
    endloop
  endfacet
  facet normal -0.671607 0.740908 0
    outer loop
      vertex -15.2032 22.369 0
      vertex -15.4213 22.1713 7.6
      vertex -15.2032 22.369 7.6
    endloop
  endfacet
  facet normal -0.671607 0.740908 0
    outer loop
      vertex -15.4213 22.1713 7.6
      vertex -15.2032 22.369 0
      vertex -15.4213 22.1713 0
    endloop
  endfacet
  facet normal 0.740908 0.671607 0
    outer loop
      vertex 15.619 21.9532 7.6
      vertex 15.4213 22.1713 0
      vertex 15.4213 22.1713 7.6
    endloop
  endfacet
  facet normal 0.740908 0.671607 0
    outer loop
      vertex 15.4213 22.1713 0
      vertex 15.619 21.9532 7.6
      vertex 15.619 21.9532 0
    endloop
  endfacet
  facet normal 0.857643 0.514246 0
    outer loop
      vertex 15.9458 21.4642 7.6
      vertex 15.7944 21.7167 0
      vertex 15.7944 21.7167 7.6
    endloop
  endfacet
  facet normal 0.857643 0.514246 0
    outer loop
      vertex 15.7944 21.7167 0
      vertex 15.9458 21.4642 7.6
      vertex 15.9458 21.4642 0
    endloop
  endfacet
  facet normal -0.803208 -0.595699 0
    outer loop
      vertex -15.619 -21.9532 0
      vertex -15.7944 -21.7167 7.6
      vertex -15.7944 -21.7167 0
    endloop
  endfacet
  facet normal -0.803208 -0.595699 0
    outer loop
      vertex -15.7944 -21.7167 7.6
      vertex -15.619 -21.9532 0
      vertex -15.619 -21.9532 7.6
    endloop
  endfacet
  facet normal -0.989174 -0.146746 0
    outer loop
      vertex -16.2424 -20.6353 0
      vertex -16.2856 -20.3441 14.6
      vertex -16.2856 -20.3441 0
    endloop
  endfacet
  facet normal -0.989174 -0.146746 0
    outer loop
      vertex -16.2856 -20.3441 14.6
      vertex -16.2424 -20.6353 0
      vertex -16.2424 -20.6353 14.6
    endloop
  endfacet
  facet normal -0.998803 -0.0489044 0
    outer loop
      vertex -16.2856 -20.3441 0
      vertex -16.3 -20.05 14.6
      vertex -16.3 -20.05 0
    endloop
  endfacet
  facet normal -0.998803 -0.0489044 0
    outer loop
      vertex -16.3 -20.05 14.6
      vertex -16.2856 -20.3441 0
      vertex -16.2856 -20.3441 14.6
    endloop
  endfacet
  facet normal -1 0 0
    outer loop
      vertex -16.3 20.05 0
      vertex -16.3 10.1 4
      vertex -16.3 20.05 14.6
    endloop
  endfacet
  facet normal -1 0 0
    outer loop
      vertex -16.3 20.05 0
      vertex -16.3 7.9 4
      vertex -16.3 10.1 4
    endloop
  endfacet
  facet normal -1 0 0
    outer loop
      vertex -16.3 7.9 4
      vertex -16.3 4.1 4
      vertex -16.3 7.9 12.6
    endloop
  endfacet
  facet normal -1 0 0
    outer loop
      vertex -16.3 20.05 0
      vertex -16.3 4.1 4
      vertex -16.3 7.9 4
    endloop
  endfacet
  facet normal -1 0 0
    outer loop
      vertex -16.3 20.05 0
      vertex -16.3 1.9 4
      vertex -16.3 4.1 4
    endloop
  endfacet
  facet normal -1 0 0
    outer loop
      vertex -16.3 1.9 4
      vertex -16.3 -1.9 4
      vertex -16.3 1.9 12.6
    endloop
  endfacet
  facet normal -1 0 0
    outer loop
      vertex -16.3 20.05 0
      vertex -16.3 -1.9 4
      vertex -16.3 1.9 4
    endloop
  endfacet
  facet normal -1 0 0
    outer loop
      vertex -16.3 -20.05 0
      vertex -16.3 -1.9 4
      vertex -16.3 20.05 0
    endloop
  endfacet
  facet normal -1 0 0
    outer loop
      vertex -16.3 -4.1 4
      vertex -16.3 -7.9 4
      vertex -16.3 -4.1 12.6
    endloop
  endfacet
  facet normal -1 -0 0
    outer loop
      vertex -16.3 -1.9 4
      vertex -16.3 -20.05 0
      vertex -16.3 -4.1 4
    endloop
  endfacet
  facet normal -1 -0 0
    outer loop
      vertex -16.3 -4.1 4
      vertex -16.3 -20.05 0
      vertex -16.3 -7.9 4
    endloop
  endfacet
  facet normal -1 0 0
    outer loop
      vertex -16.3 -20.05 14.6
      vertex -16.3 -10.1 4
      vertex -16.3 -20.05 0
    endloop
  endfacet
  facet normal -1 -0 0
    outer loop
      vertex -16.3 -7.9 4
      vertex -16.3 -20.05 0
      vertex -16.3 -10.1 4
    endloop
  endfacet
  facet normal -1 0 0
    outer loop
      vertex -16.3 10.1 12.6
      vertex -16.3 20.05 14.6
      vertex -16.3 10.1 4
    endloop
  endfacet
  facet normal -1 0 0
    outer loop
      vertex -16.3 7.9 12.6
      vertex -16.3 20.05 14.6
      vertex -16.3 10.1 12.6
    endloop
  endfacet
  facet normal -1 0 0
    outer loop
      vertex -16.3 4.1 12.6
      vertex -16.3 7.9 12.6
      vertex -16.3 4.1 4
    endloop
  endfacet
  facet normal -1 0 0
    outer loop
      vertex -16.3 4.1 12.6
      vertex -16.3 20.05 14.6
      vertex -16.3 7.9 12.6
    endloop
  endfacet
  facet normal -1 0 0
    outer loop
      vertex -16.3 1.9 12.6
      vertex -16.3 20.05 14.6
      vertex -16.3 4.1 12.6
    endloop
  endfacet
  facet normal -1 0 0
    outer loop
      vertex -16.3 -1.9 12.6
      vertex -16.3 1.9 12.6
      vertex -16.3 -1.9 4
    endloop
  endfacet
  facet normal -1 0 0
    outer loop
      vertex -16.3 -1.9 12.6
      vertex -16.3 20.05 14.6
      vertex -16.3 1.9 12.6
    endloop
  endfacet
  facet normal -1 0 0
    outer loop
      vertex -16.3 -20.05 14.6
      vertex -16.3 -1.9 12.6
      vertex -16.3 -4.1 12.6
    endloop
  endfacet
  facet normal -1 0 0
    outer loop
      vertex -16.3 -7.9 12.6
      vertex -16.3 -4.1 12.6
      vertex -16.3 -7.9 4
    endloop
  endfacet
  facet normal -1 0 0
    outer loop
      vertex -16.3 -20.05 14.6
      vertex -16.3 -4.1 12.6
      vertex -16.3 -7.9 12.6
    endloop
  endfacet
  facet normal -1 0 0
    outer loop
      vertex -16.3 -20.05 14.6
      vertex -16.3 -7.9 12.6
      vertex -16.3 -10.1 12.6
    endloop
  endfacet
  facet normal -1 0 0
    outer loop
      vertex -16.3 -1.9 12.6
      vertex -16.3 -20.05 14.6
      vertex -16.3 20.05 14.6
    endloop
  endfacet
  facet normal -1 0 0
    outer loop
      vertex -16.3 -10.1 4
      vertex -16.3 -20.05 14.6
      vertex -16.3 -10.1 12.6
    endloop
  endfacet
  facet normal 0.989174 0.146746 0
    outer loop
      vertex 16.2856 20.3441 14.6
      vertex 16.2424 20.6353 0
      vertex 16.2424 20.6353 14.6
    endloop
  endfacet
  facet normal 0.989174 0.146746 0
    outer loop
      vertex 16.2424 20.6353 0
      vertex 16.2856 20.3441 14.6
      vertex 16.2856 20.3441 0
    endloop
  endfacet
  facet normal -0.427269 0.904125 0
    outer loop
      vertex -14.448 22.8216 0
      vertex -14.7142 22.6958 7.6
      vertex -14.448 22.8216 7.6
    endloop
  endfacet
  facet normal -0.427269 0.904125 0
    outer loop
      vertex -14.7142 22.6958 7.6
      vertex -14.448 22.8216 0
      vertex -14.7142 22.6958 0
    endloop
  endfacet
  facet normal -0.595699 0.803208 0
    outer loop
      vertex -14.9667 22.5444 0
      vertex -15.2032 22.369 7.6
      vertex -14.9667 22.5444 7.6
    endloop
  endfacet
  facet normal -0.595699 0.803208 0
    outer loop
      vertex -15.2032 22.369 7.6
      vertex -14.9667 22.5444 0
      vertex -15.2032 22.369 0
    endloop
  endfacet
  facet normal 0.941595 0.336748 0
    outer loop
      vertex 16.1242 21.0512 14.6
      vertex 16.1708 20.9209 14.6
      vertex 16.1242 21.0512 7.6
    endloop
  endfacet
  facet normal 0.941393 0.337311 0
    outer loop
      vertex 16.1242 21.0512 7.6
      vertex 16.0716 21.198 0
      vertex 16.0716 21.198 7.6
    endloop
  endfacet
  facet normal 0.941488 0.337047 -5.76706e-06
    outer loop
      vertex 16.1242 21.0512 7.6
      vertex 16.1708 20.9209 0
      vertex 16.0716 21.198 0
    endloop
  endfacet
  facet normal 0.941595 0.336748 -0
    outer loop
      vertex 16.1708 20.9209 0
      vertex 16.1242 21.0512 7.6
      vertex 16.1708 20.9209 14.6
    endloop
  endfacet
  facet normal 0.803208 0.595699 0
    outer loop
      vertex 15.7944 21.7167 7.6
      vertex 15.619 21.9532 0
      vertex 15.619 21.9532 7.6
    endloop
  endfacet
  facet normal 0.803208 0.595699 0
    outer loop
      vertex 15.619 21.9532 0
      vertex 15.7944 21.7167 7.6
      vertex 15.7944 21.7167 0
    endloop
  endfacet
  facet normal 0.146746 -0.989174 0
    outer loop
      vertex 13.5941 -23.0356 0
      vertex 13.8853 -22.9924 14.6
      vertex 13.5941 -23.0356 14.6
    endloop
  endfacet
  facet normal 0.146746 -0.989174 0
    outer loop
      vertex 13.8853 -22.9924 14.6
      vertex 13.5941 -23.0356 0
      vertex 13.8853 -22.9924 0
    endloop
  endfacet
  facet normal 0.243175 -0.969982 0
    outer loop
      vertex 13.8853 -22.9924 0
      vertex 14.1709 -22.9208 14.6
      vertex 13.8853 -22.9924 14.6
    endloop
  endfacet
  facet normal 0.243175 -0.969982 0
    outer loop
      vertex 14.1709 -22.9208 14.6
      vertex 13.8853 -22.9924 0
      vertex 14.1709 -22.9208 0
    endloop
  endfacet
  facet normal 0.857643 -0.514246 0
    outer loop
      vertex 15.7944 -21.7167 7.6
      vertex 15.9458 -21.4642 0
      vertex 15.9458 -21.4642 7.6
    endloop
  endfacet
  facet normal 0.857643 -0.514246 0
    outer loop
      vertex 15.9458 -21.4642 0
      vertex 15.7944 -21.7167 7.6
      vertex 15.7944 -21.7167 0
    endloop
  endfacet
  facet normal 0.989174 -0.146746 0
    outer loop
      vertex 16.2424 -20.6353 14.6
      vertex 16.2856 -20.3441 0
      vertex 16.2856 -20.3441 14.6
    endloop
  endfacet
  facet normal 0.989174 -0.146746 0
    outer loop
      vertex 16.2856 -20.3441 0
      vertex 16.2424 -20.6353 14.6
      vertex 16.2424 -20.6353 0
    endloop
  endfacet
  facet normal 0.998803 -0.0489044 0
    outer loop
      vertex 16.2856 -20.3441 14.6
      vertex 16.3 -20.05 0
      vertex 16.3 -20.05 14.6
    endloop
  endfacet
  facet normal 0.998803 -0.0489044 0
    outer loop
      vertex 16.3 -20.05 0
      vertex 16.2856 -20.3441 14.6
      vertex 16.2856 -20.3441 0
    endloop
  endfacet
  facet normal -0.337311 -0.941393 -0
    outer loop
      vertex -14.448 -22.8216 7.6
      vertex -14.448 -22.8216 0
      vertex -14.3012 -22.8742 7.6
    endloop
  endfacet
  facet normal -0.336748 -0.941595 0
    outer loop
      vertex -14.3012 -22.8742 7.6
      vertex -14.1709 -22.9208 14.6
      vertex -14.3012 -22.8742 14.6
    endloop
  endfacet
  facet normal -0.336748 -0.941595 0
    outer loop
      vertex -14.3012 -22.8742 7.6
      vertex -14.1709 -22.9208 0
      vertex -14.1709 -22.9208 14.6
    endloop
  endfacet
  facet normal -0.337047 -0.941488 -5.76706e-06
    outer loop
      vertex -14.1709 -22.9208 0
      vertex -14.3012 -22.8742 7.6
      vertex -14.448 -22.8216 0
    endloop
  endfacet
  facet normal -0.671607 -0.740908 0
    outer loop
      vertex -15.4213 -22.1713 0
      vertex -15.2032 -22.369 7.6
      vertex -15.4213 -22.1713 7.6
    endloop
  endfacet
  facet normal -0.671607 -0.740908 -0
    outer loop
      vertex -15.2032 -22.369 7.6
      vertex -15.4213 -22.1713 0
      vertex -15.2032 -22.369 0
    endloop
  endfacet
  facet normal -0.969982 -0.243175 0
    outer loop
      vertex -16.1708 -20.9209 0
      vertex -16.2424 -20.6353 14.6
      vertex -16.2424 -20.6353 0
    endloop
  endfacet
  facet normal -0.969982 -0.243175 0
    outer loop
      vertex -16.2424 -20.6353 14.6
      vertex -16.1708 -20.9209 0
      vertex -16.1708 -20.9209 14.6
    endloop
  endfacet
  facet normal -0.904125 0.427269 0
    outer loop
      vertex -16.0716 21.198 0
      vertex -15.9458 21.4642 7.6
      vertex -15.9458 21.4642 0
    endloop
  endfacet
  facet normal -0.904125 0.427269 0
    outer loop
      vertex -15.9458 21.4642 7.6
      vertex -16.0716 21.198 0
      vertex -16.0716 21.198 7.6
    endloop
  endfacet
  facet normal -0.740908 0.671607 0
    outer loop
      vertex -15.619 21.9532 0
      vertex -15.4213 22.1713 7.6
      vertex -15.4213 22.1713 0
    endloop
  endfacet
  facet normal -0.740908 0.671607 0
    outer loop
      vertex -15.4213 22.1713 7.6
      vertex -15.619 21.9532 0
      vertex -15.619 21.9532 7.6
    endloop
  endfacet
  facet normal -0.0489044 0.998803 0
    outer loop
      vertex -13.3 23.05 0
      vertex -13.5941 23.0356 14.6
      vertex -13.3 23.05 14.6
    endloop
  endfacet
  facet normal -0.0489044 0.998803 0
    outer loop
      vertex -13.5941 23.0356 14.6
      vertex -13.3 23.05 0
      vertex -13.5941 23.0356 0
    endloop
  endfacet
  facet normal -0.146746 0.989174 0
    outer loop
      vertex -13.5941 23.0356 0
      vertex -13.8853 22.9924 14.6
      vertex -13.5941 23.0356 14.6
    endloop
  endfacet
  facet normal -0.146746 0.989174 0
    outer loop
      vertex -13.8853 22.9924 14.6
      vertex -13.5941 23.0356 0
      vertex -13.8853 22.9924 0
    endloop
  endfacet
  facet normal -0.514246 0.857643 0
    outer loop
      vertex -14.7142 22.6958 0
      vertex -14.9667 22.5444 7.6
      vertex -14.7142 22.6958 7.6
    endloop
  endfacet
  facet normal -0.514246 0.857643 0
    outer loop
      vertex -14.9667 22.5444 7.6
      vertex -14.7142 22.6958 0
      vertex -14.9667 22.5444 0
    endloop
  endfacet
  facet normal 0.0489044 0.998803 -0
    outer loop
      vertex 13.5941 23.0356 0
      vertex 13.3 23.05 14.6
      vertex 13.5941 23.0356 14.6
    endloop
  endfacet
  facet normal 0.0489044 0.998803 0
    outer loop
      vertex 13.3 23.05 14.6
      vertex 13.5941 23.0356 0
      vertex 13.3 23.05 0
    endloop
  endfacet
  facet normal 0.243175 0.969982 -0
    outer loop
      vertex 14.1709 22.9208 0
      vertex 13.8853 22.9924 14.6
      vertex 14.1709 22.9208 14.6
    endloop
  endfacet
  facet normal 0.243175 0.969982 0
    outer loop
      vertex 13.8853 22.9924 14.6
      vertex 14.1709 22.9208 0
      vertex 13.8853 22.9924 0
    endloop
  endfacet
  facet normal 0.427269 0.904125 -0
    outer loop
      vertex 14.7142 22.6958 0
      vertex 14.448 22.8216 7.6
      vertex 14.7142 22.6958 7.6
    endloop
  endfacet
  facet normal 0.427269 0.904125 0
    outer loop
      vertex 14.448 22.8216 7.6
      vertex 14.7142 22.6958 0
      vertex 14.448 22.8216 0
    endloop
  endfacet
  facet normal 0.904125 0.427269 0
    outer loop
      vertex 16.0716 21.198 7.6
      vertex 15.9458 21.4642 0
      vertex 15.9458 21.4642 7.6
    endloop
  endfacet
  facet normal 0.904125 0.427269 0
    outer loop
      vertex 15.9458 21.4642 0
      vertex 16.0716 21.198 7.6
      vertex 16.0716 21.198 0
    endloop
  endfacet
  facet normal 0.514246 -0.857643 0
    outer loop
      vertex 14.7142 -22.6958 0
      vertex 14.9667 -22.5444 7.6
      vertex 14.7142 -22.6958 7.6
    endloop
  endfacet
  facet normal 0.514246 -0.857643 0
    outer loop
      vertex 14.9667 -22.5444 7.6
      vertex 14.7142 -22.6958 0
      vertex 14.9667 -22.5444 0
    endloop
  endfacet
  facet normal 0.740908 -0.671607 0
    outer loop
      vertex 15.4213 -22.1713 7.6
      vertex 15.619 -21.9532 0
      vertex 15.619 -21.9532 7.6
    endloop
  endfacet
  facet normal 0.740908 -0.671607 0
    outer loop
      vertex 15.619 -21.9532 0
      vertex 15.4213 -22.1713 7.6
      vertex 15.4213 -22.1713 0
    endloop
  endfacet
  facet normal 0.941595 -0.336748 0
    outer loop
      vertex 16.1242 -21.0512 7.6
      vertex 16.1708 -20.9209 14.6
      vertex 16.1242 -21.0512 14.6
    endloop
  endfacet
  facet normal 0.941595 -0.336748 0
    outer loop
      vertex 16.1708 -20.9209 14.6
      vertex 16.1242 -21.0512 7.6
      vertex 16.1708 -20.9209 0
    endloop
  endfacet
  facet normal 0.941393 -0.337311 0
    outer loop
      vertex 16.0716 -21.198 0
      vertex 16.1242 -21.0512 7.6
      vertex 16.0716 -21.198 7.6
    endloop
  endfacet
  facet normal 0.941488 -0.337047 -5.76706e-06
    outer loop
      vertex 16.1242 -21.0512 7.6
      vertex 16.0716 -21.198 0
      vertex 16.1708 -20.9209 0
    endloop
  endfacet
  facet normal 0.904125 -0.427269 0
    outer loop
      vertex 15.9458 -21.4642 7.6
      vertex 16.0716 -21.198 0
      vertex 16.0716 -21.198 7.6
    endloop
  endfacet
  facet normal 0.904125 -0.427269 0
    outer loop
      vertex 16.0716 -21.198 0
      vertex 15.9458 -21.4642 7.6
      vertex 15.9458 -21.4642 0
    endloop
  endfacet
  facet normal 0.969982 -0.243175 0
    outer loop
      vertex 16.1708 -20.9209 14.6
      vertex 16.2424 -20.6353 0
      vertex 16.2424 -20.6353 14.6
    endloop
  endfacet
  facet normal 0.969982 -0.243175 0
    outer loop
      vertex 16.2424 -20.6353 0
      vertex 16.1708 -20.9209 14.6
      vertex 16.1708 -20.9209 0
    endloop
  endfacet
  facet normal -0.243175 -0.969982 0
    outer loop
      vertex -14.1709 -22.9208 0
      vertex -13.8853 -22.9924 14.6
      vertex -14.1709 -22.9208 14.6
    endloop
  endfacet
  facet normal -0.243175 -0.969982 -0
    outer loop
      vertex -13.8853 -22.9924 14.6
      vertex -14.1709 -22.9208 0
      vertex -13.8853 -22.9924 0
    endloop
  endfacet
  facet normal -0.0489044 -0.998803 0
    outer loop
      vertex -13.5941 -23.0356 0
      vertex -13.3 -23.05 14.6
      vertex -13.5941 -23.0356 14.6
    endloop
  endfacet
  facet normal -0.0489044 -0.998803 -0
    outer loop
      vertex -13.3 -23.05 14.6
      vertex -13.5941 -23.0356 0
      vertex -13.3 -23.05 0
    endloop
  endfacet
  facet normal -0.146746 -0.989174 0
    outer loop
      vertex -13.8853 -22.9924 0
      vertex -13.5941 -23.0356 14.6
      vertex -13.8853 -22.9924 14.6
    endloop
  endfacet
  facet normal -0.146746 -0.989174 -0
    outer loop
      vertex -13.5941 -23.0356 14.6
      vertex -13.8853 -22.9924 0
      vertex -13.5941 -23.0356 0
    endloop
  endfacet
  facet normal -0.595699 -0.803208 0
    outer loop
      vertex -15.2032 -22.369 0
      vertex -14.9667 -22.5444 7.6
      vertex -15.2032 -22.369 7.6
    endloop
  endfacet
  facet normal -0.595699 -0.803208 -0
    outer loop
      vertex -14.9667 -22.5444 7.6
      vertex -15.2032 -22.369 0
      vertex -14.9667 -22.5444 0
    endloop
  endfacet
  facet normal -0.427269 -0.904125 0
    outer loop
      vertex -14.7142 -22.6958 0
      vertex -14.448 -22.8216 7.6
      vertex -14.7142 -22.6958 7.6
    endloop
  endfacet
  facet normal -0.427269 -0.904125 -0
    outer loop
      vertex -14.448 -22.8216 7.6
      vertex -14.7142 -22.6958 0
      vertex -14.448 -22.8216 0
    endloop
  endfacet
  facet normal -0.514246 -0.857643 0
    outer loop
      vertex -14.9667 -22.5444 0
      vertex -14.7142 -22.6958 7.6
      vertex -14.9667 -22.5444 7.6
    endloop
  endfacet
  facet normal -0.514246 -0.857643 -0
    outer loop
      vertex -14.7142 -22.6958 7.6
      vertex -14.9667 -22.5444 0
      vertex -14.7142 -22.6958 0
    endloop
  endfacet
  facet normal -0.857643 -0.514246 0
    outer loop
      vertex -15.7944 -21.7167 0
      vertex -15.9458 -21.4642 7.6
      vertex -15.9458 -21.4642 0
    endloop
  endfacet
  facet normal -0.857643 -0.514246 0
    outer loop
      vertex -15.9458 -21.4642 7.6
      vertex -15.7944 -21.7167 0
      vertex -15.7944 -21.7167 7.6
    endloop
  endfacet
  facet normal -0.904125 -0.427269 0
    outer loop
      vertex -15.9458 -21.4642 0
      vertex -16.0716 -21.198 7.6
      vertex -16.0716 -21.198 0
    endloop
  endfacet
  facet normal -0.904125 -0.427269 0
    outer loop
      vertex -16.0716 -21.198 7.6
      vertex -15.9458 -21.4642 0
      vertex -15.9458 -21.4642 7.6
    endloop
  endfacet
  facet normal -0.857643 0.514246 0
    outer loop
      vertex -15.9458 21.4642 0
      vertex -15.7944 21.7167 7.6
      vertex -15.7944 21.7167 0
    endloop
  endfacet
  facet normal -0.857643 0.514246 0
    outer loop
      vertex -15.7944 21.7167 7.6
      vertex -15.9458 21.4642 0
      vertex -15.9458 21.4642 7.6
    endloop
  endfacet
  facet normal -0.998803 0.0489044 0
    outer loop
      vertex -16.3 20.05 0
      vertex -16.2856 20.3441 14.6
      vertex -16.2856 20.3441 0
    endloop
  endfacet
  facet normal -0.998803 0.0489044 0
    outer loop
      vertex -16.2856 20.3441 14.6
      vertex -16.3 20.05 0
      vertex -16.3 20.05 14.6
    endloop
  endfacet
  facet normal -0.989174 0.146746 0
    outer loop
      vertex -16.2856 20.3441 0
      vertex -16.2424 20.6353 14.6
      vertex -16.2424 20.6353 0
    endloop
  endfacet
  facet normal -0.989174 0.146746 0
    outer loop
      vertex -16.2424 20.6353 14.6
      vertex -16.2856 20.3441 0
      vertex -16.2856 20.3441 14.6
    endloop
  endfacet
  facet normal -0.969982 0.243175 0
    outer loop
      vertex -16.2424 20.6353 0
      vertex -16.1708 20.9209 14.6
      vertex -16.1708 20.9209 0
    endloop
  endfacet
  facet normal -0.969982 0.243175 0
    outer loop
      vertex -16.1708 20.9209 14.6
      vertex -16.2424 20.6353 0
      vertex -16.2424 20.6353 14.6
    endloop
  endfacet
  facet normal -0.941393 0.337311 0
    outer loop
      vertex -16.0716 21.198 0
      vertex -16.1242 21.0512 7.6
      vertex -16.0716 21.198 7.6
    endloop
  endfacet
  facet normal -0.941488 0.337047 -5.76706e-06
    outer loop
      vertex -16.1708 20.9209 0
      vertex -16.1242 21.0512 7.6
      vertex -16.0716 21.198 0
    endloop
  endfacet
  facet normal -0.941595 0.336748 0
    outer loop
      vertex -16.1708 20.9209 14.6
      vertex -16.1242 21.0512 7.6
      vertex -16.1708 20.9209 0
    endloop
  endfacet
  facet normal -0.941595 0.336748 0
    outer loop
      vertex -16.1242 21.0512 7.6
      vertex -16.1708 20.9209 14.6
      vertex -16.1242 21.0512 14.6
    endloop
  endfacet
  facet normal -0.336748 0.941595 0
    outer loop
      vertex -14.1709 22.9208 14.6
      vertex -14.3012 22.8742 7.6
      vertex -14.3012 22.8742 14.6
    endloop
  endfacet
  facet normal -0.336748 0.941595 0
    outer loop
      vertex -14.1709 22.9208 0
      vertex -14.3012 22.8742 7.6
      vertex -14.1709 22.9208 14.6
    endloop
  endfacet
  facet normal -0.337047 0.941488 -5.76706e-06
    outer loop
      vertex -14.448 22.8216 0
      vertex -14.3012 22.8742 7.6
      vertex -14.1709 22.9208 0
    endloop
  endfacet
  facet normal -0.337311 0.941393 0
    outer loop
      vertex -14.3012 22.8742 7.6
      vertex -14.448 22.8216 0
      vertex -14.448 22.8216 7.6
    endloop
  endfacet
  facet normal -0.243175 0.969982 0
    outer loop
      vertex -13.8853 22.9924 0
      vertex -14.1709 22.9208 14.6
      vertex -13.8853 22.9924 14.6
    endloop
  endfacet
  facet normal -0.243175 0.969982 0
    outer loop
      vertex -14.1709 22.9208 14.6
      vertex -13.8853 22.9924 0
      vertex -14.1709 22.9208 0
    endloop
  endfacet
  facet normal 0.337311 0.941393 0
    outer loop
      vertex 14.448 22.8216 7.6
      vertex 14.448 22.8216 0
      vertex 14.3012 22.8742 7.6
    endloop
  endfacet
  facet normal 0.336748 0.941595 -0
    outer loop
      vertex 14.3012 22.8742 7.6
      vertex 14.1709 22.9208 14.6
      vertex 14.3012 22.8742 14.6
    endloop
  endfacet
  facet normal 0.336748 0.941595 0
    outer loop
      vertex 14.3012 22.8742 7.6
      vertex 14.1709 22.9208 0
      vertex 14.1709 22.9208 14.6
    endloop
  endfacet
  facet normal 0.337047 0.941488 -5.76706e-06
    outer loop
      vertex 14.1709 22.9208 0
      vertex 14.3012 22.8742 7.6
      vertex 14.448 22.8216 0
    endloop
  endfacet
  facet normal 0.514246 0.857643 -0
    outer loop
      vertex 14.9667 22.5444 0
      vertex 14.7142 22.6958 7.6
      vertex 14.9667 22.5444 7.6
    endloop
  endfacet
  facet normal 0.514246 0.857643 0
    outer loop
      vertex 14.7142 22.6958 7.6
      vertex 14.9667 22.5444 0
      vertex 14.7142 22.6958 0
    endloop
  endfacet
  facet normal 0.969982 0.243175 0
    outer loop
      vertex 16.2424 20.6353 14.6
      vertex 16.1708 20.9209 0
      vertex 16.1708 20.9209 14.6
    endloop
  endfacet
  facet normal 0.969982 0.243175 0
    outer loop
      vertex 16.1708 20.9209 0
      vertex 16.2424 20.6353 14.6
      vertex 16.2424 20.6353 0
    endloop
  endfacet
  facet normal 0.595699 -0.803208 0
    outer loop
      vertex 14.9667 -22.5444 0
      vertex 15.2032 -22.369 7.6
      vertex 14.9667 -22.5444 7.6
    endloop
  endfacet
  facet normal 0.595699 -0.803208 0
    outer loop
      vertex 15.2032 -22.369 7.6
      vertex 14.9667 -22.5444 0
      vertex 15.2032 -22.369 0
    endloop
  endfacet
  facet normal 0.427269 -0.904125 0
    outer loop
      vertex 14.448 -22.8216 0
      vertex 14.7142 -22.6958 7.6
      vertex 14.448 -22.8216 7.6
    endloop
  endfacet
  facet normal 0.427269 -0.904125 0
    outer loop
      vertex 14.7142 -22.6958 7.6
      vertex 14.448 -22.8216 0
      vertex 14.7142 -22.6958 0
    endloop
  endfacet
  facet normal 0.671607 -0.740908 0
    outer loop
      vertex 15.2032 -22.369 0
      vertex 15.4213 -22.1713 7.6
      vertex 15.2032 -22.369 7.6
    endloop
  endfacet
  facet normal 0.671607 -0.740908 0
    outer loop
      vertex 15.4213 -22.1713 7.6
      vertex 15.2032 -22.369 0
      vertex 15.4213 -22.1713 0
    endloop
  endfacet
  facet normal 0.336748 -0.941595 0
    outer loop
      vertex 14.1709 -22.9208 14.6
      vertex 14.3012 -22.8742 7.6
      vertex 14.3012 -22.8742 14.6
    endloop
  endfacet
  facet normal 0.336748 -0.941595 0
    outer loop
      vertex 14.1709 -22.9208 0
      vertex 14.3012 -22.8742 7.6
      vertex 14.1709 -22.9208 14.6
    endloop
  endfacet
  facet normal 0.337047 -0.941488 -5.76706e-06
    outer loop
      vertex 14.448 -22.8216 0
      vertex 14.3012 -22.8742 7.6
      vertex 14.1709 -22.9208 0
    endloop
  endfacet
  facet normal 0.337311 -0.941393 0
    outer loop
      vertex 14.3012 -22.8742 7.6
      vertex 14.448 -22.8216 0
      vertex 14.448 -22.8216 7.6
    endloop
  endfacet
  facet normal 0.595699 0.803208 -0
    outer loop
      vertex 15.2032 22.369 0
      vertex 14.9667 22.5444 7.6
      vertex 15.2032 22.369 7.6
    endloop
  endfacet
  facet normal 0.595699 0.803208 0
    outer loop
      vertex 14.9667 22.5444 7.6
      vertex 15.2032 22.369 0
      vertex 14.9667 22.5444 0
    endloop
  endfacet
  facet normal 0.671607 0.740908 -0
    outer loop
      vertex 15.4213 22.1713 0
      vertex 15.2032 22.369 7.6
      vertex 15.4213 22.1713 7.6
    endloop
  endfacet
  facet normal 0.671607 0.740908 0
    outer loop
      vertex 15.2032 22.369 7.6
      vertex 15.4213 22.1713 0
      vertex 15.2032 22.369 0
    endloop
  endfacet
  facet normal 0.998796 -0 0.0490647
    outer loop
      vertex 7.96148 -31.05 8.08414
      vertex 8 -23.05 7.3
      vertex 7.96148 -23.05 8.08414
    endloop
  endfacet
  facet normal 0.998796 0 0.0490647
    outer loop
      vertex 8 -23.05 7.3
      vertex 7.96148 -31.05 8.08414
      vertex 8 -31.05 7.3
    endloop
  endfacet
  facet normal 0.514089 0 0.857737
    outer loop
      vertex 3.77117 -23.05 14.3554
      vertex 4.44456 -31.05 13.9518
      vertex 4.44456 -23.05 13.9518
    endloop
  endfacet
  facet normal 0.514089 0 0.857737
    outer loop
      vertex 4.44456 -31.05 13.9518
      vertex 3.77117 -23.05 14.3554
      vertex 3.77117 -31.05 14.3554
    endloop
  endfacet
  facet normal -0.336905 0 0.941539
    outer loop
      vertex -3.06147 -23.05 14.691
      vertex -2.32228 -31.05 14.9555
      vertex -2.32228 -23.05 14.9555
    endloop
  endfacet
  facet normal -0.336905 0 0.941539
    outer loop
      vertex -2.32228 -31.05 14.9555
      vertex -3.06147 -23.05 14.691
      vertex -3.06147 -31.05 14.691
    endloop
  endfacet
  facet normal -0.903986 0 0.427562
    outer loop
      vertex -7.39104 -31.05 10.3615
      vertex -7.05537 -23.05 11.0712
      vertex -7.39104 -23.05 10.3615
    endloop
  endfacet
  facet normal -0.903986 0 0.427562
    outer loop
      vertex -7.05537 -23.05 11.0712
      vertex -7.39104 -31.05 10.3615
      vertex -7.05537 -31.05 11.0712
    endloop
  endfacet
  facet normal 0.970032 -0 0.242979
    outer loop
      vertex 7.65552 -31.05 9.62228
      vertex 7.84628 -23.05 8.86072
      vertex 7.65552 -23.05 9.62228
    endloop
  endfacet
  facet normal 0.970032 0 0.242979
    outer loop
      vertex 7.84628 -23.05 8.86072
      vertex 7.65552 -31.05 9.62228
      vertex 7.84628 -31.05 8.86072
    endloop
  endfacet
  facet normal 0.970032 0 -0.242979
    outer loop
      vertex 7.84628 -31.05 5.73928
      vertex 7.65552 -23.05 4.97772
      vertex 7.84628 -23.05 5.73928
    endloop
  endfacet
  facet normal 0.970032 0 -0.242979
    outer loop
      vertex 7.65552 -23.05 4.97772
      vertex 7.84628 -31.05 5.73928
      vertex 7.65552 -31.05 4.97772
    endloop
  endfacet
  facet normal 0.903986 0 -0.427562
    outer loop
      vertex 7.39104 -31.05 4.23853
      vertex 7.05537 -23.05 3.52883
      vertex 7.39104 -23.05 4.23853
    endloop
  endfacet
  facet normal 0.903986 0 -0.427562
    outer loop
      vertex 7.05537 -23.05 3.52883
      vertex 7.39104 -31.05 4.23853
      vertex 7.05537 -31.05 3.52883
    endloop
  endfacet
  facet normal 0.671564 0 -0.740946
    outer loop
      vertex 5.07515 -31.05 1.11592
      vertex 5.65685 -23.05 1.64315
      vertex 5.65685 -31.05 1.64315
    endloop
  endfacet
  facet normal 0.671564 0 -0.740946
    outer loop
      vertex 5.65685 -23.05 1.64315
      vertex 5.07515 -31.05 1.11592
      vertex 5.07515 -23.05 1.11592
    endloop
  endfacet
  facet normal -0.33689 0 -0.941544
    outer loop
      vertex -3.06147 -31.05 -0.0910358
      vertex -2.32228 -23.05 -0.355522
      vertex -2.32228 -31.05 -0.355522
    endloop
  endfacet
  facet normal -0.33689 0 -0.941544
    outer loop
      vertex -2.32228 -23.05 -0.355522
      vertex -3.06147 -31.05 -0.0910358
      vertex -3.06147 -23.05 -0.0910358
    endloop
  endfacet
  facet normal -0.903986 0 -0.427562
    outer loop
      vertex -7.05537 -31.05 3.52883
      vertex -7.39104 -23.05 4.23853
      vertex -7.05537 -23.05 3.52883
    endloop
  endfacet
  facet normal -0.903986 -0 -0.427562
    outer loop
      vertex -7.39104 -23.05 4.23853
      vertex -7.05537 -31.05 3.52883
      vertex -7.39104 -31.05 4.23853
    endloop
  endfacet
  facet normal 0.903986 -0 0.427562
    outer loop
      vertex 7.05537 -31.05 11.0712
      vertex 7.39104 -23.05 10.3615
      vertex 7.05537 -23.05 11.0712
    endloop
  endfacet
  facet normal 0.903986 0 0.427562
    outer loop
      vertex 7.39104 -23.05 10.3615
      vertex 7.05537 -31.05 11.0712
      vertex 7.39104 -31.05 10.3615
    endloop
  endfacet
  facet normal 0.941551 -0 0.33687
    outer loop
      vertex 7.39104 -31.05 10.3615
      vertex 7.65552 -23.05 9.62228
      vertex 7.39104 -23.05 10.3615
    endloop
  endfacet
  facet normal 0.941551 0 0.33687
    outer loop
      vertex 7.65552 -23.05 9.62228
      vertex 7.39104 -31.05 10.3615
      vertex 7.65552 -31.05 9.62228
    endloop
  endfacet
  facet normal 0.803165 -0 0.595756
    outer loop
      vertex 6.18408 -31.05 12.3751
      vertex 6.65176 -23.05 11.7446
      vertex 6.18408 -23.05 12.3751
    endloop
  endfacet
  facet normal 0.803165 0 0.595756
    outer loop
      vertex 6.65176 -23.05 11.7446
      vertex 6.18408 -31.05 12.3751
      vertex 6.65176 -31.05 11.7446
    endloop
  endfacet
  facet normal 0.671543 0 0.740965
    outer loop
      vertex 5.07515 -23.05 13.4841
      vertex 5.65685 -31.05 12.9569
      vertex 5.65685 -23.05 12.9569
    endloop
  endfacet
  facet normal 0.671543 0 0.740965
    outer loop
      vertex 5.65685 -31.05 12.9569
      vertex 5.07515 -23.05 13.4841
      vertex 5.07515 -31.05 13.4841
    endloop
  endfacet
  facet normal 0.741004 -0 0.671501
    outer loop
      vertex 5.65685 -31.05 12.9569
      vertex 6.18408 -23.05 12.3751
      vertex 5.65685 -23.05 12.9569
    endloop
  endfacet
  facet normal 0.741004 0 0.671501
    outer loop
      vertex 6.18408 -23.05 12.3751
      vertex 5.65685 -31.05 12.9569
      vertex 6.18408 -31.05 12.3751
    endloop
  endfacet
  facet normal -0.0490395 0 0.998797
    outer loop
      vertex -0.784137 -23.05 15.2615
      vertex 0 -31.05 15.3
      vertex 0 -23.05 15.3
    endloop
  endfacet
  facet normal -0.0490395 0 0.998797
    outer loop
      vertex 0 -31.05 15.3
      vertex -0.784137 -23.05 15.2615
      vertex -0.784137 -31.05 15.2615
    endloop
  endfacet
  facet normal 0.336905 0 0.941539
    outer loop
      vertex 2.32228 -23.05 14.9555
      vertex 3.06147 -31.05 14.691
      vertex 3.06147 -23.05 14.691
    endloop
  endfacet
  facet normal 0.336905 0 0.941539
    outer loop
      vertex 3.06147 -31.05 14.691
      vertex 2.32228 -23.05 14.9555
      vertex 2.32228 -31.05 14.9555
    endloop
  endfacet
  facet normal 0.427517 0 0.904007
    outer loop
      vertex 3.25395 -23.05 14.6
      vertex 3.77117 -31.05 14.3554
      vertex 3.77117 -23.05 14.3554
    endloop
  endfacet
  facet normal 0.427416 -0 0.904055
    outer loop
      vertex 3.06147 -31.05 14.691
      vertex 3.25395 -23.05 14.6
      vertex 3.06147 -23.05 14.691
    endloop
  endfacet
  facet normal 0.427489 -2.16356e-06 0.90402
    outer loop
      vertex 3.25395 -23.05 14.6
      vertex 3.06147 -31.05 14.691
      vertex 3.77117 -31.05 14.3554
    endloop
  endfacet
  facet normal 0.146736 0 0.989176
    outer loop
      vertex 0.784137 -23.05 15.2615
      vertex 1.56072 -31.05 15.1463
      vertex 1.56072 -23.05 15.1463
    endloop
  endfacet
  facet normal 0.146736 0 0.989176
    outer loop
      vertex 1.56072 -31.05 15.1463
      vertex 0.784137 -23.05 15.2615
      vertex 0.784137 -31.05 15.2615
    endloop
  endfacet
  facet normal -0.998796 0 0.0490647
    outer loop
      vertex -8 -31.05 7.3
      vertex -7.96148 -23.05 8.08414
      vertex -8 -23.05 7.3
    endloop
  endfacet
  facet normal -0.998796 0 0.0490647
    outer loop
      vertex -7.96148 -23.05 8.08414
      vertex -8 -31.05 7.3
      vertex -7.96148 -31.05 8.08414
    endloop
  endfacet
  facet normal -0.970032 0 0.242979
    outer loop
      vertex -7.84628 -31.05 8.86072
      vertex -7.65552 -23.05 9.62228
      vertex -7.84628 -23.05 8.86072
    endloop
  endfacet
  facet normal -0.970032 0 0.242979
    outer loop
      vertex -7.65552 -23.05 9.62228
      vertex -7.84628 -31.05 8.86072
      vertex -7.65552 -31.05 9.62228
    endloop
  endfacet
  facet normal -0.803165 0 0.595756
    outer loop
      vertex -6.65176 -31.05 11.7446
      vertex -6.18408 -23.05 12.3751
      vertex -6.65176 -23.05 11.7446
    endloop
  endfacet
  facet normal -0.803165 0 0.595756
    outer loop
      vertex -6.18408 -23.05 12.3751
      vertex -6.65176 -31.05 11.7446
      vertex -6.18408 -31.05 12.3751
    endloop
  endfacet
  facet normal -0.146736 0 0.989176
    outer loop
      vertex -1.56072 -23.05 15.1463
      vertex -0.784137 -31.05 15.2615
      vertex -0.784137 -23.05 15.2615
    endloop
  endfacet
  facet normal -0.146736 0 0.989176
    outer loop
      vertex -0.784137 -31.05 15.2615
      vertex -1.56072 -23.05 15.1463
      vertex -1.56072 -31.05 15.1463
    endloop
  endfacet
  facet normal -0.514089 0 0.857737
    outer loop
      vertex -4.44456 -23.05 13.9518
      vertex -3.77117 -31.05 14.3554
      vertex -3.77117 -23.05 14.3554
    endloop
  endfacet
  facet normal -0.514089 0 0.857737
    outer loop
      vertex -3.77117 -31.05 14.3554
      vertex -4.44456 -23.05 13.9518
      vertex -4.44456 -31.05 13.9518
    endloop
  endfacet
  facet normal -0.671543 0 0.740965
    outer loop
      vertex -5.65685 -23.05 12.9569
      vertex -5.07515 -31.05 13.4841
      vertex -5.07515 -23.05 13.4841
    endloop
  endfacet
  facet normal -0.671543 0 0.740965
    outer loop
      vertex -5.07515 -31.05 13.4841
      vertex -5.65685 -23.05 12.9569
      vertex -5.65685 -31.05 12.9569
    endloop
  endfacet
  facet normal -0.595718 0 0.803194
    outer loop
      vertex -5.07515 -23.05 13.4841
      vertex -4.44456 -31.05 13.9518
      vertex -4.44456 -23.05 13.9518
    endloop
  endfacet
  facet normal -0.595718 0 0.803194
    outer loop
      vertex -4.44456 -31.05 13.9518
      vertex -5.07515 -23.05 13.4841
      vertex -5.07515 -31.05 13.4841
    endloop
  endfacet
  facet normal 0.941547 0 -0.336883
    outer loop
      vertex 7.65552 -31.05 4.97772
      vertex 7.39104 -23.05 4.23853
      vertex 7.65552 -23.05 4.97772
    endloop
  endfacet
  facet normal 0.941547 0 -0.336883
    outer loop
      vertex 7.39104 -23.05 4.23853
      vertex 7.65552 -31.05 4.97772
      vertex 7.39104 -31.05 4.23853
    endloop
  endfacet
  facet normal 0.14673 0 -0.989177
    outer loop
      vertex 0.784137 -31.05 -0.661477
      vertex 1.56072 -23.05 -0.546282
      vertex 1.56072 -31.05 -0.546282
    endloop
  endfacet
  facet normal 0.14673 0 -0.989177
    outer loop
      vertex 1.56072 -23.05 -0.546282
      vertex 0.784137 -31.05 -0.661477
      vertex 0.784137 -23.05 -0.661477
    endloop
  endfacet
  facet normal 0.242979 0 -0.970032
    outer loop
      vertex 1.56072 -31.05 -0.546282
      vertex 2.32228 -23.05 -0.355522
      vertex 2.32228 -31.05 -0.355522
    endloop
  endfacet
  facet normal 0.242979 0 -0.970032
    outer loop
      vertex 2.32228 -23.05 -0.355522
      vertex 1.56072 -31.05 -0.546282
      vertex 1.56072 -23.05 -0.546282
    endloop
  endfacet
  facet normal 0.595699 0 -0.803208
    outer loop
      vertex 4.44456 -31.05 0.648243
      vertex 5.07515 -23.05 1.11592
      vertex 5.07515 -31.05 1.11592
    endloop
  endfacet
  facet normal 0.595699 0 -0.803208
    outer loop
      vertex 5.07515 -23.05 1.11592
      vertex 4.44456 -31.05 0.648243
      vertex 4.44456 -23.05 0.648243
    endloop
  endfacet
  facet normal -0.0490687 0 -0.998795
    outer loop
      vertex -0.784137 -31.05 -0.661477
      vertex 0 -23.05 -0.7
      vertex 0 -31.05 -0.7
    endloop
  endfacet
  facet normal -0.0490687 0 -0.998795
    outer loop
      vertex 0 -23.05 -0.7
      vertex -0.784137 -31.05 -0.661477
      vertex -0.784137 -23.05 -0.661477
    endloop
  endfacet
  facet normal -0.803206 0 -0.595701
    outer loop
      vertex -6.18408 -31.05 2.22485
      vertex -6.65176 -23.05 2.85544
      vertex -6.18408 -23.05 2.22485
    endloop
  endfacet
  facet normal -0.803206 -0 -0.595701
    outer loop
      vertex -6.65176 -23.05 2.85544
      vertex -6.18408 -31.05 2.22485
      vertex -6.65176 -31.05 2.85544
    endloop
  endfacet
  facet normal -0.740946 0 -0.671564
    outer loop
      vertex -5.65685 -31.05 1.64315
      vertex -6.18408 -23.05 2.22485
      vertex -5.65685 -23.05 1.64315
    endloop
  endfacet
  facet normal -0.740946 -0 -0.671564
    outer loop
      vertex -6.18408 -23.05 2.22485
      vertex -5.65685 -31.05 1.64315
      vertex -6.18408 -31.05 2.22485
    endloop
  endfacet
  facet normal 0.989176 -0 0.146737
    outer loop
      vertex 7.84628 -31.05 8.86072
      vertex 7.96148 -23.05 8.08414
      vertex 7.84628 -23.05 8.86072
    endloop
  endfacet
  facet normal 0.989176 0 0.146737
    outer loop
      vertex 7.96148 -23.05 8.08414
      vertex 7.84628 -31.05 8.86072
      vertex 7.96148 -31.05 8.08414
    endloop
  endfacet
  facet normal 0.857734 -0 0.514093
    outer loop
      vertex 6.65176 -31.05 11.7446
      vertex 7.05537 -23.05 11.0712
      vertex 6.65176 -23.05 11.7446
    endloop
  endfacet
  facet normal 0.857734 0 0.514093
    outer loop
      vertex 7.05537 -23.05 11.0712
      vertex 6.65176 -31.05 11.7446
      vertex 7.05537 -31.05 11.0712
    endloop
  endfacet
  facet normal 0.595718 0 0.803194
    outer loop
      vertex 4.44456 -23.05 13.9518
      vertex 5.07515 -31.05 13.4841
      vertex 5.07515 -23.05 13.4841
    endloop
  endfacet
  facet normal 0.595718 0 0.803194
    outer loop
      vertex 5.07515 -31.05 13.4841
      vertex 4.44456 -23.05 13.9518
      vertex 4.44456 -31.05 13.9518
    endloop
  endfacet
  facet normal 0.0490395 0 0.998797
    outer loop
      vertex 0 -23.05 15.3
      vertex 0.784137 -31.05 15.2615
      vertex 0.784137 -23.05 15.2615
    endloop
  endfacet
  facet normal 0.0490395 0 0.998797
    outer loop
      vertex 0.784137 -31.05 15.2615
      vertex 0 -23.05 15.3
      vertex 0 -31.05 15.3
    endloop
  endfacet
  facet normal 0.243027 0 0.970019
    outer loop
      vertex 1.56072 -23.05 15.1463
      vertex 2.32228 -31.05 14.9555
      vertex 2.32228 -23.05 14.9555
    endloop
  endfacet
  facet normal 0.243027 0 0.970019
    outer loop
      vertex 2.32228 -31.05 14.9555
      vertex 1.56072 -23.05 15.1463
      vertex 1.56072 -31.05 15.1463
    endloop
  endfacet
  facet normal 0 -1 0
    outer loop
      vertex 0 -31.05 9.45
      vertex 0 -31.05 15.3
      vertex -0.784137 -31.05 15.2615
    endloop
  endfacet
  facet normal 0 -1 0
    outer loop
      vertex -0.210736 -31.05 9.43965
      vertex -0.784137 -31.05 15.2615
      vertex -1.56072 -31.05 15.1463
    endloop
  endfacet
  facet normal 0 -1 0
    outer loop
      vertex 0 -31.05 15.3
      vertex 0 -31.05 9.45
      vertex 0.784137 -31.05 15.2615
    endloop
  endfacet
  facet normal 0 -1 0
    outer loop
      vertex -0.419444 -31.05 9.40869
      vertex -1.56072 -31.05 15.1463
      vertex -2.32228 -31.05 14.9555
    endloop
  endfacet
  facet normal 0 -1 0
    outer loop
      vertex 0.210736 -31.05 9.43965
      vertex 0.784137 -31.05 15.2615
      vertex 0 -31.05 9.45
    endloop
  endfacet
  facet normal 0 -1 0
    outer loop
      vertex -0.624111 -31.05 9.35742
      vertex -2.32228 -31.05 14.9555
      vertex -3.06147 -31.05 14.691
    endloop
  endfacet
  facet normal 0 -1 -0
    outer loop
      vertex 0.784137 -31.05 15.2615
      vertex 0.210736 -31.05 9.43965
      vertex 1.56072 -31.05 15.1463
    endloop
  endfacet
  facet normal 0 -1 0
    outer loop
      vertex -0.822769 -31.05 9.28634
      vertex -3.06147 -31.05 14.691
      vertex -3.77117 -31.05 14.3554
    endloop
  endfacet
  facet normal 0 -1 0
    outer loop
      vertex 0.419444 -31.05 9.40869
      vertex 1.56072 -31.05 15.1463
      vertex 0.210736 -31.05 9.43965
    endloop
  endfacet
  facet normal 0 -1 0
    outer loop
      vertex -1.0135 -31.05 9.19613
      vertex -3.77117 -31.05 14.3554
      vertex -4.44456 -31.05 13.9518
    endloop
  endfacet
  facet normal 0 -1 -0
    outer loop
      vertex 1.56072 -31.05 15.1463
      vertex 0.419444 -31.05 9.40869
      vertex 2.32228 -31.05 14.9555
    endloop
  endfacet
  facet normal 0 -1 0
    outer loop
      vertex -1.19448 -31.05 9.08766
      vertex -4.44456 -31.05 13.9518
      vertex -5.07515 -31.05 13.4841
    endloop
  endfacet
  facet normal 0 -1 0
    outer loop
      vertex 0.624111 -31.05 9.35742
      vertex 2.32228 -31.05 14.9555
      vertex 0.419444 -31.05 9.40869
    endloop
  endfacet
  facet normal 0 -1 0
    outer loop
      vertex -1.36395 -31.05 8.96197
      vertex -5.07515 -31.05 13.4841
      vertex -5.65685 -31.05 12.9569
    endloop
  endfacet
  facet normal 0 -1 -0
    outer loop
      vertex 2.32228 -31.05 14.9555
      vertex 0.624111 -31.05 9.35742
      vertex 3.06147 -31.05 14.691
    endloop
  endfacet
  facet normal 0 -1 0
    outer loop
      vertex -1.52028 -31.05 8.82028
      vertex -5.65685 -31.05 12.9569
      vertex -6.18408 -31.05 12.3751
    endloop
  endfacet
  facet normal 0 -1 0
    outer loop
      vertex 0.822769 -31.05 9.28634
      vertex 3.06147 -31.05 14.691
      vertex 0.624111 -31.05 9.35742
    endloop
  endfacet
  facet normal 0 -1 0
    outer loop
      vertex -1.66197 -31.05 8.66395
      vertex -6.18408 -31.05 12.3751
      vertex -6.65176 -31.05 11.7446
    endloop
  endfacet
  facet normal 0 -1 -0
    outer loop
      vertex 3.06147 -31.05 14.691
      vertex 0.822769 -31.05 9.28634
      vertex 3.77117 -31.05 14.3554
    endloop
  endfacet
  facet normal 0 -1 0
    outer loop
      vertex -1.78766 -31.05 8.49448
      vertex -6.65176 -31.05 11.7446
      vertex -7.05537 -31.05 11.0712
    endloop
  endfacet
  facet normal 0 -1 0
    outer loop
      vertex 1.0135 -31.05 9.19613
      vertex 3.77117 -31.05 14.3554
      vertex 0.822769 -31.05 9.28634
    endloop
  endfacet
  facet normal 0 -1 0
    outer loop
      vertex -1.89613 -31.05 8.3135
      vertex -7.05537 -31.05 11.0712
      vertex -7.39104 -31.05 10.3615
    endloop
  endfacet
  facet normal 0 -1 -0
    outer loop
      vertex 3.77117 -31.05 14.3554
      vertex 1.0135 -31.05 9.19613
      vertex 4.44456 -31.05 13.9518
    endloop
  endfacet
  facet normal 0 -1 0
    outer loop
      vertex -1.98634 -31.05 8.12277
      vertex -7.39104 -31.05 10.3615
      vertex -7.65552 -31.05 9.62228
    endloop
  endfacet
  facet normal 0 -1 0
    outer loop
      vertex 1.19448 -31.05 9.08766
      vertex 4.44456 -31.05 13.9518
      vertex 1.0135 -31.05 9.19613
    endloop
  endfacet
  facet normal 0 -1 -0
    outer loop
      vertex 4.44456 -31.05 13.9518
      vertex 1.19448 -31.05 9.08766
      vertex 5.07515 -31.05 13.4841
    endloop
  endfacet
  facet normal 0 -1 0
    outer loop
      vertex -0.784137 -31.05 15.2615
      vertex -0.210736 -31.05 9.43965
      vertex 0 -31.05 9.45
    endloop
  endfacet
  facet normal 0 -1 0
    outer loop
      vertex -1.56072 -31.05 15.1463
      vertex -0.419444 -31.05 9.40869
      vertex -0.210736 -31.05 9.43965
    endloop
  endfacet
  facet normal 0 -1 0
    outer loop
      vertex -2.32228 -31.05 14.9555
      vertex -0.624111 -31.05 9.35742
      vertex -0.419444 -31.05 9.40869
    endloop
  endfacet
  facet normal 0 -1 0
    outer loop
      vertex -3.06147 -31.05 14.691
      vertex -0.822769 -31.05 9.28634
      vertex -0.624111 -31.05 9.35742
    endloop
  endfacet
  facet normal 0 -1 0
    outer loop
      vertex -3.77117 -31.05 14.3554
      vertex -1.0135 -31.05 9.19613
      vertex -0.822769 -31.05 9.28634
    endloop
  endfacet
  facet normal 0 -1 0
    outer loop
      vertex -4.44456 -31.05 13.9518
      vertex -1.19448 -31.05 9.08766
      vertex -1.0135 -31.05 9.19613
    endloop
  endfacet
  facet normal 0 -1 0
    outer loop
      vertex -5.07515 -31.05 13.4841
      vertex -1.36395 -31.05 8.96197
      vertex -1.19448 -31.05 9.08766
    endloop
  endfacet
  facet normal 0 -1 0
    outer loop
      vertex -2.05742 -31.05 7.92411
      vertex -7.65552 -31.05 9.62228
      vertex -7.84628 -31.05 8.86072
    endloop
  endfacet
  facet normal 0 -1 0
    outer loop
      vertex -5.65685 -31.05 12.9569
      vertex -1.52028 -31.05 8.82028
      vertex -1.36395 -31.05 8.96197
    endloop
  endfacet
  facet normal 0 -1 0
    outer loop
      vertex -6.18408 -31.05 12.3751
      vertex -1.66197 -31.05 8.66395
      vertex -1.52028 -31.05 8.82028
    endloop
  endfacet
  facet normal 0 -1 0
    outer loop
      vertex -6.65176 -31.05 11.7446
      vertex -1.78766 -31.05 8.49448
      vertex -1.66197 -31.05 8.66395
    endloop
  endfacet
  facet normal 0 -1 0
    outer loop
      vertex -7.05537 -31.05 11.0712
      vertex -1.89613 -31.05 8.3135
      vertex -1.78766 -31.05 8.49448
    endloop
  endfacet
  facet normal 0 -1 0
    outer loop
      vertex -7.39104 -31.05 10.3615
      vertex -1.98634 -31.05 8.12277
      vertex -1.89613 -31.05 8.3135
    endloop
  endfacet
  facet normal 0 -1 0
    outer loop
      vertex -2.10869 -31.05 7.71944
      vertex -7.84628 -31.05 8.86072
      vertex -7.96148 -31.05 8.08414
    endloop
  endfacet
  facet normal 0 -1 0
    outer loop
      vertex -7.65552 -31.05 9.62228
      vertex -2.05742 -31.05 7.92411
      vertex -1.98634 -31.05 8.12277
    endloop
  endfacet
  facet normal 0 -1 0
    outer loop
      vertex -7.84628 -31.05 8.86072
      vertex -2.10869 -31.05 7.71944
      vertex -2.05742 -31.05 7.92411
    endloop
  endfacet
  facet normal 0 -1 0
    outer loop
      vertex -7.96148 -31.05 8.08414
      vertex -2.13965 -31.05 7.51074
      vertex -2.10869 -31.05 7.71944
    endloop
  endfacet
  facet normal 0 -1 0
    outer loop
      vertex -8 -31.05 7.3
      vertex -2.13965 -31.05 7.51074
      vertex -7.96148 -31.05 8.08414
    endloop
  endfacet
  facet normal 0 -1 0
    outer loop
      vertex -8 -31.05 7.3
      vertex -2.15 -31.05 7.3
      vertex -2.13965 -31.05 7.51074
    endloop
  endfacet
  facet normal 0 -1 0
    outer loop
      vertex -8 -31.05 7.3
      vertex -2.13965 -31.05 7.08926
      vertex -2.15 -31.05 7.3
    endloop
  endfacet
  facet normal 0 -1 0
    outer loop
      vertex -7.96148 -31.05 6.51586
      vertex -2.13965 -31.05 7.08926
      vertex -8 -31.05 7.3
    endloop
  endfacet
  facet normal 0 -1 -0
    outer loop
      vertex -2.13965 -31.05 7.08926
      vertex -7.96148 -31.05 6.51586
      vertex -2.10869 -31.05 6.88056
    endloop
  endfacet
  facet normal 0 -1 0
    outer loop
      vertex -7.84628 -31.05 5.73928
      vertex -2.10869 -31.05 6.88056
      vertex -7.96148 -31.05 6.51586
    endloop
  endfacet
  facet normal 0 -1 -0
    outer loop
      vertex -2.10869 -31.05 6.88056
      vertex -7.84628 -31.05 5.73928
      vertex -2.05742 -31.05 6.67589
    endloop
  endfacet
  facet normal 0 -1 0
    outer loop
      vertex -7.65552 -31.05 4.97772
      vertex -2.05742 -31.05 6.67589
      vertex -7.84628 -31.05 5.73928
    endloop
  endfacet
  facet normal 0 -1 -0
    outer loop
      vertex -2.05742 -31.05 6.67589
      vertex -7.65552 -31.05 4.97772
      vertex -1.98634 -31.05 6.47723
    endloop
  endfacet
  facet normal 0 -1 0
    outer loop
      vertex -7.39104 -31.05 4.23853
      vertex -1.98634 -31.05 6.47723
      vertex -7.65552 -31.05 4.97772
    endloop
  endfacet
  facet normal 0 -1 -0
    outer loop
      vertex -1.98634 -31.05 6.47723
      vertex -7.39104 -31.05 4.23853
      vertex -1.89613 -31.05 6.2865
    endloop
  endfacet
  facet normal 0 -1 0
    outer loop
      vertex -7.05537 -31.05 3.52883
      vertex -1.89613 -31.05 6.2865
      vertex -7.39104 -31.05 4.23853
    endloop
  endfacet
  facet normal 0 -1 -0
    outer loop
      vertex -1.89613 -31.05 6.2865
      vertex -7.05537 -31.05 3.52883
      vertex -1.78766 -31.05 6.10552
    endloop
  endfacet
  facet normal 0 -1 0
    outer loop
      vertex -6.65176 -31.05 2.85544
      vertex -1.78766 -31.05 6.10552
      vertex -7.05537 -31.05 3.52883
    endloop
  endfacet
  facet normal 0 -1 -0
    outer loop
      vertex -1.78766 -31.05 6.10552
      vertex -6.65176 -31.05 2.85544
      vertex -1.66197 -31.05 5.93605
    endloop
  endfacet
  facet normal 0 -1 0
    outer loop
      vertex -6.18408 -31.05 2.22485
      vertex -1.66197 -31.05 5.93605
      vertex -6.65176 -31.05 2.85544
    endloop
  endfacet
  facet normal 0 -1 -0
    outer loop
      vertex -1.66197 -31.05 5.93605
      vertex -6.18408 -31.05 2.22485
      vertex -1.52028 -31.05 5.77972
    endloop
  endfacet
  facet normal 0 -1 0
    outer loop
      vertex -5.65685 -31.05 1.64315
      vertex -1.52028 -31.05 5.77972
      vertex -6.18408 -31.05 2.22485
    endloop
  endfacet
  facet normal 0 -1 -0
    outer loop
      vertex -1.52028 -31.05 5.77972
      vertex -5.65685 -31.05 1.64315
      vertex -1.36395 -31.05 5.63803
    endloop
  endfacet
  facet normal 0 -1 -0
    outer loop
      vertex -1.36395 -31.05 5.63803
      vertex -5.07515 -31.05 1.11592
      vertex -1.19448 -31.05 5.51234
    endloop
  endfacet
  facet normal 0 -1 0
    outer loop
      vertex -5.07515 -31.05 1.11592
      vertex -1.36395 -31.05 5.63803
      vertex -5.65685 -31.05 1.64315
    endloop
  endfacet
  facet normal 0 -1 0
    outer loop
      vertex 1.36395 -31.05 8.96197
      vertex 5.07515 -31.05 13.4841
      vertex 1.19448 -31.05 9.08766
    endloop
  endfacet
  facet normal 0 -1 -0
    outer loop
      vertex 5.07515 -31.05 13.4841
      vertex 1.36395 -31.05 8.96197
      vertex 5.65685 -31.05 12.9569
    endloop
  endfacet
  facet normal 0 -1 0
    outer loop
      vertex 1.52028 -31.05 8.82028
      vertex 5.65685 -31.05 12.9569
      vertex 1.36395 -31.05 8.96197
    endloop
  endfacet
  facet normal 0 -1 -0
    outer loop
      vertex 5.65685 -31.05 12.9569
      vertex 1.52028 -31.05 8.82028
      vertex 6.18408 -31.05 12.3751
    endloop
  endfacet
  facet normal 0 -1 0
    outer loop
      vertex 1.66197 -31.05 8.66395
      vertex 6.18408 -31.05 12.3751
      vertex 1.52028 -31.05 8.82028
    endloop
  endfacet
  facet normal 0 -1 -0
    outer loop
      vertex 6.18408 -31.05 12.3751
      vertex 1.66197 -31.05 8.66395
      vertex 6.65176 -31.05 11.7446
    endloop
  endfacet
  facet normal 0 -1 0
    outer loop
      vertex 1.78766 -31.05 8.49448
      vertex 6.65176 -31.05 11.7446
      vertex 1.66197 -31.05 8.66395
    endloop
  endfacet
  facet normal 0 -1 -0
    outer loop
      vertex 6.65176 -31.05 11.7446
      vertex 1.78766 -31.05 8.49448
      vertex 7.05537 -31.05 11.0712
    endloop
  endfacet
  facet normal 0 -1 0
    outer loop
      vertex 1.89613 -31.05 8.3135
      vertex 7.05537 -31.05 11.0712
      vertex 1.78766 -31.05 8.49448
    endloop
  endfacet
  facet normal 0 -1 -0
    outer loop
      vertex 7.05537 -31.05 11.0712
      vertex 1.89613 -31.05 8.3135
      vertex 7.39104 -31.05 10.3615
    endloop
  endfacet
  facet normal 0 -1 0
    outer loop
      vertex 1.98634 -31.05 8.12277
      vertex 7.39104 -31.05 10.3615
      vertex 1.89613 -31.05 8.3135
    endloop
  endfacet
  facet normal 0 -1 -0
    outer loop
      vertex 7.39104 -31.05 10.3615
      vertex 1.98634 -31.05 8.12277
      vertex 7.65552 -31.05 9.62228
    endloop
  endfacet
  facet normal 0 -1 0
    outer loop
      vertex 2.05742 -31.05 7.92411
      vertex 7.65552 -31.05 9.62228
      vertex 1.98634 -31.05 8.12277
    endloop
  endfacet
  facet normal 0 -1 -0
    outer loop
      vertex 7.65552 -31.05 9.62228
      vertex 2.05742 -31.05 7.92411
      vertex 7.84628 -31.05 8.86072
    endloop
  endfacet
  facet normal 0 -1 0
    outer loop
      vertex 2.10869 -31.05 7.71944
      vertex 7.84628 -31.05 8.86072
      vertex 2.05742 -31.05 7.92411
    endloop
  endfacet
  facet normal 0 -1 -0
    outer loop
      vertex 7.84628 -31.05 8.86072
      vertex 2.10869 -31.05 7.71944
      vertex 7.96148 -31.05 8.08414
    endloop
  endfacet
  facet normal 0 -1 0
    outer loop
      vertex 2.13965 -31.05 7.51074
      vertex 7.96148 -31.05 8.08414
      vertex 2.10869 -31.05 7.71944
    endloop
  endfacet
  facet normal 0 -1 0
    outer loop
      vertex 2.15 -31.05 7.3
      vertex 7.96148 -31.05 8.08414
      vertex 2.13965 -31.05 7.51074
    endloop
  endfacet
  facet normal 0 -1 0
    outer loop
      vertex 2.15 -31.05 7.3
      vertex 8 -31.05 7.3
      vertex 7.96148 -31.05 8.08414
    endloop
  endfacet
  facet normal 0 -1 0
    outer loop
      vertex 2.13965 -31.05 7.08926
      vertex 8 -31.05 7.3
      vertex 2.15 -31.05 7.3
    endloop
  endfacet
  facet normal 0 -1 0
    outer loop
      vertex 7.96148 -31.05 6.51586
      vertex 2.13965 -31.05 7.08926
      vertex 2.10869 -31.05 6.88056
    endloop
  endfacet
  facet normal 0 -1 0
    outer loop
      vertex 7.84628 -31.05 5.73928
      vertex 2.10869 -31.05 6.88056
      vertex 2.05742 -31.05 6.67589
    endloop
  endfacet
  facet normal 0 -1 0
    outer loop
      vertex 2.13965 -31.05 7.08926
      vertex 7.96148 -31.05 6.51586
      vertex 8 -31.05 7.3
    endloop
  endfacet
  facet normal 0 -1 0
    outer loop
      vertex 7.65552 -31.05 4.97772
      vertex 2.05742 -31.05 6.67589
      vertex 1.98634 -31.05 6.47723
    endloop
  endfacet
  facet normal 0 -1 0
    outer loop
      vertex 7.39104 -31.05 4.23853
      vertex 1.98634 -31.05 6.47723
      vertex 1.89613 -31.05 6.2865
    endloop
  endfacet
  facet normal 0 -1 0
    outer loop
      vertex 7.05537 -31.05 3.52883
      vertex 1.89613 -31.05 6.2865
      vertex 1.78766 -31.05 6.10552
    endloop
  endfacet
  facet normal 0 -1 0
    outer loop
      vertex 6.65176 -31.05 2.85544
      vertex 1.78766 -31.05 6.10552
      vertex 1.66197 -31.05 5.93605
    endloop
  endfacet
  facet normal 0 -1 0
    outer loop
      vertex 6.18408 -31.05 2.22485
      vertex 1.66197 -31.05 5.93605
      vertex 1.52028 -31.05 5.77972
    endloop
  endfacet
  facet normal 0 -1 0
    outer loop
      vertex 2.10869 -31.05 6.88056
      vertex 7.84628 -31.05 5.73928
      vertex 7.96148 -31.05 6.51586
    endloop
  endfacet
  facet normal 0 -1 0
    outer loop
      vertex 5.65685 -31.05 1.64315
      vertex 1.52028 -31.05 5.77972
      vertex 1.36395 -31.05 5.63803
    endloop
  endfacet
  facet normal 0 -1 0
    outer loop
      vertex 5.07515 -31.05 1.11592
      vertex 1.36395 -31.05 5.63803
      vertex 1.19448 -31.05 5.51234
    endloop
  endfacet
  facet normal 0 -1 0
    outer loop
      vertex 4.44456 -31.05 0.648243
      vertex 1.19448 -31.05 5.51234
      vertex 1.0135 -31.05 5.40387
    endloop
  endfacet
  facet normal 0 -1 0
    outer loop
      vertex 3.77117 -31.05 0.24463
      vertex 1.0135 -31.05 5.40387
      vertex 0.822769 -31.05 5.31366
    endloop
  endfacet
  facet normal 0 -1 0
    outer loop
      vertex 3.06147 -31.05 -0.0910358
      vertex 0.822769 -31.05 5.31366
      vertex 0.624111 -31.05 5.24258
    endloop
  endfacet
  facet normal 0 -1 0
    outer loop
      vertex 2.32228 -31.05 -0.355522
      vertex 0.624111 -31.05 5.24258
      vertex 0.419444 -31.05 5.19131
    endloop
  endfacet
  facet normal 0 -1 0
    outer loop
      vertex 1.56072 -31.05 -0.546282
      vertex 0.419444 -31.05 5.19131
      vertex 0.210736 -31.05 5.16035
    endloop
  endfacet
  facet normal 0 -1 0
    outer loop
      vertex 2.05742 -31.05 6.67589
      vertex 7.65552 -31.05 4.97772
      vertex 7.84628 -31.05 5.73928
    endloop
  endfacet
  facet normal 0 -1 0
    outer loop
      vertex 0.784137 -31.05 -0.661477
      vertex 0.210736 -31.05 5.16035
      vertex 0 -31.05 5.15
    endloop
  endfacet
  facet normal 0 -1 0
    outer loop
      vertex -4.44456 -31.05 0.648243
      vertex -1.19448 -31.05 5.51234
      vertex -5.07515 -31.05 1.11592
    endloop
  endfacet
  facet normal 0 -1 -0
    outer loop
      vertex -1.19448 -31.05 5.51234
      vertex -4.44456 -31.05 0.648243
      vertex -1.0135 -31.05 5.40387
    endloop
  endfacet
  facet normal 0 -1 0
    outer loop
      vertex 1.98634 -31.05 6.47723
      vertex 7.39104 -31.05 4.23853
      vertex 7.65552 -31.05 4.97772
    endloop
  endfacet
  facet normal 0 -1 0
    outer loop
      vertex -3.77117 -31.05 0.24463
      vertex -1.0135 -31.05 5.40387
      vertex -4.44456 -31.05 0.648243
    endloop
  endfacet
  facet normal 0 -1 0
    outer loop
      vertex 1.89613 -31.05 6.2865
      vertex 7.05537 -31.05 3.52883
      vertex 7.39104 -31.05 4.23853
    endloop
  endfacet
  facet normal 0 -1 -0
    outer loop
      vertex -1.0135 -31.05 5.40387
      vertex -3.77117 -31.05 0.24463
      vertex -0.822769 -31.05 5.31366
    endloop
  endfacet
  facet normal 0 -1 0
    outer loop
      vertex 1.78766 -31.05 6.10552
      vertex 6.65176 -31.05 2.85544
      vertex 7.05537 -31.05 3.52883
    endloop
  endfacet
  facet normal 0 -1 0
    outer loop
      vertex -3.06147 -31.05 -0.0910358
      vertex -0.822769 -31.05 5.31366
      vertex -3.77117 -31.05 0.24463
    endloop
  endfacet
  facet normal 0 -1 0
    outer loop
      vertex 1.66197 -31.05 5.93605
      vertex 6.18408 -31.05 2.22485
      vertex 6.65176 -31.05 2.85544
    endloop
  endfacet
  facet normal 0 -1 -0
    outer loop
      vertex -0.822769 -31.05 5.31366
      vertex -3.06147 -31.05 -0.0910358
      vertex -0.624111 -31.05 5.24258
    endloop
  endfacet
  facet normal 0 -1 0
    outer loop
      vertex 1.52028 -31.05 5.77972
      vertex 5.65685 -31.05 1.64315
      vertex 6.18408 -31.05 2.22485
    endloop
  endfacet
  facet normal 0 -1 0
    outer loop
      vertex -2.32228 -31.05 -0.355522
      vertex -0.624111 -31.05 5.24258
      vertex -3.06147 -31.05 -0.0910358
    endloop
  endfacet
  facet normal 0 -1 0
    outer loop
      vertex 1.36395 -31.05 5.63803
      vertex 5.07515 -31.05 1.11592
      vertex 5.65685 -31.05 1.64315
    endloop
  endfacet
  facet normal 0 -1 -0
    outer loop
      vertex -0.624111 -31.05 5.24258
      vertex -2.32228 -31.05 -0.355522
      vertex -0.419444 -31.05 5.19131
    endloop
  endfacet
  facet normal 0 -1 0
    outer loop
      vertex 1.19448 -31.05 5.51234
      vertex 4.44456 -31.05 0.648243
      vertex 5.07515 -31.05 1.11592
    endloop
  endfacet
  facet normal 0 -1 0
    outer loop
      vertex -1.56072 -31.05 -0.546282
      vertex -0.419444 -31.05 5.19131
      vertex -2.32228 -31.05 -0.355522
    endloop
  endfacet
  facet normal 0 -1 0
    outer loop
      vertex 1.0135 -31.05 5.40387
      vertex 3.77117 -31.05 0.24463
      vertex 4.44456 -31.05 0.648243
    endloop
  endfacet
  facet normal 0 -1 -0
    outer loop
      vertex -0.419444 -31.05 5.19131
      vertex -1.56072 -31.05 -0.546282
      vertex -0.210736 -31.05 5.16035
    endloop
  endfacet
  facet normal 0 -1 0
    outer loop
      vertex 0.822769 -31.05 5.31366
      vertex 3.06147 -31.05 -0.0910358
      vertex 3.77117 -31.05 0.24463
    endloop
  endfacet
  facet normal 0 -1 0
    outer loop
      vertex -0.784137 -31.05 -0.661477
      vertex -0.210736 -31.05 5.16035
      vertex -1.56072 -31.05 -0.546282
    endloop
  endfacet
  facet normal 0 -1 0
    outer loop
      vertex 0.624111 -31.05 5.24258
      vertex 2.32228 -31.05 -0.355522
      vertex 3.06147 -31.05 -0.0910358
    endloop
  endfacet
  facet normal 0 -1 -0
    outer loop
      vertex -0.210736 -31.05 5.16035
      vertex -0.784137 -31.05 -0.661477
      vertex 0 -31.05 5.15
    endloop
  endfacet
  facet normal 0 -1 0
    outer loop
      vertex 0.419444 -31.05 5.19131
      vertex 1.56072 -31.05 -0.546282
      vertex 2.32228 -31.05 -0.355522
    endloop
  endfacet
  facet normal 0 -1 0
    outer loop
      vertex 0 -31.05 -0.7
      vertex 0 -31.05 5.15
      vertex -0.784137 -31.05 -0.661477
    endloop
  endfacet
  facet normal 0 -1 0
    outer loop
      vertex 0.210736 -31.05 5.16035
      vertex 0.784137 -31.05 -0.661477
      vertex 1.56072 -31.05 -0.546282
    endloop
  endfacet
  facet normal 0 -1 0
    outer loop
      vertex 0 -31.05 5.15
      vertex 0 -31.05 -0.7
      vertex 0.784137 -31.05 -0.661477
    endloop
  endfacet
  facet normal -0.989176 0 0.146737
    outer loop
      vertex -7.96148 -31.05 8.08414
      vertex -7.84628 -23.05 8.86072
      vertex -7.96148 -23.05 8.08414
    endloop
  endfacet
  facet normal -0.989176 0 0.146737
    outer loop
      vertex -7.84628 -23.05 8.86072
      vertex -7.96148 -31.05 8.08414
      vertex -7.84628 -31.05 8.86072
    endloop
  endfacet
  facet normal -0.941551 0 0.33687
    outer loop
      vertex -7.65552 -31.05 9.62228
      vertex -7.39104 -23.05 10.3615
      vertex -7.65552 -23.05 9.62228
    endloop
  endfacet
  facet normal -0.941551 0 0.33687
    outer loop
      vertex -7.39104 -23.05 10.3615
      vertex -7.65552 -31.05 9.62228
      vertex -7.39104 -31.05 10.3615
    endloop
  endfacet
  facet normal -0.857734 0 0.514093
    outer loop
      vertex -7.05537 -31.05 11.0712
      vertex -6.65176 -23.05 11.7446
      vertex -7.05537 -23.05 11.0712
    endloop
  endfacet
  facet normal -0.857734 0 0.514093
    outer loop
      vertex -6.65176 -23.05 11.7446
      vertex -7.05537 -31.05 11.0712
      vertex -6.65176 -31.05 11.7446
    endloop
  endfacet
  facet normal -0.741004 0 0.671501
    outer loop
      vertex -6.18408 -31.05 12.3751
      vertex -5.65685 -23.05 12.9569
      vertex -6.18408 -23.05 12.3751
    endloop
  endfacet
  facet normal -0.741004 0 0.671501
    outer loop
      vertex -5.65685 -23.05 12.9569
      vertex -6.18408 -31.05 12.3751
      vertex -5.65685 -31.05 12.9569
    endloop
  endfacet
  facet normal -0.243027 0 0.970019
    outer loop
      vertex -2.32228 -23.05 14.9555
      vertex -1.56072 -31.05 15.1463
      vertex -1.56072 -23.05 15.1463
    endloop
  endfacet
  facet normal -0.243027 0 0.970019
    outer loop
      vertex -1.56072 -31.05 15.1463
      vertex -2.32228 -23.05 14.9555
      vertex -2.32228 -31.05 14.9555
    endloop
  endfacet
  facet normal -0.427416 0 0.904055
    outer loop
      vertex -3.25395 -23.05 14.6
      vertex -3.06147 -31.05 14.691
      vertex -3.06147 -23.05 14.691
    endloop
  endfacet
  facet normal -0.427517 0 0.904007
    outer loop
      vertex -3.77117 -31.05 14.3554
      vertex -3.25395 -23.05 14.6
      vertex -3.77117 -23.05 14.3554
    endloop
  endfacet
  facet normal -0.427489 -2.16356e-06 0.90402
    outer loop
      vertex -3.25395 -23.05 14.6
      vertex -3.77117 -31.05 14.3554
      vertex -3.06147 -31.05 14.691
    endloop
  endfacet
  facet normal 0.989176 0 -0.146737
    outer loop
      vertex 7.96148 -31.05 6.51586
      vertex 7.84628 -23.05 5.73928
      vertex 7.96148 -23.05 6.51586
    endloop
  endfacet
  facet normal 0.989176 0 -0.146737
    outer loop
      vertex 7.84628 -23.05 5.73928
      vertex 7.96148 -31.05 6.51586
      vertex 7.84628 -31.05 5.73928
    endloop
  endfacet
  facet normal 0.998796 0 -0.0490647
    outer loop
      vertex 8 -31.05 7.3
      vertex 7.96148 -23.05 6.51586
      vertex 8 -23.05 7.3
    endloop
  endfacet
  facet normal 0.998796 0 -0.0490647
    outer loop
      vertex 7.96148 -23.05 6.51586
      vertex 8 -31.05 7.3
      vertex 7.96148 -31.05 6.51586
    endloop
  endfacet
  facet normal 0.0490687 0 -0.998795
    outer loop
      vertex 0 -31.05 -0.7
      vertex 0.784137 -23.05 -0.661477
      vertex 0.784137 -31.05 -0.661477
    endloop
  endfacet
  facet normal 0.0490687 0 -0.998795
    outer loop
      vertex 0.784137 -23.05 -0.661477
      vertex 0 -31.05 -0.7
      vertex 0 -23.05 -0.7
    endloop
  endfacet
  facet normal 0.33689 0 -0.941544
    outer loop
      vertex 2.32228 -31.05 -0.355522
      vertex 3.06147 -23.05 -0.0910358
      vertex 3.06147 -31.05 -0.0910358
    endloop
  endfacet
  facet normal 0.33689 0 -0.941544
    outer loop
      vertex 3.06147 -23.05 -0.0910358
      vertex 2.32228 -31.05 -0.355522
      vertex 2.32228 -23.05 -0.355522
    endloop
  endfacet
  facet normal 0.42756 0 -0.903987
    outer loop
      vertex 3.77117 -31.05 0.24463
      vertex 3.25395 -23.05 0
      vertex 3.77117 -23.05 0.24463
    endloop
  endfacet
  facet normal 0.427558 -1.34688e-07 -0.903988
    outer loop
      vertex 3.06147 -31.05 -0.0910358
      vertex 3.25395 -23.05 0
      vertex 3.77117 -31.05 0.24463
    endloop
  endfacet
  facet normal 0.427553 0 -0.90399
    outer loop
      vertex 3.25395 -23.05 0
      vertex 3.06147 -31.05 -0.0910358
      vertex 3.06147 -23.05 -0.0910358
    endloop
  endfacet
  facet normal 0.514101 0 -0.857729
    outer loop
      vertex 3.77117 -31.05 0.24463
      vertex 4.44456 -23.05 0.648243
      vertex 4.44456 -31.05 0.648243
    endloop
  endfacet
  facet normal 0.514101 0 -0.857729
    outer loop
      vertex 4.44456 -23.05 0.648243
      vertex 3.77117 -31.05 0.24463
      vertex 3.77117 -23.05 0.24463
    endloop
  endfacet
  facet normal 0.857731 0 -0.514099
    outer loop
      vertex 7.05537 -31.05 3.52883
      vertex 6.65176 -23.05 2.85544
      vertex 7.05537 -23.05 3.52883
    endloop
  endfacet
  facet normal 0.857731 0 -0.514099
    outer loop
      vertex 6.65176 -23.05 2.85544
      vertex 7.05537 -31.05 3.52883
      vertex 6.65176 -31.05 2.85544
    endloop
  endfacet
  facet normal 0.740946 0 -0.671564
    outer loop
      vertex 6.18408 -31.05 2.22485
      vertex 5.65685 -23.05 1.64315
      vertex 6.18408 -23.05 2.22485
    endloop
  endfacet
  facet normal 0.740946 0 -0.671564
    outer loop
      vertex 5.65685 -23.05 1.64315
      vertex 6.18408 -31.05 2.22485
      vertex 5.65685 -31.05 1.64315
    endloop
  endfacet
  facet normal 0.803206 0 -0.595701
    outer loop
      vertex 6.65176 -31.05 2.85544
      vertex 6.18408 -23.05 2.22485
      vertex 6.65176 -23.05 2.85544
    endloop
  endfacet
  facet normal 0.803206 0 -0.595701
    outer loop
      vertex 6.18408 -23.05 2.22485
      vertex 6.65176 -31.05 2.85544
      vertex 6.18408 -31.05 2.22485
    endloop
  endfacet
  facet normal -0.242979 0 -0.970032
    outer loop
      vertex -2.32228 -31.05 -0.355522
      vertex -1.56072 -23.05 -0.546282
      vertex -1.56072 -31.05 -0.546282
    endloop
  endfacet
  facet normal -0.242979 0 -0.970032
    outer loop
      vertex -1.56072 -23.05 -0.546282
      vertex -2.32228 -31.05 -0.355522
      vertex -2.32228 -23.05 -0.355522
    endloop
  endfacet
  facet normal -0.14673 0 -0.989177
    outer loop
      vertex -1.56072 -31.05 -0.546282
      vertex -0.784137 -23.05 -0.661477
      vertex -0.784137 -31.05 -0.661477
    endloop
  endfacet
  facet normal -0.14673 0 -0.989177
    outer loop
      vertex -0.784137 -23.05 -0.661477
      vertex -1.56072 -31.05 -0.546282
      vertex -1.56072 -23.05 -0.546282
    endloop
  endfacet
  facet normal -0.671564 0 -0.740946
    outer loop
      vertex -5.65685 -31.05 1.64315
      vertex -5.07515 -23.05 1.11592
      vertex -5.07515 -31.05 1.11592
    endloop
  endfacet
  facet normal -0.671564 0 -0.740946
    outer loop
      vertex -5.07515 -23.05 1.11592
      vertex -5.65685 -31.05 1.64315
      vertex -5.65685 -23.05 1.64315
    endloop
  endfacet
  facet normal -0.595699 0 -0.803208
    outer loop
      vertex -5.07515 -31.05 1.11592
      vertex -4.44456 -23.05 0.648243
      vertex -4.44456 -31.05 0.648243
    endloop
  endfacet
  facet normal -0.595699 0 -0.803208
    outer loop
      vertex -4.44456 -23.05 0.648243
      vertex -5.07515 -31.05 1.11592
      vertex -5.07515 -23.05 1.11592
    endloop
  endfacet
  facet normal -0.514101 0 -0.857729
    outer loop
      vertex -4.44456 -31.05 0.648243
      vertex -3.77117 -23.05 0.24463
      vertex -3.77117 -31.05 0.24463
    endloop
  endfacet
  facet normal -0.514101 0 -0.857729
    outer loop
      vertex -3.77117 -23.05 0.24463
      vertex -4.44456 -31.05 0.648243
      vertex -4.44456 -23.05 0.648243
    endloop
  endfacet
  facet normal -0.427553 0 -0.90399
    outer loop
      vertex -3.06147 -31.05 -0.0910358
      vertex -3.25395 -23.05 0
      vertex -3.06147 -23.05 -0.0910358
    endloop
  endfacet
  facet normal -0.427558 -1.34688e-07 -0.903988
    outer loop
      vertex -3.77117 -31.05 0.24463
      vertex -3.25395 -23.05 0
      vertex -3.06147 -31.05 -0.0910358
    endloop
  endfacet
  facet normal -0.42756 0 -0.903987
    outer loop
      vertex -3.25395 -23.05 0
      vertex -3.77117 -31.05 0.24463
      vertex -3.77117 -23.05 0.24463
    endloop
  endfacet
  facet normal -0.998796 0 -0.0490647
    outer loop
      vertex -7.96148 -31.05 6.51586
      vertex -8 -23.05 7.3
      vertex -7.96148 -23.05 6.51586
    endloop
  endfacet
  facet normal -0.998796 -0 -0.0490647
    outer loop
      vertex -8 -23.05 7.3
      vertex -7.96148 -31.05 6.51586
      vertex -8 -31.05 7.3
    endloop
  endfacet
  facet normal -0.989176 0 -0.146737
    outer loop
      vertex -7.84628 -31.05 5.73928
      vertex -7.96148 -23.05 6.51586
      vertex -7.84628 -23.05 5.73928
    endloop
  endfacet
  facet normal -0.989176 -0 -0.146737
    outer loop
      vertex -7.96148 -23.05 6.51586
      vertex -7.84628 -31.05 5.73928
      vertex -7.96148 -31.05 6.51586
    endloop
  endfacet
  facet normal -0.970032 0 -0.242979
    outer loop
      vertex -7.65552 -31.05 4.97772
      vertex -7.84628 -23.05 5.73928
      vertex -7.65552 -23.05 4.97772
    endloop
  endfacet
  facet normal -0.970032 -0 -0.242979
    outer loop
      vertex -7.84628 -23.05 5.73928
      vertex -7.65552 -31.05 4.97772
      vertex -7.84628 -31.05 5.73928
    endloop
  endfacet
  facet normal -0.941547 0 -0.336883
    outer loop
      vertex -7.39104 -31.05 4.23853
      vertex -7.65552 -23.05 4.97772
      vertex -7.39104 -23.05 4.23853
    endloop
  endfacet
  facet normal -0.941547 -0 -0.336883
    outer loop
      vertex -7.65552 -23.05 4.97772
      vertex -7.39104 -31.05 4.23853
      vertex -7.65552 -31.05 4.97772
    endloop
  endfacet
  facet normal -0.857731 0 -0.514099
    outer loop
      vertex -6.65176 -31.05 2.85544
      vertex -7.05537 -23.05 3.52883
      vertex -6.65176 -23.05 2.85544
    endloop
  endfacet
  facet normal -0.857731 -0 -0.514099
    outer loop
      vertex -7.05537 -23.05 3.52883
      vertex -6.65176 -31.05 2.85544
      vertex -7.05537 -31.05 3.52883
    endloop
  endfacet
  facet normal 0 0 -1
    outer loop
      vertex -16.3 -10.1 12.6
      vertex -13.9 -7.9 12.6
      vertex -13.9 -10.1 12.6
    endloop
  endfacet
  facet normal -0 0 -1
    outer loop
      vertex -13.9 -7.9 12.6
      vertex -16.3 -10.1 12.6
      vertex -16.3 -7.9 12.6
    endloop
  endfacet
  facet normal -0 0 1
    outer loop
      vertex -16.3 -7.9 4
      vertex -13.9 -10.1 4
      vertex -13.9 -7.9 4
    endloop
  endfacet
  facet normal 0 0 1
    outer loop
      vertex -13.9 -10.1 4
      vertex -16.3 -7.9 4
      vertex -16.3 -10.1 4
    endloop
  endfacet
  facet normal 0 1 -0
    outer loop
      vertex -13.9 -10.1 5.6
      vertex -16.3 -10.1 12.6
      vertex -13.9 -10.1 12.6
    endloop
  endfacet
  facet normal 0 1 0
    outer loop
      vertex -16.3 -10.1 4
      vertex -13.9 -10.1 5.6
      vertex -13.9 -10.1 4.4
    endloop
  endfacet
  facet normal 0 1 0
    outer loop
      vertex -16.3 -10.1 4
      vertex -13.9 -10.1 4.4
      vertex -13.9 -10.1 4
    endloop
  endfacet
  facet normal 0 1 0
    outer loop
      vertex -13.9 -10.1 5.6
      vertex -16.3 -10.1 4
      vertex -16.3 -10.1 12.6
    endloop
  endfacet
  facet normal 0 -1 0
    outer loop
      vertex -16.3 -7.9 12.6
      vertex -13.9 -7.9 5.6
      vertex -13.9 -7.9 12.6
    endloop
  endfacet
  facet normal 0 -1 0
    outer loop
      vertex -16.3 -7.9 4
      vertex -13.9 -7.9 5.6
      vertex -16.3 -7.9 12.6
    endloop
  endfacet
  facet normal 0 -1 -0
    outer loop
      vertex -13.9 -7.9 5.6
      vertex -16.3 -7.9 4
      vertex -13.9 -7.9 4.4
    endloop
  endfacet
  facet normal 0 -1 -0
    outer loop
      vertex -13.9 -7.9 4.4
      vertex -16.3 -7.9 4
      vertex -13.9 -7.9 4
    endloop
  endfacet
  facet normal 0 0 -1
    outer loop
      vertex -16.3 -4.1 12.6
      vertex -13.9 -1.9 12.6
      vertex -13.9 -4.1 12.6
    endloop
  endfacet
  facet normal -0 0 -1
    outer loop
      vertex -13.9 -1.9 12.6
      vertex -16.3 -4.1 12.6
      vertex -16.3 -1.9 12.6
    endloop
  endfacet
  facet normal -0 0 1
    outer loop
      vertex -16.3 -1.9 4
      vertex -13.9 -4.1 4
      vertex -13.9 -1.9 4
    endloop
  endfacet
  facet normal 0 0 1
    outer loop
      vertex -13.9 -4.1 4
      vertex -16.3 -1.9 4
      vertex -16.3 -4.1 4
    endloop
  endfacet
  facet normal 0 -1 0
    outer loop
      vertex -16.3 -1.9 12.6
      vertex -13.9 -1.9 5.6
      vertex -13.9 -1.9 12.6
    endloop
  endfacet
  facet normal 0 -1 0
    outer loop
      vertex -16.3 -1.9 4
      vertex -13.9 -1.9 5.6
      vertex -16.3 -1.9 12.6
    endloop
  endfacet
  facet normal 0 -1 -0
    outer loop
      vertex -13.9 -1.9 5.6
      vertex -16.3 -1.9 4
      vertex -13.9 -1.9 4.4
    endloop
  endfacet
  facet normal 0 -1 -0
    outer loop
      vertex -13.9 -1.9 4.4
      vertex -16.3 -1.9 4
      vertex -13.9 -1.9 4
    endloop
  endfacet
  facet normal 0 1 -0
    outer loop
      vertex -13.9 -4.1 5.6
      vertex -16.3 -4.1 12.6
      vertex -13.9 -4.1 12.6
    endloop
  endfacet
  facet normal 0 1 0
    outer loop
      vertex -16.3 -4.1 4
      vertex -13.9 -4.1 5.6
      vertex -13.9 -4.1 4.4
    endloop
  endfacet
  facet normal 0 1 0
    outer loop
      vertex -16.3 -4.1 4
      vertex -13.9 -4.1 4.4
      vertex -13.9 -4.1 4
    endloop
  endfacet
  facet normal 0 1 0
    outer loop
      vertex -13.9 -4.1 5.6
      vertex -16.3 -4.1 4
      vertex -16.3 -4.1 12.6
    endloop
  endfacet
  facet normal 0 0 -1
    outer loop
      vertex -16.3 1.9 12.6
      vertex -13.9 4.1 12.6
      vertex -13.9 1.9 12.6
    endloop
  endfacet
  facet normal -0 0 -1
    outer loop
      vertex -13.9 4.1 12.6
      vertex -16.3 1.9 12.6
      vertex -16.3 4.1 12.6
    endloop
  endfacet
  facet normal -0 0 1
    outer loop
      vertex -16.3 4.1 4
      vertex -13.9 1.9 4
      vertex -13.9 4.1 4
    endloop
  endfacet
  facet normal 0 0 1
    outer loop
      vertex -13.9 1.9 4
      vertex -16.3 4.1 4
      vertex -16.3 1.9 4
    endloop
  endfacet
  facet normal 0 1 -0
    outer loop
      vertex -13.9 1.9 5.6
      vertex -16.3 1.9 12.6
      vertex -13.9 1.9 12.6
    endloop
  endfacet
  facet normal 0 1 0
    outer loop
      vertex -16.3 1.9 4
      vertex -13.9 1.9 5.6
      vertex -13.9 1.9 4.4
    endloop
  endfacet
  facet normal 0 1 0
    outer loop
      vertex -16.3 1.9 4
      vertex -13.9 1.9 4.4
      vertex -13.9 1.9 4
    endloop
  endfacet
  facet normal 0 1 0
    outer loop
      vertex -13.9 1.9 5.6
      vertex -16.3 1.9 4
      vertex -16.3 1.9 12.6
    endloop
  endfacet
  facet normal 0 -1 0
    outer loop
      vertex -16.3 4.1 12.6
      vertex -13.9 4.1 5.6
      vertex -13.9 4.1 12.6
    endloop
  endfacet
  facet normal 0 -1 0
    outer loop
      vertex -16.3 4.1 4
      vertex -13.9 4.1 5.6
      vertex -16.3 4.1 12.6
    endloop
  endfacet
  facet normal 0 -1 -0
    outer loop
      vertex -13.9 4.1 5.6
      vertex -16.3 4.1 4
      vertex -13.9 4.1 4.4
    endloop
  endfacet
  facet normal 0 -1 -0
    outer loop
      vertex -13.9 4.1 4.4
      vertex -16.3 4.1 4
      vertex -13.9 4.1 4
    endloop
  endfacet
  facet normal 0 0 -1
    outer loop
      vertex -16.3 7.9 12.6
      vertex -13.9 10.1 12.6
      vertex -13.9 7.9 12.6
    endloop
  endfacet
  facet normal -0 0 -1
    outer loop
      vertex -13.9 10.1 12.6
      vertex -16.3 7.9 12.6
      vertex -16.3 10.1 12.6
    endloop
  endfacet
  facet normal -0 0 1
    outer loop
      vertex -16.3 10.1 4
      vertex -13.9 7.9 4
      vertex -13.9 10.1 4
    endloop
  endfacet
  facet normal 0 0 1
    outer loop
      vertex -13.9 7.9 4
      vertex -16.3 10.1 4
      vertex -16.3 7.9 4
    endloop
  endfacet
  facet normal 0 1 -0
    outer loop
      vertex -13.9 7.9 5.6
      vertex -16.3 7.9 12.6
      vertex -13.9 7.9 12.6
    endloop
  endfacet
  facet normal 0 1 0
    outer loop
      vertex -16.3 7.9 4
      vertex -13.9 7.9 5.6
      vertex -13.9 7.9 4.4
    endloop
  endfacet
  facet normal 0 1 0
    outer loop
      vertex -16.3 7.9 4
      vertex -13.9 7.9 4.4
      vertex -13.9 7.9 4
    endloop
  endfacet
  facet normal 0 1 0
    outer loop
      vertex -13.9 7.9 5.6
      vertex -16.3 7.9 4
      vertex -16.3 7.9 12.6
    endloop
  endfacet
  facet normal 0 -1 0
    outer loop
      vertex -16.3 10.1 12.6
      vertex -13.9 10.1 5.6
      vertex -13.9 10.1 12.6
    endloop
  endfacet
  facet normal 0 -1 0
    outer loop
      vertex -16.3 10.1 4
      vertex -13.9 10.1 5.6
      vertex -16.3 10.1 12.6
    endloop
  endfacet
  facet normal 0 -1 -0
    outer loop
      vertex -13.9 10.1 5.6
      vertex -16.3 10.1 4
      vertex -13.9 10.1 4.4
    endloop
  endfacet
  facet normal 0 -1 -0
    outer loop
      vertex -13.9 10.1 4.4
      vertex -16.3 10.1 4
      vertex -13.9 10.1 4
    endloop
  endfacet
  facet normal 0 0 -1
    outer loop
      vertex 13.9 -10.1 12.6
      vertex 16.3 -7.9 12.6
      vertex 16.3 -10.1 12.6
    endloop
  endfacet
  facet normal -0 0 -1
    outer loop
      vertex 16.3 -7.9 12.6
      vertex 13.9 -10.1 12.6
      vertex 13.9 -7.9 12.6
    endloop
  endfacet
  facet normal -0 0 1
    outer loop
      vertex 13.9 -7.9 4
      vertex 16.3 -10.1 4
      vertex 16.3 -7.9 4
    endloop
  endfacet
  facet normal 0 0 1
    outer loop
      vertex 16.3 -10.1 4
      vertex 13.9 -7.9 4
      vertex 13.9 -10.1 4
    endloop
  endfacet
  facet normal 0 1 0
    outer loop
      vertex 16.3 -10.1 12.6
      vertex 13.9 -10.1 5.6
      vertex 13.9 -10.1 12.6
    endloop
  endfacet
  facet normal 0 1 -0
    outer loop
      vertex 16.3 -10.1 4
      vertex 13.9 -10.1 5.6
      vertex 16.3 -10.1 12.6
    endloop
  endfacet
  facet normal 0 1 0
    outer loop
      vertex 13.9 -10.1 5.6
      vertex 16.3 -10.1 4
      vertex 13.9 -10.1 4.4
    endloop
  endfacet
  facet normal 0 1 0
    outer loop
      vertex 13.9 -10.1 4.4
      vertex 16.3 -10.1 4
      vertex 13.9 -10.1 4
    endloop
  endfacet
  facet normal 0 -1 0
    outer loop
      vertex 13.9 -7.9 5.6
      vertex 16.3 -7.9 12.6
      vertex 13.9 -7.9 12.6
    endloop
  endfacet
  facet normal 0 -1 0
    outer loop
      vertex 16.3 -7.9 4
      vertex 13.9 -7.9 5.6
      vertex 13.9 -7.9 4.4
    endloop
  endfacet
  facet normal 0 -1 0
    outer loop
      vertex 16.3 -7.9 4
      vertex 13.9 -7.9 4.4
      vertex 13.9 -7.9 4
    endloop
  endfacet
  facet normal 0 -1 0
    outer loop
      vertex 13.9 -7.9 5.6
      vertex 16.3 -7.9 4
      vertex 16.3 -7.9 12.6
    endloop
  endfacet
  facet normal 0 0 -1
    outer loop
      vertex 13.9 -4.1 12.6
      vertex 16.3 -1.9 12.6
      vertex 16.3 -4.1 12.6
    endloop
  endfacet
  facet normal -0 0 -1
    outer loop
      vertex 16.3 -1.9 12.6
      vertex 13.9 -4.1 12.6
      vertex 13.9 -1.9 12.6
    endloop
  endfacet
  facet normal -0 0 1
    outer loop
      vertex 13.9 -1.9 4
      vertex 16.3 -4.1 4
      vertex 16.3 -1.9 4
    endloop
  endfacet
  facet normal 0 0 1
    outer loop
      vertex 16.3 -4.1 4
      vertex 13.9 -1.9 4
      vertex 13.9 -4.1 4
    endloop
  endfacet
  facet normal 0 -1 0
    outer loop
      vertex 13.9 -1.9 5.6
      vertex 16.3 -1.9 12.6
      vertex 13.9 -1.9 12.6
    endloop
  endfacet
  facet normal 0 -1 0
    outer loop
      vertex 16.3 -1.9 4
      vertex 13.9 -1.9 5.6
      vertex 13.9 -1.9 4.4
    endloop
  endfacet
  facet normal 0 -1 0
    outer loop
      vertex 16.3 -1.9 4
      vertex 13.9 -1.9 4.4
      vertex 13.9 -1.9 4
    endloop
  endfacet
  facet normal 0 -1 0
    outer loop
      vertex 13.9 -1.9 5.6
      vertex 16.3 -1.9 4
      vertex 16.3 -1.9 12.6
    endloop
  endfacet
  facet normal 0 1 0
    outer loop
      vertex 16.3 -4.1 12.6
      vertex 13.9 -4.1 5.6
      vertex 13.9 -4.1 12.6
    endloop
  endfacet
  facet normal 0 1 -0
    outer loop
      vertex 16.3 -4.1 4
      vertex 13.9 -4.1 5.6
      vertex 16.3 -4.1 12.6
    endloop
  endfacet
  facet normal 0 1 0
    outer loop
      vertex 13.9 -4.1 5.6
      vertex 16.3 -4.1 4
      vertex 13.9 -4.1 4.4
    endloop
  endfacet
  facet normal 0 1 0
    outer loop
      vertex 13.9 -4.1 4.4
      vertex 16.3 -4.1 4
      vertex 13.9 -4.1 4
    endloop
  endfacet
  facet normal 0 0 -1
    outer loop
      vertex 13.9 1.9 12.6
      vertex 16.3 4.1 12.6
      vertex 16.3 1.9 12.6
    endloop
  endfacet
  facet normal -0 0 -1
    outer loop
      vertex 16.3 4.1 12.6
      vertex 13.9 1.9 12.6
      vertex 13.9 4.1 12.6
    endloop
  endfacet
  facet normal -0 0 1
    outer loop
      vertex 13.9 4.1 4
      vertex 16.3 1.9 4
      vertex 16.3 4.1 4
    endloop
  endfacet
  facet normal 0 0 1
    outer loop
      vertex 16.3 1.9 4
      vertex 13.9 4.1 4
      vertex 13.9 1.9 4
    endloop
  endfacet
  facet normal 0 1 0
    outer loop
      vertex 16.3 1.9 12.6
      vertex 13.9 1.9 5.6
      vertex 13.9 1.9 12.6
    endloop
  endfacet
  facet normal 0 1 -0
    outer loop
      vertex 16.3 1.9 4
      vertex 13.9 1.9 5.6
      vertex 16.3 1.9 12.6
    endloop
  endfacet
  facet normal 0 1 0
    outer loop
      vertex 13.9 1.9 5.6
      vertex 16.3 1.9 4
      vertex 13.9 1.9 4.4
    endloop
  endfacet
  facet normal 0 1 0
    outer loop
      vertex 13.9 1.9 4.4
      vertex 16.3 1.9 4
      vertex 13.9 1.9 4
    endloop
  endfacet
  facet normal 0 -1 0
    outer loop
      vertex 13.9 4.1 5.6
      vertex 16.3 4.1 12.6
      vertex 13.9 4.1 12.6
    endloop
  endfacet
  facet normal 0 -1 0
    outer loop
      vertex 16.3 4.1 4
      vertex 13.9 4.1 5.6
      vertex 13.9 4.1 4.4
    endloop
  endfacet
  facet normal 0 -1 0
    outer loop
      vertex 16.3 4.1 4
      vertex 13.9 4.1 4.4
      vertex 13.9 4.1 4
    endloop
  endfacet
  facet normal 0 -1 0
    outer loop
      vertex 13.9 4.1 5.6
      vertex 16.3 4.1 4
      vertex 16.3 4.1 12.6
    endloop
  endfacet
  facet normal 0 0 -1
    outer loop
      vertex 13.9 7.9 12.6
      vertex 16.3 10.1 12.6
      vertex 16.3 7.9 12.6
    endloop
  endfacet
  facet normal -0 0 -1
    outer loop
      vertex 16.3 10.1 12.6
      vertex 13.9 7.9 12.6
      vertex 13.9 10.1 12.6
    endloop
  endfacet
  facet normal -0 0 1
    outer loop
      vertex 13.9 10.1 4
      vertex 16.3 7.9 4
      vertex 16.3 10.1 4
    endloop
  endfacet
  facet normal 0 0 1
    outer loop
      vertex 16.3 7.9 4
      vertex 13.9 10.1 4
      vertex 13.9 7.9 4
    endloop
  endfacet
  facet normal 0 1 0
    outer loop
      vertex 16.3 7.9 12.6
      vertex 13.9 7.9 5.6
      vertex 13.9 7.9 12.6
    endloop
  endfacet
  facet normal 0 1 -0
    outer loop
      vertex 16.3 7.9 4
      vertex 13.9 7.9 5.6
      vertex 16.3 7.9 12.6
    endloop
  endfacet
  facet normal 0 1 0
    outer loop
      vertex 13.9 7.9 5.6
      vertex 16.3 7.9 4
      vertex 13.9 7.9 4.4
    endloop
  endfacet
  facet normal 0 1 0
    outer loop
      vertex 13.9 7.9 4.4
      vertex 16.3 7.9 4
      vertex 13.9 7.9 4
    endloop
  endfacet
  facet normal 0 -1 0
    outer loop
      vertex 13.9 10.1 5.6
      vertex 16.3 10.1 12.6
      vertex 13.9 10.1 12.6
    endloop
  endfacet
  facet normal 0 -1 0
    outer loop
      vertex 16.3 10.1 4
      vertex 13.9 10.1 5.6
      vertex 13.9 10.1 4.4
    endloop
  endfacet
  facet normal 0 -1 0
    outer loop
      vertex 16.3 10.1 4
      vertex 13.9 10.1 4.4
      vertex 13.9 10.1 4
    endloop
  endfacet
  facet normal 0 -1 0
    outer loop
      vertex 13.9 10.1 5.6
      vertex 16.3 10.1 4
      vertex 16.3 10.1 12.6
    endloop
  endfacet
  facet normal -0.97005 -0.242904 0
    outer loop
      vertex -13.825 -21.5964 7.6
      vertex -13.856 -21.4726 14.6
      vertex -13.856 -21.4726 7.6
    endloop
  endfacet
  facet normal -0.97005 -0.242904 0
    outer loop
      vertex -13.856 -21.4726 14.6
      vertex -13.825 -21.5964 7.6
      vertex -13.825 -21.5964 14.6
    endloop
  endfacet
  facet normal -0.99878 -0.0493902 0
    outer loop
      vertex -13.8 -21.85 7.6
      vertex -13.8063 -21.7226 14.6
      vertex -13.8063 -21.7226 7.6
    endloop
  endfacet
  facet normal -0.99878 -0.0493902 0
    outer loop
      vertex -13.8063 -21.7226 14.6
      vertex -13.8 -21.85 7.6
      vertex -13.8 -21.85 14.6
    endloop
  endfacet
  facet normal -0.0493902 -0.99878 0
    outer loop
      vertex -15.1 -20.55 7.6
      vertex -14.9726 -20.5563 14.6
      vertex -15.1 -20.55 14.6
    endloop
  endfacet
  facet normal -0.0493902 -0.99878 -0
    outer loop
      vertex -14.9726 -20.5563 14.6
      vertex -15.1 -20.55 7.6
      vertex -14.9726 -20.5563 7.6
    endloop
  endfacet
  facet normal -0.740755 -0.671775 0
    outer loop
      vertex -14.0951 -21.0253 7.6
      vertex -14.1808 -20.9308 14.6
      vertex -14.1808 -20.9308 7.6
    endloop
  endfacet
  facet normal -0.740755 -0.671775 0
    outer loop
      vertex -14.1808 -20.9308 14.6
      vertex -14.0951 -21.0253 7.6
      vertex -14.0951 -21.0253 14.6
    endloop
  endfacet
  facet normal 0.671775 -0.740755 0
    outer loop
      vertex -16.0192 -20.9308 7.6
      vertex -15.9247 -20.8451 14.6
      vertex -16.0192 -20.9308 14.6
    endloop
  endfacet
  facet normal 0.671775 -0.740755 0
    outer loop
      vertex -15.9247 -20.8451 14.6
      vertex -16.0192 -20.9308 7.6
      vertex -15.9247 -20.8451 7.6
    endloop
  endfacet
  facet normal 0.337081 -0.941476 0
    outer loop
      vertex -15.5975 -20.649 7.6
      vertex -15.4774 -20.606 14.6
      vertex -15.5975 -20.649 14.6
    endloop
  endfacet
  facet normal 0.337081 -0.941476 0
    outer loop
      vertex -15.4774 -20.606 14.6
      vertex -15.5975 -20.649 7.6
      vertex -15.4774 -20.606 7.6
    endloop
  endfacet
  facet normal -0.941476 -0.337081 0
    outer loop
      vertex -13.856 -21.4726 7.6
      vertex -13.899 -21.3525 14.6
      vertex -13.899 -21.3525 7.6
    endloop
  endfacet
  facet normal -0.941476 -0.337081 0
    outer loop
      vertex -13.899 -21.3525 14.6
      vertex -13.856 -21.4726 7.6
      vertex -13.856 -21.4726 14.6
    endloop
  endfacet
  facet normal -0.857631 -0.514265 0
    outer loop
      vertex -13.9535 -21.2372 7.6
      vertex -14.0191 -21.1278 14.6
      vertex -14.0191 -21.1278 7.6
    endloop
  endfacet
  facet normal -0.857631 -0.514265 0
    outer loop
      vertex -14.0191 -21.1278 14.6
      vertex -13.9535 -21.2372 7.6
      vertex -13.9535 -21.2372 14.6
    endloop
  endfacet
  facet normal -0.427345 -0.904089 0
    outer loop
      vertex -14.6025 -20.649 7.6
      vertex -14.4872 -20.7035 14.6
      vertex -14.6025 -20.649 14.6
    endloop
  endfacet
  facet normal -0.427345 -0.904089 -0
    outer loop
      vertex -14.4872 -20.7035 14.6
      vertex -14.6025 -20.649 7.6
      vertex -14.4872 -20.7035 7.6
    endloop
  endfacet
  facet normal 0.801854 -0.59752 0
    outer loop
      vertex -16.1242 -21.0512 14.6
      vertex -16.1049 -21.0253 7.6
      vertex -16.1049 -21.0253 14.6
    endloop
  endfacet
  facet normal 0.801854 -0.59752 0
    outer loop
      vertex -16.1049 -21.0253 7.6
      vertex -16.1242 -21.0512 14.6
      vertex -16.1242 -21.0512 7.6
    endloop
  endfacet
  facet normal -0.857631 0.514265 0
    outer loop
      vertex -14.0191 -22.5722 7.6
      vertex -13.9535 -22.4628 14.6
      vertex -13.9535 -22.4628 7.6
    endloop
  endfacet
  facet normal -0.857631 0.514265 0
    outer loop
      vertex -13.9535 -22.4628 14.6
      vertex -14.0191 -22.5722 7.6
      vertex -14.0191 -22.5722 14.6
    endloop
  endfacet
  facet normal -0.671775 0.740755 0
    outer loop
      vertex -14.1808 -22.7692 7.6
      vertex -14.2753 -22.8549 14.6
      vertex -14.1808 -22.7692 14.6
    endloop
  endfacet
  facet normal -0.671775 0.740755 0
    outer loop
      vertex -14.2753 -22.8549 14.6
      vertex -14.1808 -22.7692 7.6
      vertex -14.2753 -22.8549 7.6
    endloop
  endfacet
  facet normal -0.941476 0.337081 0
    outer loop
      vertex -13.899 -22.3475 7.6
      vertex -13.856 -22.2274 14.6
      vertex -13.856 -22.2274 7.6
    endloop
  endfacet
  facet normal -0.941476 0.337081 0
    outer loop
      vertex -13.856 -22.2274 14.6
      vertex -13.899 -22.3475 7.6
      vertex -13.899 -22.3475 14.6
    endloop
  endfacet
  facet normal -0.989199 -0.146577 0
    outer loop
      vertex -13.8063 -21.7226 7.6
      vertex -13.825 -21.5964 14.6
      vertex -13.825 -21.5964 7.6
    endloop
  endfacet
  facet normal -0.989199 -0.146577 0
    outer loop
      vertex -13.825 -21.5964 14.6
      vertex -13.8063 -21.7226 7.6
      vertex -13.8063 -21.7226 14.6
    endloop
  endfacet
  facet normal -0.904089 -0.427345 0
    outer loop
      vertex -13.899 -21.3525 7.6
      vertex -13.9535 -21.2372 14.6
      vertex -13.9535 -21.2372 7.6
    endloop
  endfacet
  facet normal -0.904089 -0.427345 0
    outer loop
      vertex -13.9535 -21.2372 14.6
      vertex -13.899 -21.3525 7.6
      vertex -13.899 -21.3525 14.6
    endloop
  endfacet
  facet normal -0.803279 -0.595602 0
    outer loop
      vertex -14.0191 -21.1278 7.6
      vertex -14.0951 -21.0253 14.6
      vertex -14.0951 -21.0253 7.6
    endloop
  endfacet
  facet normal -0.803279 -0.595602 0
    outer loop
      vertex -14.0951 -21.0253 14.6
      vertex -14.0191 -21.1278 7.6
      vertex -14.0191 -21.1278 14.6
    endloop
  endfacet
  facet normal -0.337081 -0.941476 0
    outer loop
      vertex -14.7226 -20.606 7.6
      vertex -14.6025 -20.649 14.6
      vertex -14.7226 -20.606 14.6
    endloop
  endfacet
  facet normal -0.337081 -0.941476 -0
    outer loop
      vertex -14.6025 -20.649 14.6
      vertex -14.7226 -20.606 7.6
      vertex -14.6025 -20.649 7.6
    endloop
  endfacet
  facet normal -0.242904 -0.97005 0
    outer loop
      vertex -14.8464 -20.575 7.6
      vertex -14.7226 -20.606 14.6
      vertex -14.8464 -20.575 14.6
    endloop
  endfacet
  facet normal -0.242904 -0.97005 -0
    outer loop
      vertex -14.7226 -20.606 14.6
      vertex -14.8464 -20.575 7.6
      vertex -14.7226 -20.606 7.6
    endloop
  endfacet
  facet normal -0.146577 -0.989199 0
    outer loop
      vertex -14.9726 -20.5563 7.6
      vertex -14.8464 -20.575 14.6
      vertex -14.9726 -20.5563 14.6
    endloop
  endfacet
  facet normal -0.146577 -0.989199 -0
    outer loop
      vertex -14.8464 -20.575 14.6
      vertex -14.9726 -20.5563 7.6
      vertex -14.8464 -20.575 7.6
    endloop
  endfacet
  facet normal -0.671775 -0.740755 0
    outer loop
      vertex -14.2753 -20.8451 7.6
      vertex -14.1808 -20.9308 14.6
      vertex -14.2753 -20.8451 14.6
    endloop
  endfacet
  facet normal -0.671775 -0.740755 -0
    outer loop
      vertex -14.1808 -20.9308 14.6
      vertex -14.2753 -20.8451 7.6
      vertex -14.1808 -20.9308 7.6
    endloop
  endfacet
  facet normal -0.595602 -0.803279 0
    outer loop
      vertex -14.3778 -20.7691 7.6
      vertex -14.2753 -20.8451 14.6
      vertex -14.3778 -20.7691 14.6
    endloop
  endfacet
  facet normal -0.595602 -0.803279 -0
    outer loop
      vertex -14.2753 -20.8451 14.6
      vertex -14.3778 -20.7691 7.6
      vertex -14.2753 -20.8451 7.6
    endloop
  endfacet
  facet normal 0.427345 -0.904089 0
    outer loop
      vertex -15.7128 -20.7035 7.6
      vertex -15.5975 -20.649 14.6
      vertex -15.7128 -20.7035 14.6
    endloop
  endfacet
  facet normal 0.427345 -0.904089 0
    outer loop
      vertex -15.5975 -20.649 14.6
      vertex -15.7128 -20.7035 7.6
      vertex -15.5975 -20.649 7.6
    endloop
  endfacet
  facet normal 0.514265 -0.857631 0
    outer loop
      vertex -15.8222 -20.7691 7.6
      vertex -15.7128 -20.7035 14.6
      vertex -15.8222 -20.7691 14.6
    endloop
  endfacet
  facet normal 0.514265 -0.857631 0
    outer loop
      vertex -15.7128 -20.7035 14.6
      vertex -15.8222 -20.7691 7.6
      vertex -15.7128 -20.7035 7.6
    endloop
  endfacet
  facet normal 0.0493902 -0.99878 0
    outer loop
      vertex -15.2274 -20.5563 7.6
      vertex -15.1 -20.55 14.6
      vertex -15.2274 -20.5563 14.6
    endloop
  endfacet
  facet normal 0.0493902 -0.99878 0
    outer loop
      vertex -15.1 -20.55 14.6
      vertex -15.2274 -20.5563 7.6
      vertex -15.1 -20.55 7.6
    endloop
  endfacet
  facet normal 0.242904 -0.97005 0
    outer loop
      vertex -15.4774 -20.606 7.6
      vertex -15.3536 -20.575 14.6
      vertex -15.4774 -20.606 14.6
    endloop
  endfacet
  facet normal 0.242904 -0.97005 0
    outer loop
      vertex -15.3536 -20.575 14.6
      vertex -15.4774 -20.606 7.6
      vertex -15.3536 -20.575 7.6
    endloop
  endfacet
  facet normal 0.146577 -0.989199 0
    outer loop
      vertex -15.3536 -20.575 7.6
      vertex -15.2274 -20.5563 14.6
      vertex -15.3536 -20.575 14.6
    endloop
  endfacet
  facet normal 0.146577 -0.989199 0
    outer loop
      vertex -15.2274 -20.5563 14.6
      vertex -15.3536 -20.575 7.6
      vertex -15.2274 -20.5563 7.6
    endloop
  endfacet
  facet normal -0.59752 0.801854 0
    outer loop
      vertex -14.2753 -22.8549 7.6
      vertex -14.3012 -22.8742 14.6
      vertex -14.2753 -22.8549 14.6
    endloop
  endfacet
  facet normal -0.59752 0.801854 0
    outer loop
      vertex -14.3012 -22.8742 14.6
      vertex -14.2753 -22.8549 7.6
      vertex -14.3012 -22.8742 7.6
    endloop
  endfacet
  facet normal -0.740755 0.671775 0
    outer loop
      vertex -14.1808 -22.7692 7.6
      vertex -14.0951 -22.6747 14.6
      vertex -14.0951 -22.6747 7.6
    endloop
  endfacet
  facet normal -0.740755 0.671775 0
    outer loop
      vertex -14.0951 -22.6747 14.6
      vertex -14.1808 -22.7692 7.6
      vertex -14.1808 -22.7692 14.6
    endloop
  endfacet
  facet normal -0.803279 0.595602 0
    outer loop
      vertex -14.0951 -22.6747 7.6
      vertex -14.0191 -22.5722 14.6
      vertex -14.0191 -22.5722 7.6
    endloop
  endfacet
  facet normal -0.803279 0.595602 0
    outer loop
      vertex -14.0191 -22.5722 14.6
      vertex -14.0951 -22.6747 7.6
      vertex -14.0951 -22.6747 14.6
    endloop
  endfacet
  facet normal -0.989199 0.146577 0
    outer loop
      vertex -13.825 -22.1036 7.6
      vertex -13.8063 -21.9774 14.6
      vertex -13.8063 -21.9774 7.6
    endloop
  endfacet
  facet normal -0.989199 0.146577 0
    outer loop
      vertex -13.8063 -21.9774 14.6
      vertex -13.825 -22.1036 7.6
      vertex -13.825 -22.1036 14.6
    endloop
  endfacet
  facet normal 0 0 1
    outer loop
      vertex -14.9667 -22.5444 7.6
      vertex -13.8 -21.85 7.6
      vertex -13.8063 -21.7226 7.6
    endloop
  endfacet
  facet normal 0 0 1
    outer loop
      vertex -15.2032 -22.369 7.6
      vertex -13.8063 -21.7226 7.6
      vertex -13.825 -21.5964 7.6
    endloop
  endfacet
  facet normal 0 0 1
    outer loop
      vertex -13.8 -21.85 7.6
      vertex -14.9667 -22.5444 7.6
      vertex -13.8063 -21.9774 7.6
    endloop
  endfacet
  facet normal 0 0 1
    outer loop
      vertex -15.2032 -22.369 7.6
      vertex -13.825 -21.5964 7.6
      vertex -13.856 -21.4726 7.6
    endloop
  endfacet
  facet normal 0 0 1
    outer loop
      vertex -13.8063 -21.9774 7.6
      vertex -14.9667 -22.5444 7.6
      vertex -13.825 -22.1036 7.6
    endloop
  endfacet
  facet normal 0 0 1
    outer loop
      vertex -15.2032 -22.369 7.6
      vertex -13.856 -21.4726 7.6
      vertex -13.899 -21.3525 7.6
    endloop
  endfacet
  facet normal 0 0 1
    outer loop
      vertex -13.825 -22.1036 7.6
      vertex -14.9667 -22.5444 7.6
      vertex -13.856 -22.2274 7.6
    endloop
  endfacet
  facet normal 0 0 1
    outer loop
      vertex -15.2032 -22.369 7.6
      vertex -13.899 -21.3525 7.6
      vertex -13.9535 -21.2372 7.6
    endloop
  endfacet
  facet normal 0 0 1
    outer loop
      vertex -13.856 -22.2274 7.6
      vertex -14.9667 -22.5444 7.6
      vertex -13.899 -22.3475 7.6
    endloop
  endfacet
  facet normal 0 0 1
    outer loop
      vertex -15.2032 -22.369 7.6
      vertex -13.9535 -21.2372 7.6
      vertex -14.0191 -21.1278 7.6
    endloop
  endfacet
  facet normal 0 -0 1
    outer loop
      vertex -14.7142 -22.6958 7.6
      vertex -13.899 -22.3475 7.6
      vertex -14.9667 -22.5444 7.6
    endloop
  endfacet
  facet normal 0 0 1
    outer loop
      vertex -15.4213 -22.1713 7.6
      vertex -14.0191 -21.1278 7.6
      vertex -14.0951 -21.0253 7.6
    endloop
  endfacet
  facet normal 0 0 1
    outer loop
      vertex -13.899 -22.3475 7.6
      vertex -14.7142 -22.6958 7.6
      vertex -13.9535 -22.4628 7.6
    endloop
  endfacet
  facet normal 0 0 1
    outer loop
      vertex -15.4213 -22.1713 7.6
      vertex -14.0951 -21.0253 7.6
      vertex -14.1808 -20.9308 7.6
    endloop
  endfacet
  facet normal 0 0 1
    outer loop
      vertex -13.9535 -22.4628 7.6
      vertex -14.7142 -22.6958 7.6
      vertex -14.0191 -22.5722 7.6
    endloop
  endfacet
  facet normal 0 0 1
    outer loop
      vertex -15.4213 -22.1713 7.6
      vertex -14.1808 -20.9308 7.6
      vertex -14.2753 -20.8451 7.6
    endloop
  endfacet
  facet normal 0 -0 1
    outer loop
      vertex -14.448 -22.8216 7.6
      vertex -14.0951 -22.6747 7.6
      vertex -14.7142 -22.6958 7.6
    endloop
  endfacet
  facet normal 0 0 1
    outer loop
      vertex -14.0951 -22.6747 7.6
      vertex -14.448 -22.8216 7.6
      vertex -14.1808 -22.7692 7.6
    endloop
  endfacet
  facet normal 0 0 1
    outer loop
      vertex -15.4213 -22.1713 7.6
      vertex -14.2753 -20.8451 7.6
      vertex -14.3778 -20.7691 7.6
    endloop
  endfacet
  facet normal 0 0 1
    outer loop
      vertex -14.2753 -22.8549 7.6
      vertex -14.448 -22.8216 7.6
      vertex -14.3012 -22.8742 7.6
    endloop
  endfacet
  facet normal 0 0 1
    outer loop
      vertex -15.4213 -22.1713 7.6
      vertex -14.3778 -20.7691 7.6
      vertex -14.4872 -20.7035 7.6
    endloop
  endfacet
  facet normal 0 0 1
    outer loop
      vertex -15.619 -21.9532 7.6
      vertex -14.4872 -20.7035 7.6
      vertex -14.6025 -20.649 7.6
    endloop
  endfacet
  facet normal 0 0 1
    outer loop
      vertex -14.1808 -22.7692 7.6
      vertex -14.448 -22.8216 7.6
      vertex -14.2753 -22.8549 7.6
    endloop
  endfacet
  facet normal 0 0 1
    outer loop
      vertex -15.619 -21.9532 7.6
      vertex -14.6025 -20.649 7.6
      vertex -14.7226 -20.606 7.6
    endloop
  endfacet
  facet normal 0 0 1
    outer loop
      vertex -15.619 -21.9532 7.6
      vertex -14.7226 -20.606 7.6
      vertex -14.8464 -20.575 7.6
    endloop
  endfacet
  facet normal 0 0 1
    outer loop
      vertex -14.0191 -22.5722 7.6
      vertex -14.7142 -22.6958 7.6
      vertex -14.0951 -22.6747 7.6
    endloop
  endfacet
  facet normal 0 0 1
    outer loop
      vertex -15.619 -21.9532 7.6
      vertex -14.8464 -20.575 7.6
      vertex -14.9726 -20.5563 7.6
    endloop
  endfacet
  facet normal 0 0 1
    outer loop
      vertex -15.7944 -21.7167 7.6
      vertex -14.9726 -20.5563 7.6
      vertex -15.1 -20.55 7.6
    endloop
  endfacet
  facet normal 0 0 1
    outer loop
      vertex -13.8063 -21.7226 7.6
      vertex -15.2032 -22.369 7.6
      vertex -14.9667 -22.5444 7.6
    endloop
  endfacet
  facet normal 0 0 1
    outer loop
      vertex -15.7944 -21.7167 7.6
      vertex -15.1 -20.55 7.6
      vertex -15.2274 -20.5563 7.6
    endloop
  endfacet
  facet normal 0 0 1
    outer loop
      vertex -15.7944 -21.7167 7.6
      vertex -15.2274 -20.5563 7.6
      vertex -15.3536 -20.575 7.6
    endloop
  endfacet
  facet normal 0 0 1
    outer loop
      vertex -14.0191 -21.1278 7.6
      vertex -15.4213 -22.1713 7.6
      vertex -15.2032 -22.369 7.6
    endloop
  endfacet
  facet normal 0 0 1
    outer loop
      vertex -15.7944 -21.7167 7.6
      vertex -15.3536 -20.575 7.6
      vertex -15.4774 -20.606 7.6
    endloop
  endfacet
  facet normal 0 0 1
    outer loop
      vertex -15.7944 -21.7167 7.6
      vertex -15.4774 -20.606 7.6
      vertex -15.5975 -20.649 7.6
    endloop
  endfacet
  facet normal 0 0 1
    outer loop
      vertex -14.4872 -20.7035 7.6
      vertex -15.619 -21.9532 7.6
      vertex -15.4213 -22.1713 7.6
    endloop
  endfacet
  facet normal 0 0 1
    outer loop
      vertex -15.9458 -21.4642 7.6
      vertex -15.5975 -20.649 7.6
      vertex -15.7128 -20.7035 7.6
    endloop
  endfacet
  facet normal 0 0 1
    outer loop
      vertex -14.9726 -20.5563 7.6
      vertex -15.7944 -21.7167 7.6
      vertex -15.619 -21.9532 7.6
    endloop
  endfacet
  facet normal 0 0 1
    outer loop
      vertex -15.9458 -21.4642 7.6
      vertex -15.7128 -20.7035 7.6
      vertex -15.8222 -20.7691 7.6
    endloop
  endfacet
  facet normal 0 0 1
    outer loop
      vertex -15.9458 -21.4642 7.6
      vertex -15.8222 -20.7691 7.6
      vertex -15.9247 -20.8451 7.6
    endloop
  endfacet
  facet normal 0 0 1
    outer loop
      vertex -15.5975 -20.649 7.6
      vertex -15.9458 -21.4642 7.6
      vertex -15.7944 -21.7167 7.6
    endloop
  endfacet
  facet normal 0 0 1
    outer loop
      vertex -16.0716 -21.198 7.6
      vertex -15.9247 -20.8451 7.6
      vertex -16.0192 -20.9308 7.6
    endloop
  endfacet
  facet normal 0 0 1
    outer loop
      vertex -15.9247 -20.8451 7.6
      vertex -16.0716 -21.198 7.6
      vertex -15.9458 -21.4642 7.6
    endloop
  endfacet
  facet normal -0 0 1
    outer loop
      vertex -16.1049 -21.0253 7.6
      vertex -16.0716 -21.198 7.6
      vertex -16.0192 -20.9308 7.6
    endloop
  endfacet
  facet normal 0 0 1
    outer loop
      vertex -16.0716 -21.198 7.6
      vertex -16.1049 -21.0253 7.6
      vertex -16.1242 -21.0512 7.6
    endloop
  endfacet
  facet normal -0.514265 -0.857631 0
    outer loop
      vertex -14.4872 -20.7035 7.6
      vertex -14.3778 -20.7691 14.6
      vertex -14.4872 -20.7035 14.6
    endloop
  endfacet
  facet normal -0.514265 -0.857631 -0
    outer loop
      vertex -14.3778 -20.7691 14.6
      vertex -14.4872 -20.7035 7.6
      vertex -14.3778 -20.7691 7.6
    endloop
  endfacet
  facet normal 0.740755 -0.671775 0
    outer loop
      vertex -16.1049 -21.0253 14.6
      vertex -16.0192 -20.9308 7.6
      vertex -16.0192 -20.9308 14.6
    endloop
  endfacet
  facet normal 0.740755 -0.671775 0
    outer loop
      vertex -16.0192 -20.9308 7.6
      vertex -16.1049 -21.0253 14.6
      vertex -16.1049 -21.0253 7.6
    endloop
  endfacet
  facet normal 0.595602 -0.803279 0
    outer loop
      vertex -15.9247 -20.8451 7.6
      vertex -15.8222 -20.7691 14.6
      vertex -15.9247 -20.8451 14.6
    endloop
  endfacet
  facet normal 0.595602 -0.803279 0
    outer loop
      vertex -15.8222 -20.7691 14.6
      vertex -15.9247 -20.8451 7.6
      vertex -15.8222 -20.7691 7.6
    endloop
  endfacet
  facet normal -0.904089 0.427345 0
    outer loop
      vertex -13.9535 -22.4628 7.6
      vertex -13.899 -22.3475 14.6
      vertex -13.899 -22.3475 7.6
    endloop
  endfacet
  facet normal -0.904089 0.427345 0
    outer loop
      vertex -13.899 -22.3475 14.6
      vertex -13.9535 -22.4628 7.6
      vertex -13.9535 -22.4628 14.6
    endloop
  endfacet
  facet normal -0.99878 0.0493902 0
    outer loop
      vertex -13.8063 -21.9774 7.6
      vertex -13.8 -21.85 14.6
      vertex -13.8 -21.85 7.6
    endloop
  endfacet
  facet normal -0.99878 0.0493902 0
    outer loop
      vertex -13.8 -21.85 14.6
      vertex -13.8063 -21.9774 7.6
      vertex -13.8063 -21.9774 14.6
    endloop
  endfacet
  facet normal -0.97005 0.242904 0
    outer loop
      vertex -13.856 -22.2274 7.6
      vertex -13.825 -22.1036 14.6
      vertex -13.825 -22.1036 7.6
    endloop
  endfacet
  facet normal -0.97005 0.242904 0
    outer loop
      vertex -13.825 -22.1036 14.6
      vertex -13.856 -22.2274 7.6
      vertex -13.856 -22.2274 14.6
    endloop
  endfacet
  facet normal -0.671775 -0.740755 0
    outer loop
      vertex -14.2753 22.8549 7.6
      vertex -14.1808 22.7692 14.6
      vertex -14.2753 22.8549 14.6
    endloop
  endfacet
  facet normal -0.671775 -0.740755 -0
    outer loop
      vertex -14.1808 22.7692 14.6
      vertex -14.2753 22.8549 7.6
      vertex -14.1808 22.7692 7.6
    endloop
  endfacet
  facet normal -0.99878 0.0493902 0
    outer loop
      vertex -13.8063 21.7226 7.6
      vertex -13.8 21.85 14.6
      vertex -13.8 21.85 7.6
    endloop
  endfacet
  facet normal -0.99878 0.0493902 0
    outer loop
      vertex -13.8 21.85 14.6
      vertex -13.8063 21.7226 7.6
      vertex -13.8063 21.7226 14.6
    endloop
  endfacet
  facet normal 0.427345 0.904089 -0
    outer loop
      vertex -15.5975 20.649 7.6
      vertex -15.7128 20.7035 14.6
      vertex -15.5975 20.649 14.6
    endloop
  endfacet
  facet normal 0.427345 0.904089 0
    outer loop
      vertex -15.7128 20.7035 14.6
      vertex -15.5975 20.649 7.6
      vertex -15.7128 20.7035 7.6
    endloop
  endfacet
  facet normal -0.904089 -0.427345 0
    outer loop
      vertex -13.899 22.3475 7.6
      vertex -13.9535 22.4628 14.6
      vertex -13.9535 22.4628 7.6
    endloop
  endfacet
  facet normal -0.904089 -0.427345 0
    outer loop
      vertex -13.9535 22.4628 14.6
      vertex -13.899 22.3475 7.6
      vertex -13.899 22.3475 14.6
    endloop
  endfacet
  facet normal -0.857631 -0.514265 0
    outer loop
      vertex -13.9535 22.4628 7.6
      vertex -14.0191 22.5722 14.6
      vertex -14.0191 22.5722 7.6
    endloop
  endfacet
  facet normal -0.857631 -0.514265 0
    outer loop
      vertex -14.0191 22.5722 14.6
      vertex -13.9535 22.4628 7.6
      vertex -13.9535 22.4628 14.6
    endloop
  endfacet
  facet normal 0.146577 0.989199 -0
    outer loop
      vertex -15.2274 20.5563 7.6
      vertex -15.3536 20.575 14.6
      vertex -15.2274 20.5563 14.6
    endloop
  endfacet
  facet normal 0.146577 0.989199 0
    outer loop
      vertex -15.3536 20.575 14.6
      vertex -15.2274 20.5563 7.6
      vertex -15.3536 20.575 7.6
    endloop
  endfacet
  facet normal 0.671775 0.740755 -0
    outer loop
      vertex -15.9247 20.8451 7.6
      vertex -16.0192 20.9308 14.6
      vertex -15.9247 20.8451 14.6
    endloop
  endfacet
  facet normal 0.671775 0.740755 0
    outer loop
      vertex -16.0192 20.9308 14.6
      vertex -15.9247 20.8451 7.6
      vertex -16.0192 20.9308 7.6
    endloop
  endfacet
  facet normal 0 0 1
    outer loop
      vertex -14.9667 22.5444 7.6
      vertex -13.8 21.85 7.6
      vertex -13.8063 21.9774 7.6
    endloop
  endfacet
  facet normal 0 0 1
    outer loop
      vertex -14.9667 22.5444 7.6
      vertex -13.8063 21.9774 7.6
      vertex -13.825 22.1036 7.6
    endloop
  endfacet
  facet normal 0 0 1
    outer loop
      vertex -13.8 21.85 7.6
      vertex -14.9667 22.5444 7.6
      vertex -13.8063 21.7226 7.6
    endloop
  endfacet
  facet normal 0 0 1
    outer loop
      vertex -14.9667 22.5444 7.6
      vertex -13.825 22.1036 7.6
      vertex -13.856 22.2274 7.6
    endloop
  endfacet
  facet normal -0 0 1
    outer loop
      vertex -15.2032 22.369 7.6
      vertex -13.8063 21.7226 7.6
      vertex -14.9667 22.5444 7.6
    endloop
  endfacet
  facet normal 0 0 1
    outer loop
      vertex -14.9667 22.5444 7.6
      vertex -13.856 22.2274 7.6
      vertex -13.899 22.3475 7.6
    endloop
  endfacet
  facet normal 0 0 1
    outer loop
      vertex -13.8063 21.7226 7.6
      vertex -15.2032 22.369 7.6
      vertex -13.825 21.5964 7.6
    endloop
  endfacet
  facet normal 0 0 1
    outer loop
      vertex -14.7142 22.6958 7.6
      vertex -13.899 22.3475 7.6
      vertex -13.9535 22.4628 7.6
    endloop
  endfacet
  facet normal 0 0 1
    outer loop
      vertex -13.825 21.5964 7.6
      vertex -15.2032 22.369 7.6
      vertex -13.856 21.4726 7.6
    endloop
  endfacet
  facet normal 0 0 1
    outer loop
      vertex -14.7142 22.6958 7.6
      vertex -13.9535 22.4628 7.6
      vertex -14.0191 22.5722 7.6
    endloop
  endfacet
  facet normal 0 0 1
    outer loop
      vertex -13.856 21.4726 7.6
      vertex -15.2032 22.369 7.6
      vertex -13.899 21.3525 7.6
    endloop
  endfacet
  facet normal 0 0 1
    outer loop
      vertex -14.7142 22.6958 7.6
      vertex -14.0191 22.5722 7.6
      vertex -14.0951 22.6747 7.6
    endloop
  endfacet
  facet normal 0 0 1
    outer loop
      vertex -13.899 21.3525 7.6
      vertex -15.2032 22.369 7.6
      vertex -13.9535 21.2372 7.6
    endloop
  endfacet
  facet normal 0 0 1
    outer loop
      vertex -14.448 22.8216 7.6
      vertex -14.0951 22.6747 7.6
      vertex -14.1808 22.7692 7.6
    endloop
  endfacet
  facet normal 0 0 1
    outer loop
      vertex -13.899 22.3475 7.6
      vertex -14.7142 22.6958 7.6
      vertex -14.9667 22.5444 7.6
    endloop
  endfacet
  facet normal -0 0 1
    outer loop
      vertex -14.448 22.8216 7.6
      vertex -14.1808 22.7692 7.6
      vertex -14.2753 22.8549 7.6
    endloop
  endfacet
  facet normal 0 0 1
    outer loop
      vertex -13.9535 21.2372 7.6
      vertex -15.2032 22.369 7.6
      vertex -14.0191 21.1278 7.6
    endloop
  endfacet
  facet normal 0 0 1
    outer loop
      vertex -14.448 22.8216 7.6
      vertex -14.2753 22.8549 7.6
      vertex -14.3012 22.8742 7.6
    endloop
  endfacet
  facet normal 0 0 1
    outer loop
      vertex -14.0951 22.6747 7.6
      vertex -14.448 22.8216 7.6
      vertex -14.7142 22.6958 7.6
    endloop
  endfacet
  facet normal -0 0 1
    outer loop
      vertex -15.4213 22.1713 7.6
      vertex -14.0191 21.1278 7.6
      vertex -15.2032 22.369 7.6
    endloop
  endfacet
  facet normal 0 0 1
    outer loop
      vertex -14.0191 21.1278 7.6
      vertex -15.4213 22.1713 7.6
      vertex -14.0951 21.0253 7.6
    endloop
  endfacet
  facet normal 0 0 1
    outer loop
      vertex -14.0951 21.0253 7.6
      vertex -15.4213 22.1713 7.6
      vertex -14.1808 20.9308 7.6
    endloop
  endfacet
  facet normal 0 0 1
    outer loop
      vertex -14.1808 20.9308 7.6
      vertex -15.4213 22.1713 7.6
      vertex -14.2753 20.8451 7.6
    endloop
  endfacet
  facet normal 0 0 1
    outer loop
      vertex -14.2753 20.8451 7.6
      vertex -15.4213 22.1713 7.6
      vertex -14.3778 20.7691 7.6
    endloop
  endfacet
  facet normal 0 0 1
    outer loop
      vertex -14.3778 20.7691 7.6
      vertex -15.4213 22.1713 7.6
      vertex -14.4872 20.7035 7.6
    endloop
  endfacet
  facet normal -0 0 1
    outer loop
      vertex -15.619 21.9532 7.6
      vertex -14.4872 20.7035 7.6
      vertex -15.4213 22.1713 7.6
    endloop
  endfacet
  facet normal 0 0 1
    outer loop
      vertex -14.4872 20.7035 7.6
      vertex -15.619 21.9532 7.6
      vertex -14.6025 20.649 7.6
    endloop
  endfacet
  facet normal 0 0 1
    outer loop
      vertex -14.6025 20.649 7.6
      vertex -15.619 21.9532 7.6
      vertex -14.7226 20.606 7.6
    endloop
  endfacet
  facet normal 0 0 1
    outer loop
      vertex -14.7226 20.606 7.6
      vertex -15.619 21.9532 7.6
      vertex -14.8464 20.575 7.6
    endloop
  endfacet
  facet normal 0 0 1
    outer loop
      vertex -14.8464 20.575 7.6
      vertex -15.619 21.9532 7.6
      vertex -14.9726 20.5563 7.6
    endloop
  endfacet
  facet normal -0 0 1
    outer loop
      vertex -15.7944 21.7167 7.6
      vertex -14.9726 20.5563 7.6
      vertex -15.619 21.9532 7.6
    endloop
  endfacet
  facet normal 0 0 1
    outer loop
      vertex -14.9726 20.5563 7.6
      vertex -15.7944 21.7167 7.6
      vertex -15.1 20.55 7.6
    endloop
  endfacet
  facet normal 0 0 1
    outer loop
      vertex -15.1 20.55 7.6
      vertex -15.7944 21.7167 7.6
      vertex -15.2274 20.5563 7.6
    endloop
  endfacet
  facet normal 0 0 1
    outer loop
      vertex -15.2274 20.5563 7.6
      vertex -15.7944 21.7167 7.6
      vertex -15.3536 20.575 7.6
    endloop
  endfacet
  facet normal 0 0 1
    outer loop
      vertex -15.3536 20.575 7.6
      vertex -15.7944 21.7167 7.6
      vertex -15.4774 20.606 7.6
    endloop
  endfacet
  facet normal 0 0 1
    outer loop
      vertex -15.4774 20.606 7.6
      vertex -15.7944 21.7167 7.6
      vertex -15.5975 20.649 7.6
    endloop
  endfacet
  facet normal -0 0 1
    outer loop
      vertex -15.9458 21.4642 7.6
      vertex -15.5975 20.649 7.6
      vertex -15.7944 21.7167 7.6
    endloop
  endfacet
  facet normal 0 0 1
    outer loop
      vertex -15.5975 20.649 7.6
      vertex -15.9458 21.4642 7.6
      vertex -15.7128 20.7035 7.6
    endloop
  endfacet
  facet normal 0 0 1
    outer loop
      vertex -15.7128 20.7035 7.6
      vertex -15.9458 21.4642 7.6
      vertex -15.8222 20.7691 7.6
    endloop
  endfacet
  facet normal 0 0 1
    outer loop
      vertex -15.8222 20.7691 7.6
      vertex -15.9458 21.4642 7.6
      vertex -15.9247 20.8451 7.6
    endloop
  endfacet
  facet normal -0 0 1
    outer loop
      vertex -16.0716 21.198 7.6
      vertex -15.9247 20.8451 7.6
      vertex -15.9458 21.4642 7.6
    endloop
  endfacet
  facet normal 0 0 1
    outer loop
      vertex -15.9247 20.8451 7.6
      vertex -16.0716 21.198 7.6
      vertex -16.0192 20.9308 7.6
    endloop
  endfacet
  facet normal 0 0 1
    outer loop
      vertex -16.0716 21.198 7.6
      vertex -16.1049 21.0253 7.6
      vertex -16.0192 20.9308 7.6
    endloop
  endfacet
  facet normal 0 -0 1
    outer loop
      vertex -16.1049 21.0253 7.6
      vertex -16.0716 21.198 7.6
      vertex -16.1242 21.0512 7.6
    endloop
  endfacet
  facet normal 0.740755 0.671775 0
    outer loop
      vertex -16.0192 20.9308 14.6
      vertex -16.1049 21.0253 7.6
      vertex -16.1049 21.0253 14.6
    endloop
  endfacet
  facet normal 0.740755 0.671775 0
    outer loop
      vertex -16.1049 21.0253 7.6
      vertex -16.0192 20.9308 14.6
      vertex -16.0192 20.9308 7.6
    endloop
  endfacet
  facet normal -0.989199 -0.146577 0
    outer loop
      vertex -13.8063 21.9774 7.6
      vertex -13.825 22.1036 14.6
      vertex -13.825 22.1036 7.6
    endloop
  endfacet
  facet normal -0.989199 -0.146577 0
    outer loop
      vertex -13.825 22.1036 14.6
      vertex -13.8063 21.9774 7.6
      vertex -13.8063 21.9774 14.6
    endloop
  endfacet
  facet normal -0.97005 -0.242904 0
    outer loop
      vertex -13.825 22.1036 7.6
      vertex -13.856 22.2274 14.6
      vertex -13.856 22.2274 7.6
    endloop
  endfacet
  facet normal -0.97005 -0.242904 0
    outer loop
      vertex -13.856 22.2274 14.6
      vertex -13.825 22.1036 7.6
      vertex -13.825 22.1036 14.6
    endloop
  endfacet
  facet normal -0.941476 -0.337081 0
    outer loop
      vertex -13.856 22.2274 7.6
      vertex -13.899 22.3475 14.6
      vertex -13.899 22.3475 7.6
    endloop
  endfacet
  facet normal -0.941476 -0.337081 0
    outer loop
      vertex -13.899 22.3475 14.6
      vertex -13.856 22.2274 7.6
      vertex -13.856 22.2274 14.6
    endloop
  endfacet
  facet normal -0.803279 -0.595602 0
    outer loop
      vertex -14.0191 22.5722 7.6
      vertex -14.0951 22.6747 14.6
      vertex -14.0951 22.6747 7.6
    endloop
  endfacet
  facet normal -0.803279 -0.595602 0
    outer loop
      vertex -14.0951 22.6747 14.6
      vertex -14.0191 22.5722 7.6
      vertex -14.0191 22.5722 14.6
    endloop
  endfacet
  facet normal -0.740755 -0.671775 0
    outer loop
      vertex -14.0951 22.6747 7.6
      vertex -14.1808 22.7692 14.6
      vertex -14.1808 22.7692 7.6
    endloop
  endfacet
  facet normal -0.740755 -0.671775 0
    outer loop
      vertex -14.1808 22.7692 14.6
      vertex -14.0951 22.6747 7.6
      vertex -14.0951 22.6747 14.6
    endloop
  endfacet
  facet normal -0.59752 -0.801854 0
    outer loop
      vertex -14.3012 22.8742 7.6
      vertex -14.2753 22.8549 14.6
      vertex -14.3012 22.8742 14.6
    endloop
  endfacet
  facet normal -0.59752 -0.801854 -0
    outer loop
      vertex -14.2753 22.8549 14.6
      vertex -14.3012 22.8742 7.6
      vertex -14.2753 22.8549 7.6
    endloop
  endfacet
  facet normal -0.99878 -0.0493902 0
    outer loop
      vertex -13.8 21.85 7.6
      vertex -13.8063 21.9774 14.6
      vertex -13.8063 21.9774 7.6
    endloop
  endfacet
  facet normal -0.99878 -0.0493902 0
    outer loop
      vertex -13.8063 21.9774 14.6
      vertex -13.8 21.85 7.6
      vertex -13.8 21.85 14.6
    endloop
  endfacet
  facet normal -0.989199 0.146577 0
    outer loop
      vertex -13.825 21.5964 7.6
      vertex -13.8063 21.7226 14.6
      vertex -13.8063 21.7226 7.6
    endloop
  endfacet
  facet normal -0.989199 0.146577 0
    outer loop
      vertex -13.8063 21.7226 14.6
      vertex -13.825 21.5964 7.6
      vertex -13.825 21.5964 14.6
    endloop
  endfacet
  facet normal -0.0493902 0.99878 0
    outer loop
      vertex -14.9726 20.5563 7.6
      vertex -15.1 20.55 14.6
      vertex -14.9726 20.5563 14.6
    endloop
  endfacet
  facet normal -0.0493902 0.99878 0
    outer loop
      vertex -15.1 20.55 14.6
      vertex -14.9726 20.5563 7.6
      vertex -15.1 20.55 7.6
    endloop
  endfacet
  facet normal -0.740755 0.671775 0
    outer loop
      vertex -14.1808 20.9308 7.6
      vertex -14.0951 21.0253 14.6
      vertex -14.0951 21.0253 7.6
    endloop
  endfacet
  facet normal -0.740755 0.671775 0
    outer loop
      vertex -14.0951 21.0253 14.6
      vertex -14.1808 20.9308 7.6
      vertex -14.1808 20.9308 14.6
    endloop
  endfacet
  facet normal -0.904089 0.427345 0
    outer loop
      vertex -13.9535 21.2372 7.6
      vertex -13.899 21.3525 14.6
      vertex -13.899 21.3525 7.6
    endloop
  endfacet
  facet normal -0.904089 0.427345 0
    outer loop
      vertex -13.899 21.3525 14.6
      vertex -13.9535 21.2372 7.6
      vertex -13.9535 21.2372 14.6
    endloop
  endfacet
  facet normal -0.146577 0.989199 0
    outer loop
      vertex -14.8464 20.575 7.6
      vertex -14.9726 20.5563 14.6
      vertex -14.8464 20.575 14.6
    endloop
  endfacet
  facet normal -0.146577 0.989199 0
    outer loop
      vertex -14.9726 20.5563 14.6
      vertex -14.8464 20.575 7.6
      vertex -14.9726 20.5563 7.6
    endloop
  endfacet
  facet normal -0.242904 0.97005 0
    outer loop
      vertex -14.7226 20.606 7.6
      vertex -14.8464 20.575 14.6
      vertex -14.7226 20.606 14.6
    endloop
  endfacet
  facet normal -0.242904 0.97005 0
    outer loop
      vertex -14.8464 20.575 14.6
      vertex -14.7226 20.606 7.6
      vertex -14.8464 20.575 7.6
    endloop
  endfacet
  facet normal -0.671775 0.740755 0
    outer loop
      vertex -14.1808 20.9308 7.6
      vertex -14.2753 20.8451 14.6
      vertex -14.1808 20.9308 14.6
    endloop
  endfacet
  facet normal -0.671775 0.740755 0
    outer loop
      vertex -14.2753 20.8451 14.6
      vertex -14.1808 20.9308 7.6
      vertex -14.2753 20.8451 7.6
    endloop
  endfacet
  facet normal -0.595602 0.803279 0
    outer loop
      vertex -14.2753 20.8451 7.6
      vertex -14.3778 20.7691 14.6
      vertex -14.2753 20.8451 14.6
    endloop
  endfacet
  facet normal -0.595602 0.803279 0
    outer loop
      vertex -14.3778 20.7691 14.6
      vertex -14.2753 20.8451 7.6
      vertex -14.3778 20.7691 7.6
    endloop
  endfacet
  facet normal -0.427345 0.904089 0
    outer loop
      vertex -14.4872 20.7035 7.6
      vertex -14.6025 20.649 14.6
      vertex -14.4872 20.7035 14.6
    endloop
  endfacet
  facet normal -0.427345 0.904089 0
    outer loop
      vertex -14.6025 20.649 14.6
      vertex -14.4872 20.7035 7.6
      vertex -14.6025 20.649 7.6
    endloop
  endfacet
  facet normal 0.0493902 0.99878 -0
    outer loop
      vertex -15.1 20.55 7.6
      vertex -15.2274 20.5563 14.6
      vertex -15.1 20.55 14.6
    endloop
  endfacet
  facet normal 0.0493902 0.99878 0
    outer loop
      vertex -15.2274 20.5563 14.6
      vertex -15.1 20.55 7.6
      vertex -15.2274 20.5563 7.6
    endloop
  endfacet
  facet normal 0.337081 0.941476 -0
    outer loop
      vertex -15.4774 20.606 7.6
      vertex -15.5975 20.649 14.6
      vertex -15.4774 20.606 14.6
    endloop
  endfacet
  facet normal 0.337081 0.941476 0
    outer loop
      vertex -15.5975 20.649 14.6
      vertex -15.4774 20.606 7.6
      vertex -15.5975 20.649 7.6
    endloop
  endfacet
  facet normal 0.514265 0.857631 -0
    outer loop
      vertex -15.7128 20.7035 7.6
      vertex -15.8222 20.7691 14.6
      vertex -15.7128 20.7035 14.6
    endloop
  endfacet
  facet normal 0.514265 0.857631 0
    outer loop
      vertex -15.8222 20.7691 14.6
      vertex -15.7128 20.7035 7.6
      vertex -15.8222 20.7691 7.6
    endloop
  endfacet
  facet normal 0.801854 0.59752 0
    outer loop
      vertex -16.1049 21.0253 14.6
      vertex -16.1242 21.0512 7.6
      vertex -16.1242 21.0512 14.6
    endloop
  endfacet
  facet normal 0.801854 0.59752 0
    outer loop
      vertex -16.1242 21.0512 7.6
      vertex -16.1049 21.0253 14.6
      vertex -16.1049 21.0253 7.6
    endloop
  endfacet
  facet normal -0.97005 0.242904 0
    outer loop
      vertex -13.856 21.4726 7.6
      vertex -13.825 21.5964 14.6
      vertex -13.825 21.5964 7.6
    endloop
  endfacet
  facet normal -0.97005 0.242904 0
    outer loop
      vertex -13.825 21.5964 14.6
      vertex -13.856 21.4726 7.6
      vertex -13.856 21.4726 14.6
    endloop
  endfacet
  facet normal -0.857631 0.514265 0
    outer loop
      vertex -14.0191 21.1278 7.6
      vertex -13.9535 21.2372 14.6
      vertex -13.9535 21.2372 7.6
    endloop
  endfacet
  facet normal -0.857631 0.514265 0
    outer loop
      vertex -13.9535 21.2372 14.6
      vertex -14.0191 21.1278 7.6
      vertex -14.0191 21.1278 14.6
    endloop
  endfacet
  facet normal -0.337081 0.941476 0
    outer loop
      vertex -14.6025 20.649 7.6
      vertex -14.7226 20.606 14.6
      vertex -14.6025 20.649 14.6
    endloop
  endfacet
  facet normal -0.337081 0.941476 0
    outer loop
      vertex -14.7226 20.606 14.6
      vertex -14.6025 20.649 7.6
      vertex -14.7226 20.606 7.6
    endloop
  endfacet
  facet normal -0.514265 0.857631 0
    outer loop
      vertex -14.3778 20.7691 7.6
      vertex -14.4872 20.7035 14.6
      vertex -14.3778 20.7691 14.6
    endloop
  endfacet
  facet normal -0.514265 0.857631 0
    outer loop
      vertex -14.4872 20.7035 14.6
      vertex -14.3778 20.7691 7.6
      vertex -14.4872 20.7035 7.6
    endloop
  endfacet
  facet normal 0.242904 0.97005 -0
    outer loop
      vertex -15.3536 20.575 7.6
      vertex -15.4774 20.606 14.6
      vertex -15.3536 20.575 14.6
    endloop
  endfacet
  facet normal 0.242904 0.97005 0
    outer loop
      vertex -15.4774 20.606 14.6
      vertex -15.3536 20.575 7.6
      vertex -15.4774 20.606 7.6
    endloop
  endfacet
  facet normal 0.595602 0.803279 -0
    outer loop
      vertex -15.8222 20.7691 7.6
      vertex -15.9247 20.8451 14.6
      vertex -15.8222 20.7691 14.6
    endloop
  endfacet
  facet normal 0.595602 0.803279 0
    outer loop
      vertex -15.9247 20.8451 14.6
      vertex -15.8222 20.7691 7.6
      vertex -15.9247 20.8451 7.6
    endloop
  endfacet
  facet normal -0.941476 0.337081 0
    outer loop
      vertex -13.899 21.3525 7.6
      vertex -13.856 21.4726 14.6
      vertex -13.856 21.4726 7.6
    endloop
  endfacet
  facet normal -0.941476 0.337081 0
    outer loop
      vertex -13.856 21.4726 14.6
      vertex -13.899 21.3525 7.6
      vertex -13.899 21.3525 14.6
    endloop
  endfacet
  facet normal -0.803279 0.595602 0
    outer loop
      vertex -14.0951 21.0253 7.6
      vertex -14.0191 21.1278 14.6
      vertex -14.0191 21.1278 7.6
    endloop
  endfacet
  facet normal -0.803279 0.595602 0
    outer loop
      vertex -14.0191 21.1278 14.6
      vertex -14.0951 21.0253 7.6
      vertex -14.0951 21.0253 14.6
    endloop
  endfacet
  facet normal -0.671775 -0.740755 0
    outer loop
      vertex 15.9247 -20.8451 7.6
      vertex 16.0192 -20.9308 14.6
      vertex 15.9247 -20.8451 14.6
    endloop
  endfacet
  facet normal -0.671775 -0.740755 -0
    outer loop
      vertex 16.0192 -20.9308 14.6
      vertex 15.9247 -20.8451 7.6
      vertex 16.0192 -20.9308 7.6
    endloop
  endfacet
  facet normal 0.337081 -0.941476 0
    outer loop
      vertex 14.6025 -20.649 7.6
      vertex 14.7226 -20.606 14.6
      vertex 14.6025 -20.649 14.6
    endloop
  endfacet
  facet normal 0.337081 -0.941476 0
    outer loop
      vertex 14.7226 -20.606 14.6
      vertex 14.6025 -20.649 7.6
      vertex 14.7226 -20.606 7.6
    endloop
  endfacet
  facet normal 0.904089 -0.427345 0
    outer loop
      vertex 13.899 -21.3525 14.6
      vertex 13.9535 -21.2372 7.6
      vertex 13.9535 -21.2372 14.6
    endloop
  endfacet
  facet normal 0.904089 -0.427345 0
    outer loop
      vertex 13.9535 -21.2372 7.6
      vertex 13.899 -21.3525 14.6
      vertex 13.899 -21.3525 7.6
    endloop
  endfacet
  facet normal -0.427345 -0.904089 0
    outer loop
      vertex 15.5975 -20.649 7.6
      vertex 15.7128 -20.7035 14.6
      vertex 15.5975 -20.649 14.6
    endloop
  endfacet
  facet normal -0.427345 -0.904089 -0
    outer loop
      vertex 15.7128 -20.7035 14.6
      vertex 15.5975 -20.649 7.6
      vertex 15.7128 -20.7035 7.6
    endloop
  endfacet
  facet normal -0.146577 -0.989199 0
    outer loop
      vertex 15.2274 -20.5563 7.6
      vertex 15.3536 -20.575 14.6
      vertex 15.2274 -20.5563 14.6
    endloop
  endfacet
  facet normal -0.146577 -0.989199 -0
    outer loop
      vertex 15.3536 -20.575 14.6
      vertex 15.2274 -20.5563 7.6
      vertex 15.3536 -20.575 7.6
    endloop
  endfacet
  facet normal 0.989199 -0.146577 0
    outer loop
      vertex 13.8063 -21.7226 14.6
      vertex 13.825 -21.5964 7.6
      vertex 13.825 -21.5964 14.6
    endloop
  endfacet
  facet normal 0.989199 -0.146577 0
    outer loop
      vertex 13.825 -21.5964 7.6
      vertex 13.8063 -21.7226 14.6
      vertex 13.8063 -21.7226 7.6
    endloop
  endfacet
  facet normal 0.740755 -0.671775 0
    outer loop
      vertex 14.0951 -21.0253 14.6
      vertex 14.1808 -20.9308 7.6
      vertex 14.1808 -20.9308 14.6
    endloop
  endfacet
  facet normal 0.740755 -0.671775 0
    outer loop
      vertex 14.1808 -20.9308 7.6
      vertex 14.0951 -21.0253 14.6
      vertex 14.0951 -21.0253 7.6
    endloop
  endfacet
  facet normal 0.146577 -0.989199 0
    outer loop
      vertex 14.8464 -20.575 7.6
      vertex 14.9726 -20.5563 14.6
      vertex 14.8464 -20.575 14.6
    endloop
  endfacet
  facet normal 0.146577 -0.989199 0
    outer loop
      vertex 14.9726 -20.5563 14.6
      vertex 14.8464 -20.575 7.6
      vertex 14.9726 -20.5563 7.6
    endloop
  endfacet
  facet normal 0.671775 0.740755 -0
    outer loop
      vertex 14.2753 -22.8549 7.6
      vertex 14.1808 -22.7692 14.6
      vertex 14.2753 -22.8549 14.6
    endloop
  endfacet
  facet normal 0.671775 0.740755 0
    outer loop
      vertex 14.1808 -22.7692 14.6
      vertex 14.2753 -22.8549 7.6
      vertex 14.1808 -22.7692 7.6
    endloop
  endfacet
  facet normal 0.99878 0.0493902 0
    outer loop
      vertex 13.8063 -21.9774 14.6
      vertex 13.8 -21.85 7.6
      vertex 13.8 -21.85 14.6
    endloop
  endfacet
  facet normal 0.99878 0.0493902 0
    outer loop
      vertex 13.8 -21.85 7.6
      vertex 13.8063 -21.9774 14.6
      vertex 13.8063 -21.9774 7.6
    endloop
  endfacet
  facet normal 0.803279 0.595602 0
    outer loop
      vertex 14.0951 -22.6747 14.6
      vertex 14.0191 -22.5722 7.6
      vertex 14.0191 -22.5722 14.6
    endloop
  endfacet
  facet normal 0.803279 0.595602 0
    outer loop
      vertex 14.0191 -22.5722 7.6
      vertex 14.0951 -22.6747 14.6
      vertex 14.0951 -22.6747 7.6
    endloop
  endfacet
  facet normal -0.801854 -0.59752 0
    outer loop
      vertex 16.1242 -21.0512 7.6
      vertex 16.1049 -21.0253 14.6
      vertex 16.1049 -21.0253 7.6
    endloop
  endfacet
  facet normal -0.801854 -0.59752 0
    outer loop
      vertex 16.1049 -21.0253 14.6
      vertex 16.1242 -21.0512 7.6
      vertex 16.1242 -21.0512 14.6
    endloop
  endfacet
  facet normal -0.740755 -0.671775 0
    outer loop
      vertex 16.1049 -21.0253 7.6
      vertex 16.0192 -20.9308 14.6
      vertex 16.0192 -20.9308 7.6
    endloop
  endfacet
  facet normal -0.740755 -0.671775 0
    outer loop
      vertex 16.0192 -20.9308 14.6
      vertex 16.1049 -21.0253 7.6
      vertex 16.1049 -21.0253 14.6
    endloop
  endfacet
  facet normal -0.595602 -0.803279 0
    outer loop
      vertex 15.8222 -20.7691 7.6
      vertex 15.9247 -20.8451 14.6
      vertex 15.8222 -20.7691 14.6
    endloop
  endfacet
  facet normal -0.595602 -0.803279 -0
    outer loop
      vertex 15.9247 -20.8451 14.6
      vertex 15.8222 -20.7691 7.6
      vertex 15.9247 -20.8451 7.6
    endloop
  endfacet
  facet normal -0.0493902 -0.99878 0
    outer loop
      vertex 15.1 -20.55 7.6
      vertex 15.2274 -20.5563 14.6
      vertex 15.1 -20.55 14.6
    endloop
  endfacet
  facet normal -0.0493902 -0.99878 -0
    outer loop
      vertex 15.2274 -20.5563 14.6
      vertex 15.1 -20.55 7.6
      vertex 15.2274 -20.5563 7.6
    endloop
  endfacet
  facet normal -0.514265 -0.857631 0
    outer loop
      vertex 15.7128 -20.7035 7.6
      vertex 15.8222 -20.7691 14.6
      vertex 15.7128 -20.7035 14.6
    endloop
  endfacet
  facet normal -0.514265 -0.857631 -0
    outer loop
      vertex 15.8222 -20.7691 14.6
      vertex 15.7128 -20.7035 7.6
      vertex 15.8222 -20.7691 7.6
    endloop
  endfacet
  facet normal -0.337081 -0.941476 0
    outer loop
      vertex 15.4774 -20.606 7.6
      vertex 15.5975 -20.649 14.6
      vertex 15.4774 -20.606 14.6
    endloop
  endfacet
  facet normal -0.337081 -0.941476 -0
    outer loop
      vertex 15.5975 -20.649 14.6
      vertex 15.4774 -20.606 7.6
      vertex 15.5975 -20.649 7.6
    endloop
  endfacet
  facet normal -0.242904 -0.97005 0
    outer loop
      vertex 15.3536 -20.575 7.6
      vertex 15.4774 -20.606 14.6
      vertex 15.3536 -20.575 14.6
    endloop
  endfacet
  facet normal -0.242904 -0.97005 -0
    outer loop
      vertex 15.4774 -20.606 14.6
      vertex 15.3536 -20.575 7.6
      vertex 15.4774 -20.606 7.6
    endloop
  endfacet
  facet normal 0.99878 -0.0493902 0
    outer loop
      vertex 13.8 -21.85 14.6
      vertex 13.8063 -21.7226 7.6
      vertex 13.8063 -21.7226 14.6
    endloop
  endfacet
  facet normal 0.99878 -0.0493902 0
    outer loop
      vertex 13.8063 -21.7226 7.6
      vertex 13.8 -21.85 14.6
      vertex 13.8 -21.85 7.6
    endloop
  endfacet
  facet normal 0.941476 -0.337081 0
    outer loop
      vertex 13.856 -21.4726 14.6
      vertex 13.899 -21.3525 7.6
      vertex 13.899 -21.3525 14.6
    endloop
  endfacet
  facet normal 0.941476 -0.337081 0
    outer loop
      vertex 13.899 -21.3525 7.6
      vertex 13.856 -21.4726 14.6
      vertex 13.856 -21.4726 7.6
    endloop
  endfacet
  facet normal 0.97005 -0.242904 0
    outer loop
      vertex 13.825 -21.5964 14.6
      vertex 13.856 -21.4726 7.6
      vertex 13.856 -21.4726 14.6
    endloop
  endfacet
  facet normal 0.97005 -0.242904 0
    outer loop
      vertex 13.856 -21.4726 7.6
      vertex 13.825 -21.5964 14.6
      vertex 13.825 -21.5964 7.6
    endloop
  endfacet
  facet normal 0.857631 -0.514265 0
    outer loop
      vertex 13.9535 -21.2372 14.6
      vertex 14.0191 -21.1278 7.6
      vertex 14.0191 -21.1278 14.6
    endloop
  endfacet
  facet normal 0.857631 -0.514265 0
    outer loop
      vertex 14.0191 -21.1278 7.6
      vertex 13.9535 -21.2372 14.6
      vertex 13.9535 -21.2372 7.6
    endloop
  endfacet
  facet normal 0.803279 -0.595602 0
    outer loop
      vertex 14.0191 -21.1278 14.6
      vertex 14.0951 -21.0253 7.6
      vertex 14.0951 -21.0253 14.6
    endloop
  endfacet
  facet normal 0.803279 -0.595602 0
    outer loop
      vertex 14.0951 -21.0253 7.6
      vertex 14.0191 -21.1278 14.6
      vertex 14.0191 -21.1278 7.6
    endloop
  endfacet
  facet normal 0.242904 -0.97005 0
    outer loop
      vertex 14.7226 -20.606 7.6
      vertex 14.8464 -20.575 14.6
      vertex 14.7226 -20.606 14.6
    endloop
  endfacet
  facet normal 0.242904 -0.97005 0
    outer loop
      vertex 14.8464 -20.575 14.6
      vertex 14.7226 -20.606 7.6
      vertex 14.8464 -20.575 7.6
    endloop
  endfacet
  facet normal 0.0493902 -0.99878 0
    outer loop
      vertex 14.9726 -20.5563 7.6
      vertex 15.1 -20.55 14.6
      vertex 14.9726 -20.5563 14.6
    endloop
  endfacet
  facet normal 0.0493902 -0.99878 0
    outer loop
      vertex 15.1 -20.55 14.6
      vertex 14.9726 -20.5563 7.6
      vertex 15.1 -20.55 7.6
    endloop
  endfacet
  facet normal 0.514265 -0.857631 0
    outer loop
      vertex 14.3778 -20.7691 7.6
      vertex 14.4872 -20.7035 14.6
      vertex 14.3778 -20.7691 14.6
    endloop
  endfacet
  facet normal 0.514265 -0.857631 0
    outer loop
      vertex 14.4872 -20.7035 14.6
      vertex 14.3778 -20.7691 7.6
      vertex 14.4872 -20.7035 7.6
    endloop
  endfacet
  facet normal 0.595602 -0.803279 0
    outer loop
      vertex 14.2753 -20.8451 7.6
      vertex 14.3778 -20.7691 14.6
      vertex 14.2753 -20.8451 14.6
    endloop
  endfacet
  facet normal 0.595602 -0.803279 0
    outer loop
      vertex 14.3778 -20.7691 14.6
      vertex 14.2753 -20.8451 7.6
      vertex 14.3778 -20.7691 7.6
    endloop
  endfacet
  facet normal 0.427345 -0.904089 0
    outer loop
      vertex 14.4872 -20.7035 7.6
      vertex 14.6025 -20.649 14.6
      vertex 14.4872 -20.7035 14.6
    endloop
  endfacet
  facet normal 0.427345 -0.904089 0
    outer loop
      vertex 14.6025 -20.649 14.6
      vertex 14.4872 -20.7035 7.6
      vertex 14.6025 -20.649 7.6
    endloop
  endfacet
  facet normal 0.671775 -0.740755 0
    outer loop
      vertex 14.1808 -20.9308 7.6
      vertex 14.2753 -20.8451 14.6
      vertex 14.1808 -20.9308 14.6
    endloop
  endfacet
  facet normal 0.671775 -0.740755 0
    outer loop
      vertex 14.2753 -20.8451 14.6
      vertex 14.1808 -20.9308 7.6
      vertex 14.2753 -20.8451 7.6
    endloop
  endfacet
  facet normal 0.97005 0.242904 0
    outer loop
      vertex 13.856 -22.2274 14.6
      vertex 13.825 -22.1036 7.6
      vertex 13.825 -22.1036 14.6
    endloop
  endfacet
  facet normal 0.97005 0.242904 0
    outer loop
      vertex 13.825 -22.1036 7.6
      vertex 13.856 -22.2274 14.6
      vertex 13.856 -22.2274 7.6
    endloop
  endfacet
  facet normal 0 0 1
    outer loop
      vertex 16.1049 -21.0253 7.6
      vertex 16.0716 -21.198 7.6
      vertex 16.1242 -21.0512 7.6
    endloop
  endfacet
  facet normal 0 0 1
    outer loop
      vertex 16.0192 -20.9308 7.6
      vertex 16.0716 -21.198 7.6
      vertex 16.1049 -21.0253 7.6
    endloop
  endfacet
  facet normal 0 0 1
    outer loop
      vertex 15.9247 -20.8451 7.6
      vertex 16.0716 -21.198 7.6
      vertex 16.0192 -20.9308 7.6
    endloop
  endfacet
  facet normal 0 0 1
    outer loop
      vertex 16.0716 -21.198 7.6
      vertex 15.9247 -20.8451 7.6
      vertex 15.9458 -21.4642 7.6
    endloop
  endfacet
  facet normal 0 0 1
    outer loop
      vertex 15.8222 -20.7691 7.6
      vertex 15.9458 -21.4642 7.6
      vertex 15.9247 -20.8451 7.6
    endloop
  endfacet
  facet normal 0 0 1
    outer loop
      vertex 15.7128 -20.7035 7.6
      vertex 15.9458 -21.4642 7.6
      vertex 15.8222 -20.7691 7.6
    endloop
  endfacet
  facet normal 0 0 1
    outer loop
      vertex 15.5975 -20.649 7.6
      vertex 15.9458 -21.4642 7.6
      vertex 15.7128 -20.7035 7.6
    endloop
  endfacet
  facet normal 0 0 1
    outer loop
      vertex 15.9458 -21.4642 7.6
      vertex 15.5975 -20.649 7.6
      vertex 15.7944 -21.7167 7.6
    endloop
  endfacet
  facet normal 0 0 1
    outer loop
      vertex 15.4774 -20.606 7.6
      vertex 15.7944 -21.7167 7.6
      vertex 15.5975 -20.649 7.6
    endloop
  endfacet
  facet normal 0 0 1
    outer loop
      vertex 15.3536 -20.575 7.6
      vertex 15.7944 -21.7167 7.6
      vertex 15.4774 -20.606 7.6
    endloop
  endfacet
  facet normal 0 0 1
    outer loop
      vertex 15.2274 -20.5563 7.6
      vertex 15.7944 -21.7167 7.6
      vertex 15.3536 -20.575 7.6
    endloop
  endfacet
  facet normal 0 0 1
    outer loop
      vertex 15.1 -20.55 7.6
      vertex 15.7944 -21.7167 7.6
      vertex 15.2274 -20.5563 7.6
    endloop
  endfacet
  facet normal -0 0 1
    outer loop
      vertex 14.9726 -20.5563 7.6
      vertex 15.7944 -21.7167 7.6
      vertex 15.1 -20.55 7.6
    endloop
  endfacet
  facet normal 0 0 1
    outer loop
      vertex 15.7944 -21.7167 7.6
      vertex 14.9726 -20.5563 7.6
      vertex 15.619 -21.9532 7.6
    endloop
  endfacet
  facet normal -0 0 1
    outer loop
      vertex 14.8464 -20.575 7.6
      vertex 15.619 -21.9532 7.6
      vertex 14.9726 -20.5563 7.6
    endloop
  endfacet
  facet normal -0 0 1
    outer loop
      vertex 14.7226 -20.606 7.6
      vertex 15.619 -21.9532 7.6
      vertex 14.8464 -20.575 7.6
    endloop
  endfacet
  facet normal -0 0 1
    outer loop
      vertex 14.6025 -20.649 7.6
      vertex 15.619 -21.9532 7.6
      vertex 14.7226 -20.606 7.6
    endloop
  endfacet
  facet normal -0 0 1
    outer loop
      vertex 14.4872 -20.7035 7.6
      vertex 15.619 -21.9532 7.6
      vertex 14.6025 -20.649 7.6
    endloop
  endfacet
  facet normal 0 0 1
    outer loop
      vertex 15.619 -21.9532 7.6
      vertex 14.4872 -20.7035 7.6
      vertex 15.4213 -22.1713 7.6
    endloop
  endfacet
  facet normal -0 0 1
    outer loop
      vertex 14.3778 -20.7691 7.6
      vertex 15.4213 -22.1713 7.6
      vertex 14.4872 -20.7035 7.6
    endloop
  endfacet
  facet normal -0 0 1
    outer loop
      vertex 14.2753 -20.8451 7.6
      vertex 15.4213 -22.1713 7.6
      vertex 14.3778 -20.7691 7.6
    endloop
  endfacet
  facet normal -0 0 1
    outer loop
      vertex 14.1808 -20.9308 7.6
      vertex 15.4213 -22.1713 7.6
      vertex 14.2753 -20.8451 7.6
    endloop
  endfacet
  facet normal -0 0 1
    outer loop
      vertex 14.0951 -21.0253 7.6
      vertex 15.4213 -22.1713 7.6
      vertex 14.1808 -20.9308 7.6
    endloop
  endfacet
  facet normal -0 0 1
    outer loop
      vertex 14.0191 -21.1278 7.6
      vertex 15.4213 -22.1713 7.6
      vertex 14.0951 -21.0253 7.6
    endloop
  endfacet
  facet normal 0 0 1
    outer loop
      vertex 15.4213 -22.1713 7.6
      vertex 14.0191 -21.1278 7.6
      vertex 15.2032 -22.369 7.6
    endloop
  endfacet
  facet normal -0 0 1
    outer loop
      vertex 13.9535 -21.2372 7.6
      vertex 15.2032 -22.369 7.6
      vertex 14.0191 -21.1278 7.6
    endloop
  endfacet
  facet normal -0 0 1
    outer loop
      vertex 13.899 -21.3525 7.6
      vertex 15.2032 -22.369 7.6
      vertex 13.9535 -21.2372 7.6
    endloop
  endfacet
  facet normal 0 -0 1
    outer loop
      vertex 14.2753 -22.8549 7.6
      vertex 14.448 -22.8216 7.6
      vertex 14.1808 -22.7692 7.6
    endloop
  endfacet
  facet normal 0 0 1
    outer loop
      vertex 14.448 -22.8216 7.6
      vertex 14.2753 -22.8549 7.6
      vertex 14.3012 -22.8742 7.6
    endloop
  endfacet
  facet normal -0 0 1
    outer loop
      vertex 13.856 -21.4726 7.6
      vertex 15.2032 -22.369 7.6
      vertex 13.899 -21.3525 7.6
    endloop
  endfacet
  facet normal 0 0 1
    outer loop
      vertex 14.448 -22.8216 7.6
      vertex 14.0951 -22.6747 7.6
      vertex 14.1808 -22.7692 7.6
    endloop
  endfacet
  facet normal -0 0 1
    outer loop
      vertex 13.825 -21.5964 7.6
      vertex 15.2032 -22.369 7.6
      vertex 13.856 -21.4726 7.6
    endloop
  endfacet
  facet normal 0 0 1
    outer loop
      vertex 14.7142 -22.6958 7.6
      vertex 14.0951 -22.6747 7.6
      vertex 14.448 -22.8216 7.6
    endloop
  endfacet
  facet normal -0 0 1
    outer loop
      vertex 13.8063 -21.7226 7.6
      vertex 15.2032 -22.369 7.6
      vertex 13.825 -21.5964 7.6
    endloop
  endfacet
  facet normal -0 -0 1
    outer loop
      vertex 14.0951 -22.6747 7.6
      vertex 14.7142 -22.6958 7.6
      vertex 14.0191 -22.5722 7.6
    endloop
  endfacet
  facet normal 0 0 1
    outer loop
      vertex 15.2032 -22.369 7.6
      vertex 13.8063 -21.7226 7.6
      vertex 14.9667 -22.5444 7.6
    endloop
  endfacet
  facet normal -0 -0 1
    outer loop
      vertex 14.0191 -22.5722 7.6
      vertex 14.7142 -22.6958 7.6
      vertex 13.9535 -22.4628 7.6
    endloop
  endfacet
  facet normal -0 0 1
    outer loop
      vertex 13.8 -21.85 7.6
      vertex 14.9667 -22.5444 7.6
      vertex 13.8063 -21.7226 7.6
    endloop
  endfacet
  facet normal -0 -0 1
    outer loop
      vertex 13.9535 -22.4628 7.6
      vertex 14.7142 -22.6958 7.6
      vertex 13.899 -22.3475 7.6
    endloop
  endfacet
  facet normal -0 -0 1
    outer loop
      vertex 13.8063 -21.9774 7.6
      vertex 14.9667 -22.5444 7.6
      vertex 13.8 -21.85 7.6
    endloop
  endfacet
  facet normal -0 -0 1
    outer loop
      vertex 13.899 -22.3475 7.6
      vertex 14.7142 -22.6958 7.6
      vertex 13.856 -22.2274 7.6
    endloop
  endfacet
  facet normal -0 -0 1
    outer loop
      vertex 13.825 -22.1036 7.6
      vertex 14.9667 -22.5444 7.6
      vertex 13.8063 -21.9774 7.6
    endloop
  endfacet
  facet normal 0 0 1
    outer loop
      vertex 14.9667 -22.5444 7.6
      vertex 13.856 -22.2274 7.6
      vertex 14.7142 -22.6958 7.6
    endloop
  endfacet
  facet normal -0 -0 1
    outer loop
      vertex 13.856 -22.2274 7.6
      vertex 14.9667 -22.5444 7.6
      vertex 13.825 -22.1036 7.6
    endloop
  endfacet
  facet normal 0.989199 0.146577 0
    outer loop
      vertex 13.825 -22.1036 14.6
      vertex 13.8063 -21.9774 7.6
      vertex 13.8063 -21.9774 14.6
    endloop
  endfacet
  facet normal 0.989199 0.146577 0
    outer loop
      vertex 13.8063 -21.9774 7.6
      vertex 13.825 -22.1036 14.6
      vertex 13.825 -22.1036 7.6
    endloop
  endfacet
  facet normal 0.904089 0.427345 0
    outer loop
      vertex 13.9535 -22.4628 14.6
      vertex 13.899 -22.3475 7.6
      vertex 13.899 -22.3475 14.6
    endloop
  endfacet
  facet normal 0.904089 0.427345 0
    outer loop
      vertex 13.899 -22.3475 7.6
      vertex 13.9535 -22.4628 14.6
      vertex 13.9535 -22.4628 7.6
    endloop
  endfacet
  facet normal 0.59752 0.801854 -0
    outer loop
      vertex 14.3012 -22.8742 7.6
      vertex 14.2753 -22.8549 14.6
      vertex 14.3012 -22.8742 14.6
    endloop
  endfacet
  facet normal 0.59752 0.801854 0
    outer loop
      vertex 14.2753 -22.8549 14.6
      vertex 14.3012 -22.8742 7.6
      vertex 14.2753 -22.8549 7.6
    endloop
  endfacet
  facet normal 0.941476 0.337081 0
    outer loop
      vertex 13.899 -22.3475 14.6
      vertex 13.856 -22.2274 7.6
      vertex 13.856 -22.2274 14.6
    endloop
  endfacet
  facet normal 0.941476 0.337081 0
    outer loop
      vertex 13.856 -22.2274 7.6
      vertex 13.899 -22.3475 14.6
      vertex 13.899 -22.3475 7.6
    endloop
  endfacet
  facet normal 0.857631 0.514265 0
    outer loop
      vertex 14.0191 -22.5722 14.6
      vertex 13.9535 -22.4628 7.6
      vertex 13.9535 -22.4628 14.6
    endloop
  endfacet
  facet normal 0.857631 0.514265 0
    outer loop
      vertex 13.9535 -22.4628 7.6
      vertex 14.0191 -22.5722 14.6
      vertex 14.0191 -22.5722 7.6
    endloop
  endfacet
  facet normal 0.740755 0.671775 0
    outer loop
      vertex 14.1808 -22.7692 14.6
      vertex 14.0951 -22.6747 7.6
      vertex 14.0951 -22.6747 14.6
    endloop
  endfacet
  facet normal 0.740755 0.671775 0
    outer loop
      vertex 14.0951 -22.6747 7.6
      vertex 14.1808 -22.7692 14.6
      vertex 14.1808 -22.7692 7.6
    endloop
  endfacet
  facet normal 0.904089 -0.427345 0
    outer loop
      vertex 13.899 22.3475 14.6
      vertex 13.9535 22.4628 7.6
      vertex 13.9535 22.4628 14.6
    endloop
  endfacet
  facet normal 0.904089 -0.427345 0
    outer loop
      vertex 13.9535 22.4628 7.6
      vertex 13.899 22.3475 14.6
      vertex 13.899 22.3475 7.6
    endloop
  endfacet
  facet normal 0.989199 -0.146577 0
    outer loop
      vertex 13.8063 21.9774 14.6
      vertex 13.825 22.1036 7.6
      vertex 13.825 22.1036 14.6
    endloop
  endfacet
  facet normal 0.989199 -0.146577 0
    outer loop
      vertex 13.825 22.1036 7.6
      vertex 13.8063 21.9774 14.6
      vertex 13.8063 21.9774 7.6
    endloop
  endfacet
  facet normal 0.740755 -0.671775 0
    outer loop
      vertex 14.0951 22.6747 14.6
      vertex 14.1808 22.7692 7.6
      vertex 14.1808 22.7692 14.6
    endloop
  endfacet
  facet normal 0.740755 -0.671775 0
    outer loop
      vertex 14.1808 22.7692 7.6
      vertex 14.0951 22.6747 14.6
      vertex 14.0951 22.6747 7.6
    endloop
  endfacet
  facet normal 0.146577 0.989199 -0
    outer loop
      vertex 14.9726 20.5563 7.6
      vertex 14.8464 20.575 14.6
      vertex 14.9726 20.5563 14.6
    endloop
  endfacet
  facet normal 0.146577 0.989199 0
    outer loop
      vertex 14.8464 20.575 14.6
      vertex 14.9726 20.5563 7.6
      vertex 14.8464 20.575 7.6
    endloop
  endfacet
  facet normal 0.671775 0.740755 -0
    outer loop
      vertex 14.2753 20.8451 7.6
      vertex 14.1808 20.9308 14.6
      vertex 14.2753 20.8451 14.6
    endloop
  endfacet
  facet normal 0.671775 0.740755 0
    outer loop
      vertex 14.1808 20.9308 14.6
      vertex 14.2753 20.8451 7.6
      vertex 14.1808 20.9308 7.6
    endloop
  endfacet
  facet normal 0.989199 0.146577 0
    outer loop
      vertex 13.825 21.5964 14.6
      vertex 13.8063 21.7226 7.6
      vertex 13.8063 21.7226 14.6
    endloop
  endfacet
  facet normal 0.989199 0.146577 0
    outer loop
      vertex 13.8063 21.7226 7.6
      vertex 13.825 21.5964 14.6
      vertex 13.825 21.5964 7.6
    endloop
  endfacet
  facet normal 0 0 1
    outer loop
      vertex 16.0716 21.198 7.6
      vertex 16.1049 21.0253 7.6
      vertex 16.1242 21.0512 7.6
    endloop
  endfacet
  facet normal 0 0 1
    outer loop
      vertex 16.0716 21.198 7.6
      vertex 16.0192 20.9308 7.6
      vertex 16.1049 21.0253 7.6
    endloop
  endfacet
  facet normal 0 0 1
    outer loop
      vertex 15.9247 20.8451 7.6
      vertex 16.0716 21.198 7.6
      vertex 15.9458 21.4642 7.6
    endloop
  endfacet
  facet normal 0 0 1
    outer loop
      vertex 16.0716 21.198 7.6
      vertex 15.9247 20.8451 7.6
      vertex 16.0192 20.9308 7.6
    endloop
  endfacet
  facet normal 0 0 1
    outer loop
      vertex 15.9458 21.4642 7.6
      vertex 15.8222 20.7691 7.6
      vertex 15.9247 20.8451 7.6
    endloop
  endfacet
  facet normal 0 0 1
    outer loop
      vertex 15.5975 20.649 7.6
      vertex 15.9458 21.4642 7.6
      vertex 15.7944 21.7167 7.6
    endloop
  endfacet
  facet normal 0 0 1
    outer loop
      vertex 15.9458 21.4642 7.6
      vertex 15.7128 20.7035 7.6
      vertex 15.8222 20.7691 7.6
    endloop
  endfacet
  facet normal 0 0 1
    outer loop
      vertex 14.9726 20.5563 7.6
      vertex 15.7944 21.7167 7.6
      vertex 15.619 21.9532 7.6
    endloop
  endfacet
  facet normal 0 0 1
    outer loop
      vertex 15.9458 21.4642 7.6
      vertex 15.5975 20.649 7.6
      vertex 15.7128 20.7035 7.6
    endloop
  endfacet
  facet normal 0 0 1
    outer loop
      vertex 15.7944 21.7167 7.6
      vertex 15.4774 20.606 7.6
      vertex 15.5975 20.649 7.6
    endloop
  endfacet
  facet normal 0 0 1
    outer loop
      vertex 14.4872 20.7035 7.6
      vertex 15.619 21.9532 7.6
      vertex 15.4213 22.1713 7.6
    endloop
  endfacet
  facet normal 0 0 1
    outer loop
      vertex 15.7944 21.7167 7.6
      vertex 15.3536 20.575 7.6
      vertex 15.4774 20.606 7.6
    endloop
  endfacet
  facet normal 0 0 1
    outer loop
      vertex 15.7944 21.7167 7.6
      vertex 15.2274 20.5563 7.6
      vertex 15.3536 20.575 7.6
    endloop
  endfacet
  facet normal 0 0 1
    outer loop
      vertex 14.0191 21.1278 7.6
      vertex 15.4213 22.1713 7.6
      vertex 15.2032 22.369 7.6
    endloop
  endfacet
  facet normal 0 0 1
    outer loop
      vertex 15.7944 21.7167 7.6
      vertex 15.1 20.55 7.6
      vertex 15.2274 20.5563 7.6
    endloop
  endfacet
  facet normal 0 0 1
    outer loop
      vertex 15.7944 21.7167 7.6
      vertex 14.9726 20.5563 7.6
      vertex 15.1 20.55 7.6
    endloop
  endfacet
  facet normal 0 0 1
    outer loop
      vertex 13.8063 21.7226 7.6
      vertex 15.2032 22.369 7.6
      vertex 14.9667 22.5444 7.6
    endloop
  endfacet
  facet normal 0 0 1
    outer loop
      vertex 15.619 21.9532 7.6
      vertex 14.8464 20.575 7.6
      vertex 14.9726 20.5563 7.6
    endloop
  endfacet
  facet normal 0 0 1
    outer loop
      vertex 15.619 21.9532 7.6
      vertex 14.7226 20.606 7.6
      vertex 14.8464 20.575 7.6
    endloop
  endfacet
  facet normal 0 0 1
    outer loop
      vertex 13.856 22.2274 7.6
      vertex 14.9667 22.5444 7.6
      vertex 14.7142 22.6958 7.6
    endloop
  endfacet
  facet normal 0 0 1
    outer loop
      vertex 15.619 21.9532 7.6
      vertex 14.6025 20.649 7.6
      vertex 14.7226 20.606 7.6
    endloop
  endfacet
  facet normal 0 0 1
    outer loop
      vertex 15.619 21.9532 7.6
      vertex 14.4872 20.7035 7.6
      vertex 14.6025 20.649 7.6
    endloop
  endfacet
  facet normal 0 0 1
    outer loop
      vertex 14.0951 22.6747 7.6
      vertex 14.7142 22.6958 7.6
      vertex 14.448 22.8216 7.6
    endloop
  endfacet
  facet normal 0 0 1
    outer loop
      vertex 15.4213 22.1713 7.6
      vertex 14.3778 20.7691 7.6
      vertex 14.4872 20.7035 7.6
    endloop
  endfacet
  facet normal -0 0 1
    outer loop
      vertex 14.2753 22.8549 7.6
      vertex 14.448 22.8216 7.6
      vertex 14.3012 22.8742 7.6
    endloop
  endfacet
  facet normal 0 0 1
    outer loop
      vertex 14.448 22.8216 7.6
      vertex 14.2753 22.8549 7.6
      vertex 14.1808 22.7692 7.6
    endloop
  endfacet
  facet normal 0 0 1
    outer loop
      vertex 15.4213 22.1713 7.6
      vertex 14.2753 20.8451 7.6
      vertex 14.3778 20.7691 7.6
    endloop
  endfacet
  facet normal 0 0 1
    outer loop
      vertex 14.0951 22.6747 7.6
      vertex 14.448 22.8216 7.6
      vertex 14.1808 22.7692 7.6
    endloop
  endfacet
  facet normal 0 0 1
    outer loop
      vertex 15.4213 22.1713 7.6
      vertex 14.1808 20.9308 7.6
      vertex 14.2753 20.8451 7.6
    endloop
  endfacet
  facet normal 0 0 1
    outer loop
      vertex 14.7142 22.6958 7.6
      vertex 14.0951 22.6747 7.6
      vertex 14.0191 22.5722 7.6
    endloop
  endfacet
  facet normal 0 0 1
    outer loop
      vertex 15.4213 22.1713 7.6
      vertex 14.0951 21.0253 7.6
      vertex 14.1808 20.9308 7.6
    endloop
  endfacet
  facet normal 0 0 1
    outer loop
      vertex 14.7142 22.6958 7.6
      vertex 14.0191 22.5722 7.6
      vertex 13.9535 22.4628 7.6
    endloop
  endfacet
  facet normal 0 0 1
    outer loop
      vertex 15.4213 22.1713 7.6
      vertex 14.0191 21.1278 7.6
      vertex 14.0951 21.0253 7.6
    endloop
  endfacet
  facet normal 0 0 1
    outer loop
      vertex 14.7142 22.6958 7.6
      vertex 13.9535 22.4628 7.6
      vertex 13.899 22.3475 7.6
    endloop
  endfacet
  facet normal 0 0 1
    outer loop
      vertex 15.2032 22.369 7.6
      vertex 13.9535 21.2372 7.6
      vertex 14.0191 21.1278 7.6
    endloop
  endfacet
  facet normal 0 0 1
    outer loop
      vertex 14.7142 22.6958 7.6
      vertex 13.899 22.3475 7.6
      vertex 13.856 22.2274 7.6
    endloop
  endfacet
  facet normal 0 0 1
    outer loop
      vertex 15.2032 22.369 7.6
      vertex 13.899 21.3525 7.6
      vertex 13.9535 21.2372 7.6
    endloop
  endfacet
  facet normal 0 0 1
    outer loop
      vertex 14.9667 22.5444 7.6
      vertex 13.856 22.2274 7.6
      vertex 13.825 22.1036 7.6
    endloop
  endfacet
  facet normal 0 0 1
    outer loop
      vertex 15.2032 22.369 7.6
      vertex 13.856 21.4726 7.6
      vertex 13.899 21.3525 7.6
    endloop
  endfacet
  facet normal 0 0 1
    outer loop
      vertex 14.9667 22.5444 7.6
      vertex 13.825 22.1036 7.6
      vertex 13.8063 21.9774 7.6
    endloop
  endfacet
  facet normal 0 0 1
    outer loop
      vertex 15.2032 22.369 7.6
      vertex 13.825 21.5964 7.6
      vertex 13.856 21.4726 7.6
    endloop
  endfacet
  facet normal 0 0 1
    outer loop
      vertex 14.9667 22.5444 7.6
      vertex 13.8063 21.9774 7.6
      vertex 13.8 21.85 7.6
    endloop
  endfacet
  facet normal 0 0 1
    outer loop
      vertex 15.2032 22.369 7.6
      vertex 13.8063 21.7226 7.6
      vertex 13.825 21.5964 7.6
    endloop
  endfacet
  facet normal 0 0 1
    outer loop
      vertex 14.9667 22.5444 7.6
      vertex 13.8 21.85 7.6
      vertex 13.8063 21.7226 7.6
    endloop
  endfacet
  facet normal 0.99878 -0.0493902 0
    outer loop
      vertex 13.8 21.85 14.6
      vertex 13.8063 21.9774 7.6
      vertex 13.8063 21.9774 14.6
    endloop
  endfacet
  facet normal 0.99878 -0.0493902 0
    outer loop
      vertex 13.8063 21.9774 7.6
      vertex 13.8 21.85 14.6
      vertex 13.8 21.85 7.6
    endloop
  endfacet
  facet normal 0.941476 -0.337081 0
    outer loop
      vertex 13.856 22.2274 14.6
      vertex 13.899 22.3475 7.6
      vertex 13.899 22.3475 14.6
    endloop
  endfacet
  facet normal 0.941476 -0.337081 0
    outer loop
      vertex 13.899 22.3475 7.6
      vertex 13.856 22.2274 14.6
      vertex 13.856 22.2274 7.6
    endloop
  endfacet
  facet normal 0.97005 -0.242904 0
    outer loop
      vertex 13.825 22.1036 14.6
      vertex 13.856 22.2274 7.6
      vertex 13.856 22.2274 14.6
    endloop
  endfacet
  facet normal 0.97005 -0.242904 0
    outer loop
      vertex 13.856 22.2274 7.6
      vertex 13.825 22.1036 14.6
      vertex 13.825 22.1036 7.6
    endloop
  endfacet
  facet normal 0.857631 -0.514265 0
    outer loop
      vertex 13.9535 22.4628 14.6
      vertex 14.0191 22.5722 7.6
      vertex 14.0191 22.5722 14.6
    endloop
  endfacet
  facet normal 0.857631 -0.514265 0
    outer loop
      vertex 14.0191 22.5722 7.6
      vertex 13.9535 22.4628 14.6
      vertex 13.9535 22.4628 7.6
    endloop
  endfacet
  facet normal 0.803279 -0.595602 0
    outer loop
      vertex 14.0191 22.5722 14.6
      vertex 14.0951 22.6747 7.6
      vertex 14.0951 22.6747 14.6
    endloop
  endfacet
  facet normal 0.803279 -0.595602 0
    outer loop
      vertex 14.0951 22.6747 7.6
      vertex 14.0191 22.5722 14.6
      vertex 14.0191 22.5722 7.6
    endloop
  endfacet
  facet normal 0.59752 -0.801854 0
    outer loop
      vertex 14.2753 22.8549 7.6
      vertex 14.3012 22.8742 14.6
      vertex 14.2753 22.8549 14.6
    endloop
  endfacet
  facet normal 0.59752 -0.801854 0
    outer loop
      vertex 14.3012 22.8742 14.6
      vertex 14.2753 22.8549 7.6
      vertex 14.3012 22.8742 7.6
    endloop
  endfacet
  facet normal 0.671775 -0.740755 0
    outer loop
      vertex 14.1808 22.7692 7.6
      vertex 14.2753 22.8549 14.6
      vertex 14.1808 22.7692 14.6
    endloop
  endfacet
  facet normal 0.671775 -0.740755 0
    outer loop
      vertex 14.2753 22.8549 14.6
      vertex 14.1808 22.7692 7.6
      vertex 14.2753 22.8549 7.6
    endloop
  endfacet
  facet normal -0.0493902 0.99878 0
    outer loop
      vertex 15.2274 20.5563 7.6
      vertex 15.1 20.55 14.6
      vertex 15.2274 20.5563 14.6
    endloop
  endfacet
  facet normal -0.0493902 0.99878 0
    outer loop
      vertex 15.1 20.55 14.6
      vertex 15.2274 20.5563 7.6
      vertex 15.1 20.55 7.6
    endloop
  endfacet
  facet normal -0.146577 0.989199 0
    outer loop
      vertex 15.3536 20.575 7.6
      vertex 15.2274 20.5563 14.6
      vertex 15.3536 20.575 14.6
    endloop
  endfacet
  facet normal -0.146577 0.989199 0
    outer loop
      vertex 15.2274 20.5563 14.6
      vertex 15.3536 20.575 7.6
      vertex 15.2274 20.5563 7.6
    endloop
  endfacet
  facet normal -0.242904 0.97005 0
    outer loop
      vertex 15.4774 20.606 7.6
      vertex 15.3536 20.575 14.6
      vertex 15.4774 20.606 14.6
    endloop
  endfacet
  facet normal -0.242904 0.97005 0
    outer loop
      vertex 15.3536 20.575 14.6
      vertex 15.4774 20.606 7.6
      vertex 15.3536 20.575 7.6
    endloop
  endfacet
  facet normal -0.595602 0.803279 0
    outer loop
      vertex 15.9247 20.8451 7.6
      vertex 15.8222 20.7691 14.6
      vertex 15.9247 20.8451 14.6
    endloop
  endfacet
  facet normal -0.595602 0.803279 0
    outer loop
      vertex 15.8222 20.7691 14.6
      vertex 15.9247 20.8451 7.6
      vertex 15.8222 20.7691 7.6
    endloop
  endfacet
  facet normal -0.427345 0.904089 0
    outer loop
      vertex 15.7128 20.7035 7.6
      vertex 15.5975 20.649 14.6
      vertex 15.7128 20.7035 14.6
    endloop
  endfacet
  facet normal -0.427345 0.904089 0
    outer loop
      vertex 15.5975 20.649 14.6
      vertex 15.7128 20.7035 7.6
      vertex 15.5975 20.649 7.6
    endloop
  endfacet
  facet normal 0.0493902 0.99878 -0
    outer loop
      vertex 15.1 20.55 7.6
      vertex 14.9726 20.5563 14.6
      vertex 15.1 20.55 14.6
    endloop
  endfacet
  facet normal 0.0493902 0.99878 0
    outer loop
      vertex 14.9726 20.5563 14.6
      vertex 15.1 20.55 7.6
      vertex 14.9726 20.5563 7.6
    endloop
  endfacet
  facet normal 0.337081 0.941476 -0
    outer loop
      vertex 14.7226 20.606 7.6
      vertex 14.6025 20.649 14.6
      vertex 14.7226 20.606 14.6
    endloop
  endfacet
  facet normal 0.337081 0.941476 0
    outer loop
      vertex 14.6025 20.649 14.6
      vertex 14.7226 20.606 7.6
      vertex 14.6025 20.649 7.6
    endloop
  endfacet
  facet normal 0.514265 0.857631 -0
    outer loop
      vertex 14.4872 20.7035 7.6
      vertex 14.3778 20.7691 14.6
      vertex 14.4872 20.7035 14.6
    endloop
  endfacet
  facet normal 0.514265 0.857631 0
    outer loop
      vertex 14.3778 20.7691 14.6
      vertex 14.4872 20.7035 7.6
      vertex 14.3778 20.7691 7.6
    endloop
  endfacet
  facet normal 0.97005 0.242904 0
    outer loop
      vertex 13.856 21.4726 14.6
      vertex 13.825 21.5964 7.6
      vertex 13.825 21.5964 14.6
    endloop
  endfacet
  facet normal 0.97005 0.242904 0
    outer loop
      vertex 13.825 21.5964 7.6
      vertex 13.856 21.4726 14.6
      vertex 13.856 21.4726 7.6
    endloop
  endfacet
  facet normal 0.99878 0.0493902 0
    outer loop
      vertex 13.8063 21.7226 14.6
      vertex 13.8 21.85 7.6
      vertex 13.8 21.85 14.6
    endloop
  endfacet
  facet normal 0.99878 0.0493902 0
    outer loop
      vertex 13.8 21.85 7.6
      vertex 13.8063 21.7226 14.6
      vertex 13.8063 21.7226 7.6
    endloop
  endfacet
  facet normal 0.803279 0.595602 0
    outer loop
      vertex 14.0951 21.0253 14.6
      vertex 14.0191 21.1278 7.6
      vertex 14.0191 21.1278 14.6
    endloop
  endfacet
  facet normal 0.803279 0.595602 0
    outer loop
      vertex 14.0191 21.1278 7.6
      vertex 14.0951 21.0253 14.6
      vertex 14.0951 21.0253 7.6
    endloop
  endfacet
  facet normal 0.904089 0.427345 0
    outer loop
      vertex 13.9535 21.2372 14.6
      vertex 13.899 21.3525 7.6
      vertex 13.899 21.3525 14.6
    endloop
  endfacet
  facet normal 0.904089 0.427345 0
    outer loop
      vertex 13.899 21.3525 7.6
      vertex 13.9535 21.2372 14.6
      vertex 13.9535 21.2372 7.6
    endloop
  endfacet
  facet normal 0.740755 0.671775 0
    outer loop
      vertex 14.1808 20.9308 14.6
      vertex 14.0951 21.0253 7.6
      vertex 14.0951 21.0253 14.6
    endloop
  endfacet
  facet normal 0.740755 0.671775 0
    outer loop
      vertex 14.0951 21.0253 7.6
      vertex 14.1808 20.9308 14.6
      vertex 14.1808 20.9308 7.6
    endloop
  endfacet
  facet normal -0.337081 0.941476 0
    outer loop
      vertex 15.5975 20.649 7.6
      vertex 15.4774 20.606 14.6
      vertex 15.5975 20.649 14.6
    endloop
  endfacet
  facet normal -0.337081 0.941476 0
    outer loop
      vertex 15.4774 20.606 14.6
      vertex 15.5975 20.649 7.6
      vertex 15.4774 20.606 7.6
    endloop
  endfacet
  facet normal -0.671775 0.740755 0
    outer loop
      vertex 16.0192 20.9308 7.6
      vertex 15.9247 20.8451 14.6
      vertex 16.0192 20.9308 14.6
    endloop
  endfacet
  facet normal -0.671775 0.740755 0
    outer loop
      vertex 15.9247 20.8451 14.6
      vertex 16.0192 20.9308 7.6
      vertex 15.9247 20.8451 7.6
    endloop
  endfacet
  facet normal -0.514265 0.857631 0
    outer loop
      vertex 15.8222 20.7691 7.6
      vertex 15.7128 20.7035 14.6
      vertex 15.8222 20.7691 14.6
    endloop
  endfacet
  facet normal -0.514265 0.857631 0
    outer loop
      vertex 15.7128 20.7035 14.6
      vertex 15.8222 20.7691 7.6
      vertex 15.7128 20.7035 7.6
    endloop
  endfacet
  facet normal 0.242904 0.97005 -0
    outer loop
      vertex 14.8464 20.575 7.6
      vertex 14.7226 20.606 14.6
      vertex 14.8464 20.575 14.6
    endloop
  endfacet
  facet normal 0.242904 0.97005 0
    outer loop
      vertex 14.7226 20.606 14.6
      vertex 14.8464 20.575 7.6
      vertex 14.7226 20.606 7.6
    endloop
  endfacet
  facet normal 0.427345 0.904089 -0
    outer loop
      vertex 14.6025 20.649 7.6
      vertex 14.4872 20.7035 14.6
      vertex 14.6025 20.649 14.6
    endloop
  endfacet
  facet normal 0.427345 0.904089 0
    outer loop
      vertex 14.4872 20.7035 14.6
      vertex 14.6025 20.649 7.6
      vertex 14.4872 20.7035 7.6
    endloop
  endfacet
  facet normal 0.595602 0.803279 -0
    outer loop
      vertex 14.3778 20.7691 7.6
      vertex 14.2753 20.8451 14.6
      vertex 14.3778 20.7691 14.6
    endloop
  endfacet
  facet normal 0.595602 0.803279 0
    outer loop
      vertex 14.2753 20.8451 14.6
      vertex 14.3778 20.7691 7.6
      vertex 14.2753 20.8451 7.6
    endloop
  endfacet
  facet normal 0.941476 0.337081 0
    outer loop
      vertex 13.899 21.3525 14.6
      vertex 13.856 21.4726 7.6
      vertex 13.856 21.4726 14.6
    endloop
  endfacet
  facet normal 0.941476 0.337081 0
    outer loop
      vertex 13.856 21.4726 7.6
      vertex 13.899 21.3525 14.6
      vertex 13.899 21.3525 7.6
    endloop
  endfacet
  facet normal 0.857631 0.514265 0
    outer loop
      vertex 14.0191 21.1278 14.6
      vertex 13.9535 21.2372 7.6
      vertex 13.9535 21.2372 14.6
    endloop
  endfacet
  facet normal 0.857631 0.514265 0
    outer loop
      vertex 13.9535 21.2372 7.6
      vertex 14.0191 21.1278 14.6
      vertex 14.0191 21.1278 7.6
    endloop
  endfacet
  facet normal -0.801854 0.59752 0
    outer loop
      vertex 16.1049 21.0253 7.6
      vertex 16.1242 21.0512 14.6
      vertex 16.1242 21.0512 7.6
    endloop
  endfacet
  facet normal -0.801854 0.59752 0
    outer loop
      vertex 16.1242 21.0512 14.6
      vertex 16.1049 21.0253 7.6
      vertex 16.1049 21.0253 14.6
    endloop
  endfacet
  facet normal -0.740755 0.671775 0
    outer loop
      vertex 16.0192 20.9308 7.6
      vertex 16.1049 21.0253 14.6
      vertex 16.1049 21.0253 7.6
    endloop
  endfacet
  facet normal -0.740755 0.671775 0
    outer loop
      vertex 16.1049 21.0253 14.6
      vertex 16.0192 20.9308 7.6
      vertex 16.0192 20.9308 14.6
    endloop
  endfacet
  facet normal -0.9038 -0.427955 0
    outer loop
      vertex 13.7478 19.4154 2
      vertex 13.6638 19.5928 4.4
      vertex 13.6638 19.5928 2
    endloop
  endfacet
  facet normal -0.9038 -0.427955 0
    outer loop
      vertex 13.6638 19.5928 4.4
      vertex 13.7478 19.4154 2
      vertex 13.7478 19.4154 4.4
    endloop
  endfacet
  facet normal -0.9038 -0.427955 0
    outer loop
      vertex 13.7478 19.4154 5.6
      vertex 13.6638 19.5928 14.6
      vertex 13.6638 19.5928 5.6
    endloop
  endfacet
  facet normal -0.9038 -0.427955 0
    outer loop
      vertex 13.6638 19.5928 14.6
      vertex 13.7478 19.4154 5.6
      vertex 13.7478 19.4154 14.6
    endloop
  endfacet
  facet normal -0.970023 0.243015 0
    outer loop
      vertex 13.8139 -19.2306 2
      vertex 13.8616 -19.0402 4.4
      vertex 13.8616 -19.0402 2
    endloop
  endfacet
  facet normal -0.970023 0.243015 0
    outer loop
      vertex 13.8616 -19.0402 4.4
      vertex 13.8139 -19.2306 2
      vertex 13.8139 -19.2306 4.4
    endloop
  endfacet
  facet normal -0.970023 0.243015 0
    outer loop
      vertex 13.8139 -19.2306 5.6
      vertex 13.8616 -19.0402 14.6
      vertex 13.8616 -19.0402 5.6
    endloop
  endfacet
  facet normal -0.970023 0.243015 0
    outer loop
      vertex 13.8616 -19.0402 14.6
      vertex 13.8139 -19.2306 5.6
      vertex 13.8139 -19.2306 14.6
    endloop
  endfacet
  facet normal -1 0 0
    outer loop
      vertex 13.9 18.65 2
      vertex 13.9 10.1 4
      vertex 13.9 18.65 4.4
    endloop
  endfacet
  facet normal -1 0 0
    outer loop
      vertex 13.9 18.65 2
      vertex 13.9 7.9 4
      vertex 13.9 10.1 4
    endloop
  endfacet
  facet normal -1 0 0
    outer loop
      vertex 13.9 7.9 4
      vertex 13.9 4.1 4
      vertex 13.9 7.9 4.4
    endloop
  endfacet
  facet normal -1 0 0
    outer loop
      vertex 13.9 18.65 2
      vertex 13.9 4.1 4
      vertex 13.9 7.9 4
    endloop
  endfacet
  facet normal -1 0 0
    outer loop
      vertex 13.9 18.65 2
      vertex 13.9 1.9 4
      vertex 13.9 4.1 4
    endloop
  endfacet
  facet normal -1 0 0
    outer loop
      vertex 13.9 1.9 4
      vertex 13.9 -1.9 4
      vertex 13.9 1.9 4.4
    endloop
  endfacet
  facet normal -1 0 0
    outer loop
      vertex 13.9 18.65 2
      vertex 13.9 -1.9 4
      vertex 13.9 1.9 4
    endloop
  endfacet
  facet normal -1 0 0
    outer loop
      vertex 13.9 -18.65 2
      vertex 13.9 -1.9 4
      vertex 13.9 18.65 2
    endloop
  endfacet
  facet normal -1 0 0
    outer loop
      vertex 13.9 -4.1 4
      vertex 13.9 -7.9 4
      vertex 13.9 -4.1 4.4
    endloop
  endfacet
  facet normal -1 -0 0
    outer loop
      vertex 13.9 -1.9 4
      vertex 13.9 -18.65 2
      vertex 13.9 -4.1 4
    endloop
  endfacet
  facet normal -1 -0 0
    outer loop
      vertex 13.9 -4.1 4
      vertex 13.9 -18.65 2
      vertex 13.9 -7.9 4
    endloop
  endfacet
  facet normal -1 -0 0
    outer loop
      vertex 13.9 -7.9 4
      vertex 13.9 -18.65 2
      vertex 13.9 -10.1 4
    endloop
  endfacet
  facet normal -1 0 0
    outer loop
      vertex 13.9 -18.65 4.4
      vertex 13.9 -10.1 4
      vertex 13.9 -18.65 2
    endloop
  endfacet
  facet normal -1 0 0
    outer loop
      vertex 13.9 -10.1 4
      vertex 13.9 -18.65 4.4
      vertex 13.9 -10.1 4.4
    endloop
  endfacet
  facet normal -1 -0 0
    outer loop
      vertex 13.9 18.65 4.4
      vertex 13.9 10.1 4
      vertex 13.9 10.1 4.4
    endloop
  endfacet
  facet normal -1 -0 0
    outer loop
      vertex 13.9 7.9 4.4
      vertex 13.9 4.1 4
      vertex 13.9 4.1 4.4
    endloop
  endfacet
  facet normal -1 -0 0
    outer loop
      vertex 13.9 1.9 4.4
      vertex 13.9 -1.9 4
      vertex 13.9 -1.9 4.4
    endloop
  endfacet
  facet normal -1 -0 0
    outer loop
      vertex 13.9 -4.1 4.4
      vertex 13.9 -7.9 4
      vertex 13.9 -7.9 4.4
    endloop
  endfacet
  facet normal -1 0 0
    outer loop
      vertex 13.9 -10.1 5.6
      vertex 13.9 -18.65 5.6
      vertex 13.9 -10.1 12.6
    endloop
  endfacet
  facet normal -1 0 0
    outer loop
      vertex 13.9 -4.1 5.6
      vertex 13.9 -7.9 5.6
      vertex 13.9 -4.1 12.6
    endloop
  endfacet
  facet normal -1 0 0
    outer loop
      vertex 13.9 1.9 5.6
      vertex 13.9 -1.9 5.6
      vertex 13.9 1.9 12.6
    endloop
  endfacet
  facet normal -1 0 0
    outer loop
      vertex 13.9 7.9 5.6
      vertex 13.9 4.1 5.6
      vertex 13.9 7.9 12.6
    endloop
  endfacet
  facet normal -1 0 0
    outer loop
      vertex 13.9 10.1 12.6
      vertex 13.9 18.65 5.6
      vertex 13.9 10.1 5.6
    endloop
  endfacet
  facet normal -1 0 0
    outer loop
      vertex 13.9 18.65 5.6
      vertex 13.9 10.1 12.6
      vertex 13.9 18.65 14.6
    endloop
  endfacet
  facet normal -1 0 0
    outer loop
      vertex 13.9 7.9 12.6
      vertex 13.9 18.65 14.6
      vertex 13.9 10.1 12.6
    endloop
  endfacet
  facet normal -1 0 0
    outer loop
      vertex 13.9 4.1 12.6
      vertex 13.9 7.9 12.6
      vertex 13.9 4.1 5.6
    endloop
  endfacet
  facet normal -1 0 0
    outer loop
      vertex 13.9 4.1 12.6
      vertex 13.9 18.65 14.6
      vertex 13.9 7.9 12.6
    endloop
  endfacet
  facet normal -1 0 0
    outer loop
      vertex 13.9 1.9 12.6
      vertex 13.9 18.65 14.6
      vertex 13.9 4.1 12.6
    endloop
  endfacet
  facet normal -1 0 0
    outer loop
      vertex 13.9 -1.9 12.6
      vertex 13.9 1.9 12.6
      vertex 13.9 -1.9 5.6
    endloop
  endfacet
  facet normal -1 0 0
    outer loop
      vertex 13.9 -1.9 12.6
      vertex 13.9 18.65 14.6
      vertex 13.9 1.9 12.6
    endloop
  endfacet
  facet normal -1 0 0
    outer loop
      vertex 13.9 -18.65 14.6
      vertex 13.9 -1.9 12.6
      vertex 13.9 -4.1 12.6
    endloop
  endfacet
  facet normal -1 0 0
    outer loop
      vertex 13.9 -7.9 12.6
      vertex 13.9 -4.1 12.6
      vertex 13.9 -7.9 5.6
    endloop
  endfacet
  facet normal -1 0 0
    outer loop
      vertex 13.9 -18.65 14.6
      vertex 13.9 -4.1 12.6
      vertex 13.9 -7.9 12.6
    endloop
  endfacet
  facet normal -1 0 0
    outer loop
      vertex 13.9 -18.65 14.6
      vertex 13.9 -7.9 12.6
      vertex 13.9 -10.1 12.6
    endloop
  endfacet
  facet normal -1 0 0
    outer loop
      vertex 13.9 -1.9 12.6
      vertex 13.9 -18.65 14.6
      vertex 13.9 18.65 14.6
    endloop
  endfacet
  facet normal -1 0 0
    outer loop
      vertex 13.9 -18.65 14.6
      vertex 13.9 -10.1 12.6
      vertex 13.9 -18.65 5.6
    endloop
  endfacet
  facet normal 1 -0 0
    outer loop
      vertex 13.9 -10.1 5.6
      vertex 13.9 -7.9 4.4
      vertex 13.9 -7.9 5.6
    endloop
  endfacet
  facet normal 1 0 0
    outer loop
      vertex 13.9 -7.9 4.4
      vertex 13.9 -10.1 5.6
      vertex 13.9 -10.1 4.4
    endloop
  endfacet
  facet normal 1 -0 0
    outer loop
      vertex 13.9 1.9 5.6
      vertex 13.9 4.1 4.4
      vertex 13.9 4.1 5.6
    endloop
  endfacet
  facet normal 1 0 0
    outer loop
      vertex 13.9 4.1 4.4
      vertex 13.9 1.9 5.6
      vertex 13.9 1.9 4.4
    endloop
  endfacet
  facet normal 1 -0 0
    outer loop
      vertex 13.9 -4.1 5.6
      vertex 13.9 -1.9 4.4
      vertex 13.9 -1.9 5.6
    endloop
  endfacet
  facet normal 1 0 0
    outer loop
      vertex 13.9 -1.9 4.4
      vertex 13.9 -4.1 5.6
      vertex 13.9 -4.1 4.4
    endloop
  endfacet
  facet normal 1 -0 0
    outer loop
      vertex 13.9 7.9 5.6
      vertex 13.9 10.1 4.4
      vertex 13.9 10.1 5.6
    endloop
  endfacet
  facet normal 1 0 0
    outer loop
      vertex 13.9 10.1 4.4
      vertex 13.9 7.9 5.6
      vertex 13.9 7.9 4.4
    endloop
  endfacet
  facet normal -0.998803 0.0489209 0
    outer loop
      vertex 13.8904 -18.846 2
      vertex 13.9 -18.65 4.4
      vertex 13.9 -18.65 2
    endloop
  endfacet
  facet normal -0.998803 0.0489209 0
    outer loop
      vertex 13.9 -18.65 4.4
      vertex 13.8904 -18.846 2
      vertex 13.8904 -18.846 4.4
    endloop
  endfacet
  facet normal -0.998803 0.0489209 0
    outer loop
      vertex 13.8904 -18.846 5.6
      vertex 13.9 -18.65 14.6
      vertex 13.9 -18.65 5.6
    endloop
  endfacet
  facet normal -0.998803 0.0489209 0
    outer loop
      vertex 13.9 -18.65 14.6
      vertex 13.8904 -18.846 5.6
      vertex 13.8904 -18.846 14.6
    endloop
  endfacet
  facet normal 0 -1 0
    outer loop
      vertex -11.9 20.65 14.6
      vertex 0 20.65 10
      vertex 11.9 20.65 14.6
    endloop
  endfacet
  facet normal 0 -1 0
    outer loop
      vertex -11.9 20.65 14.6
      vertex -0.294051 20.65 9.98555
      vertex 0 20.65 10
    endloop
  endfacet
  facet normal 0 -1 0
    outer loop
      vertex -11.9 20.65 14.6
      vertex -0.585271 20.65 9.94236
      vertex -0.294051 20.65 9.98555
    endloop
  endfacet
  facet normal 0 -1 0
    outer loop
      vertex -11.9 20.65 14.6
      vertex -0.870853 20.65 9.87082
      vertex -0.585271 20.65 9.94236
    endloop
  endfacet
  facet normal 0 -1 0
    outer loop
      vertex -11.9 20.65 14.6
      vertex -1.14805 20.65 9.77164
      vertex -0.870853 20.65 9.87082
    endloop
  endfacet
  facet normal 0 -1 0
    outer loop
      vertex -11.9 20.65 14.6
      vertex -1.41419 20.65 9.64576
      vertex -1.14805 20.65 9.77164
    endloop
  endfacet
  facet normal 0 -1 0
    outer loop
      vertex -11.9 20.65 14.6
      vertex -1.66671 20.65 9.49441
      vertex -1.41419 20.65 9.64576
    endloop
  endfacet
  facet normal 0 -1 0
    outer loop
      vertex -11.9 20.65 14.6
      vertex -1.90318 20.65 9.31903
      vertex -1.66671 20.65 9.49441
    endloop
  endfacet
  facet normal 0 -1 0
    outer loop
      vertex -11.9 20.65 14.6
      vertex -2.12132 20.65 9.12132
      vertex -1.90318 20.65 9.31903
    endloop
  endfacet
  facet normal 0 -1 0
    outer loop
      vertex -11.9 20.65 14.6
      vertex -2.31903 20.65 8.90318
      vertex -2.12132 20.65 9.12132
    endloop
  endfacet
  facet normal 0 -1 0
    outer loop
      vertex -11.9 20.65 14.6
      vertex -2.49441 20.65 8.66671
      vertex -2.31903 20.65 8.90318
    endloop
  endfacet
  facet normal 0 -1 0
    outer loop
      vertex -11.9 20.65 14.6
      vertex -2.64576 20.65 8.41419
      vertex -2.49441 20.65 8.66671
    endloop
  endfacet
  facet normal 0 -1 0
    outer loop
      vertex -11.9 20.65 14.6
      vertex -2.77164 20.65 8.14805
      vertex -2.64576 20.65 8.41419
    endloop
  endfacet
  facet normal 0 -1 0
    outer loop
      vertex -11.9 20.65 14.6
      vertex -2.87082 20.65 7.87085
      vertex -2.77164 20.65 8.14805
    endloop
  endfacet
  facet normal 0 -1 0
    outer loop
      vertex -11.9 20.65 14.6
      vertex -2.94236 20.65 7.58527
      vertex -2.87082 20.65 7.87085
    endloop
  endfacet
  facet normal 0 -1 0
    outer loop
      vertex -11.9 20.65 14.6
      vertex -2.98555 20.65 7.29405
      vertex -2.94236 20.65 7.58527
    endloop
  endfacet
  facet normal 0 -1 0
    outer loop
      vertex -11.9 20.65 2
      vertex -2.98555 20.65 7.29405
      vertex -11.9 20.65 14.6
    endloop
  endfacet
  facet normal 0 -1 0
    outer loop
      vertex -2.98555 20.65 7.29405
      vertex -11.9 20.65 2
      vertex -3 20.65 7
    endloop
  endfacet
  facet normal 0 -1 -0
    outer loop
      vertex -3 20.65 7
      vertex -11.9 20.65 2
      vertex -2.98555 20.65 6.70595
    endloop
  endfacet
  facet normal 0 -1 -0
    outer loop
      vertex -2.98555 20.65 6.70595
      vertex -11.9 20.65 2
      vertex -2.94236 20.65 6.41473
    endloop
  endfacet
  facet normal 0 -1 -0
    outer loop
      vertex -2.94236 20.65 6.41473
      vertex -11.9 20.65 2
      vertex -2.87082 20.65 6.12915
    endloop
  endfacet
  facet normal 0 -1 -0
    outer loop
      vertex -2.87082 20.65 6.12915
      vertex -11.9 20.65 2
      vertex -2.77164 20.65 5.85195
    endloop
  endfacet
  facet normal 0 -1 -0
    outer loop
      vertex -2.77164 20.65 5.85195
      vertex -11.9 20.65 2
      vertex -2.64576 20.65 5.58581
    endloop
  endfacet
  facet normal 0 -1 -0
    outer loop
      vertex -2.64576 20.65 5.58581
      vertex -11.9 20.65 2
      vertex -2.49441 20.65 5.33329
    endloop
  endfacet
  facet normal 0 -1 -0
    outer loop
      vertex -2.49441 20.65 5.33329
      vertex -11.9 20.65 2
      vertex -2.31903 20.65 5.09682
    endloop
  endfacet
  facet normal 0 -1 -0
    outer loop
      vertex -0.294051 20.65 4.01445
      vertex -11.9 20.65 2
      vertex 0 20.65 4
    endloop
  endfacet
  facet normal 0 -1 -0
    outer loop
      vertex -0.585271 20.65 4.05764
      vertex -11.9 20.65 2
      vertex -0.294051 20.65 4.01445
    endloop
  endfacet
  facet normal 0 -1 -0
    outer loop
      vertex -0.870853 20.65 4.12918
      vertex -11.9 20.65 2
      vertex -0.585271 20.65 4.05764
    endloop
  endfacet
  facet normal 0 -1 -0
    outer loop
      vertex -1.14805 20.65 4.22836
      vertex -11.9 20.65 2
      vertex -0.870853 20.65 4.12918
    endloop
  endfacet
  facet normal 0 -1 -0
    outer loop
      vertex -1.41419 20.65 4.35424
      vertex -11.9 20.65 2
      vertex -1.14805 20.65 4.22836
    endloop
  endfacet
  facet normal 0 -1 -0
    outer loop
      vertex -1.66671 20.65 4.50559
      vertex -11.9 20.65 2
      vertex -1.41419 20.65 4.35424
    endloop
  endfacet
  facet normal 0 -1 -0
    outer loop
      vertex -1.90318 20.65 4.68097
      vertex -11.9 20.65 2
      vertex -1.66671 20.65 4.50559
    endloop
  endfacet
  facet normal 0 -1 -0
    outer loop
      vertex -2.12132 20.65 4.87868
      vertex -11.9 20.65 2
      vertex -1.90318 20.65 4.68097
    endloop
  endfacet
  facet normal 0 -1 -0
    outer loop
      vertex -2.31903 20.65 5.09682
      vertex -11.9 20.65 2
      vertex -2.12132 20.65 4.87868
    endloop
  endfacet
  facet normal 0 -1 0
    outer loop
      vertex 0.294051 20.65 9.98555
      vertex 11.9 20.65 14.6
      vertex 0 20.65 10
    endloop
  endfacet
  facet normal 0 -1 0
    outer loop
      vertex 0.585271 20.65 9.94236
      vertex 11.9 20.65 14.6
      vertex 0.294051 20.65 9.98555
    endloop
  endfacet
  facet normal 0 -1 0
    outer loop
      vertex 0.870853 20.65 9.87082
      vertex 11.9 20.65 14.6
      vertex 0.585271 20.65 9.94236
    endloop
  endfacet
  facet normal 0 -1 0
    outer loop
      vertex 1.14805 20.65 9.77164
      vertex 11.9 20.65 14.6
      vertex 0.870853 20.65 9.87082
    endloop
  endfacet
  facet normal 0 -1 0
    outer loop
      vertex 1.41419 20.65 9.64576
      vertex 11.9 20.65 14.6
      vertex 1.14805 20.65 9.77164
    endloop
  endfacet
  facet normal 0 -1 0
    outer loop
      vertex 1.66671 20.65 9.49441
      vertex 11.9 20.65 14.6
      vertex 1.41419 20.65 9.64576
    endloop
  endfacet
  facet normal 0 -1 0
    outer loop
      vertex 1.90318 20.65 9.31903
      vertex 11.9 20.65 14.6
      vertex 1.66671 20.65 9.49441
    endloop
  endfacet
  facet normal 0 -1 0
    outer loop
      vertex 2.12132 20.65 9.12132
      vertex 11.9 20.65 14.6
      vertex 1.90318 20.65 9.31903
    endloop
  endfacet
  facet normal 0 -1 0
    outer loop
      vertex 2.31903 20.65 8.90318
      vertex 11.9 20.65 14.6
      vertex 2.12132 20.65 9.12132
    endloop
  endfacet
  facet normal 0 -1 0
    outer loop
      vertex 2.49441 20.65 8.66671
      vertex 11.9 20.65 14.6
      vertex 2.31903 20.65 8.90318
    endloop
  endfacet
  facet normal 0 -1 0
    outer loop
      vertex 2.64576 20.65 8.41419
      vertex 11.9 20.65 14.6
      vertex 2.49441 20.65 8.66671
    endloop
  endfacet
  facet normal 0 -1 0
    outer loop
      vertex 2.77164 20.65 8.14805
      vertex 11.9 20.65 14.6
      vertex 2.64576 20.65 8.41419
    endloop
  endfacet
  facet normal 0 -1 0
    outer loop
      vertex 2.87082 20.65 7.87085
      vertex 11.9 20.65 14.6
      vertex 2.77164 20.65 8.14805
    endloop
  endfacet
  facet normal 0 -1 0
    outer loop
      vertex 2.94236 20.65 7.58527
      vertex 11.9 20.65 14.6
      vertex 2.87082 20.65 7.87085
    endloop
  endfacet
  facet normal 0 -1 0
    outer loop
      vertex 2.98555 20.65 7.29405
      vertex 11.9 20.65 14.6
      vertex 2.94236 20.65 7.58527
    endloop
  endfacet
  facet normal 0 -1 0
    outer loop
      vertex 11.9 20.65 2
      vertex 2.98555 20.65 7.29405
      vertex 3 20.65 7
    endloop
  endfacet
  facet normal 0 -1 0
    outer loop
      vertex 11.9 20.65 2
      vertex 3 20.65 7
      vertex 2.98555 20.65 6.70595
    endloop
  endfacet
  facet normal 0 -1 0
    outer loop
      vertex 11.9 20.65 2
      vertex 2.98555 20.65 6.70595
      vertex 2.94236 20.65 6.41473
    endloop
  endfacet
  facet normal 0 -1 0
    outer loop
      vertex 11.9 20.65 2
      vertex 2.94236 20.65 6.41473
      vertex 2.87082 20.65 6.12915
    endloop
  endfacet
  facet normal 0 -1 0
    outer loop
      vertex 11.9 20.65 2
      vertex 2.87082 20.65 6.12915
      vertex 2.77164 20.65 5.85195
    endloop
  endfacet
  facet normal 0 -1 0
    outer loop
      vertex 11.9 20.65 2
      vertex 2.77164 20.65 5.85195
      vertex 2.64576 20.65 5.58581
    endloop
  endfacet
  facet normal 0 -1 0
    outer loop
      vertex 11.9 20.65 2
      vertex 2.64576 20.65 5.58581
      vertex 2.49441 20.65 5.33329
    endloop
  endfacet
  facet normal 0 -1 0
    outer loop
      vertex 11.9 20.65 2
      vertex 2.49441 20.65 5.33329
      vertex 2.31903 20.65 5.09682
    endloop
  endfacet
  facet normal 0 -1 0
    outer loop
      vertex 11.9 20.65 2
      vertex 2.31903 20.65 5.09682
      vertex 2.12132 20.65 4.87868
    endloop
  endfacet
  facet normal 0 -1 0
    outer loop
      vertex 11.9 20.65 2
      vertex 0 20.65 4
      vertex -11.9 20.65 2
    endloop
  endfacet
  facet normal 0 -1 0
    outer loop
      vertex 0 20.65 4
      vertex 11.9 20.65 2
      vertex 0.294051 20.65 4.01445
    endloop
  endfacet
  facet normal 0 -1 0
    outer loop
      vertex 2.98555 20.65 7.29405
      vertex 11.9 20.65 2
      vertex 11.9 20.65 14.6
    endloop
  endfacet
  facet normal 0 -1 0
    outer loop
      vertex 1.90318 20.65 4.68097
      vertex 11.9 20.65 2
      vertex 2.12132 20.65 4.87868
    endloop
  endfacet
  facet normal 0 -1 0
    outer loop
      vertex 1.66671 20.65 4.50559
      vertex 11.9 20.65 2
      vertex 1.90318 20.65 4.68097
    endloop
  endfacet
  facet normal 0 -1 0
    outer loop
      vertex 1.41419 20.65 4.35424
      vertex 11.9 20.65 2
      vertex 1.66671 20.65 4.50559
    endloop
  endfacet
  facet normal 0 -1 0
    outer loop
      vertex 1.14805 20.65 4.22836
      vertex 11.9 20.65 2
      vertex 1.41419 20.65 4.35424
    endloop
  endfacet
  facet normal 0 -1 0
    outer loop
      vertex 0.870853 20.65 4.12918
      vertex 11.9 20.65 2
      vertex 1.14805 20.65 4.22836
    endloop
  endfacet
  facet normal 0 -1 0
    outer loop
      vertex 0.585271 20.65 4.05764
      vertex 11.9 20.65 2
      vertex 0.870853 20.65 4.12918
    endloop
  endfacet
  facet normal 0 -1 0
    outer loop
      vertex 0.294051 20.65 4.01445
      vertex 11.9 20.65 2
      vertex 0.585271 20.65 4.05764
    endloop
  endfacet
  facet normal 0.0489209 -0.998803 0
    outer loop
      vertex -12.096 20.6404 2
      vertex -11.9 20.65 14.6
      vertex -12.096 20.6404 14.6
    endloop
  endfacet
  facet normal 0.0489209 -0.998803 0
    outer loop
      vertex -11.9 20.65 14.6
      vertex -12.096 20.6404 2
      vertex -11.9 20.65 2
    endloop
  endfacet
  facet normal -0.0489209 0.998803 0
    outer loop
      vertex 12.096 -20.6404 2
      vertex 11.9 -20.65 14.6
      vertex 12.096 -20.6404 14.6
    endloop
  endfacet
  facet normal -0.0489209 0.998803 0
    outer loop
      vertex 11.9 -20.65 14.6
      vertex 12.096 -20.6404 2
      vertex 11.9 -20.65 2
    endloop
  endfacet
  facet normal 0.998803 -0.0489209 0
    outer loop
      vertex -13.9 18.65 4.4
      vertex -13.8904 18.846 2
      vertex -13.8904 18.846 4.4
    endloop
  endfacet
  facet normal 0.998803 -0.0489209 0
    outer loop
      vertex -13.8904 18.846 2
      vertex -13.9 18.65 4.4
      vertex -13.9 18.65 2
    endloop
  endfacet
  facet normal 0.998803 -0.0489209 0
    outer loop
      vertex -13.9 18.65 14.6
      vertex -13.8904 18.846 5.6
      vertex -13.8904 18.846 14.6
    endloop
  endfacet
  facet normal 0.998803 -0.0489209 0
    outer loop
      vertex -13.8904 18.846 5.6
      vertex -13.9 18.65 14.6
      vertex -13.9 18.65 5.6
    endloop
  endfacet
  facet normal -0.427955 -0.9038 0
    outer loop
      vertex 12.6654 20.4978 2
      vertex 12.8428 20.4138 14.6
      vertex 12.6654 20.4978 14.6
    endloop
  endfacet
  facet normal -0.427955 -0.9038 -0
    outer loop
      vertex 12.8428 20.4138 14.6
      vertex 12.6654 20.4978 2
      vertex 12.8428 20.4138 2
    endloop
  endfacet
  facet normal -0.858286 0.513171 0
    outer loop
      vertex 13.6638 -19.5928 2
      vertex 13.6296 -19.65 4.4
      vertex 13.6638 -19.5928 4.4
    endloop
  endfacet
  facet normal -0.857357 0.514723 0
    outer loop
      vertex 13.6296 -19.65 4.4
      vertex 13.5629 -19.7611 2
      vertex 13.6296 -19.65 5.6
    endloop
  endfacet
  facet normal -0.857673 0.514196 3.31671e-05
    outer loop
      vertex 13.5629 -19.7611 2
      vertex 13.6296 -19.65 4.4
      vertex 13.6638 -19.5928 2
    endloop
  endfacet
  facet normal -0.858286 0.513171 0
    outer loop
      vertex 13.6296 -19.65 5.6
      vertex 13.6638 -19.5928 14.6
      vertex 13.6638 -19.5928 5.6
    endloop
  endfacet
  facet normal -0.857357 0.514723 0
    outer loop
      vertex 13.5629 -19.7611 14.6
      vertex 13.6296 -19.65 5.6
      vertex 13.5629 -19.7611 2
    endloop
  endfacet
  facet normal -0.857673 0.514196 -8.84456e-06
    outer loop
      vertex 13.6296 -19.65 5.6
      vertex 13.5629 -19.7611 14.6
      vertex 13.6638 -19.5928 14.6
    endloop
  endfacet
  facet normal 1 0 0
    outer loop
      vertex -13.9 -10.1 4.4
      vertex -13.9 -18.65 4.4
      vertex -13.9 -10.1 4
    endloop
  endfacet
  facet normal 1 0 0
    outer loop
      vertex -13.9 -4.1 4.4
      vertex -13.9 -7.9 4.4
      vertex -13.9 -4.1 4
    endloop
  endfacet
  facet normal 1 0 0
    outer loop
      vertex -13.9 1.9 4.4
      vertex -13.9 -1.9 4.4
      vertex -13.9 1.9 4
    endloop
  endfacet
  facet normal 1 0 0
    outer loop
      vertex -13.9 7.9 4.4
      vertex -13.9 4.1 4.4
      vertex -13.9 7.9 4
    endloop
  endfacet
  facet normal 1 0 0
    outer loop
      vertex -13.9 10.1 4
      vertex -13.9 18.65 4.4
      vertex -13.9 10.1 4.4
    endloop
  endfacet
  facet normal 1 0 0
    outer loop
      vertex -13.9 18.65 4.4
      vertex -13.9 10.1 4
      vertex -13.9 18.65 2
    endloop
  endfacet
  facet normal 1 -0 0
    outer loop
      vertex -13.9 7.9 4
      vertex -13.9 18.65 2
      vertex -13.9 10.1 4
    endloop
  endfacet
  facet normal 1 0 0
    outer loop
      vertex -13.9 4.1 4
      vertex -13.9 7.9 4
      vertex -13.9 4.1 4.4
    endloop
  endfacet
  facet normal 1 0 0
    outer loop
      vertex -13.9 7.9 4
      vertex -13.9 4.1 4
      vertex -13.9 18.65 2
    endloop
  endfacet
  facet normal 1 -0 0
    outer loop
      vertex -13.9 1.9 4
      vertex -13.9 18.65 2
      vertex -13.9 4.1 4
    endloop
  endfacet
  facet normal 1 0 0
    outer loop
      vertex -13.9 -1.9 4
      vertex -13.9 1.9 4
      vertex -13.9 -1.9 4.4
    endloop
  endfacet
  facet normal 1 0 0
    outer loop
      vertex -13.9 1.9 4
      vertex -13.9 -1.9 4
      vertex -13.9 18.65 2
    endloop
  endfacet
  facet normal 1 0 0
    outer loop
      vertex -13.9 -18.65 2
      vertex -13.9 -1.9 4
      vertex -13.9 -4.1 4
    endloop
  endfacet
  facet normal 1 0 0
    outer loop
      vertex -13.9 -7.9 4
      vertex -13.9 -4.1 4
      vertex -13.9 -7.9 4.4
    endloop
  endfacet
  facet normal 1 0 0
    outer loop
      vertex -13.9 -18.65 2
      vertex -13.9 -4.1 4
      vertex -13.9 -7.9 4
    endloop
  endfacet
  facet normal 1 0 0
    outer loop
      vertex -13.9 -18.65 2
      vertex -13.9 -7.9 4
      vertex -13.9 -10.1 4
    endloop
  endfacet
  facet normal 1 0 0
    outer loop
      vertex -13.9 -18.65 2
      vertex -13.9 -10.1 4
      vertex -13.9 -18.65 4.4
    endloop
  endfacet
  facet normal 1 0 0
    outer loop
      vertex -13.9 -1.9 4
      vertex -13.9 -18.65 2
      vertex -13.9 18.65 2
    endloop
  endfacet
  facet normal 1 0 0
    outer loop
      vertex -13.9 18.65 14.6
      vertex -13.9 10.1 12.6
      vertex -13.9 18.65 5.6
    endloop
  endfacet
  facet normal 1 0 0
    outer loop
      vertex -13.9 18.65 14.6
      vertex -13.9 7.9 12.6
      vertex -13.9 10.1 12.6
    endloop
  endfacet
  facet normal 1 0 0
    outer loop
      vertex -13.9 7.9 12.6
      vertex -13.9 4.1 12.6
      vertex -13.9 7.9 5.6
    endloop
  endfacet
  facet normal 1 0 0
    outer loop
      vertex -13.9 18.65 14.6
      vertex -13.9 4.1 12.6
      vertex -13.9 7.9 12.6
    endloop
  endfacet
  facet normal 1 0 0
    outer loop
      vertex -13.9 18.65 14.6
      vertex -13.9 1.9 12.6
      vertex -13.9 4.1 12.6
    endloop
  endfacet
  facet normal 1 0 0
    outer loop
      vertex -13.9 1.9 12.6
      vertex -13.9 -1.9 12.6
      vertex -13.9 1.9 5.6
    endloop
  endfacet
  facet normal 1 0 0
    outer loop
      vertex -13.9 18.65 14.6
      vertex -13.9 -1.9 12.6
      vertex -13.9 1.9 12.6
    endloop
  endfacet
  facet normal 1 -0 0
    outer loop
      vertex -13.9 -18.65 14.6
      vertex -13.9 -1.9 12.6
      vertex -13.9 18.65 14.6
    endloop
  endfacet
  facet normal 1 0 0
    outer loop
      vertex -13.9 -4.1 12.6
      vertex -13.9 -7.9 12.6
      vertex -13.9 -4.1 5.6
    endloop
  endfacet
  facet normal 1 0 0
    outer loop
      vertex -13.9 -1.9 12.6
      vertex -13.9 -18.65 14.6
      vertex -13.9 -4.1 12.6
    endloop
  endfacet
  facet normal 1 0 0
    outer loop
      vertex -13.9 -4.1 12.6
      vertex -13.9 -18.65 14.6
      vertex -13.9 -7.9 12.6
    endloop
  endfacet
  facet normal 1 0 0
    outer loop
      vertex -13.9 -7.9 12.6
      vertex -13.9 -18.65 14.6
      vertex -13.9 -10.1 12.6
    endloop
  endfacet
  facet normal 1 0 0
    outer loop
      vertex -13.9 -18.65 5.6
      vertex -13.9 -10.1 12.6
      vertex -13.9 -18.65 14.6
    endloop
  endfacet
  facet normal 1 0 0
    outer loop
      vertex -13.9 -10.1 12.6
      vertex -13.9 -18.65 5.6
      vertex -13.9 -10.1 5.6
    endloop
  endfacet
  facet normal 1 0 0
    outer loop
      vertex -13.9 18.65 5.6
      vertex -13.9 10.1 12.6
      vertex -13.9 10.1 5.6
    endloop
  endfacet
  facet normal 1 0 0
    outer loop
      vertex -13.9 7.9 5.6
      vertex -13.9 4.1 12.6
      vertex -13.9 4.1 5.6
    endloop
  endfacet
  facet normal 1 0 0
    outer loop
      vertex -13.9 1.9 5.6
      vertex -13.9 -1.9 12.6
      vertex -13.9 -1.9 5.6
    endloop
  endfacet
  facet normal 1 0 0
    outer loop
      vertex -13.9 -4.1 5.6
      vertex -13.9 -7.9 12.6
      vertex -13.9 -7.9 5.6
    endloop
  endfacet
  facet normal -1 0 0
    outer loop
      vertex -13.9 -10.1 4.4
      vertex -13.9 -7.9 5.6
      vertex -13.9 -7.9 4.4
    endloop
  endfacet
  facet normal -1 -0 0
    outer loop
      vertex -13.9 -7.9 5.6
      vertex -13.9 -10.1 4.4
      vertex -13.9 -10.1 5.6
    endloop
  endfacet
  facet normal -1 0 0
    outer loop
      vertex -13.9 1.9 4.4
      vertex -13.9 4.1 5.6
      vertex -13.9 4.1 4.4
    endloop
  endfacet
  facet normal -1 -0 0
    outer loop
      vertex -13.9 4.1 5.6
      vertex -13.9 1.9 4.4
      vertex -13.9 1.9 5.6
    endloop
  endfacet
  facet normal -1 0 0
    outer loop
      vertex -13.9 -4.1 4.4
      vertex -13.9 -1.9 5.6
      vertex -13.9 -1.9 4.4
    endloop
  endfacet
  facet normal -1 -0 0
    outer loop
      vertex -13.9 -1.9 5.6
      vertex -13.9 -4.1 4.4
      vertex -13.9 -4.1 5.6
    endloop
  endfacet
  facet normal -1 0 0
    outer loop
      vertex -13.9 7.9 4.4
      vertex -13.9 10.1 5.6
      vertex -13.9 10.1 4.4
    endloop
  endfacet
  facet normal -1 -0 0
    outer loop
      vertex -13.9 10.1 5.6
      vertex -13.9 7.9 4.4
      vertex -13.9 7.9 5.6
    endloop
  endfacet
  facet normal 0.671607 0.740908 -0
    outer loop
      vertex -13.1688 -20.196 2
      vertex -13.3142 -20.0642 14.6
      vertex -13.1688 -20.196 14.6
    endloop
  endfacet
  facet normal 0.671607 0.740908 0
    outer loop
      vertex -13.3142 -20.0642 14.6
      vertex -13.1688 -20.196 2
      vertex -13.3142 -20.0642 2
    endloop
  endfacet
  facet normal 0.858286 0.513171 0
    outer loop
      vertex -13.6638 -19.5928 14.6
      vertex -13.6296 -19.65 5.6
      vertex -13.6638 -19.5928 5.6
    endloop
  endfacet
  facet normal 0.857357 0.514723 -0
    outer loop
      vertex -13.5629 -19.7611 2
      vertex -13.6296 -19.65 5.6
      vertex -13.5629 -19.7611 14.6
    endloop
  endfacet
  facet normal 0.857673 0.514196 -8.84456e-06
    outer loop
      vertex -13.5629 -19.7611 14.6
      vertex -13.6296 -19.65 5.6
      vertex -13.6638 -19.5928 14.6
    endloop
  endfacet
  facet normal 0.858286 0.513171 0
    outer loop
      vertex -13.6296 -19.65 4.4
      vertex -13.6638 -19.5928 2
      vertex -13.6638 -19.5928 4.4
    endloop
  endfacet
  facet normal 0.857673 0.514196 3.31671e-05
    outer loop
      vertex -13.6296 -19.65 4.4
      vertex -13.5629 -19.7611 2
      vertex -13.6638 -19.5928 2
    endloop
  endfacet
  facet normal 0.857357 0.514723 0
    outer loop
      vertex -13.6296 -19.65 5.6
      vertex -13.5629 -19.7611 2
      vertex -13.6296 -19.65 4.4
    endloop
  endfacet
  facet normal 0 1 0
    outer loop
      vertex 11.9 -20.65 14.6
      vertex 0 -20.65 9.45
      vertex -11.9 -20.65 14.6
    endloop
  endfacet
  facet normal 0 1 0
    outer loop
      vertex 11.9 -20.65 14.6
      vertex 0.210736 -20.65 9.43965
      vertex 0 -20.65 9.45
    endloop
  endfacet
  facet normal 0 1 0
    outer loop
      vertex 11.9 -20.65 14.6
      vertex 0.419444 -20.65 9.40869
      vertex 0.210736 -20.65 9.43965
    endloop
  endfacet
  facet normal 0 1 0
    outer loop
      vertex 11.9 -20.65 14.6
      vertex 0.624111 -20.65 9.35742
      vertex 0.419444 -20.65 9.40869
    endloop
  endfacet
  facet normal 0 1 0
    outer loop
      vertex 11.9 -20.65 14.6
      vertex 0.822769 -20.65 9.28634
      vertex 0.624111 -20.65 9.35742
    endloop
  endfacet
  facet normal 0 1 0
    outer loop
      vertex 11.9 -20.65 14.6
      vertex 1.0135 -20.65 9.19613
      vertex 0.822769 -20.65 9.28634
    endloop
  endfacet
  facet normal 0 1 0
    outer loop
      vertex 11.9 -20.65 14.6
      vertex 1.19448 -20.65 9.08766
      vertex 1.0135 -20.65 9.19613
    endloop
  endfacet
  facet normal 0 1 0
    outer loop
      vertex 11.9 -20.65 14.6
      vertex 1.36395 -20.65 8.96197
      vertex 1.19448 -20.65 9.08766
    endloop
  endfacet
  facet normal 0 1 0
    outer loop
      vertex 11.9 -20.65 14.6
      vertex 1.52028 -20.65 8.82028
      vertex 1.36395 -20.65 8.96197
    endloop
  endfacet
  facet normal 0 1 0
    outer loop
      vertex 11.9 -20.65 14.6
      vertex 1.66197 -20.65 8.66395
      vertex 1.52028 -20.65 8.82028
    endloop
  endfacet
  facet normal 0 1 0
    outer loop
      vertex 11.9 -20.65 14.6
      vertex 1.78766 -20.65 8.49448
      vertex 1.66197 -20.65 8.66395
    endloop
  endfacet
  facet normal 0 1 0
    outer loop
      vertex 11.9 -20.65 14.6
      vertex 1.89613 -20.65 8.3135
      vertex 1.78766 -20.65 8.49448
    endloop
  endfacet
  facet normal 0 1 0
    outer loop
      vertex 11.9 -20.65 14.6
      vertex 1.98634 -20.65 8.12277
      vertex 1.89613 -20.65 8.3135
    endloop
  endfacet
  facet normal 0 1 0
    outer loop
      vertex 11.9 -20.65 14.6
      vertex 2.05742 -20.65 7.92411
      vertex 1.98634 -20.65 8.12277
    endloop
  endfacet
  facet normal 0 1 0
    outer loop
      vertex 11.9 -20.65 14.6
      vertex 2.10869 -20.65 7.71944
      vertex 2.05742 -20.65 7.92411
    endloop
  endfacet
  facet normal 0 1 0
    outer loop
      vertex 11.9 -20.65 14.6
      vertex 2.13965 -20.65 7.51074
      vertex 2.10869 -20.65 7.71944
    endloop
  endfacet
  facet normal 0 1 -0
    outer loop
      vertex 11.9 -20.65 2
      vertex 2.13965 -20.65 7.51074
      vertex 11.9 -20.65 14.6
    endloop
  endfacet
  facet normal 0 1 0
    outer loop
      vertex 2.13965 -20.65 7.51074
      vertex 11.9 -20.65 2
      vertex 2.15 -20.65 7.3
    endloop
  endfacet
  facet normal 0 1 0
    outer loop
      vertex 2.15 -20.65 7.3
      vertex 11.9 -20.65 2
      vertex 2.13965 -20.65 7.08926
    endloop
  endfacet
  facet normal 0 1 0
    outer loop
      vertex 2.13965 -20.65 7.08926
      vertex 11.9 -20.65 2
      vertex 2.10869 -20.65 6.88056
    endloop
  endfacet
  facet normal 0 1 0
    outer loop
      vertex 2.10869 -20.65 6.88056
      vertex 11.9 -20.65 2
      vertex 2.05742 -20.65 6.67589
    endloop
  endfacet
  facet normal 0 1 0
    outer loop
      vertex 2.05742 -20.65 6.67589
      vertex 11.9 -20.65 2
      vertex 1.98634 -20.65 6.47723
    endloop
  endfacet
  facet normal 0 1 0
    outer loop
      vertex 1.98634 -20.65 6.47723
      vertex 11.9 -20.65 2
      vertex 1.89613 -20.65 6.2865
    endloop
  endfacet
  facet normal 0 1 0
    outer loop
      vertex 1.89613 -20.65 6.2865
      vertex 11.9 -20.65 2
      vertex 1.78766 -20.65 6.10552
    endloop
  endfacet
  facet normal 0 1 0
    outer loop
      vertex 1.78766 -20.65 6.10552
      vertex 11.9 -20.65 2
      vertex 1.66197 -20.65 5.93605
    endloop
  endfacet
  facet normal 0 1 0
    outer loop
      vertex 1.66197 -20.65 5.93605
      vertex 11.9 -20.65 2
      vertex 1.52028 -20.65 5.77972
    endloop
  endfacet
  facet normal 0 1 0
    outer loop
      vertex 0.210736 -20.65 5.16035
      vertex 11.9 -20.65 2
      vertex 0 -20.65 5.15
    endloop
  endfacet
  facet normal 0 1 0
    outer loop
      vertex 0.419444 -20.65 5.19131
      vertex 11.9 -20.65 2
      vertex 0.210736 -20.65 5.16035
    endloop
  endfacet
  facet normal 0 1 0
    outer loop
      vertex 0.624111 -20.65 5.24258
      vertex 11.9 -20.65 2
      vertex 0.419444 -20.65 5.19131
    endloop
  endfacet
  facet normal 0 1 0
    outer loop
      vertex 0.822769 -20.65 5.31366
      vertex 11.9 -20.65 2
      vertex 0.624111 -20.65 5.24258
    endloop
  endfacet
  facet normal 0 1 0
    outer loop
      vertex 1.0135 -20.65 5.40387
      vertex 11.9 -20.65 2
      vertex 0.822769 -20.65 5.31366
    endloop
  endfacet
  facet normal 0 1 0
    outer loop
      vertex 1.19448 -20.65 5.51234
      vertex 11.9 -20.65 2
      vertex 1.0135 -20.65 5.40387
    endloop
  endfacet
  facet normal 0 1 0
    outer loop
      vertex 1.36395 -20.65 5.63803
      vertex 11.9 -20.65 2
      vertex 1.19448 -20.65 5.51234
    endloop
  endfacet
  facet normal 0 1 0
    outer loop
      vertex 1.52028 -20.65 5.77972
      vertex 11.9 -20.65 2
      vertex 1.36395 -20.65 5.63803
    endloop
  endfacet
  facet normal 0 1 -0
    outer loop
      vertex -0.210736 -20.65 9.43965
      vertex -11.9 -20.65 14.6
      vertex 0 -20.65 9.45
    endloop
  endfacet
  facet normal 0 1 -0
    outer loop
      vertex -0.419444 -20.65 9.40869
      vertex -11.9 -20.65 14.6
      vertex -0.210736 -20.65 9.43965
    endloop
  endfacet
  facet normal 0 1 -0
    outer loop
      vertex -0.624111 -20.65 9.35742
      vertex -11.9 -20.65 14.6
      vertex -0.419444 -20.65 9.40869
    endloop
  endfacet
  facet normal 0 1 -0
    outer loop
      vertex -0.822769 -20.65 9.28634
      vertex -11.9 -20.65 14.6
      vertex -0.624111 -20.65 9.35742
    endloop
  endfacet
  facet normal 0 1 -0
    outer loop
      vertex -1.0135 -20.65 9.19613
      vertex -11.9 -20.65 14.6
      vertex -0.822769 -20.65 9.28634
    endloop
  endfacet
  facet normal 0 1 -0
    outer loop
      vertex -1.19448 -20.65 9.08766
      vertex -11.9 -20.65 14.6
      vertex -1.0135 -20.65 9.19613
    endloop
  endfacet
  facet normal 0 1 -0
    outer loop
      vertex -1.36395 -20.65 8.96197
      vertex -11.9 -20.65 14.6
      vertex -1.19448 -20.65 9.08766
    endloop
  endfacet
  facet normal 0 1 -0
    outer loop
      vertex -1.52028 -20.65 8.82028
      vertex -11.9 -20.65 14.6
      vertex -1.36395 -20.65 8.96197
    endloop
  endfacet
  facet normal 0 1 -0
    outer loop
      vertex -1.66197 -20.65 8.66395
      vertex -11.9 -20.65 14.6
      vertex -1.52028 -20.65 8.82028
    endloop
  endfacet
  facet normal 0 1 -0
    outer loop
      vertex -1.78766 -20.65 8.49448
      vertex -11.9 -20.65 14.6
      vertex -1.66197 -20.65 8.66395
    endloop
  endfacet
  facet normal 0 1 -0
    outer loop
      vertex -1.89613 -20.65 8.3135
      vertex -11.9 -20.65 14.6
      vertex -1.78766 -20.65 8.49448
    endloop
  endfacet
  facet normal 0 1 -0
    outer loop
      vertex -1.98634 -20.65 8.12277
      vertex -11.9 -20.65 14.6
      vertex -1.89613 -20.65 8.3135
    endloop
  endfacet
  facet normal 0 1 -0
    outer loop
      vertex -2.05742 -20.65 7.92411
      vertex -11.9 -20.65 14.6
      vertex -1.98634 -20.65 8.12277
    endloop
  endfacet
  facet normal 0 1 -0
    outer loop
      vertex -2.10869 -20.65 7.71944
      vertex -11.9 -20.65 14.6
      vertex -2.05742 -20.65 7.92411
    endloop
  endfacet
  facet normal 0 1 -0
    outer loop
      vertex -2.13965 -20.65 7.51074
      vertex -11.9 -20.65 14.6
      vertex -2.10869 -20.65 7.71944
    endloop
  endfacet
  facet normal 0 1 0
    outer loop
      vertex -11.9 -20.65 2
      vertex -2.13965 -20.65 7.51074
      vertex -2.15 -20.65 7.3
    endloop
  endfacet
  facet normal 0 1 0
    outer loop
      vertex -11.9 -20.65 2
      vertex -2.15 -20.65 7.3
      vertex -2.13965 -20.65 7.08926
    endloop
  endfacet
  facet normal 0 1 0
    outer loop
      vertex -11.9 -20.65 2
      vertex -2.13965 -20.65 7.08926
      vertex -2.10869 -20.65 6.88056
    endloop
  endfacet
  facet normal 0 1 0
    outer loop
      vertex -11.9 -20.65 2
      vertex -2.10869 -20.65 6.88056
      vertex -2.05742 -20.65 6.67589
    endloop
  endfacet
  facet normal 0 1 0
    outer loop
      vertex -11.9 -20.65 2
      vertex -2.05742 -20.65 6.67589
      vertex -1.98634 -20.65 6.47723
    endloop
  endfacet
  facet normal 0 1 0
    outer loop
      vertex -11.9 -20.65 2
      vertex -1.98634 -20.65 6.47723
      vertex -1.89613 -20.65 6.2865
    endloop
  endfacet
  facet normal 0 1 0
    outer loop
      vertex -11.9 -20.65 2
      vertex -1.89613 -20.65 6.2865
      vertex -1.78766 -20.65 6.10552
    endloop
  endfacet
  facet normal 0 1 0
    outer loop
      vertex -11.9 -20.65 2
      vertex -1.78766 -20.65 6.10552
      vertex -1.66197 -20.65 5.93605
    endloop
  endfacet
  facet normal 0 1 0
    outer loop
      vertex -11.9 -20.65 2
      vertex -1.66197 -20.65 5.93605
      vertex -1.52028 -20.65 5.77972
    endloop
  endfacet
  facet normal 0 1 0
    outer loop
      vertex -11.9 -20.65 2
      vertex -1.52028 -20.65 5.77972
      vertex -1.36395 -20.65 5.63803
    endloop
  endfacet
  facet normal 0 1 0
    outer loop
      vertex -11.9 -20.65 2
      vertex 0 -20.65 5.15
      vertex 11.9 -20.65 2
    endloop
  endfacet
  facet normal 0 1 0
    outer loop
      vertex 0 -20.65 5.15
      vertex -11.9 -20.65 2
      vertex -0.210736 -20.65 5.16035
    endloop
  endfacet
  facet normal 0 1 0
    outer loop
      vertex -0.210736 -20.65 5.16035
      vertex -11.9 -20.65 2
      vertex -0.419444 -20.65 5.19131
    endloop
  endfacet
  facet normal 0 1 0
    outer loop
      vertex -2.13965 -20.65 7.51074
      vertex -11.9 -20.65 2
      vertex -11.9 -20.65 14.6
    endloop
  endfacet
  facet normal 0 1 0
    outer loop
      vertex -1.19448 -20.65 5.51234
      vertex -11.9 -20.65 2
      vertex -1.36395 -20.65 5.63803
    endloop
  endfacet
  facet normal 0 1 0
    outer loop
      vertex -1.0135 -20.65 5.40387
      vertex -11.9 -20.65 2
      vertex -1.19448 -20.65 5.51234
    endloop
  endfacet
  facet normal 0 1 0
    outer loop
      vertex -0.822769 -20.65 5.31366
      vertex -11.9 -20.65 2
      vertex -1.0135 -20.65 5.40387
    endloop
  endfacet
  facet normal 0 1 0
    outer loop
      vertex -0.624111 -20.65 5.24258
      vertex -11.9 -20.65 2
      vertex -0.822769 -20.65 5.31366
    endloop
  endfacet
  facet normal 0 1 0
    outer loop
      vertex -0.419444 -20.65 5.19131
      vertex -11.9 -20.65 2
      vertex -0.624111 -20.65 5.24258
    endloop
  endfacet
  facet normal -0.998803 -0.0489209 0
    outer loop
      vertex 13.9 18.65 2
      vertex 13.8904 18.846 4.4
      vertex 13.8904 18.846 2
    endloop
  endfacet
  facet normal -0.998803 -0.0489209 0
    outer loop
      vertex 13.8904 18.846 4.4
      vertex 13.9 18.65 2
      vertex 13.9 18.65 4.4
    endloop
  endfacet
  facet normal -0.998803 -0.0489209 0
    outer loop
      vertex 13.9 18.65 5.6
      vertex 13.8904 18.846 14.6
      vertex 13.8904 18.846 5.6
    endloop
  endfacet
  facet normal -0.998803 -0.0489209 0
    outer loop
      vertex 13.8904 18.846 14.6
      vertex 13.9 18.65 5.6
      vertex 13.9 18.65 14.6
    endloop
  endfacet
  facet normal -0.94158 0.336788 0
    outer loop
      vertex 13.7478 -19.4154 2
      vertex 13.8139 -19.2306 4.4
      vertex 13.8139 -19.2306 2
    endloop
  endfacet
  facet normal -0.94158 0.336788 0
    outer loop
      vertex 13.8139 -19.2306 4.4
      vertex 13.7478 -19.4154 2
      vertex 13.7478 -19.4154 4.4
    endloop
  endfacet
  facet normal -0.94158 0.336788 0
    outer loop
      vertex 13.7478 -19.4154 5.6
      vertex 13.8139 -19.2306 14.6
      vertex 13.8139 -19.2306 5.6
    endloop
  endfacet
  facet normal -0.94158 0.336788 0
    outer loop
      vertex 13.8139 -19.2306 14.6
      vertex 13.7478 -19.4154 5.6
      vertex 13.7478 -19.4154 14.6
    endloop
  endfacet
  facet normal -0.9038 0.427955 0
    outer loop
      vertex 13.6638 -19.5928 2
      vertex 13.7478 -19.4154 4.4
      vertex 13.7478 -19.4154 2
    endloop
  endfacet
  facet normal -0.9038 0.427955 0
    outer loop
      vertex 13.7478 -19.4154 4.4
      vertex 13.6638 -19.5928 2
      vertex 13.6638 -19.5928 4.4
    endloop
  endfacet
  facet normal -0.9038 0.427955 0
    outer loop
      vertex 13.6638 -19.5928 5.6
      vertex 13.7478 -19.4154 14.6
      vertex 13.7478 -19.4154 5.6
    endloop
  endfacet
  facet normal -0.9038 0.427955 0
    outer loop
      vertex 13.7478 -19.4154 14.6
      vertex 13.6638 -19.5928 5.6
      vertex 13.6638 -19.5928 14.6
    endloop
  endfacet
  facet normal -0.146696 0.989182 0
    outer loop
      vertex 12.2902 -20.6116 2
      vertex 12.096 -20.6404 14.6
      vertex 12.2902 -20.6116 14.6
    endloop
  endfacet
  facet normal -0.146696 0.989182 0
    outer loop
      vertex 12.096 -20.6404 14.6
      vertex 12.2902 -20.6116 2
      vertex 12.096 -20.6404 2
    endloop
  endfacet
  facet normal 0.989182 -0.146696 0
    outer loop
      vertex -13.8904 18.846 4.4
      vertex -13.8616 19.0402 2
      vertex -13.8616 19.0402 4.4
    endloop
  endfacet
  facet normal 0.989182 -0.146696 0
    outer loop
      vertex -13.8616 19.0402 2
      vertex -13.8904 18.846 4.4
      vertex -13.8904 18.846 2
    endloop
  endfacet
  facet normal 0.989182 -0.146696 0
    outer loop
      vertex -13.8904 18.846 14.6
      vertex -13.8616 19.0402 5.6
      vertex -13.8616 19.0402 14.6
    endloop
  endfacet
  facet normal 0.989182 -0.146696 0
    outer loop
      vertex -13.8616 19.0402 5.6
      vertex -13.8904 18.846 14.6
      vertex -13.8904 18.846 5.6
    endloop
  endfacet
  facet normal 0 0 1
    outer loop
      vertex 10.9 17.65 2
      vertex 13.9 18.65 2
      vertex 13.8904 18.846 2
    endloop
  endfacet
  facet normal 0 0 1
    outer loop
      vertex 13.9 18.65 2
      vertex 10.9 17.65 2
      vertex 13.9 -18.65 2
    endloop
  endfacet
  facet normal 0 0 1
    outer loop
      vertex 10.9 17.65 2
      vertex 13.8904 18.846 2
      vertex 13.8616 19.0402 2
    endloop
  endfacet
  facet normal -0 0 1
    outer loop
      vertex 10.9 -17.65 2
      vertex 13.9 -18.65 2
      vertex 10.9 17.65 2
    endloop
  endfacet
  facet normal 0 0 1
    outer loop
      vertex 10.9 17.65 2
      vertex 13.8616 19.0402 2
      vertex 13.8139 19.2306 2
    endloop
  endfacet
  facet normal 0 0 1
    outer loop
      vertex 13.9 -18.65 2
      vertex 10.9 -17.65 2
      vertex 13.8904 -18.846 2
    endloop
  endfacet
  facet normal 0 0 1
    outer loop
      vertex 10.9 17.65 2
      vertex 13.8139 19.2306 2
      vertex 13.7478 19.4154 2
    endloop
  endfacet
  facet normal 0 0 1
    outer loop
      vertex 13.8904 -18.846 2
      vertex 10.9 -17.65 2
      vertex 13.8616 -19.0402 2
    endloop
  endfacet
  facet normal 0 0 1
    outer loop
      vertex 10.9 17.65 2
      vertex 13.7478 19.4154 2
      vertex 13.6638 19.5928 2
    endloop
  endfacet
  facet normal 0 0 1
    outer loop
      vertex 13.8616 -19.0402 2
      vertex 10.9 -17.65 2
      vertex 13.8139 -19.2306 2
    endloop
  endfacet
  facet normal 0 0 1
    outer loop
      vertex 10.9 17.65 2
      vertex 13.6638 19.5928 2
      vertex 13.5629 19.7611 2
    endloop
  endfacet
  facet normal 0 0 1
    outer loop
      vertex 13.8139 -19.2306 2
      vertex 10.9 -17.65 2
      vertex 13.7478 -19.4154 2
    endloop
  endfacet
  facet normal 0 0 1
    outer loop
      vertex 10.9 17.65 2
      vertex 13.5629 19.7611 2
      vertex 13.446 19.9188 2
    endloop
  endfacet
  facet normal 0 0 1
    outer loop
      vertex 13.7478 -19.4154 2
      vertex 10.9 -17.65 2
      vertex 13.6638 -19.5928 2
    endloop
  endfacet
  facet normal 0 0 1
    outer loop
      vertex 10.9 17.65 2
      vertex 13.446 19.9188 2
      vertex 13.3142 20.0642 2
    endloop
  endfacet
  facet normal 0 0 1
    outer loop
      vertex 13.6638 -19.5928 2
      vertex 10.9 -17.65 2
      vertex 13.5629 -19.7611 2
    endloop
  endfacet
  facet normal 0 0 1
    outer loop
      vertex 10.9 17.65 2
      vertex 13.3142 20.0642 2
      vertex 13.1688 20.196 2
    endloop
  endfacet
  facet normal 0 0 1
    outer loop
      vertex 13.5629 -19.7611 2
      vertex 10.9 -17.65 2
      vertex 13.446 -19.9188 2
    endloop
  endfacet
  facet normal 0 0 1
    outer loop
      vertex 10.9 17.65 2
      vertex 13.1688 20.196 2
      vertex 13.0111 20.3129 2
    endloop
  endfacet
  facet normal 0 0 1
    outer loop
      vertex 13.446 -19.9188 2
      vertex 10.9 -17.65 2
      vertex 13.3142 -20.0642 2
    endloop
  endfacet
  facet normal 0 0 1
    outer loop
      vertex 10.9 17.65 2
      vertex 13.0111 20.3129 2
      vertex 12.8428 20.4138 2
    endloop
  endfacet
  facet normal 0 0 1
    outer loop
      vertex 13.3142 -20.0642 2
      vertex 10.9 -17.65 2
      vertex 13.1688 -20.196 2
    endloop
  endfacet
  facet normal 0 0 1
    outer loop
      vertex 10.9 17.65 2
      vertex 12.8428 20.4138 2
      vertex 12.6654 20.4978 2
    endloop
  endfacet
  facet normal 0 0 1
    outer loop
      vertex 13.1688 -20.196 2
      vertex 10.9 -17.65 2
      vertex 13.0111 -20.3129 2
    endloop
  endfacet
  facet normal 0 0 1
    outer loop
      vertex 10.9 17.65 2
      vertex 12.6654 20.4978 2
      vertex 12.4806 20.5639 2
    endloop
  endfacet
  facet normal 0 0 1
    outer loop
      vertex 13.0111 -20.3129 2
      vertex 10.9 -17.65 2
      vertex 12.8428 -20.4138 2
    endloop
  endfacet
  facet normal 0 0 1
    outer loop
      vertex 10.9 17.65 2
      vertex 12.4806 20.5639 2
      vertex 12.2902 20.6116 2
    endloop
  endfacet
  facet normal 0 0 1
    outer loop
      vertex 12.8428 -20.4138 2
      vertex 10.9 -17.65 2
      vertex 12.6654 -20.4978 2
    endloop
  endfacet
  facet normal 0 0 1
    outer loop
      vertex 10.9 17.65 2
      vertex 12.2902 20.6116 2
      vertex 12.096 20.6404 2
    endloop
  endfacet
  facet normal 0 0 1
    outer loop
      vertex 12.6654 -20.4978 2
      vertex 10.9 -17.65 2
      vertex 12.4806 -20.5639 2
    endloop
  endfacet
  facet normal 0 0 1
    outer loop
      vertex 10.9 17.65 2
      vertex 12.096 20.6404 2
      vertex 11.9 20.65 2
    endloop
  endfacet
  facet normal 0 0 1
    outer loop
      vertex 12.4806 -20.5639 2
      vertex 10.9 -17.65 2
      vertex 12.2902 -20.6116 2
    endloop
  endfacet
  facet normal 0 0 1
    outer loop
      vertex 12.2902 -20.6116 2
      vertex 10.9 -17.65 2
      vertex 12.096 -20.6404 2
    endloop
  endfacet
  facet normal 0 0 1
    outer loop
      vertex 11.9 20.65 2
      vertex -10.9 17.65 2
      vertex 10.9 17.65 2
    endloop
  endfacet
  facet normal -0 0 1
    outer loop
      vertex -12.096 20.6404 2
      vertex -10.9 17.65 2
      vertex -11.9 20.65 2
    endloop
  endfacet
  facet normal -0 0 1
    outer loop
      vertex -11.9 20.65 2
      vertex -10.9 17.65 2
      vertex 11.9 20.65 2
    endloop
  endfacet
  facet normal 0 0 1
    outer loop
      vertex 12.096 -20.6404 2
      vertex 10.9 -17.65 2
      vertex 11.9 -20.65 2
    endloop
  endfacet
  facet normal -0 0 1
    outer loop
      vertex -10.9 -17.65 2
      vertex 11.9 -20.65 2
      vertex 10.9 -17.65 2
    endloop
  endfacet
  facet normal 0 0 1
    outer loop
      vertex -10.9 -17.65 2
      vertex -11.9 -20.65 2
      vertex 11.9 -20.65 2
    endloop
  endfacet
  facet normal 0 0 1
    outer loop
      vertex -10.9 17.65 2
      vertex -13.9 18.65 2
      vertex -10.9 -17.65 2
    endloop
  endfacet
  facet normal -0 0 1
    outer loop
      vertex -12.2902 20.6116 2
      vertex -10.9 17.65 2
      vertex -12.096 20.6404 2
    endloop
  endfacet
  facet normal 0 0 1
    outer loop
      vertex -13.9 -18.65 2
      vertex -10.9 -17.65 2
      vertex -13.9 18.65 2
    endloop
  endfacet
  facet normal -0 0 1
    outer loop
      vertex -12.4806 20.5639 2
      vertex -10.9 17.65 2
      vertex -12.2902 20.6116 2
    endloop
  endfacet
  facet normal 0 -0 1
    outer loop
      vertex -13.8904 -18.846 2
      vertex -10.9 -17.65 2
      vertex -13.9 -18.65 2
    endloop
  endfacet
  facet normal -0 0 1
    outer loop
      vertex -12.6654 20.4978 2
      vertex -10.9 17.65 2
      vertex -12.4806 20.5639 2
    endloop
  endfacet
  facet normal 0 0 1
    outer loop
      vertex -10.9 -17.65 2
      vertex -12.096 -20.6404 2
      vertex -11.9 -20.65 2
    endloop
  endfacet
  facet normal -0 0 1
    outer loop
      vertex -12.8428 20.4138 2
      vertex -10.9 17.65 2
      vertex -12.6654 20.4978 2
    endloop
  endfacet
  facet normal 0 0 1
    outer loop
      vertex -10.9 -17.65 2
      vertex -12.2902 -20.6116 2
      vertex -12.096 -20.6404 2
    endloop
  endfacet
  facet normal -0 0 1
    outer loop
      vertex -13.0111 20.3129 2
      vertex -10.9 17.65 2
      vertex -12.8428 20.4138 2
    endloop
  endfacet
  facet normal 0 0 1
    outer loop
      vertex -10.9 -17.65 2
      vertex -12.4806 -20.5639 2
      vertex -12.2902 -20.6116 2
    endloop
  endfacet
  facet normal -0 0 1
    outer loop
      vertex -13.1688 20.196 2
      vertex -10.9 17.65 2
      vertex -13.0111 20.3129 2
    endloop
  endfacet
  facet normal 0 0 1
    outer loop
      vertex -10.9 -17.65 2
      vertex -12.6654 -20.4978 2
      vertex -12.4806 -20.5639 2
    endloop
  endfacet
  facet normal -0 0 1
    outer loop
      vertex -13.3142 20.0642 2
      vertex -10.9 17.65 2
      vertex -13.1688 20.196 2
    endloop
  endfacet
  facet normal 0 0 1
    outer loop
      vertex -10.9 -17.65 2
      vertex -12.8428 -20.4138 2
      vertex -12.6654 -20.4978 2
    endloop
  endfacet
  facet normal -0 0 1
    outer loop
      vertex -13.446 19.9188 2
      vertex -10.9 17.65 2
      vertex -13.3142 20.0642 2
    endloop
  endfacet
  facet normal 0 0 1
    outer loop
      vertex -10.9 -17.65 2
      vertex -13.0111 -20.3129 2
      vertex -12.8428 -20.4138 2
    endloop
  endfacet
  facet normal -0 0 1
    outer loop
      vertex -13.5629 19.7611 2
      vertex -10.9 17.65 2
      vertex -13.446 19.9188 2
    endloop
  endfacet
  facet normal 0 0 1
    outer loop
      vertex -10.9 -17.65 2
      vertex -13.1688 -20.196 2
      vertex -13.0111 -20.3129 2
    endloop
  endfacet
  facet normal -0 0 1
    outer loop
      vertex -13.6638 19.5928 2
      vertex -10.9 17.65 2
      vertex -13.5629 19.7611 2
    endloop
  endfacet
  facet normal 0 0 1
    outer loop
      vertex -10.9 -17.65 2
      vertex -13.3142 -20.0642 2
      vertex -13.1688 -20.196 2
    endloop
  endfacet
  facet normal -0 0 1
    outer loop
      vertex -13.7478 19.4154 2
      vertex -10.9 17.65 2
      vertex -13.6638 19.5928 2
    endloop
  endfacet
  facet normal 0 0 1
    outer loop
      vertex -10.9 -17.65 2
      vertex -13.446 -19.9188 2
      vertex -13.3142 -20.0642 2
    endloop
  endfacet
  facet normal -0 0 1
    outer loop
      vertex -13.8139 19.2306 2
      vertex -10.9 17.65 2
      vertex -13.7478 19.4154 2
    endloop
  endfacet
  facet normal 0 0 1
    outer loop
      vertex -10.9 -17.65 2
      vertex -13.5629 -19.7611 2
      vertex -13.446 -19.9188 2
    endloop
  endfacet
  facet normal -0 0 1
    outer loop
      vertex -13.8616 19.0402 2
      vertex -10.9 17.65 2
      vertex -13.8139 19.2306 2
    endloop
  endfacet
  facet normal 0 0 1
    outer loop
      vertex -10.9 -17.65 2
      vertex -13.6638 -19.5928 2
      vertex -13.5629 -19.7611 2
    endloop
  endfacet
  facet normal -0 0 1
    outer loop
      vertex -13.8904 18.846 2
      vertex -10.9 17.65 2
      vertex -13.8616 19.0402 2
    endloop
  endfacet
  facet normal 0 0 1
    outer loop
      vertex -10.9 -17.65 2
      vertex -13.7478 -19.4154 2
      vertex -13.6638 -19.5928 2
    endloop
  endfacet
  facet normal 0 0 1
    outer loop
      vertex -10.9 17.65 2
      vertex -13.8904 18.846 2
      vertex -13.9 18.65 2
    endloop
  endfacet
  facet normal 0 0 1
    outer loop
      vertex -10.9 -17.65 2
      vertex -13.8139 -19.2306 2
      vertex -13.7478 -19.4154 2
    endloop
  endfacet
  facet normal 0 0 1
    outer loop
      vertex -10.9 -17.65 2
      vertex -13.8616 -19.0402 2
      vertex -13.8139 -19.2306 2
    endloop
  endfacet
  facet normal 0 0 1
    outer loop
      vertex -10.9 -17.65 2
      vertex -13.8904 -18.846 2
      vertex -13.8616 -19.0402 2
    endloop
  endfacet
  facet normal 0.998803 0.0489209 0
    outer loop
      vertex -13.8904 -18.846 4.4
      vertex -13.9 -18.65 2
      vertex -13.9 -18.65 4.4
    endloop
  endfacet
  facet normal 0.998803 0.0489209 0
    outer loop
      vertex -13.9 -18.65 2
      vertex -13.8904 -18.846 4.4
      vertex -13.8904 -18.846 2
    endloop
  endfacet
  facet normal 0.998803 0.0489209 0
    outer loop
      vertex -13.8904 -18.846 14.6
      vertex -13.9 -18.65 5.6
      vertex -13.9 -18.65 14.6
    endloop
  endfacet
  facet normal 0.998803 0.0489209 0
    outer loop
      vertex -13.9 -18.65 5.6
      vertex -13.8904 -18.846 14.6
      vertex -13.8904 -18.846 5.6
    endloop
  endfacet
  facet normal 0.740908 0.671607 0
    outer loop
      vertex -13.3142 -20.0642 14.6
      vertex -13.446 -19.9188 2
      vertex -13.446 -19.9188 14.6
    endloop
  endfacet
  facet normal 0.740908 0.671607 0
    outer loop
      vertex -13.446 -19.9188 2
      vertex -13.3142 -20.0642 14.6
      vertex -13.3142 -20.0642 2
    endloop
  endfacet
  facet normal 0.9038 0.427955 0
    outer loop
      vertex -13.6638 -19.5928 4.4
      vertex -13.7478 -19.4154 2
      vertex -13.7478 -19.4154 4.4
    endloop
  endfacet
  facet normal 0.9038 0.427955 0
    outer loop
      vertex -13.7478 -19.4154 2
      vertex -13.6638 -19.5928 4.4
      vertex -13.6638 -19.5928 2
    endloop
  endfacet
  facet normal 0.9038 0.427955 0
    outer loop
      vertex -13.6638 -19.5928 14.6
      vertex -13.7478 -19.4154 5.6
      vertex -13.7478 -19.4154 14.6
    endloop
  endfacet
  facet normal 0.9038 0.427955 0
    outer loop
      vertex -13.7478 -19.4154 5.6
      vertex -13.6638 -19.5928 14.6
      vertex -13.6638 -19.5928 5.6
    endloop
  endfacet
  facet normal 0.94158 0.336788 0
    outer loop
      vertex -13.7478 -19.4154 4.4
      vertex -13.8139 -19.2306 2
      vertex -13.8139 -19.2306 4.4
    endloop
  endfacet
  facet normal 0.94158 0.336788 0
    outer loop
      vertex -13.8139 -19.2306 2
      vertex -13.7478 -19.4154 4.4
      vertex -13.7478 -19.4154 2
    endloop
  endfacet
  facet normal 0.94158 0.336788 0
    outer loop
      vertex -13.7478 -19.4154 14.6
      vertex -13.8139 -19.2306 5.6
      vertex -13.8139 -19.2306 14.6
    endloop
  endfacet
  facet normal 0.94158 0.336788 0
    outer loop
      vertex -13.8139 -19.2306 5.6
      vertex -13.7478 -19.4154 14.6
      vertex -13.7478 -19.4154 5.6
    endloop
  endfacet
  facet normal 0.243015 0.970023 -0
    outer loop
      vertex -12.2902 -20.6116 2
      vertex -12.4806 -20.5639 14.6
      vertex -12.2902 -20.6116 14.6
    endloop
  endfacet
  facet normal 0.243015 0.970023 0
    outer loop
      vertex -12.4806 -20.5639 14.6
      vertex -12.2902 -20.6116 2
      vertex -12.4806 -20.5639 2
    endloop
  endfacet
  facet normal -0.989182 0.146696 0
    outer loop
      vertex 13.8616 -19.0402 2
      vertex 13.8904 -18.846 4.4
      vertex 13.8904 -18.846 2
    endloop
  endfacet
  facet normal -0.989182 0.146696 0
    outer loop
      vertex 13.8904 -18.846 4.4
      vertex 13.8616 -19.0402 2
      vertex 13.8616 -19.0402 4.4
    endloop
  endfacet
  facet normal -0.989182 0.146696 0
    outer loop
      vertex 13.8616 -19.0402 5.6
      vertex 13.8904 -18.846 14.6
      vertex 13.8904 -18.846 5.6
    endloop
  endfacet
  facet normal -0.989182 0.146696 0
    outer loop
      vertex 13.8904 -18.846 14.6
      vertex 13.8616 -19.0402 5.6
      vertex 13.8616 -19.0402 14.6
    endloop
  endfacet
  facet normal -0.740908 -0.671607 0
    outer loop
      vertex 13.446 19.9188 2
      vertex 13.3142 20.0642 14.6
      vertex 13.3142 20.0642 2
    endloop
  endfacet
  facet normal -0.740908 -0.671607 0
    outer loop
      vertex 13.3142 20.0642 14.6
      vertex 13.446 19.9188 2
      vertex 13.446 19.9188 14.6
    endloop
  endfacet
  facet normal -0.970023 -0.243015 0
    outer loop
      vertex 13.8616 19.0402 2
      vertex 13.8139 19.2306 4.4
      vertex 13.8139 19.2306 2
    endloop
  endfacet
  facet normal -0.970023 -0.243015 0
    outer loop
      vertex 13.8139 19.2306 4.4
      vertex 13.8616 19.0402 2
      vertex 13.8616 19.0402 4.4
    endloop
  endfacet
  facet normal -0.970023 -0.243015 0
    outer loop
      vertex 13.8616 19.0402 5.6
      vertex 13.8139 19.2306 14.6
      vertex 13.8139 19.2306 5.6
    endloop
  endfacet
  facet normal -0.970023 -0.243015 0
    outer loop
      vertex 13.8139 19.2306 14.6
      vertex 13.8616 19.0402 5.6
      vertex 13.8616 19.0402 14.6
    endloop
  endfacet
  facet normal -0.989182 -0.146696 0
    outer loop
      vertex 13.8904 18.846 2
      vertex 13.8616 19.0402 4.4
      vertex 13.8616 19.0402 2
    endloop
  endfacet
  facet normal -0.989182 -0.146696 0
    outer loop
      vertex 13.8616 19.0402 4.4
      vertex 13.8904 18.846 2
      vertex 13.8904 18.846 4.4
    endloop
  endfacet
  facet normal -0.989182 -0.146696 0
    outer loop
      vertex 13.8904 18.846 5.6
      vertex 13.8616 19.0402 14.6
      vertex 13.8616 19.0402 5.6
    endloop
  endfacet
  facet normal -0.989182 -0.146696 0
    outer loop
      vertex 13.8616 19.0402 14.6
      vertex 13.8904 18.846 5.6
      vertex 13.8904 18.846 14.6
    endloop
  endfacet
  facet normal -0.671607 -0.740908 0
    outer loop
      vertex 13.1688 20.196 2
      vertex 13.3142 20.0642 14.6
      vertex 13.1688 20.196 14.6
    endloop
  endfacet
  facet normal -0.671607 -0.740908 -0
    outer loop
      vertex 13.3142 20.0642 14.6
      vertex 13.1688 20.196 2
      vertex 13.3142 20.0642 2
    endloop
  endfacet
  facet normal -0.0489209 -0.998803 0
    outer loop
      vertex 11.9 20.65 2
      vertex 12.096 20.6404 14.6
      vertex 11.9 20.65 14.6
    endloop
  endfacet
  facet normal -0.0489209 -0.998803 -0
    outer loop
      vertex 12.096 20.6404 14.6
      vertex 11.9 20.65 2
      vertex 12.096 20.6404 2
    endloop
  endfacet
  facet normal 0.243015 -0.970023 0
    outer loop
      vertex -12.4806 20.5639 2
      vertex -12.2902 20.6116 14.6
      vertex -12.4806 20.5639 14.6
    endloop
  endfacet
  facet normal 0.243015 -0.970023 0
    outer loop
      vertex -12.2902 20.6116 14.6
      vertex -12.4806 20.5639 2
      vertex -12.2902 20.6116 2
    endloop
  endfacet
  facet normal 0.671607 -0.740908 0
    outer loop
      vertex -13.3142 20.0642 2
      vertex -13.1688 20.196 14.6
      vertex -13.3142 20.0642 14.6
    endloop
  endfacet
  facet normal 0.671607 -0.740908 0
    outer loop
      vertex -13.1688 20.196 14.6
      vertex -13.3142 20.0642 2
      vertex -13.1688 20.196 2
    endloop
  endfacet
  facet normal 0.427955 -0.9038 0
    outer loop
      vertex -12.8428 20.4138 2
      vertex -12.6654 20.4978 14.6
      vertex -12.8428 20.4138 14.6
    endloop
  endfacet
  facet normal 0.427955 -0.9038 0
    outer loop
      vertex -12.6654 20.4978 14.6
      vertex -12.8428 20.4138 2
      vertex -12.6654 20.4978 2
    endloop
  endfacet
  facet normal 0.9038 -0.427955 0
    outer loop
      vertex -13.7478 19.4154 4.4
      vertex -13.6638 19.5928 2
      vertex -13.6638 19.5928 4.4
    endloop
  endfacet
  facet normal 0.9038 -0.427955 0
    outer loop
      vertex -13.6638 19.5928 2
      vertex -13.7478 19.4154 4.4
      vertex -13.7478 19.4154 2
    endloop
  endfacet
  facet normal 0.9038 -0.427955 0
    outer loop
      vertex -13.7478 19.4154 14.6
      vertex -13.6638 19.5928 5.6
      vertex -13.6638 19.5928 14.6
    endloop
  endfacet
  facet normal 0.9038 -0.427955 0
    outer loop
      vertex -13.6638 19.5928 5.6
      vertex -13.7478 19.4154 14.6
      vertex -13.7478 19.4154 5.6
    endloop
  endfacet
  facet normal -0.427955 0.9038 0
    outer loop
      vertex 12.8428 -20.4138 2
      vertex 12.6654 -20.4978 14.6
      vertex 12.8428 -20.4138 14.6
    endloop
  endfacet
  facet normal -0.427955 0.9038 0
    outer loop
      vertex 12.6654 -20.4978 14.6
      vertex 12.8428 -20.4138 2
      vertex 12.6654 -20.4978 2
    endloop
  endfacet
  facet normal -0.671607 0.740908 0
    outer loop
      vertex 13.3142 -20.0642 2
      vertex 13.1688 -20.196 14.6
      vertex 13.3142 -20.0642 14.6
    endloop
  endfacet
  facet normal -0.671607 0.740908 0
    outer loop
      vertex 13.1688 -20.196 14.6
      vertex 13.3142 -20.0642 2
      vertex 13.1688 -20.196 2
    endloop
  endfacet
  facet normal -0.514196 0.857673 0
    outer loop
      vertex 13.0111 -20.3129 2
      vertex 12.8428 -20.4138 14.6
      vertex 13.0111 -20.3129 14.6
    endloop
  endfacet
  facet normal -0.514196 0.857673 0
    outer loop
      vertex 12.8428 -20.4138 14.6
      vertex 13.0111 -20.3129 2
      vertex 12.8428 -20.4138 2
    endloop
  endfacet
  facet normal -0.595508 0.80335 0
    outer loop
      vertex 13.1688 -20.196 2
      vertex 13.0111 -20.3129 14.6
      vertex 13.1688 -20.196 14.6
    endloop
  endfacet
  facet normal -0.595508 0.80335 0
    outer loop
      vertex 13.0111 -20.3129 14.6
      vertex 13.1688 -20.196 2
      vertex 13.0111 -20.3129 2
    endloop
  endfacet
  facet normal -0.336788 0.94158 0
    outer loop
      vertex 12.6654 -20.4978 2
      vertex 12.4806 -20.5639 14.6
      vertex 12.6654 -20.4978 14.6
    endloop
  endfacet
  facet normal -0.336788 0.94158 0
    outer loop
      vertex 12.4806 -20.5639 14.6
      vertex 12.6654 -20.4978 2
      vertex 12.4806 -20.5639 2
    endloop
  endfacet
  facet normal 0.94158 -0.336788 0
    outer loop
      vertex -13.8139 19.2306 4.4
      vertex -13.7478 19.4154 2
      vertex -13.7478 19.4154 4.4
    endloop
  endfacet
  facet normal 0.94158 -0.336788 0
    outer loop
      vertex -13.7478 19.4154 2
      vertex -13.8139 19.2306 4.4
      vertex -13.8139 19.2306 2
    endloop
  endfacet
  facet normal 0.94158 -0.336788 0
    outer loop
      vertex -13.8139 19.2306 14.6
      vertex -13.7478 19.4154 5.6
      vertex -13.7478 19.4154 14.6
    endloop
  endfacet
  facet normal 0.94158 -0.336788 0
    outer loop
      vertex -13.7478 19.4154 5.6
      vertex -13.8139 19.2306 14.6
      vertex -13.8139 19.2306 5.6
    endloop
  endfacet
  facet normal 0.970023 0.243015 0
    outer loop
      vertex -13.8139 -19.2306 4.4
      vertex -13.8616 -19.0402 2
      vertex -13.8616 -19.0402 4.4
    endloop
  endfacet
  facet normal 0.970023 0.243015 0
    outer loop
      vertex -13.8616 -19.0402 2
      vertex -13.8139 -19.2306 4.4
      vertex -13.8139 -19.2306 2
    endloop
  endfacet
  facet normal 0.970023 0.243015 0
    outer loop
      vertex -13.8139 -19.2306 14.6
      vertex -13.8616 -19.0402 5.6
      vertex -13.8616 -19.0402 14.6
    endloop
  endfacet
  facet normal 0.970023 0.243015 0
    outer loop
      vertex -13.8616 -19.0402 5.6
      vertex -13.8139 -19.2306 14.6
      vertex -13.8139 -19.2306 5.6
    endloop
  endfacet
  facet normal 0.989182 0.146696 0
    outer loop
      vertex -13.8616 -19.0402 4.4
      vertex -13.8904 -18.846 2
      vertex -13.8904 -18.846 4.4
    endloop
  endfacet
  facet normal 0.989182 0.146696 0
    outer loop
      vertex -13.8904 -18.846 2
      vertex -13.8616 -19.0402 4.4
      vertex -13.8616 -19.0402 2
    endloop
  endfacet
  facet normal 0.989182 0.146696 0
    outer loop
      vertex -13.8616 -19.0402 14.6
      vertex -13.8904 -18.846 5.6
      vertex -13.8904 -18.846 14.6
    endloop
  endfacet
  facet normal 0.989182 0.146696 0
    outer loop
      vertex -13.8904 -18.846 5.6
      vertex -13.8616 -19.0402 14.6
      vertex -13.8616 -19.0402 5.6
    endloop
  endfacet
  facet normal 0.80335 0.595508 0
    outer loop
      vertex -13.446 -19.9188 14.6
      vertex -13.5629 -19.7611 2
      vertex -13.5629 -19.7611 14.6
    endloop
  endfacet
  facet normal 0.80335 0.595508 0
    outer loop
      vertex -13.5629 -19.7611 2
      vertex -13.446 -19.9188 14.6
      vertex -13.446 -19.9188 2
    endloop
  endfacet
  facet normal 0.427955 0.9038 -0
    outer loop
      vertex -12.6654 -20.4978 2
      vertex -12.8428 -20.4138 14.6
      vertex -12.6654 -20.4978 14.6
    endloop
  endfacet
  facet normal 0.427955 0.9038 0
    outer loop
      vertex -12.8428 -20.4138 14.6
      vertex -12.6654 -20.4978 2
      vertex -12.8428 -20.4138 2
    endloop
  endfacet
  facet normal -0.336788 -0.94158 0
    outer loop
      vertex 12.4806 20.5639 2
      vertex 12.6654 20.4978 14.6
      vertex 12.4806 20.5639 14.6
    endloop
  endfacet
  facet normal -0.336788 -0.94158 -0
    outer loop
      vertex 12.6654 20.4978 14.6
      vertex 12.4806 20.5639 2
      vertex 12.6654 20.4978 2
    endloop
  endfacet
  facet normal -0.146696 -0.989182 0
    outer loop
      vertex 12.096 20.6404 2
      vertex 12.2902 20.6116 14.6
      vertex 12.096 20.6404 14.6
    endloop
  endfacet
  facet normal -0.146696 -0.989182 -0
    outer loop
      vertex 12.2902 20.6116 14.6
      vertex 12.096 20.6404 2
      vertex 12.2902 20.6116 2
    endloop
  endfacet
  facet normal 0.146696 -0.989182 0
    outer loop
      vertex -12.2902 20.6116 2
      vertex -12.096 20.6404 14.6
      vertex -12.2902 20.6116 14.6
    endloop
  endfacet
  facet normal 0.146696 -0.989182 0
    outer loop
      vertex -12.096 20.6404 14.6
      vertex -12.2902 20.6116 2
      vertex -12.096 20.6404 2
    endloop
  endfacet
  facet normal 0.336788 -0.94158 0
    outer loop
      vertex -12.6654 20.4978 2
      vertex -12.4806 20.5639 14.6
      vertex -12.6654 20.4978 14.6
    endloop
  endfacet
  facet normal 0.336788 -0.94158 0
    outer loop
      vertex -12.4806 20.5639 14.6
      vertex -12.6654 20.4978 2
      vertex -12.4806 20.5639 2
    endloop
  endfacet
  facet normal 0.80335 -0.595508 0
    outer loop
      vertex -13.5629 19.7611 14.6
      vertex -13.446 19.9188 2
      vertex -13.446 19.9188 14.6
    endloop
  endfacet
  facet normal 0.80335 -0.595508 0
    outer loop
      vertex -13.446 19.9188 2
      vertex -13.5629 19.7611 14.6
      vertex -13.5629 19.7611 2
    endloop
  endfacet
  facet normal 0.740908 -0.671607 0
    outer loop
      vertex -13.446 19.9188 14.6
      vertex -13.3142 20.0642 2
      vertex -13.3142 20.0642 14.6
    endloop
  endfacet
  facet normal 0.740908 -0.671607 0
    outer loop
      vertex -13.3142 20.0642 2
      vertex -13.446 19.9188 14.6
      vertex -13.446 19.9188 2
    endloop
  endfacet
  facet normal 0.857357 -0.514723 0
    outer loop
      vertex -13.5629 19.7611 14.6
      vertex -13.6296 19.65 5.6
      vertex -13.5629 19.7611 2
    endloop
  endfacet
  facet normal 0.857673 -0.514196 -8.84456e-06
    outer loop
      vertex -13.6638 19.5928 14.6
      vertex -13.6296 19.65 5.6
      vertex -13.5629 19.7611 14.6
    endloop
  endfacet
  facet normal 0.858286 -0.513171 0
    outer loop
      vertex -13.6296 19.65 5.6
      vertex -13.6638 19.5928 14.6
      vertex -13.6638 19.5928 5.6
    endloop
  endfacet
  facet normal 0.857357 -0.514723 0
    outer loop
      vertex -13.6296 19.65 4.4
      vertex -13.5629 19.7611 2
      vertex -13.6296 19.65 5.6
    endloop
  endfacet
  facet normal 0.858286 -0.513171 0
    outer loop
      vertex -13.6638 19.5928 2
      vertex -13.6296 19.65 4.4
      vertex -13.6638 19.5928 4.4
    endloop
  endfacet
  facet normal 0.857673 -0.514196 3.31671e-05
    outer loop
      vertex -13.6296 19.65 4.4
      vertex -13.6638 19.5928 2
      vertex -13.5629 19.7611 2
    endloop
  endfacet
  facet normal -0.740908 0.671607 0
    outer loop
      vertex 13.3142 -20.0642 2
      vertex 13.446 -19.9188 14.6
      vertex 13.446 -19.9188 2
    endloop
  endfacet
  facet normal -0.740908 0.671607 0
    outer loop
      vertex 13.446 -19.9188 14.6
      vertex 13.3142 -20.0642 2
      vertex 13.3142 -20.0642 14.6
    endloop
  endfacet
  facet normal -0.80335 0.595508 0
    outer loop
      vertex 13.446 -19.9188 2
      vertex 13.5629 -19.7611 14.6
      vertex 13.5629 -19.7611 2
    endloop
  endfacet
  facet normal -0.80335 0.595508 0
    outer loop
      vertex 13.5629 -19.7611 14.6
      vertex 13.446 -19.9188 2
      vertex 13.446 -19.9188 14.6
    endloop
  endfacet
  facet normal -0.243015 0.970023 0
    outer loop
      vertex 12.4806 -20.5639 2
      vertex 12.2902 -20.6116 14.6
      vertex 12.4806 -20.5639 14.6
    endloop
  endfacet
  facet normal -0.243015 0.970023 0
    outer loop
      vertex 12.2902 -20.6116 14.6
      vertex 12.4806 -20.5639 2
      vertex 12.2902 -20.6116 2
    endloop
  endfacet
  facet normal 0.970023 -0.243015 0
    outer loop
      vertex -13.8616 19.0402 4.4
      vertex -13.8139 19.2306 2
      vertex -13.8139 19.2306 4.4
    endloop
  endfacet
  facet normal 0.970023 -0.243015 0
    outer loop
      vertex -13.8139 19.2306 2
      vertex -13.8616 19.0402 4.4
      vertex -13.8616 19.0402 2
    endloop
  endfacet
  facet normal 0.970023 -0.243015 0
    outer loop
      vertex -13.8616 19.0402 14.6
      vertex -13.8139 19.2306 5.6
      vertex -13.8139 19.2306 14.6
    endloop
  endfacet
  facet normal 0.970023 -0.243015 0
    outer loop
      vertex -13.8139 19.2306 5.6
      vertex -13.8616 19.0402 14.6
      vertex -13.8616 19.0402 5.6
    endloop
  endfacet
  facet normal 0.146696 0.989182 -0
    outer loop
      vertex -12.096 -20.6404 2
      vertex -12.2902 -20.6116 14.6
      vertex -12.096 -20.6404 14.6
    endloop
  endfacet
  facet normal 0.146696 0.989182 0
    outer loop
      vertex -12.2902 -20.6116 14.6
      vertex -12.096 -20.6404 2
      vertex -12.2902 -20.6116 2
    endloop
  endfacet
  facet normal 0.336788 0.94158 -0
    outer loop
      vertex -12.4806 -20.5639 2
      vertex -12.6654 -20.4978 14.6
      vertex -12.4806 -20.5639 14.6
    endloop
  endfacet
  facet normal 0.336788 0.94158 0
    outer loop
      vertex -12.6654 -20.4978 14.6
      vertex -12.4806 -20.5639 2
      vertex -12.6654 -20.4978 2
    endloop
  endfacet
  facet normal 0.0489209 0.998803 -0
    outer loop
      vertex -11.9 -20.65 2
      vertex -12.096 -20.6404 14.6
      vertex -11.9 -20.65 14.6
    endloop
  endfacet
  facet normal 0.0489209 0.998803 0
    outer loop
      vertex -12.096 -20.6404 14.6
      vertex -11.9 -20.65 2
      vertex -12.096 -20.6404 2
    endloop
  endfacet
  facet normal 0.514196 0.857673 -0
    outer loop
      vertex -12.8428 -20.4138 2
      vertex -13.0111 -20.3129 14.6
      vertex -12.8428 -20.4138 14.6
    endloop
  endfacet
  facet normal 0.514196 0.857673 0
    outer loop
      vertex -13.0111 -20.3129 14.6
      vertex -12.8428 -20.4138 2
      vertex -13.0111 -20.3129 2
    endloop
  endfacet
  facet normal 0.595508 0.80335 -0
    outer loop
      vertex -13.0111 -20.3129 2
      vertex -13.1688 -20.196 14.6
      vertex -13.0111 -20.3129 14.6
    endloop
  endfacet
  facet normal 0.595508 0.80335 0
    outer loop
      vertex -13.1688 -20.196 14.6
      vertex -13.0111 -20.3129 2
      vertex -13.1688 -20.196 2
    endloop
  endfacet
  facet normal -0.94158 -0.336788 0
    outer loop
      vertex 13.8139 19.2306 2
      vertex 13.7478 19.4154 4.4
      vertex 13.7478 19.4154 2
    endloop
  endfacet
  facet normal -0.94158 -0.336788 0
    outer loop
      vertex 13.7478 19.4154 4.4
      vertex 13.8139 19.2306 2
      vertex 13.8139 19.2306 4.4
    endloop
  endfacet
  facet normal -0.94158 -0.336788 0
    outer loop
      vertex 13.8139 19.2306 5.6
      vertex 13.7478 19.4154 14.6
      vertex 13.7478 19.4154 5.6
    endloop
  endfacet
  facet normal -0.94158 -0.336788 0
    outer loop
      vertex 13.7478 19.4154 14.6
      vertex 13.8139 19.2306 5.6
      vertex 13.8139 19.2306 14.6
    endloop
  endfacet
  facet normal -0.80335 -0.595508 0
    outer loop
      vertex 13.5629 19.7611 2
      vertex 13.446 19.9188 14.6
      vertex 13.446 19.9188 2
    endloop
  endfacet
  facet normal -0.80335 -0.595508 0
    outer loop
      vertex 13.446 19.9188 14.6
      vertex 13.5629 19.7611 2
      vertex 13.5629 19.7611 14.6
    endloop
  endfacet
  facet normal -0.857357 -0.514723 -0
    outer loop
      vertex 13.6296 19.65 5.6
      vertex 13.5629 19.7611 2
      vertex 13.6296 19.65 4.4
    endloop
  endfacet
  facet normal -0.857673 -0.514196 3.31671e-05
    outer loop
      vertex 13.6638 19.5928 2
      vertex 13.6296 19.65 4.4
      vertex 13.5629 19.7611 2
    endloop
  endfacet
  facet normal -0.858286 -0.513171 0
    outer loop
      vertex 13.6296 19.65 4.4
      vertex 13.6638 19.5928 2
      vertex 13.6638 19.5928 4.4
    endloop
  endfacet
  facet normal -0.857357 -0.514723 0
    outer loop
      vertex 13.5629 19.7611 2
      vertex 13.6296 19.65 5.6
      vertex 13.5629 19.7611 14.6
    endloop
  endfacet
  facet normal -0.858286 -0.513171 -0
    outer loop
      vertex 13.6638 19.5928 14.6
      vertex 13.6296 19.65 5.6
      vertex 13.6638 19.5928 5.6
    endloop
  endfacet
  facet normal -0.857673 -0.514196 -8.84456e-06
    outer loop
      vertex 13.6296 19.65 5.6
      vertex 13.6638 19.5928 14.6
      vertex 13.5629 19.7611 14.6
    endloop
  endfacet
  facet normal -0.514196 -0.857673 0
    outer loop
      vertex 12.8428 20.4138 2
      vertex 13.0111 20.3129 14.6
      vertex 12.8428 20.4138 14.6
    endloop
  endfacet
  facet normal -0.514196 -0.857673 -0
    outer loop
      vertex 13.0111 20.3129 14.6
      vertex 12.8428 20.4138 2
      vertex 13.0111 20.3129 2
    endloop
  endfacet
  facet normal -0.595508 -0.80335 0
    outer loop
      vertex 13.0111 20.3129 2
      vertex 13.1688 20.196 14.6
      vertex 13.0111 20.3129 14.6
    endloop
  endfacet
  facet normal -0.595508 -0.80335 -0
    outer loop
      vertex 13.1688 20.196 14.6
      vertex 13.0111 20.3129 2
      vertex 13.1688 20.196 2
    endloop
  endfacet
  facet normal -0.243015 -0.970023 0
    outer loop
      vertex 12.2902 20.6116 2
      vertex 12.4806 20.5639 14.6
      vertex 12.2902 20.6116 14.6
    endloop
  endfacet
  facet normal -0.243015 -0.970023 -0
    outer loop
      vertex 12.4806 20.5639 14.6
      vertex 12.2902 20.6116 2
      vertex 12.4806 20.5639 2
    endloop
  endfacet
  facet normal 0.514196 -0.857673 0
    outer loop
      vertex -13.0111 20.3129 2
      vertex -12.8428 20.4138 14.6
      vertex -13.0111 20.3129 14.6
    endloop
  endfacet
  facet normal 0.514196 -0.857673 0
    outer loop
      vertex -12.8428 20.4138 14.6
      vertex -13.0111 20.3129 2
      vertex -12.8428 20.4138 2
    endloop
  endfacet
  facet normal 0.595508 -0.80335 0
    outer loop
      vertex -13.1688 20.196 2
      vertex -13.0111 20.3129 14.6
      vertex -13.1688 20.196 14.6
    endloop
  endfacet
  facet normal 0.595508 -0.80335 0
    outer loop
      vertex -13.0111 20.3129 14.6
      vertex -13.1688 20.196 2
      vertex -13.0111 20.3129 2
    endloop
  endfacet
  facet normal 1 -0 0
    outer loop
      vertex -10.9 -17.65 2
      vertex -10.9 17.65 0
      vertex -10.9 17.65 2
    endloop
  endfacet
  facet normal 1 0 0
    outer loop
      vertex -10.9 17.65 0
      vertex -10.9 -17.65 2
      vertex -10.9 -17.65 0
    endloop
  endfacet
  facet normal -1 0 0
    outer loop
      vertex 10.9 -17.65 0
      vertex 10.9 17.65 2
      vertex 10.9 17.65 0
    endloop
  endfacet
  facet normal -1 -0 0
    outer loop
      vertex 10.9 17.65 2
      vertex 10.9 -17.65 0
      vertex 10.9 -17.65 2
    endloop
  endfacet
  facet normal 0 -1 0
    outer loop
      vertex -10.9 17.65 0
      vertex 10.9 17.65 2
      vertex -10.9 17.65 2
    endloop
  endfacet
  facet normal 0 -1 -0
    outer loop
      vertex 10.9 17.65 2
      vertex -10.9 17.65 0
      vertex 10.9 17.65 0
    endloop
  endfacet
  facet normal 0 1 -0
    outer loop
      vertex 10.9 -17.65 0
      vertex -10.9 -17.65 2
      vertex 10.9 -17.65 2
    endloop
  endfacet
  facet normal 0 1 0
    outer loop
      vertex -10.9 -17.65 2
      vertex 10.9 -17.65 0
      vertex -10.9 -17.65 0
    endloop
  endfacet
  facet normal -0.998795 0 -0.0490821
    outer loop
      vertex 3 20.65 7
      vertex 2.98555 23.05 7.29405
      vertex 3 23.05 7
    endloop
  endfacet
  facet normal -0.998795 -0 -0.0490821
    outer loop
      vertex 2.98555 23.05 7.29405
      vertex 3 20.65 7
      vertex 2.98555 20.65 7.29405
    endloop
  endfacet
  facet normal -0.595703 0 -0.803204
    outer loop
      vertex 1.66671 20.65 9.49441
      vertex 1.90318 23.05 9.31903
      vertex 1.90318 20.65 9.31903
    endloop
  endfacet
  facet normal -0.595703 0 -0.803204
    outer loop
      vertex 1.90318 23.05 9.31903
      vertex 1.66671 20.65 9.49441
      vertex 1.66671 23.05 9.49441
    endloop
  endfacet
  facet normal 0.427569 0 -0.903983
    outer loop
      vertex -1.41419 20.65 9.64576
      vertex -1.14805 23.05 9.77164
      vertex -1.14805 20.65 9.77164
    endloop
  endfacet
  facet normal 0.427569 0 -0.903983
    outer loop
      vertex -1.14805 23.05 9.77164
      vertex -1.41419 20.65 9.64576
      vertex -1.41419 23.05 9.64576
    endloop
  endfacet
  facet normal -0.903983 0 -0.427569
    outer loop
      vertex 2.77164 20.65 8.14805
      vertex 2.64576 23.05 8.41419
      vertex 2.77164 23.05 8.14805
    endloop
  endfacet
  facet normal -0.903983 -0 -0.427569
    outer loop
      vertex 2.64576 23.05 8.41419
      vertex 2.77164 20.65 8.14805
      vertex 2.64576 20.65 8.41419
    endloop
  endfacet
  facet normal -0.336882 0 -0.941547
    outer loop
      vertex 0.870853 20.65 9.87082
      vertex 1.14805 23.05 9.77164
      vertex 1.14805 20.65 9.77164
    endloop
  endfacet
  facet normal -0.336882 0 -0.941547
    outer loop
      vertex 1.14805 23.05 9.77164
      vertex 0.870853 20.65 9.87082
      vertex 0.870853 23.05 9.87082
    endloop
  endfacet
  facet normal 0.242998 0 -0.970027
    outer loop
      vertex -0.870853 20.65 9.87082
      vertex -0.585271 23.05 9.94236
      vertex -0.585271 20.65 9.94236
    endloop
  endfacet
  facet normal 0.242998 0 -0.970027
    outer loop
      vertex -0.585271 23.05 9.94236
      vertex -0.870853 20.65 9.87082
      vertex -0.870853 23.05 9.87082
    endloop
  endfacet
  facet normal -0.998795 0 0.0490821
    outer loop
      vertex 2.98555 20.65 6.70595
      vertex 3 23.05 7
      vertex 2.98555 23.05 6.70595
    endloop
  endfacet
  facet normal -0.998795 0 0.0490821
    outer loop
      vertex 3 23.05 7
      vertex 2.98555 20.65 6.70595
      vertex 3 20.65 7
    endloop
  endfacet
  facet normal 0.903983 -0 0.427569
    outer loop
      vertex -2.77164 20.65 5.85195
      vertex -2.64576 23.05 5.58581
      vertex -2.77164 23.05 5.85195
    endloop
  endfacet
  facet normal 0.903983 0 0.427569
    outer loop
      vertex -2.64576 23.05 5.58581
      vertex -2.77164 20.65 5.85195
      vertex -2.64576 20.65 5.58581
    endloop
  endfacet
  facet normal -0.989181 0 -0.146703
    outer loop
      vertex 2.98555 20.65 7.29405
      vertex 2.94236 23.05 7.58527
      vertex 2.98555 23.05 7.29405
    endloop
  endfacet
  facet normal -0.989181 -0 -0.146703
    outer loop
      vertex 2.94236 23.05 7.58527
      vertex 2.98555 20.65 7.29405
      vertex 2.94236 20.65 7.58527
    endloop
  endfacet
  facet normal -0.970027 0 -0.242999
    outer loop
      vertex 2.94236 20.65 7.58527
      vertex 2.87082 23.05 7.87085
      vertex 2.94236 23.05 7.58527
    endloop
  endfacet
  facet normal -0.970027 -0 -0.242999
    outer loop
      vertex 2.87082 23.05 7.87085
      vertex 2.94236 20.65 7.58527
      vertex 2.87082 20.65 7.87085
    endloop
  endfacet
  facet normal -0.803204 0 -0.595703
    outer loop
      vertex 2.49441 20.65 8.66671
      vertex 2.31903 23.05 8.90318
      vertex 2.49441 23.05 8.66671
    endloop
  endfacet
  facet normal -0.803204 -0 -0.595703
    outer loop
      vertex 2.31903 23.05 8.90318
      vertex 2.49441 20.65 8.66671
      vertex 2.31903 20.65 8.90318
    endloop
  endfacet
  facet normal -0.857736 0 -0.514091
    outer loop
      vertex 2.64576 20.65 8.41419
      vertex 2.49441 23.05 8.66671
      vertex 2.64576 23.05 8.41419
    endloop
  endfacet
  facet normal -0.857736 -0 -0.514091
    outer loop
      vertex 2.49441 23.05 8.66671
      vertex 2.64576 20.65 8.41419
      vertex 2.49441 20.65 8.66671
    endloop
  endfacet
  facet normal -0.671558 0 -0.740952
    outer loop
      vertex 1.90318 20.65 9.31903
      vertex 2.12132 23.05 9.12132
      vertex 2.12132 20.65 9.12132
    endloop
  endfacet
  facet normal -0.671558 0 -0.740952
    outer loop
      vertex 2.12132 23.05 9.12132
      vertex 1.90318 20.65 9.31903
      vertex 1.90318 23.05 9.31903
    endloop
  endfacet
  facet normal -0.514091 0 -0.857736
    outer loop
      vertex 1.41419 20.65 9.64576
      vertex 1.66671 23.05 9.49441
      vertex 1.66671 20.65 9.49441
    endloop
  endfacet
  facet normal -0.514091 0 -0.857736
    outer loop
      vertex 1.66671 23.05 9.49441
      vertex 1.41419 20.65 9.64576
      vertex 1.41419 23.05 9.64576
    endloop
  endfacet
  facet normal 0.0490819 0 -0.998795
    outer loop
      vertex -0.294051 20.65 9.98555
      vertex 0 23.05 10
      vertex 0 20.65 10
    endloop
  endfacet
  facet normal 0.0490819 0 -0.998795
    outer loop
      vertex 0 23.05 10
      vertex -0.294051 20.65 9.98555
      vertex -0.294051 23.05 9.98555
    endloop
  endfacet
  facet normal -0.242998 0 -0.970027
    outer loop
      vertex 0.585271 20.65 9.94236
      vertex 0.870853 23.05 9.87082
      vertex 0.870853 20.65 9.87082
    endloop
  endfacet
  facet normal -0.242998 0 -0.970027
    outer loop
      vertex 0.870853 23.05 9.87082
      vertex 0.585271 20.65 9.94236
      vertex 0.585271 23.05 9.94236
    endloop
  endfacet
  facet normal -0.146703 0 -0.989181
    outer loop
      vertex 0.294051 20.65 9.98555
      vertex 0.585271 23.05 9.94236
      vertex 0.585271 20.65 9.94236
    endloop
  endfacet
  facet normal -0.146703 0 -0.989181
    outer loop
      vertex 0.585271 23.05 9.94236
      vertex 0.294051 20.65 9.98555
      vertex 0.294051 23.05 9.98555
    endloop
  endfacet
  facet normal 0.970027 0 -0.242999
    outer loop
      vertex -2.87082 20.65 7.87085
      vertex -2.94236 23.05 7.58527
      vertex -2.87082 23.05 7.87085
    endloop
  endfacet
  facet normal 0.970027 0 -0.242999
    outer loop
      vertex -2.94236 23.05 7.58527
      vertex -2.87082 20.65 7.87085
      vertex -2.94236 20.65 7.58527
    endloop
  endfacet
  facet normal 0.989181 0 -0.146703
    outer loop
      vertex -2.94236 20.65 7.58527
      vertex -2.98555 23.05 7.29405
      vertex -2.94236 23.05 7.58527
    endloop
  endfacet
  facet normal 0.989181 0 -0.146703
    outer loop
      vertex -2.98555 23.05 7.29405
      vertex -2.94236 20.65 7.58527
      vertex -2.98555 20.65 7.29405
    endloop
  endfacet
  facet normal 0.857736 0 -0.514091
    outer loop
      vertex -2.49441 20.65 8.66671
      vertex -2.64576 23.05 8.41419
      vertex -2.49441 23.05 8.66671
    endloop
  endfacet
  facet normal 0.857736 0 -0.514091
    outer loop
      vertex -2.64576 23.05 8.41419
      vertex -2.49441 20.65 8.66671
      vertex -2.64576 20.65 8.41419
    endloop
  endfacet
  facet normal 0.803204 0 -0.595703
    outer loop
      vertex -2.31903 20.65 8.90318
      vertex -2.49441 23.05 8.66671
      vertex -2.31903 23.05 8.90318
    endloop
  endfacet
  facet normal 0.803204 0 -0.595703
    outer loop
      vertex -2.49441 23.05 8.66671
      vertex -2.31903 20.65 8.90318
      vertex -2.49441 20.65 8.66671
    endloop
  endfacet
  facet normal 0.146703 0 -0.989181
    outer loop
      vertex -0.585271 20.65 9.94236
      vertex -0.294051 23.05 9.98555
      vertex -0.294051 20.65 9.98555
    endloop
  endfacet
  facet normal 0.146703 0 -0.989181
    outer loop
      vertex -0.294051 23.05 9.98555
      vertex -0.585271 20.65 9.94236
      vertex -0.585271 23.05 9.94236
    endloop
  endfacet
  facet normal 0.595703 0 -0.803204
    outer loop
      vertex -1.90318 20.65 9.31903
      vertex -1.66671 23.05 9.49441
      vertex -1.66671 20.65 9.49441
    endloop
  endfacet
  facet normal 0.595703 0 -0.803204
    outer loop
      vertex -1.66671 23.05 9.49441
      vertex -1.90318 20.65 9.31903
      vertex -1.90318 23.05 9.31903
    endloop
  endfacet
  facet normal 0.514091 0 -0.857736
    outer loop
      vertex -1.66671 20.65 9.49441
      vertex -1.41419 23.05 9.64576
      vertex -1.41419 20.65 9.64576
    endloop
  endfacet
  facet normal 0.514091 0 -0.857736
    outer loop
      vertex -1.41419 23.05 9.64576
      vertex -1.66671 20.65 9.49441
      vertex -1.66671 23.05 9.49441
    endloop
  endfacet
  facet normal -0.970027 0 0.242999
    outer loop
      vertex 2.87082 20.65 6.12915
      vertex 2.94236 23.05 6.41473
      vertex 2.87082 23.05 6.12915
    endloop
  endfacet
  facet normal -0.970027 0 0.242999
    outer loop
      vertex 2.94236 23.05 6.41473
      vertex 2.87082 20.65 6.12915
      vertex 2.94236 20.65 6.41473
    endloop
  endfacet
  facet normal -0.146703 0 0.989181
    outer loop
      vertex 0.294051 23.05 4.01445
      vertex 0.585271 20.65 4.05764
      vertex 0.585271 23.05 4.05764
    endloop
  endfacet
  facet normal -0.146703 0 0.989181
    outer loop
      vertex 0.585271 20.65 4.05764
      vertex 0.294051 23.05 4.01445
      vertex 0.294051 20.65 4.01445
    endloop
  endfacet
  facet normal -0.514091 0 0.857736
    outer loop
      vertex 1.41419 23.05 4.35424
      vertex 1.66671 20.65 4.50559
      vertex 1.66671 23.05 4.50559
    endloop
  endfacet
  facet normal -0.514091 0 0.857736
    outer loop
      vertex 1.66671 20.65 4.50559
      vertex 1.41419 23.05 4.35424
      vertex 1.41419 20.65 4.35424
    endloop
  endfacet
  facet normal -0.803204 0 0.595703
    outer loop
      vertex 2.31903 20.65 5.09682
      vertex 2.49441 23.05 5.33329
      vertex 2.31903 23.05 5.09682
    endloop
  endfacet
  facet normal -0.803204 0 0.595703
    outer loop
      vertex 2.49441 23.05 5.33329
      vertex 2.31903 20.65 5.09682
      vertex 2.49441 20.65 5.33329
    endloop
  endfacet
  facet normal 0.242998 0 0.970027
    outer loop
      vertex -0.870853 23.05 4.12918
      vertex -0.585271 20.65 4.05764
      vertex -0.585271 23.05 4.05764
    endloop
  endfacet
  facet normal 0.242998 0 0.970027
    outer loop
      vertex -0.585271 20.65 4.05764
      vertex -0.870853 23.05 4.12918
      vertex -0.870853 20.65 4.12918
    endloop
  endfacet
  facet normal 0.595703 0 0.803204
    outer loop
      vertex -1.90318 23.05 4.68097
      vertex -1.66671 20.65 4.50559
      vertex -1.66671 23.05 4.50559
    endloop
  endfacet
  facet normal 0.595703 0 0.803204
    outer loop
      vertex -1.66671 20.65 4.50559
      vertex -1.90318 23.05 4.68097
      vertex -1.90318 20.65 4.68097
    endloop
  endfacet
  facet normal 0.941548 -0 0.336879
    outer loop
      vertex -2.87082 20.65 6.12915
      vertex -2.77164 23.05 5.85195
      vertex -2.87082 23.05 6.12915
    endloop
  endfacet
  facet normal 0.941548 0 0.336879
    outer loop
      vertex -2.77164 23.05 5.85195
      vertex -2.87082 20.65 6.12915
      vertex -2.77164 20.65 5.85195
    endloop
  endfacet
  facet normal -0.941548 0 -0.336879
    outer loop
      vertex 2.87082 20.65 7.87085
      vertex 2.77164 23.05 8.14805
      vertex 2.87082 23.05 7.87085
    endloop
  endfacet
  facet normal -0.941548 -0 -0.336879
    outer loop
      vertex 2.77164 23.05 8.14805
      vertex 2.87082 20.65 7.87085
      vertex 2.77164 20.65 8.14805
    endloop
  endfacet
  facet normal -0.740952 0 -0.671558
    outer loop
      vertex 2.31903 20.65 8.90318
      vertex 2.12132 23.05 9.12132
      vertex 2.31903 23.05 8.90318
    endloop
  endfacet
  facet normal -0.740952 -0 -0.671558
    outer loop
      vertex 2.12132 23.05 9.12132
      vertex 2.31903 20.65 8.90318
      vertex 2.12132 20.65 9.12132
    endloop
  endfacet
  facet normal -0.427569 0 -0.903983
    outer loop
      vertex 1.14805 20.65 9.77164
      vertex 1.41419 23.05 9.64576
      vertex 1.41419 20.65 9.64576
    endloop
  endfacet
  facet normal -0.427569 0 -0.903983
    outer loop
      vertex 1.41419 23.05 9.64576
      vertex 1.14805 20.65 9.77164
      vertex 1.14805 23.05 9.77164
    endloop
  endfacet
  facet normal -0.0490819 0 -0.998795
    outer loop
      vertex 0 20.65 10
      vertex 0.294051 23.05 9.98555
      vertex 0.294051 20.65 9.98555
    endloop
  endfacet
  facet normal -0.0490819 0 -0.998795
    outer loop
      vertex 0.294051 23.05 9.98555
      vertex 0 20.65 10
      vertex 0 23.05 10
    endloop
  endfacet
  facet normal 0.998795 0 -0.0490821
    outer loop
      vertex -2.98555 20.65 7.29405
      vertex -3 23.05 7
      vertex -2.98555 23.05 7.29405
    endloop
  endfacet
  facet normal 0.998795 0 -0.0490821
    outer loop
      vertex -3 23.05 7
      vertex -2.98555 20.65 7.29405
      vertex -3 20.65 7
    endloop
  endfacet
  facet normal 0.998795 -0 0.0490821
    outer loop
      vertex -3 20.65 7
      vertex -2.98555 23.05 6.70595
      vertex -3 23.05 7
    endloop
  endfacet
  facet normal 0.998795 0 0.0490821
    outer loop
      vertex -2.98555 23.05 6.70595
      vertex -3 20.65 7
      vertex -2.98555 20.65 6.70595
    endloop
  endfacet
  facet normal 0.903983 0 -0.427569
    outer loop
      vertex -2.64576 20.65 8.41419
      vertex -2.77164 23.05 8.14805
      vertex -2.64576 23.05 8.41419
    endloop
  endfacet
  facet normal 0.903983 0 -0.427569
    outer loop
      vertex -2.77164 23.05 8.14805
      vertex -2.64576 20.65 8.41419
      vertex -2.77164 20.65 8.14805
    endloop
  endfacet
  facet normal 0.941548 0 -0.336879
    outer loop
      vertex -2.77164 20.65 8.14805
      vertex -2.87082 23.05 7.87085
      vertex -2.77164 23.05 8.14805
    endloop
  endfacet
  facet normal 0.941548 0 -0.336879
    outer loop
      vertex -2.87082 23.05 7.87085
      vertex -2.77164 20.65 8.14805
      vertex -2.87082 20.65 7.87085
    endloop
  endfacet
  facet normal 0.336882 0 -0.941547
    outer loop
      vertex -1.14805 20.65 9.77164
      vertex -0.870853 23.05 9.87082
      vertex -0.870853 20.65 9.87082
    endloop
  endfacet
  facet normal 0.336882 0 -0.941547
    outer loop
      vertex -0.870853 23.05 9.87082
      vertex -1.14805 20.65 9.77164
      vertex -1.14805 23.05 9.77164
    endloop
  endfacet
  facet normal 0.671558 0 -0.740952
    outer loop
      vertex -2.12132 20.65 9.12132
      vertex -1.90318 23.05 9.31903
      vertex -1.90318 20.65 9.31903
    endloop
  endfacet
  facet normal 0.671558 0 -0.740952
    outer loop
      vertex -1.90318 23.05 9.31903
      vertex -2.12132 20.65 9.12132
      vertex -2.12132 23.05 9.12132
    endloop
  endfacet
  facet normal 0.740952 0 -0.671558
    outer loop
      vertex -2.12132 20.65 9.12132
      vertex -2.31903 23.05 8.90318
      vertex -2.12132 23.05 9.12132
    endloop
  endfacet
  facet normal 0.740952 0 -0.671558
    outer loop
      vertex -2.31903 23.05 8.90318
      vertex -2.12132 20.65 9.12132
      vertex -2.31903 20.65 8.90318
    endloop
  endfacet
  facet normal -0.989181 0 0.146703
    outer loop
      vertex 2.94236 20.65 6.41473
      vertex 2.98555 23.05 6.70595
      vertex 2.94236 23.05 6.41473
    endloop
  endfacet
  facet normal -0.989181 0 0.146703
    outer loop
      vertex 2.98555 23.05 6.70595
      vertex 2.94236 20.65 6.41473
      vertex 2.98555 20.65 6.70595
    endloop
  endfacet
  facet normal -0.242998 0 0.970027
    outer loop
      vertex 0.585271 23.05 4.05764
      vertex 0.870853 20.65 4.12918
      vertex 0.870853 23.05 4.12918
    endloop
  endfacet
  facet normal -0.242998 0 0.970027
    outer loop
      vertex 0.870853 20.65 4.12918
      vertex 0.585271 23.05 4.05764
      vertex 0.585271 20.65 4.05764
    endloop
  endfacet
  facet normal -0.336882 0 0.941547
    outer loop
      vertex 0.870853 23.05 4.12918
      vertex 1.14805 20.65 4.22836
      vertex 1.14805 23.05 4.22836
    endloop
  endfacet
  facet normal -0.336882 0 0.941547
    outer loop
      vertex 1.14805 20.65 4.22836
      vertex 0.870853 23.05 4.12918
      vertex 0.870853 20.65 4.12918
    endloop
  endfacet
  facet normal -0.427569 0 0.903983
    outer loop
      vertex 1.14805 23.05 4.22836
      vertex 1.41419 20.65 4.35424
      vertex 1.41419 23.05 4.35424
    endloop
  endfacet
  facet normal -0.427569 0 0.903983
    outer loop
      vertex 1.41419 20.65 4.35424
      vertex 1.14805 23.05 4.22836
      vertex 1.14805 20.65 4.22836
    endloop
  endfacet
  facet normal -0.671558 0 0.740952
    outer loop
      vertex 1.90318 23.05 4.68097
      vertex 2.12132 20.65 4.87868
      vertex 2.12132 23.05 4.87868
    endloop
  endfacet
  facet normal -0.671558 0 0.740952
    outer loop
      vertex 2.12132 20.65 4.87868
      vertex 1.90318 23.05 4.68097
      vertex 1.90318 20.65 4.68097
    endloop
  endfacet
  facet normal -0.740952 0 0.671558
    outer loop
      vertex 2.12132 20.65 4.87868
      vertex 2.31903 23.05 5.09682
      vertex 2.12132 23.05 4.87868
    endloop
  endfacet
  facet normal -0.740952 0 0.671558
    outer loop
      vertex 2.31903 23.05 5.09682
      vertex 2.12132 20.65 4.87868
      vertex 2.31903 20.65 5.09682
    endloop
  endfacet
  facet normal -0.595703 0 0.803204
    outer loop
      vertex 1.66671 23.05 4.50559
      vertex 1.90318 20.65 4.68097
      vertex 1.90318 23.05 4.68097
    endloop
  endfacet
  facet normal -0.595703 0 0.803204
    outer loop
      vertex 1.90318 20.65 4.68097
      vertex 1.66671 23.05 4.50559
      vertex 1.66671 20.65 4.50559
    endloop
  endfacet
  facet normal -0.903983 0 0.427569
    outer loop
      vertex 2.64576 20.65 5.58581
      vertex 2.77164 23.05 5.85195
      vertex 2.64576 23.05 5.58581
    endloop
  endfacet
  facet normal -0.903983 0 0.427569
    outer loop
      vertex 2.77164 23.05 5.85195
      vertex 2.64576 20.65 5.58581
      vertex 2.77164 20.65 5.85195
    endloop
  endfacet
  facet normal -0.941548 0 0.336879
    outer loop
      vertex 2.77164 20.65 5.85195
      vertex 2.87082 23.05 6.12915
      vertex 2.77164 23.05 5.85195
    endloop
  endfacet
  facet normal -0.941548 0 0.336879
    outer loop
      vertex 2.87082 23.05 6.12915
      vertex 2.77164 20.65 5.85195
      vertex 2.87082 20.65 6.12915
    endloop
  endfacet
  facet normal -0.857736 0 0.514091
    outer loop
      vertex 2.49441 20.65 5.33329
      vertex 2.64576 23.05 5.58581
      vertex 2.49441 23.05 5.33329
    endloop
  endfacet
  facet normal -0.857736 0 0.514091
    outer loop
      vertex 2.64576 23.05 5.58581
      vertex 2.49441 20.65 5.33329
      vertex 2.64576 20.65 5.58581
    endloop
  endfacet
  facet normal 0.0490819 0 0.998795
    outer loop
      vertex -0.294051 23.05 4.01445
      vertex 0 20.65 4
      vertex 0 23.05 4
    endloop
  endfacet
  facet normal 0.0490819 0 0.998795
    outer loop
      vertex 0 20.65 4
      vertex -0.294051 23.05 4.01445
      vertex -0.294051 20.65 4.01445
    endloop
  endfacet
  facet normal -0.0490819 0 0.998795
    outer loop
      vertex 0 23.05 4
      vertex 0.294051 20.65 4.01445
      vertex 0.294051 23.05 4.01445
    endloop
  endfacet
  facet normal -0.0490819 0 0.998795
    outer loop
      vertex 0.294051 20.65 4.01445
      vertex 0 23.05 4
      vertex 0 20.65 4
    endloop
  endfacet
  facet normal 0.146703 0 0.989181
    outer loop
      vertex -0.585271 23.05 4.05764
      vertex -0.294051 20.65 4.01445
      vertex -0.294051 23.05 4.01445
    endloop
  endfacet
  facet normal 0.146703 0 0.989181
    outer loop
      vertex -0.294051 20.65 4.01445
      vertex -0.585271 23.05 4.05764
      vertex -0.585271 20.65 4.05764
    endloop
  endfacet
  facet normal 0.427569 0 0.903983
    outer loop
      vertex -1.41419 23.05 4.35424
      vertex -1.14805 20.65 4.22836
      vertex -1.14805 23.05 4.22836
    endloop
  endfacet
  facet normal 0.427569 0 0.903983
    outer loop
      vertex -1.14805 20.65 4.22836
      vertex -1.41419 23.05 4.35424
      vertex -1.41419 20.65 4.35424
    endloop
  endfacet
  facet normal 0.336882 0 0.941547
    outer loop
      vertex -1.14805 23.05 4.22836
      vertex -0.870853 20.65 4.12918
      vertex -0.870853 23.05 4.12918
    endloop
  endfacet
  facet normal 0.336882 0 0.941547
    outer loop
      vertex -0.870853 20.65 4.12918
      vertex -1.14805 23.05 4.22836
      vertex -1.14805 20.65 4.22836
    endloop
  endfacet
  facet normal 0.514091 0 0.857736
    outer loop
      vertex -1.66671 23.05 4.50559
      vertex -1.41419 20.65 4.35424
      vertex -1.41419 23.05 4.35424
    endloop
  endfacet
  facet normal 0.514091 0 0.857736
    outer loop
      vertex -1.41419 20.65 4.35424
      vertex -1.66671 23.05 4.50559
      vertex -1.66671 20.65 4.50559
    endloop
  endfacet
  facet normal 0.989181 -0 0.146703
    outer loop
      vertex -2.98555 20.65 6.70595
      vertex -2.94236 23.05 6.41473
      vertex -2.98555 23.05 6.70595
    endloop
  endfacet
  facet normal 0.989181 0 0.146703
    outer loop
      vertex -2.94236 23.05 6.41473
      vertex -2.98555 20.65 6.70595
      vertex -2.94236 20.65 6.41473
    endloop
  endfacet
  facet normal 0.970027 -0 0.242999
    outer loop
      vertex -2.94236 20.65 6.41473
      vertex -2.87082 23.05 6.12915
      vertex -2.94236 23.05 6.41473
    endloop
  endfacet
  facet normal 0.970027 0 0.242999
    outer loop
      vertex -2.87082 23.05 6.12915
      vertex -2.94236 20.65 6.41473
      vertex -2.87082 20.65 6.12915
    endloop
  endfacet
  facet normal 0.857736 -0 0.514091
    outer loop
      vertex -2.64576 20.65 5.58581
      vertex -2.49441 23.05 5.33329
      vertex -2.64576 23.05 5.58581
    endloop
  endfacet
  facet normal 0.857736 0 0.514091
    outer loop
      vertex -2.49441 23.05 5.33329
      vertex -2.64576 20.65 5.58581
      vertex -2.49441 20.65 5.33329
    endloop
  endfacet
  facet normal 0.803204 -0 0.595703
    outer loop
      vertex -2.49441 20.65 5.33329
      vertex -2.31903 23.05 5.09682
      vertex -2.49441 23.05 5.33329
    endloop
  endfacet
  facet normal 0.803204 0 0.595703
    outer loop
      vertex -2.31903 23.05 5.09682
      vertex -2.49441 20.65 5.33329
      vertex -2.31903 20.65 5.09682
    endloop
  endfacet
  facet normal 0.740952 -0 0.671558
    outer loop
      vertex -2.31903 20.65 5.09682
      vertex -2.12132 23.05 4.87868
      vertex -2.31903 23.05 5.09682
    endloop
  endfacet
  facet normal 0.740952 0 0.671558
    outer loop
      vertex -2.12132 23.05 4.87868
      vertex -2.31903 20.65 5.09682
      vertex -2.12132 20.65 4.87868
    endloop
  endfacet
  facet normal 0.671558 0 0.740952
    outer loop
      vertex -2.12132 23.05 4.87868
      vertex -1.90318 20.65 4.68097
      vertex -1.90318 23.05 4.68097
    endloop
  endfacet
  facet normal 0.671558 0 0.740952
    outer loop
      vertex -1.90318 20.65 4.68097
      vertex -2.12132 23.05 4.87868
      vertex -2.12132 20.65 4.87868
    endloop
  endfacet
  facet normal -0.998796 0 -0.0490535
    outer loop
      vertex 2.15 -31.05 7.3
      vertex 2.13965 -20.65 7.51074
      vertex 2.15 -20.65 7.3
    endloop
  endfacet
  facet normal -0.998796 -0 -0.0490535
    outer loop
      vertex 2.13965 -20.65 7.51074
      vertex 2.15 -31.05 7.3
      vertex 2.13965 -31.05 7.51074
    endloop
  endfacet
  facet normal -0.970028 0 -0.242993
    outer loop
      vertex 2.10869 -31.05 7.71944
      vertex 2.05742 -20.65 7.92411
      vertex 2.10869 -20.65 7.71944
    endloop
  endfacet
  facet normal -0.970028 -0 -0.242993
    outer loop
      vertex 2.05742 -20.65 7.92411
      vertex 2.10869 -31.05 7.71944
      vertex 2.05742 -31.05 7.92411
    endloop
  endfacet
  facet normal 0.998796 0 -0.0490535
    outer loop
      vertex -2.13965 -31.05 7.51074
      vertex -2.15 -20.65 7.3
      vertex -2.13965 -20.65 7.51074
    endloop
  endfacet
  facet normal 0.998796 0 -0.0490535
    outer loop
      vertex -2.15 -20.65 7.3
      vertex -2.13965 -31.05 7.51074
      vertex -2.15 -31.05 7.3
    endloop
  endfacet
  facet normal -0.0490545 0 -0.998796
    outer loop
      vertex 0 -31.05 9.45
      vertex 0.210736 -20.65 9.43965
      vertex 0.210736 -31.05 9.43965
    endloop
  endfacet
  facet normal -0.0490545 0 -0.998796
    outer loop
      vertex 0.210736 -20.65 9.43965
      vertex 0 -31.05 9.45
      vertex 0 -20.65 9.45
    endloop
  endfacet
  facet normal -0.671561 0 -0.740949
    outer loop
      vertex 1.36395 -31.05 8.96197
      vertex 1.52028 -20.65 8.82028
      vertex 1.52028 -31.05 8.82028
    endloop
  endfacet
  facet normal -0.671561 0 -0.740949
    outer loop
      vertex 1.52028 -20.65 8.82028
      vertex 1.36395 -31.05 8.96197
      vertex 1.36395 -20.65 8.96197
    endloop
  endfacet
  facet normal 0.671561 0 -0.740949
    outer loop
      vertex -1.52028 -31.05 8.82028
      vertex -1.36395 -20.65 8.96197
      vertex -1.36395 -31.05 8.96197
    endloop
  endfacet
  facet normal 0.671561 0 -0.740949
    outer loop
      vertex -1.36395 -20.65 8.96197
      vertex -1.52028 -31.05 8.82028
      vertex -1.52028 -20.65 8.82028
    endloop
  endfacet
  facet normal 0.336886 0 -0.941546
    outer loop
      vertex -0.822769 -31.05 9.28634
      vertex -0.624111 -20.65 9.35742
      vertex -0.624111 -31.05 9.35742
    endloop
  endfacet
  facet normal 0.336886 0 -0.941546
    outer loop
      vertex -0.624111 -20.65 9.35742
      vertex -0.822769 -31.05 9.28634
      vertex -0.822769 -20.65 9.28634
    endloop
  endfacet
  facet normal -0.427559 0 -0.903988
    outer loop
      vertex 0.822769 -31.05 9.28634
      vertex 1.0135 -20.65 9.19613
      vertex 1.0135 -31.05 9.19613
    endloop
  endfacet
  facet normal -0.427559 0 -0.903988
    outer loop
      vertex 1.0135 -20.65 9.19613
      vertex 0.822769 -31.05 9.28634
      vertex 0.822769 -20.65 9.28634
    endloop
  endfacet
  facet normal 0.803202 0 -0.595707
    outer loop
      vertex -1.66197 -31.05 8.66395
      vertex -1.78766 -20.65 8.49448
      vertex -1.66197 -20.65 8.66395
    endloop
  endfacet
  facet normal 0.803202 0 -0.595707
    outer loop
      vertex -1.78766 -20.65 8.49448
      vertex -1.66197 -31.05 8.66395
      vertex -1.78766 -31.05 8.49448
    endloop
  endfacet
  facet normal -0.740949 0 0.671561
    outer loop
      vertex 1.52028 -31.05 5.77972
      vertex 1.66197 -20.65 5.93605
      vertex 1.52028 -20.65 5.77972
    endloop
  endfacet
  facet normal -0.740949 0 0.671561
    outer loop
      vertex 1.66197 -20.65 5.93605
      vertex 1.52028 -31.05 5.77972
      vertex 1.66197 -31.05 5.93605
    endloop
  endfacet
  facet normal -0.970028 0 0.242993
    outer loop
      vertex 2.05742 -31.05 6.67589
      vertex 2.10869 -20.65 6.88056
      vertex 2.05742 -20.65 6.67589
    endloop
  endfacet
  facet normal -0.970028 0 0.242993
    outer loop
      vertex 2.10869 -20.65 6.88056
      vertex 2.05742 -31.05 6.67589
      vertex 2.10869 -31.05 6.88056
    endloop
  endfacet
  facet normal 0.336886 0 0.941546
    outer loop
      vertex -0.822769 -20.65 5.31366
      vertex -0.624111 -31.05 5.24258
      vertex -0.624111 -20.65 5.24258
    endloop
  endfacet
  facet normal 0.336886 0 0.941546
    outer loop
      vertex -0.624111 -31.05 5.24258
      vertex -0.822769 -20.65 5.31366
      vertex -0.822769 -31.05 5.31366
    endloop
  endfacet
  facet normal -0.903987 0 -0.427561
    outer loop
      vertex 1.98634 -31.05 8.12277
      vertex 1.89613 -20.65 8.3135
      vertex 1.98634 -20.65 8.12277
    endloop
  endfacet
  facet normal -0.903987 -0 -0.427561
    outer loop
      vertex 1.89613 -20.65 8.3135
      vertex 1.98634 -31.05 8.12277
      vertex 1.89613 -31.05 8.3135
    endloop
  endfacet
  facet normal -0.941547 0 -0.336883
    outer loop
      vertex 2.05742 -31.05 7.92411
      vertex 1.98634 -20.65 8.12277
      vertex 2.05742 -20.65 7.92411
    endloop
  endfacet
  facet normal -0.941547 -0 -0.336883
    outer loop
      vertex 1.98634 -20.65 8.12277
      vertex 2.05742 -31.05 7.92411
      vertex 1.98634 -31.05 8.12277
    endloop
  endfacet
  facet normal -0.242996 0 -0.970027
    outer loop
      vertex 0.419444 -31.05 9.40869
      vertex 0.624111 -20.65 9.35742
      vertex 0.624111 -31.05 9.35742
    endloop
  endfacet
  facet normal -0.242996 0 -0.970027
    outer loop
      vertex 0.624111 -20.65 9.35742
      vertex 0.419444 -31.05 9.40869
      vertex 0.419444 -20.65 9.40869
    endloop
  endfacet
  facet normal -0.595707 0 -0.803202
    outer loop
      vertex 1.19448 -31.05 9.08766
      vertex 1.36395 -20.65 8.96197
      vertex 1.36395 -31.05 8.96197
    endloop
  endfacet
  facet normal -0.595707 0 -0.803202
    outer loop
      vertex 1.36395 -20.65 8.96197
      vertex 1.19448 -31.05 9.08766
      vertex 1.19448 -20.65 9.08766
    endloop
  endfacet
  facet normal 0.903987 0 -0.427561
    outer loop
      vertex -1.89613 -31.05 8.3135
      vertex -1.98634 -20.65 8.12277
      vertex -1.89613 -20.65 8.3135
    endloop
  endfacet
  facet normal 0.903987 0 -0.427561
    outer loop
      vertex -1.98634 -20.65 8.12277
      vertex -1.89613 -31.05 8.3135
      vertex -1.98634 -31.05 8.12277
    endloop
  endfacet
  facet normal 0.85774 0 -0.514084
    outer loop
      vertex -1.78766 -31.05 8.49448
      vertex -1.89613 -20.65 8.3135
      vertex -1.78766 -20.65 8.49448
    endloop
  endfacet
  facet normal 0.85774 0 -0.514084
    outer loop
      vertex -1.89613 -20.65 8.3135
      vertex -1.78766 -31.05 8.49448
      vertex -1.89613 -31.05 8.3135
    endloop
  endfacet
  facet normal 0.970028 0 -0.242993
    outer loop
      vertex -2.05742 -31.05 7.92411
      vertex -2.10869 -20.65 7.71944
      vertex -2.05742 -20.65 7.92411
    endloop
  endfacet
  facet normal 0.970028 0 -0.242993
    outer loop
      vertex -2.10869 -20.65 7.71944
      vertex -2.05742 -31.05 7.92411
      vertex -2.10869 -31.05 7.71944
    endloop
  endfacet
  facet normal 0.514084 0 -0.85774
    outer loop
      vertex -1.19448 -31.05 9.08766
      vertex -1.0135 -20.65 9.19613
      vertex -1.0135 -31.05 9.19613
    endloop
  endfacet
  facet normal 0.514084 0 -0.85774
    outer loop
      vertex -1.0135 -20.65 9.19613
      vertex -1.19448 -31.05 9.08766
      vertex -1.19448 -20.65 9.08766
    endloop
  endfacet
  facet normal -0.0490545 0 0.998796
    outer loop
      vertex 0 -20.65 5.15
      vertex 0.210736 -31.05 5.16035
      vertex 0.210736 -20.65 5.16035
    endloop
  endfacet
  facet normal -0.0490545 0 0.998796
    outer loop
      vertex 0.210736 -31.05 5.16035
      vertex 0 -20.65 5.15
      vertex 0 -31.05 5.15
    endloop
  endfacet
  facet normal -0.146736 0 0.989176
    outer loop
      vertex 0.210736 -20.65 5.16035
      vertex 0.419444 -31.05 5.19131
      vertex 0.419444 -20.65 5.19131
    endloop
  endfacet
  facet normal -0.146736 0 0.989176
    outer loop
      vertex 0.419444 -31.05 5.19131
      vertex 0.210736 -20.65 5.16035
      vertex 0.210736 -31.05 5.16035
    endloop
  endfacet
  facet normal -0.427559 0 0.903988
    outer loop
      vertex 0.822769 -20.65 5.31366
      vertex 1.0135 -31.05 5.40387
      vertex 1.0135 -20.65 5.40387
    endloop
  endfacet
  facet normal -0.427559 0 0.903988
    outer loop
      vertex 1.0135 -31.05 5.40387
      vertex 0.822769 -20.65 5.31366
      vertex 0.822769 -31.05 5.31366
    endloop
  endfacet
  facet normal -0.671561 0 0.740949
    outer loop
      vertex 1.36395 -20.65 5.63803
      vertex 1.52028 -31.05 5.77972
      vertex 1.52028 -20.65 5.77972
    endloop
  endfacet
  facet normal -0.671561 0 0.740949
    outer loop
      vertex 1.52028 -31.05 5.77972
      vertex 1.36395 -20.65 5.63803
      vertex 1.36395 -31.05 5.63803
    endloop
  endfacet
  facet normal -0.85774 0 0.514084
    outer loop
      vertex 1.78766 -31.05 6.10552
      vertex 1.89613 -20.65 6.2865
      vertex 1.78766 -20.65 6.10552
    endloop
  endfacet
  facet normal -0.85774 0 0.514084
    outer loop
      vertex 1.89613 -20.65 6.2865
      vertex 1.78766 -31.05 6.10552
      vertex 1.89613 -31.05 6.2865
    endloop
  endfacet
  facet normal -0.903987 0 0.427561
    outer loop
      vertex 1.89613 -31.05 6.2865
      vertex 1.98634 -20.65 6.47723
      vertex 1.89613 -20.65 6.2865
    endloop
  endfacet
  facet normal -0.903987 0 0.427561
    outer loop
      vertex 1.98634 -20.65 6.47723
      vertex 1.89613 -31.05 6.2865
      vertex 1.98634 -31.05 6.47723
    endloop
  endfacet
  facet normal -0.989175 0 0.146741
    outer loop
      vertex 2.10869 -31.05 6.88056
      vertex 2.13965 -20.65 7.08926
      vertex 2.10869 -20.65 6.88056
    endloop
  endfacet
  facet normal -0.989175 0 0.146741
    outer loop
      vertex 2.13965 -20.65 7.08926
      vertex 2.10869 -31.05 6.88056
      vertex 2.13965 -31.05 7.08926
    endloop
  endfacet
  facet normal 0.671561 0 0.740949
    outer loop
      vertex -1.52028 -20.65 5.77972
      vertex -1.36395 -31.05 5.63803
      vertex -1.36395 -20.65 5.63803
    endloop
  endfacet
  facet normal 0.671561 0 0.740949
    outer loop
      vertex -1.36395 -31.05 5.63803
      vertex -1.52028 -20.65 5.77972
      vertex -1.52028 -31.05 5.77972
    endloop
  endfacet
  facet normal 0.0490545 0 0.998796
    outer loop
      vertex -0.210736 -20.65 5.16035
      vertex 0 -31.05 5.15
      vertex 0 -20.65 5.15
    endloop
  endfacet
  facet normal 0.0490545 0 0.998796
    outer loop
      vertex 0 -31.05 5.15
      vertex -0.210736 -20.65 5.16035
      vertex -0.210736 -31.05 5.16035
    endloop
  endfacet
  facet normal 0.595707 0 0.803202
    outer loop
      vertex -1.36395 -20.65 5.63803
      vertex -1.19448 -31.05 5.51234
      vertex -1.19448 -20.65 5.51234
    endloop
  endfacet
  facet normal 0.595707 0 0.803202
    outer loop
      vertex -1.19448 -31.05 5.51234
      vertex -1.36395 -20.65 5.63803
      vertex -1.36395 -31.05 5.63803
    endloop
  endfacet
  facet normal 0.803202 -0 0.595707
    outer loop
      vertex -1.78766 -31.05 6.10552
      vertex -1.66197 -20.65 5.93605
      vertex -1.78766 -20.65 6.10552
    endloop
  endfacet
  facet normal 0.803202 0 0.595707
    outer loop
      vertex -1.66197 -20.65 5.93605
      vertex -1.78766 -31.05 6.10552
      vertex -1.66197 -31.05 5.93605
    endloop
  endfacet
  facet normal 0.970028 -0 0.242993
    outer loop
      vertex -2.10869 -31.05 6.88056
      vertex -2.05742 -20.65 6.67589
      vertex -2.10869 -20.65 6.88056
    endloop
  endfacet
  facet normal 0.970028 0 0.242993
    outer loop
      vertex -2.05742 -20.65 6.67589
      vertex -2.10869 -31.05 6.88056
      vertex -2.05742 -31.05 6.67589
    endloop
  endfacet
  facet normal -0.989175 0 -0.146741
    outer loop
      vertex 2.13965 -31.05 7.51074
      vertex 2.10869 -20.65 7.71944
      vertex 2.13965 -20.65 7.51074
    endloop
  endfacet
  facet normal -0.989175 -0 -0.146741
    outer loop
      vertex 2.10869 -20.65 7.71944
      vertex 2.13965 -31.05 7.51074
      vertex 2.10869 -31.05 7.71944
    endloop
  endfacet
  facet normal -0.740949 0 -0.671561
    outer loop
      vertex 1.66197 -31.05 8.66395
      vertex 1.52028 -20.65 8.82028
      vertex 1.66197 -20.65 8.66395
    endloop
  endfacet
  facet normal -0.740949 -0 -0.671561
    outer loop
      vertex 1.52028 -20.65 8.82028
      vertex 1.66197 -31.05 8.66395
      vertex 1.52028 -31.05 8.82028
    endloop
  endfacet
  facet normal -0.85774 0 -0.514084
    outer loop
      vertex 1.89613 -31.05 8.3135
      vertex 1.78766 -20.65 8.49448
      vertex 1.89613 -20.65 8.3135
    endloop
  endfacet
  facet normal -0.85774 -0 -0.514084
    outer loop
      vertex 1.78766 -20.65 8.49448
      vertex 1.89613 -31.05 8.3135
      vertex 1.78766 -31.05 8.49448
    endloop
  endfacet
  facet normal -0.803202 0 -0.595707
    outer loop
      vertex 1.78766 -31.05 8.49448
      vertex 1.66197 -20.65 8.66395
      vertex 1.78766 -20.65 8.49448
    endloop
  endfacet
  facet normal -0.803202 -0 -0.595707
    outer loop
      vertex 1.66197 -20.65 8.66395
      vertex 1.78766 -31.05 8.49448
      vertex 1.66197 -31.05 8.66395
    endloop
  endfacet
  facet normal -0.146736 0 -0.989176
    outer loop
      vertex 0.210736 -31.05 9.43965
      vertex 0.419444 -20.65 9.40869
      vertex 0.419444 -31.05 9.40869
    endloop
  endfacet
  facet normal -0.146736 0 -0.989176
    outer loop
      vertex 0.419444 -20.65 9.40869
      vertex 0.210736 -31.05 9.43965
      vertex 0.210736 -20.65 9.43965
    endloop
  endfacet
  facet normal -0.336886 0 -0.941546
    outer loop
      vertex 0.624111 -31.05 9.35742
      vertex 0.822769 -20.65 9.28634
      vertex 0.822769 -31.05 9.28634
    endloop
  endfacet
  facet normal -0.336886 0 -0.941546
    outer loop
      vertex 0.822769 -20.65 9.28634
      vertex 0.624111 -31.05 9.35742
      vertex 0.624111 -20.65 9.35742
    endloop
  endfacet
  facet normal -0.514084 0 -0.85774
    outer loop
      vertex 1.0135 -31.05 9.19613
      vertex 1.19448 -20.65 9.08766
      vertex 1.19448 -31.05 9.08766
    endloop
  endfacet
  facet normal -0.514084 0 -0.85774
    outer loop
      vertex 1.19448 -20.65 9.08766
      vertex 1.0135 -31.05 9.19613
      vertex 1.0135 -20.65 9.19613
    endloop
  endfacet
  facet normal 0.740949 0 -0.671561
    outer loop
      vertex -1.52028 -31.05 8.82028
      vertex -1.66197 -20.65 8.66395
      vertex -1.52028 -20.65 8.82028
    endloop
  endfacet
  facet normal 0.740949 0 -0.671561
    outer loop
      vertex -1.66197 -20.65 8.66395
      vertex -1.52028 -31.05 8.82028
      vertex -1.66197 -31.05 8.66395
    endloop
  endfacet
  facet normal 0.989175 0 -0.146741
    outer loop
      vertex -2.10869 -31.05 7.71944
      vertex -2.13965 -20.65 7.51074
      vertex -2.10869 -20.65 7.71944
    endloop
  endfacet
  facet normal 0.989175 0 -0.146741
    outer loop
      vertex -2.13965 -20.65 7.51074
      vertex -2.10869 -31.05 7.71944
      vertex -2.13965 -31.05 7.51074
    endloop
  endfacet
  facet normal 0.941547 0 -0.336883
    outer loop
      vertex -1.98634 -31.05 8.12277
      vertex -2.05742 -20.65 7.92411
      vertex -1.98634 -20.65 8.12277
    endloop
  endfacet
  facet normal 0.941547 0 -0.336883
    outer loop
      vertex -2.05742 -20.65 7.92411
      vertex -1.98634 -31.05 8.12277
      vertex -2.05742 -31.05 7.92411
    endloop
  endfacet
  facet normal 0.595707 0 -0.803202
    outer loop
      vertex -1.36395 -31.05 8.96197
      vertex -1.19448 -20.65 9.08766
      vertex -1.19448 -31.05 9.08766
    endloop
  endfacet
  facet normal 0.595707 0 -0.803202
    outer loop
      vertex -1.19448 -20.65 9.08766
      vertex -1.36395 -31.05 8.96197
      vertex -1.36395 -20.65 8.96197
    endloop
  endfacet
  facet normal 0.427559 0 -0.903988
    outer loop
      vertex -1.0135 -31.05 9.19613
      vertex -0.822769 -20.65 9.28634
      vertex -0.822769 -31.05 9.28634
    endloop
  endfacet
  facet normal 0.427559 0 -0.903988
    outer loop
      vertex -0.822769 -20.65 9.28634
      vertex -1.0135 -31.05 9.19613
      vertex -1.0135 -20.65 9.19613
    endloop
  endfacet
  facet normal 0.242996 0 -0.970027
    outer loop
      vertex -0.624111 -31.05 9.35742
      vertex -0.419444 -20.65 9.40869
      vertex -0.419444 -31.05 9.40869
    endloop
  endfacet
  facet normal 0.242996 0 -0.970027
    outer loop
      vertex -0.419444 -20.65 9.40869
      vertex -0.624111 -31.05 9.35742
      vertex -0.624111 -20.65 9.35742
    endloop
  endfacet
  facet normal 0.0490545 0 -0.998796
    outer loop
      vertex -0.210736 -31.05 9.43965
      vertex 0 -20.65 9.45
      vertex 0 -31.05 9.45
    endloop
  endfacet
  facet normal 0.0490545 0 -0.998796
    outer loop
      vertex 0 -20.65 9.45
      vertex -0.210736 -31.05 9.43965
      vertex -0.210736 -20.65 9.43965
    endloop
  endfacet
  facet normal 0.146736 0 -0.989176
    outer loop
      vertex -0.419444 -31.05 9.40869
      vertex -0.210736 -20.65 9.43965
      vertex -0.210736 -31.05 9.43965
    endloop
  endfacet
  facet normal 0.146736 0 -0.989176
    outer loop
      vertex -0.210736 -20.65 9.43965
      vertex -0.419444 -31.05 9.40869
      vertex -0.419444 -20.65 9.40869
    endloop
  endfacet
  facet normal -0.242996 0 0.970027
    outer loop
      vertex 0.419444 -20.65 5.19131
      vertex 0.624111 -31.05 5.24258
      vertex 0.624111 -20.65 5.24258
    endloop
  endfacet
  facet normal -0.242996 0 0.970027
    outer loop
      vertex 0.624111 -31.05 5.24258
      vertex 0.419444 -20.65 5.19131
      vertex 0.419444 -31.05 5.19131
    endloop
  endfacet
  facet normal -0.336886 0 0.941546
    outer loop
      vertex 0.624111 -20.65 5.24258
      vertex 0.822769 -31.05 5.31366
      vertex 0.822769 -20.65 5.31366
    endloop
  endfacet
  facet normal -0.336886 0 0.941546
    outer loop
      vertex 0.822769 -31.05 5.31366
      vertex 0.624111 -20.65 5.24258
      vertex 0.624111 -31.05 5.24258
    endloop
  endfacet
  facet normal -0.514084 0 0.85774
    outer loop
      vertex 1.0135 -20.65 5.40387
      vertex 1.19448 -31.05 5.51234
      vertex 1.19448 -20.65 5.51234
    endloop
  endfacet
  facet normal -0.514084 0 0.85774
    outer loop
      vertex 1.19448 -31.05 5.51234
      vertex 1.0135 -20.65 5.40387
      vertex 1.0135 -31.05 5.40387
    endloop
  endfacet
  facet normal -0.595707 0 0.803202
    outer loop
      vertex 1.19448 -20.65 5.51234
      vertex 1.36395 -31.05 5.63803
      vertex 1.36395 -20.65 5.63803
    endloop
  endfacet
  facet normal -0.595707 0 0.803202
    outer loop
      vertex 1.36395 -31.05 5.63803
      vertex 1.19448 -20.65 5.51234
      vertex 1.19448 -31.05 5.51234
    endloop
  endfacet
  facet normal -0.803202 0 0.595707
    outer loop
      vertex 1.66197 -31.05 5.93605
      vertex 1.78766 -20.65 6.10552
      vertex 1.66197 -20.65 5.93605
    endloop
  endfacet
  facet normal -0.803202 0 0.595707
    outer loop
      vertex 1.78766 -20.65 6.10552
      vertex 1.66197 -31.05 5.93605
      vertex 1.78766 -31.05 6.10552
    endloop
  endfacet
  facet normal -0.941547 0 0.336883
    outer loop
      vertex 1.98634 -31.05 6.47723
      vertex 2.05742 -20.65 6.67589
      vertex 1.98634 -20.65 6.47723
    endloop
  endfacet
  facet normal -0.941547 0 0.336883
    outer loop
      vertex 2.05742 -20.65 6.67589
      vertex 1.98634 -31.05 6.47723
      vertex 2.05742 -31.05 6.67589
    endloop
  endfacet
  facet normal -0.998796 0 0.0490535
    outer loop
      vertex 2.13965 -31.05 7.08926
      vertex 2.15 -20.65 7.3
      vertex 2.13965 -20.65 7.08926
    endloop
  endfacet
  facet normal -0.998796 0 0.0490535
    outer loop
      vertex 2.15 -20.65 7.3
      vertex 2.13965 -31.05 7.08926
      vertex 2.15 -31.05 7.3
    endloop
  endfacet
  facet normal 0.242996 0 0.970027
    outer loop
      vertex -0.624111 -20.65 5.24258
      vertex -0.419444 -31.05 5.19131
      vertex -0.419444 -20.65 5.19131
    endloop
  endfacet
  facet normal 0.242996 0 0.970027
    outer loop
      vertex -0.419444 -31.05 5.19131
      vertex -0.624111 -20.65 5.24258
      vertex -0.624111 -31.05 5.24258
    endloop
  endfacet
  facet normal 0.146736 0 0.989176
    outer loop
      vertex -0.419444 -20.65 5.19131
      vertex -0.210736 -31.05 5.16035
      vertex -0.210736 -20.65 5.16035
    endloop
  endfacet
  facet normal 0.146736 0 0.989176
    outer loop
      vertex -0.210736 -31.05 5.16035
      vertex -0.419444 -20.65 5.19131
      vertex -0.419444 -31.05 5.19131
    endloop
  endfacet
  facet normal 0.514084 0 0.85774
    outer loop
      vertex -1.19448 -20.65 5.51234
      vertex -1.0135 -31.05 5.40387
      vertex -1.0135 -20.65 5.40387
    endloop
  endfacet
  facet normal 0.514084 0 0.85774
    outer loop
      vertex -1.0135 -31.05 5.40387
      vertex -1.19448 -20.65 5.51234
      vertex -1.19448 -31.05 5.51234
    endloop
  endfacet
  facet normal 0.427559 0 0.903988
    outer loop
      vertex -1.0135 -20.65 5.40387
      vertex -0.822769 -31.05 5.31366
      vertex -0.822769 -20.65 5.31366
    endloop
  endfacet
  facet normal 0.427559 0 0.903988
    outer loop
      vertex -0.822769 -31.05 5.31366
      vertex -1.0135 -20.65 5.40387
      vertex -1.0135 -31.05 5.40387
    endloop
  endfacet
  facet normal 0.740949 -0 0.671561
    outer loop
      vertex -1.66197 -31.05 5.93605
      vertex -1.52028 -20.65 5.77972
      vertex -1.66197 -20.65 5.93605
    endloop
  endfacet
  facet normal 0.740949 0 0.671561
    outer loop
      vertex -1.52028 -20.65 5.77972
      vertex -1.66197 -31.05 5.93605
      vertex -1.52028 -31.05 5.77972
    endloop
  endfacet
  facet normal 0.903987 -0 0.427561
    outer loop
      vertex -1.98634 -31.05 6.47723
      vertex -1.89613 -20.65 6.2865
      vertex -1.98634 -20.65 6.47723
    endloop
  endfacet
  facet normal 0.903987 0 0.427561
    outer loop
      vertex -1.89613 -20.65 6.2865
      vertex -1.98634 -31.05 6.47723
      vertex -1.89613 -31.05 6.2865
    endloop
  endfacet
  facet normal 0.85774 -0 0.514084
    outer loop
      vertex -1.89613 -31.05 6.2865
      vertex -1.78766 -20.65 6.10552
      vertex -1.89613 -20.65 6.2865
    endloop
  endfacet
  facet normal 0.85774 0 0.514084
    outer loop
      vertex -1.78766 -20.65 6.10552
      vertex -1.89613 -31.05 6.2865
      vertex -1.78766 -31.05 6.10552
    endloop
  endfacet
  facet normal 0.998796 -0 0.0490535
    outer loop
      vertex -2.15 -31.05 7.3
      vertex -2.13965 -20.65 7.08926
      vertex -2.15 -20.65 7.3
    endloop
  endfacet
  facet normal 0.998796 0 0.0490535
    outer loop
      vertex -2.13965 -20.65 7.08926
      vertex -2.15 -31.05 7.3
      vertex -2.13965 -31.05 7.08926
    endloop
  endfacet
  facet normal 0.989175 -0 0.146741
    outer loop
      vertex -2.13965 -31.05 7.08926
      vertex -2.10869 -20.65 6.88056
      vertex -2.13965 -20.65 7.08926
    endloop
  endfacet
  facet normal 0.989175 0 0.146741
    outer loop
      vertex -2.10869 -20.65 6.88056
      vertex -2.13965 -31.05 7.08926
      vertex -2.10869 -31.05 6.88056
    endloop
  endfacet
  facet normal 0.941547 -0 0.336883
    outer loop
      vertex -2.05742 -31.05 6.67589
      vertex -1.98634 -20.65 6.47723
      vertex -2.05742 -20.65 6.67589
    endloop
  endfacet
  facet normal 0.941547 0 0.336883
    outer loop
      vertex -1.98634 -20.65 6.47723
      vertex -2.05742 -31.05 6.67589
      vertex -1.98634 -31.05 6.47723
    endloop
  endfacet
  facet normal 0 0 1
    outer loop
      vertex -13.7478 19.4154 5.6
      vertex -10.9 19.65 5.6
      vertex -13.6296 19.65 5.6
    endloop
  endfacet
  facet normal 0 0 1
    outer loop
      vertex -13.9 7.9 5.6
      vertex -10.9 19.65 5.6
      vertex -13.9 10.1 5.6
    endloop
  endfacet
  facet normal 0 0 1
    outer loop
      vertex -13.7478 19.4154 5.6
      vertex -13.6296 19.65 5.6
      vertex -13.6638 19.5928 5.6
    endloop
  endfacet
  facet normal 0 0 1
    outer loop
      vertex -10.9 19.65 5.6
      vertex -13.9 1.9 5.6
      vertex -10.9 -19.65 5.6
    endloop
  endfacet
  facet normal 0 0 1
    outer loop
      vertex -13.8139 19.2306 5.6
      vertex -10.9 19.65 5.6
      vertex -13.7478 19.4154 5.6
    endloop
  endfacet
  facet normal 0 0 1
    outer loop
      vertex -13.9 1.9 5.6
      vertex -10.9 19.65 5.6
      vertex -13.9 4.1 5.6
    endloop
  endfacet
  facet normal 0 0 1
    outer loop
      vertex -13.8616 19.0402 5.6
      vertex -10.9 19.65 5.6
      vertex -13.8139 19.2306 5.6
    endloop
  endfacet
  facet normal 0 0 1
    outer loop
      vertex -13.9 4.1 5.6
      vertex -10.9 19.65 5.6
      vertex -13.9 7.9 5.6
    endloop
  endfacet
  facet normal 0 0 1
    outer loop
      vertex -13.8904 18.846 5.6
      vertex -10.9 19.65 5.6
      vertex -13.8616 19.0402 5.6
    endloop
  endfacet
  facet normal -0 0 1
    outer loop
      vertex -13.9 -1.9 5.6
      vertex -10.9 -19.65 5.6
      vertex -13.9 1.9 5.6
    endloop
  endfacet
  facet normal 0 0 1
    outer loop
      vertex -10.9 19.65 5.6
      vertex -13.8904 18.846 5.6
      vertex -13.9 18.65 5.6
    endloop
  endfacet
  facet normal -0 0 1
    outer loop
      vertex -13.9 -4.1 5.6
      vertex -10.9 -19.65 5.6
      vertex -13.9 -1.9 5.6
    endloop
  endfacet
  facet normal 0 0 1
    outer loop
      vertex -10.9 19.65 5.6
      vertex -13.9 18.65 5.6
      vertex -13.9 10.1 5.6
    endloop
  endfacet
  facet normal -0 0 1
    outer loop
      vertex -13.9 -7.9 5.6
      vertex -10.9 -19.65 5.6
      vertex -13.9 -4.1 5.6
    endloop
  endfacet
  facet normal -0 0 1
    outer loop
      vertex -13.9 -10.1 5.6
      vertex -10.9 -19.65 5.6
      vertex -13.9 -7.9 5.6
    endloop
  endfacet
  facet normal -0 0 1
    outer loop
      vertex -13.9 -18.65 5.6
      vertex -10.9 -19.65 5.6
      vertex -13.9 -10.1 5.6
    endloop
  endfacet
  facet normal -0 -0 1
    outer loop
      vertex -13.8904 -18.846 5.6
      vertex -10.9 -19.65 5.6
      vertex -13.9 -18.65 5.6
    endloop
  endfacet
  facet normal 0 0 1
    outer loop
      vertex -10.9 -19.65 5.6
      vertex -13.7478 -19.4154 5.6
      vertex -13.6296 -19.65 5.6
    endloop
  endfacet
  facet normal 0 0 1
    outer loop
      vertex -13.6296 -19.65 5.6
      vertex -13.7478 -19.4154 5.6
      vertex -13.6638 -19.5928 5.6
    endloop
  endfacet
  facet normal 0 0 1
    outer loop
      vertex -10.9 -19.65 5.6
      vertex -13.8139 -19.2306 5.6
      vertex -13.7478 -19.4154 5.6
    endloop
  endfacet
  facet normal 0 0 1
    outer loop
      vertex -10.9 -19.65 5.6
      vertex -13.8616 -19.0402 5.6
      vertex -13.8139 -19.2306 5.6
    endloop
  endfacet
  facet normal 0 0 1
    outer loop
      vertex -10.9 -19.65 5.6
      vertex -13.8904 -18.846 5.6
      vertex -13.8616 -19.0402 5.6
    endloop
  endfacet
  facet normal 1 -0 0
    outer loop
      vertex -10.9 -19.65 5.6
      vertex -10.9 19.65 4.4
      vertex -10.9 19.65 5.6
    endloop
  endfacet
  facet normal 1 0 0
    outer loop
      vertex -10.9 19.65 4.4
      vertex -10.9 -19.65 5.6
      vertex -10.9 -19.65 4.4
    endloop
  endfacet
  facet normal 0 1 -0
    outer loop
      vertex -10.9 19.65 4.4
      vertex -13.6296 19.65 5.6
      vertex -10.9 19.65 5.6
    endloop
  endfacet
  facet normal 0 1 0
    outer loop
      vertex -13.6296 19.65 5.6
      vertex -10.9 19.65 4.4
      vertex -13.6296 19.65 4.4
    endloop
  endfacet
  facet normal 0 0 -1
    outer loop
      vertex -13.7478 -19.4154 4.4
      vertex -10.9 -19.65 4.4
      vertex -13.6296 -19.65 4.4
    endloop
  endfacet
  facet normal 0 0 -1
    outer loop
      vertex -13.9 -7.9 4.4
      vertex -10.9 -19.65 4.4
      vertex -13.9 -10.1 4.4
    endloop
  endfacet
  facet normal 0 0 -1
    outer loop
      vertex -13.7478 -19.4154 4.4
      vertex -13.6296 -19.65 4.4
      vertex -13.6638 -19.5928 4.4
    endloop
  endfacet
  facet normal 0 0 -1
    outer loop
      vertex -10.9 -19.65 4.4
      vertex -13.9 -1.9 4.4
      vertex -10.9 19.65 4.4
    endloop
  endfacet
  facet normal 0 0 -1
    outer loop
      vertex -13.8139 -19.2306 4.4
      vertex -10.9 -19.65 4.4
      vertex -13.7478 -19.4154 4.4
    endloop
  endfacet
  facet normal 0 0 -1
    outer loop
      vertex -13.9 -1.9 4.4
      vertex -10.9 -19.65 4.4
      vertex -13.9 -4.1 4.4
    endloop
  endfacet
  facet normal 0 0 -1
    outer loop
      vertex -13.8616 -19.0402 4.4
      vertex -10.9 -19.65 4.4
      vertex -13.8139 -19.2306 4.4
    endloop
  endfacet
  facet normal 0 0 -1
    outer loop
      vertex -13.9 -4.1 4.4
      vertex -10.9 -19.65 4.4
      vertex -13.9 -7.9 4.4
    endloop
  endfacet
  facet normal 0 0 -1
    outer loop
      vertex -13.8904 -18.846 4.4
      vertex -10.9 -19.65 4.4
      vertex -13.8616 -19.0402 4.4
    endloop
  endfacet
  facet normal 0 0 -1
    outer loop
      vertex -13.9 1.9 4.4
      vertex -10.9 19.65 4.4
      vertex -13.9 -1.9 4.4
    endloop
  endfacet
  facet normal 0 0 -1
    outer loop
      vertex -10.9 -19.65 4.4
      vertex -13.8904 -18.846 4.4
      vertex -13.9 -18.65 4.4
    endloop
  endfacet
  facet normal 0 0 -1
    outer loop
      vertex -13.9 4.1 4.4
      vertex -10.9 19.65 4.4
      vertex -13.9 1.9 4.4
    endloop
  endfacet
  facet normal 0 0 -1
    outer loop
      vertex -10.9 -19.65 4.4
      vertex -13.9 -18.65 4.4
      vertex -13.9 -10.1 4.4
    endloop
  endfacet
  facet normal 0 0 -1
    outer loop
      vertex -13.9 7.9 4.4
      vertex -10.9 19.65 4.4
      vertex -13.9 4.1 4.4
    endloop
  endfacet
  facet normal 0 0 -1
    outer loop
      vertex -13.9 10.1 4.4
      vertex -10.9 19.65 4.4
      vertex -13.9 7.9 4.4
    endloop
  endfacet
  facet normal 0 0 -1
    outer loop
      vertex -13.9 18.65 4.4
      vertex -10.9 19.65 4.4
      vertex -13.9 10.1 4.4
    endloop
  endfacet
  facet normal 0 -0 -1
    outer loop
      vertex -13.8904 18.846 4.4
      vertex -10.9 19.65 4.4
      vertex -13.9 18.65 4.4
    endloop
  endfacet
  facet normal -0 0 -1
    outer loop
      vertex -10.9 19.65 4.4
      vertex -13.7478 19.4154 4.4
      vertex -13.6296 19.65 4.4
    endloop
  endfacet
  facet normal 0 0 -1
    outer loop
      vertex -13.6296 19.65 4.4
      vertex -13.7478 19.4154 4.4
      vertex -13.6638 19.5928 4.4
    endloop
  endfacet
  facet normal 0 0 -1
    outer loop
      vertex -10.9 19.65 4.4
      vertex -13.8139 19.2306 4.4
      vertex -13.7478 19.4154 4.4
    endloop
  endfacet
  facet normal 0 0 -1
    outer loop
      vertex -10.9 19.65 4.4
      vertex -13.8616 19.0402 4.4
      vertex -13.8139 19.2306 4.4
    endloop
  endfacet
  facet normal 0 0 -1
    outer loop
      vertex -10.9 19.65 4.4
      vertex -13.8904 18.846 4.4
      vertex -13.8616 19.0402 4.4
    endloop
  endfacet
  facet normal 0 -1 0
    outer loop
      vertex -13.6296 -19.65 4.4
      vertex -10.9 -19.65 5.6
      vertex -13.6296 -19.65 5.6
    endloop
  endfacet
  facet normal 0 -1 -0
    outer loop
      vertex -10.9 -19.65 5.6
      vertex -13.6296 -19.65 4.4
      vertex -10.9 -19.65 4.4
    endloop
  endfacet
  facet normal -1 0 0
    outer loop
      vertex 10.9 -19.65 4.4
      vertex 10.9 19.65 5.6
      vertex 10.9 19.65 4.4
    endloop
  endfacet
  facet normal -1 -0 0
    outer loop
      vertex 10.9 19.65 5.6
      vertex 10.9 -19.65 4.4
      vertex 10.9 -19.65 5.6
    endloop
  endfacet
  facet normal 0 0 1
    outer loop
      vertex 10.9 19.65 5.6
      vertex 13.9 10.1 5.6
      vertex 13.9 18.65 5.6
    endloop
  endfacet
  facet normal 0 0 1
    outer loop
      vertex 13.9 10.1 5.6
      vertex 10.9 19.65 5.6
      vertex 13.9 7.9 5.6
    endloop
  endfacet
  facet normal 0 0 1
    outer loop
      vertex 13.9 7.9 5.6
      vertex 10.9 19.65 5.6
      vertex 13.9 4.1 5.6
    endloop
  endfacet
  facet normal 0 0 1
    outer loop
      vertex 13.9 4.1 5.6
      vertex 10.9 19.65 5.6
      vertex 13.9 1.9 5.6
    endloop
  endfacet
  facet normal 0 0 1
    outer loop
      vertex 13.9 1.9 5.6
      vertex 10.9 19.65 5.6
      vertex 13.9 -1.9 5.6
    endloop
  endfacet
  facet normal 0 0 1
    outer loop
      vertex 10.9 -19.65 5.6
      vertex 13.9 -1.9 5.6
      vertex 10.9 19.65 5.6
    endloop
  endfacet
  facet normal 0 0 1
    outer loop
      vertex 13.9 -1.9 5.6
      vertex 10.9 -19.65 5.6
      vertex 13.9 -4.1 5.6
    endloop
  endfacet
  facet normal 0 0 1
    outer loop
      vertex 13.9 -4.1 5.6
      vertex 10.9 -19.65 5.6
      vertex 13.9 -7.9 5.6
    endloop
  endfacet
  facet normal 0 0 1
    outer loop
      vertex 10.9 19.65 5.6
      vertex 13.9 18.65 5.6
      vertex 13.8904 18.846 5.6
    endloop
  endfacet
  facet normal 0 0 1
    outer loop
      vertex 13.9 -7.9 5.6
      vertex 10.9 -19.65 5.6
      vertex 13.9 -10.1 5.6
    endloop
  endfacet
  facet normal 0 0 1
    outer loop
      vertex 10.9 19.65 5.6
      vertex 13.8904 18.846 5.6
      vertex 13.8616 19.0402 5.6
    endloop
  endfacet
  facet normal 0 0 1
    outer loop
      vertex 13.9 -10.1 5.6
      vertex 10.9 -19.65 5.6
      vertex 13.9 -18.65 5.6
    endloop
  endfacet
  facet normal 0 0 1
    outer loop
      vertex 10.9 19.65 5.6
      vertex 13.8616 19.0402 5.6
      vertex 13.8139 19.2306 5.6
    endloop
  endfacet
  facet normal 0 0 1
    outer loop
      vertex 13.9 -18.65 5.6
      vertex 10.9 -19.65 5.6
      vertex 13.8904 -18.846 5.6
    endloop
  endfacet
  facet normal 0 0 1
    outer loop
      vertex 10.9 19.65 5.6
      vertex 13.8139 19.2306 5.6
      vertex 13.7478 19.4154 5.6
    endloop
  endfacet
  facet normal 0 0 1
    outer loop
      vertex 13.8904 -18.846 5.6
      vertex 10.9 -19.65 5.6
      vertex 13.8616 -19.0402 5.6
    endloop
  endfacet
  facet normal 0 0 1
    outer loop
      vertex 13.6296 19.65 5.6
      vertex 13.7478 19.4154 5.6
      vertex 13.6638 19.5928 5.6
    endloop
  endfacet
  facet normal 0 0 1
    outer loop
      vertex 13.8616 -19.0402 5.6
      vertex 10.9 -19.65 5.6
      vertex 13.8139 -19.2306 5.6
    endloop
  endfacet
  facet normal 0 0 1
    outer loop
      vertex 13.7478 19.4154 5.6
      vertex 13.6296 19.65 5.6
      vertex 10.9 19.65 5.6
    endloop
  endfacet
  facet normal 0 0 1
    outer loop
      vertex 13.8139 -19.2306 5.6
      vertex 10.9 -19.65 5.6
      vertex 13.7478 -19.4154 5.6
    endloop
  endfacet
  facet normal 0 -0 1
    outer loop
      vertex 13.6296 -19.65 5.6
      vertex 13.7478 -19.4154 5.6
      vertex 10.9 -19.65 5.6
    endloop
  endfacet
  facet normal 0 0 1
    outer loop
      vertex 13.7478 -19.4154 5.6
      vertex 13.6296 -19.65 5.6
      vertex 13.6638 -19.5928 5.6
    endloop
  endfacet
  facet normal 0 0 -1
    outer loop
      vertex 10.9 -19.65 4.4
      vertex 13.9 -10.1 4.4
      vertex 13.9 -18.65 4.4
    endloop
  endfacet
  facet normal -0 0 -1
    outer loop
      vertex 13.9 -10.1 4.4
      vertex 10.9 -19.65 4.4
      vertex 13.9 -7.9 4.4
    endloop
  endfacet
  facet normal -0 0 -1
    outer loop
      vertex 13.9 -7.9 4.4
      vertex 10.9 -19.65 4.4
      vertex 13.9 -4.1 4.4
    endloop
  endfacet
  facet normal -0 0 -1
    outer loop
      vertex 13.9 -4.1 4.4
      vertex 10.9 -19.65 4.4
      vertex 13.9 -1.9 4.4
    endloop
  endfacet
  facet normal -0 0 -1
    outer loop
      vertex 13.9 -1.9 4.4
      vertex 10.9 -19.65 4.4
      vertex 13.9 1.9 4.4
    endloop
  endfacet
  facet normal 0 0 -1
    outer loop
      vertex 10.9 19.65 4.4
      vertex 13.9 1.9 4.4
      vertex 10.9 -19.65 4.4
    endloop
  endfacet
  facet normal 0 0 -1
    outer loop
      vertex 13.9 1.9 4.4
      vertex 10.9 19.65 4.4
      vertex 13.9 4.1 4.4
    endloop
  endfacet
  facet normal 0 0 -1
    outer loop
      vertex 13.9 4.1 4.4
      vertex 10.9 19.65 4.4
      vertex 13.9 7.9 4.4
    endloop
  endfacet
  facet normal 0 0 -1
    outer loop
      vertex 10.9 -19.65 4.4
      vertex 13.9 -18.65 4.4
      vertex 13.8904 -18.846 4.4
    endloop
  endfacet
  facet normal 0 0 -1
    outer loop
      vertex 13.9 7.9 4.4
      vertex 10.9 19.65 4.4
      vertex 13.9 10.1 4.4
    endloop
  endfacet
  facet normal 0 0 -1
    outer loop
      vertex 10.9 -19.65 4.4
      vertex 13.8904 -18.846 4.4
      vertex 13.8616 -19.0402 4.4
    endloop
  endfacet
  facet normal 0 0 -1
    outer loop
      vertex 13.9 10.1 4.4
      vertex 10.9 19.65 4.4
      vertex 13.9 18.65 4.4
    endloop
  endfacet
  facet normal 0 0 -1
    outer loop
      vertex 10.9 -19.65 4.4
      vertex 13.8616 -19.0402 4.4
      vertex 13.8139 -19.2306 4.4
    endloop
  endfacet
  facet normal 0 0 -1
    outer loop
      vertex 13.9 18.65 4.4
      vertex 10.9 19.65 4.4
      vertex 13.8904 18.846 4.4
    endloop
  endfacet
  facet normal 0 0 -1
    outer loop
      vertex 10.9 -19.65 4.4
      vertex 13.8139 -19.2306 4.4
      vertex 13.7478 -19.4154 4.4
    endloop
  endfacet
  facet normal 0 0 -1
    outer loop
      vertex 13.8904 18.846 4.4
      vertex 10.9 19.65 4.4
      vertex 13.8616 19.0402 4.4
    endloop
  endfacet
  facet normal 0 0 -1
    outer loop
      vertex 13.6296 -19.65 4.4
      vertex 13.7478 -19.4154 4.4
      vertex 13.6638 -19.5928 4.4
    endloop
  endfacet
  facet normal 0 0 -1
    outer loop
      vertex 13.8616 19.0402 4.4
      vertex 10.9 19.65 4.4
      vertex 13.8139 19.2306 4.4
    endloop
  endfacet
  facet normal 0 0 -1
    outer loop
      vertex 13.7478 -19.4154 4.4
      vertex 13.6296 -19.65 4.4
      vertex 10.9 -19.65 4.4
    endloop
  endfacet
  facet normal 0 0 -1
    outer loop
      vertex 13.8139 19.2306 4.4
      vertex 10.9 19.65 4.4
      vertex 13.7478 19.4154 4.4
    endloop
  endfacet
  facet normal -0 -0 -1
    outer loop
      vertex 13.6296 19.65 4.4
      vertex 13.7478 19.4154 4.4
      vertex 10.9 19.65 4.4
    endloop
  endfacet
  facet normal 0 0 -1
    outer loop
      vertex 13.7478 19.4154 4.4
      vertex 13.6296 19.65 4.4
      vertex 13.6638 19.5928 4.4
    endloop
  endfacet
  facet normal 0 -1 0
    outer loop
      vertex 10.9 -19.65 4.4
      vertex 13.6296 -19.65 5.6
      vertex 10.9 -19.65 5.6
    endloop
  endfacet
  facet normal 0 -1 -0
    outer loop
      vertex 13.6296 -19.65 5.6
      vertex 10.9 -19.65 4.4
      vertex 13.6296 -19.65 4.4
    endloop
  endfacet
  facet normal 0 1 -0
    outer loop
      vertex 13.6296 19.65 4.4
      vertex 10.9 19.65 5.6
      vertex 13.6296 19.65 5.6
    endloop
  endfacet
  facet normal 0 1 0
    outer loop
      vertex 10.9 19.65 5.6
      vertex 13.6296 19.65 4.4
      vertex 10.9 19.65 4.4
    endloop
  endfacet
endsolid OpenSCAD_Model
