solid OpenSCAD_Model
  facet normal -0.846365 0.532603 0
    outer loop
      vertex 4.91585 45.2721 0
      vertex 5.02824 45.4507 6
      vertex 5.02824 45.4507 0
    endloop
  endfacet
  facet normal -0.846365 0.532603 0
    outer loop
      vertex 5.02824 45.4507 6
      vertex 4.91585 45.2721 0
      vertex 4.91585 45.2721 6
    endloop
  endfacet
  facet normal -0.612913 -0.79015 0
    outer loop
      vertex 4.38786 48.2665 0
      vertex 4.55455 48.1372 6
      vertex 4.38786 48.2665 6
    endloop
  endfacet
  facet normal -0.612913 -0.79015 -0
    outer loop
      vertex 4.55455 48.1372 6
      vertex 4.38786 48.2665 0
      vertex 4.55455 48.1372 0
    endloop
  endfacet
  facet normal -0.992152 -0.125038 0
    outer loop
      vertex 5.2984 46.6693 0
      vertex 5.27201 46.8787 6
      vertex 5.27201 46.8787 0
    endloop
  endfacet
  facet normal -0.992152 -0.125038 0
    outer loop
      vertex 5.27201 46.8787 6
      vertex 5.2984 46.6693 0
      vertex 5.2984 46.6693 6
    endloop
  endfacet
  facet normal -0.868739 -0.495271 0
    outer loop
      vertex 5.07246 47.4772 0
      vertex 4.96796 47.6605 6
      vertex 4.96796 47.6605 0
    endloop
  endfacet
  facet normal -0.868739 -0.495271 0
    outer loop
      vertex 4.96796 47.6605 6
      vertex 5.07246 47.4772 0
      vertex 5.07246 47.4772 6
    endloop
  endfacet
  facet normal -0.948688 -0.316214 0
    outer loop
      vertex 5.22522 47.0844 0
      vertex 5.15849 47.2846 6
      vertex 5.15849 47.2846 0
    endloop
  endfacet
  facet normal -0.948688 -0.316214 0
    outer loop
      vertex 5.15849 47.2846 6
      vertex 5.22522 47.0844 0
      vertex 5.22522 47.0844 6
    endloop
  endfacet
  facet normal -0.894427 0.447214 0
    outer loop
      vertex 5.02824 45.4507 0
      vertex 5.12259 45.6394 6
      vertex 5.12259 45.6394 0
    endloop
  endfacet
  facet normal -0.894427 0.447214 0
    outer loop
      vertex 5.12259 45.6394 6
      vertex 5.02824 45.4507 0
      vertex 5.02824 45.4507 6
    endloop
  endfacet
  facet normal -0.964499 0.264088 0
    outer loop
      vertex 5.19799 45.8365 0
      vertex 5.25371 46.04 6
      vertex 5.25371 46.04 0
    endloop
  endfacet
  facet normal -0.964499 0.264088 0
    outer loop
      vertex 5.25371 46.04 6
      vertex 5.19799 45.8365 0
      vertex 5.19799 45.8365 6
    endloop
  endfacet
  facet normal -0.999627 -0.0273013 0
    outer loop
      vertex 5.30416 46.4584 0
      vertex 5.2984 46.6693 6
      vertex 5.2984 46.6693 0
    endloop
  endfacet
  facet normal -0.999627 -0.0273013 0
    outer loop
      vertex 5.2984 46.6693 6
      vertex 5.30416 46.4584 0
      vertex 5.30416 46.4584 6
    endloop
  endfacet
  facet normal -0.985746 0.16824 0
    outer loop
      vertex 5.25371 46.04 0
      vertex 5.28921 46.248 6
      vertex 5.28921 46.248 0
    endloop
  endfacet
  facet normal -0.985746 0.16824 0
    outer loop
      vertex 5.28921 46.248 6
      vertex 5.25371 46.04 0
      vertex 5.25371 46.04 6
    endloop
  endfacet
  facet normal -0.755447 -0.65521 0
    outer loop
      vertex 4.846 47.8327 0
      vertex 4.70775 47.9921 6
      vertex 4.70775 47.9921 0
    endloop
  endfacet
  facet normal -0.755447 -0.65521 0
    outer loop
      vertex 4.70775 47.9921 6
      vertex 4.846 47.8327 0
      vertex 4.846 47.8327 6
    endloop
  endfacet
  facet normal -0.816058 -0.57797 0
    outer loop
      vertex 4.96796 47.6605 0
      vertex 4.846 47.8327 6
      vertex 4.846 47.8327 0
    endloop
  endfacet
  facet normal -0.816058 -0.57797 0
    outer loop
      vertex 4.846 47.8327 6
      vertex 4.96796 47.6605 0
      vertex 4.96796 47.6605 6
    endloop
  endfacet
  facet normal -0.687653 -0.72604 0
    outer loop
      vertex 4.55455 48.1372 0
      vertex 4.70775 47.9921 6
      vertex 4.55455 48.1372 6
    endloop
  endfacet
  facet normal -0.687653 -0.72604 -0
    outer loop
      vertex 4.70775 47.9921 6
      vertex 4.55455 48.1372 0
      vertex 4.70775 47.9921 0
    endloop
  endfacet
  facet normal -0.913053 -0.40784 0
    outer loop
      vertex 5.15849 47.2846 0
      vertex 5.07246 47.4772 6
      vertex 5.07246 47.4772 0
    endloop
  endfacet
  facet normal -0.913053 -0.40784 0
    outer loop
      vertex 5.07246 47.4772 6
      vertex 5.15849 47.2846 0
      vertex 5.15849 47.2846 6
    endloop
  endfacet
  facet normal -0.975092 -0.221801 0
    outer loop
      vertex 5.27201 46.8787 0
      vertex 5.22522 47.0844 6
      vertex 5.22522 47.0844 0
    endloop
  endfacet
  facet normal -0.975092 -0.221801 0
    outer loop
      vertex 5.22522 47.0844 6
      vertex 5.27201 46.8787 0
      vertex 5.27201 46.8787 6
    endloop
  endfacet
  facet normal -0.532922 -0.846164 0
    outer loop
      vertex 4.27481 48.3377 0
      vertex 4.38786 48.2665 6
      vertex 4.27481 48.3377 6
    endloop
  endfacet
  facet normal -0.532922 -0.846164 -0
    outer loop
      vertex 4.38786 48.2665 6
      vertex 4.27481 48.3377 0
      vertex 4.38786 48.2665 0
    endloop
  endfacet
  facet normal -0.789852 0.613297 0
    outer loop
      vertex 4.78649 45.1055 0
      vertex 4.91585 45.2721 6
      vertex 4.91585 45.2721 0
    endloop
  endfacet
  facet normal -0.789852 0.613297 0
    outer loop
      vertex 4.91585 45.2721 6
      vertex 4.78649 45.1055 0
      vertex 4.78649 45.1055 6
    endloop
  endfacet
  facet normal 0.532723 0.84629 -0
    outer loop
      vertex 2.10004 44.6318 0
      vertex 1.92148 44.7442 6
      vertex 2.10004 44.6318 6
    endloop
  endfacet
  facet normal 0.532723 0.84629 0
    outer loop
      vertex 1.92148 44.7442 6
      vertex 2.10004 44.6318 0
      vertex 1.92148 44.7442 0
    endloop
  endfacet
  facet normal 0.357359 0.933967 -0
    outer loop
      vertex 2.48582 44.462 0
      vertex 2.28876 44.5374 6
      vertex 2.48582 44.462 6
    endloop
  endfacet
  facet normal 0.357359 0.933967 0
    outer loop
      vertex 2.28876 44.5374 6
      vertex 2.48582 44.462 0
      vertex 2.28876 44.5374 0
    endloop
  endfacet
  facet normal -0.0274895 0.999622 0
    outer loop
      vertex 3.31868 44.3616 0
      vertex 3.10777 44.3558 6
      vertex 3.31868 44.3616 6
    endloop
  endfacet
  facet normal -0.0274895 0.999622 0
    outer loop
      vertex 3.10777 44.3558 6
      vertex 3.31868 44.3616 0
      vertex 3.10777 44.3558 0
    endloop
  endfacet
  facet normal 0.168248 0.985745 -0
    outer loop
      vertex 2.89731 44.3708 0
      vertex 2.68932 44.4063 6
      vertex 2.89731 44.3708 6
    endloop
  endfacet
  facet normal 0.168248 0.985745 0
    outer loop
      vertex 2.68932 44.4063 6
      vertex 2.89731 44.3708 0
      vertex 2.68932 44.4063 0
    endloop
  endfacet
  facet normal -0.316142 0.948712 0
    outer loop
      vertex 3.93391 44.5015 0
      vertex 3.73375 44.4348 6
      vertex 3.93391 44.5015 6
    endloop
  endfacet
  facet normal -0.316142 0.948712 0
    outer loop
      vertex 3.73375 44.4348 6
      vertex 3.93391 44.5015 0
      vertex 3.73375 44.4348 0
    endloop
  endfacet
  facet normal -0.495291 0.868727 0
    outer loop
      vertex 4.30986 44.692 0
      vertex 4.12657 44.5875 6
      vertex 4.30986 44.692 6
    endloop
  endfacet
  facet normal -0.495291 0.868727 0
    outer loop
      vertex 4.12657 44.5875 6
      vertex 4.30986 44.692 0
      vertex 4.12657 44.5875 0
    endloop
  endfacet
  facet normal -0.933991 0.357296 0
    outer loop
      vertex 5.12259 45.6394 0
      vertex 5.19799 45.8365 6
      vertex 5.19799 45.8365 0
    endloop
  endfacet
  facet normal -0.933991 0.357296 0
    outer loop
      vertex 5.19799 45.8365 6
      vertex 5.12259 45.6394 0
      vertex 5.12259 45.6394 6
    endloop
  endfacet
  facet normal -0.997485 0.0708764 0
    outer loop
      vertex 5.28921 46.248 0
      vertex 5.30416 46.4584 6
      vertex 5.30416 46.4584 0
    endloop
  endfacet
  facet normal -0.997485 0.0708764 0
    outer loop
      vertex 5.30416 46.4584 6
      vertex 5.28921 46.248 0
      vertex 5.28921 46.248 6
    endloop
  endfacet
  facet normal 0.447365 0.894351 -0
    outer loop
      vertex 2.28876 44.5374 0
      vertex 2.10004 44.6318 6
      vertex 2.28876 44.5374 6
    endloop
  endfacet
  facet normal 0.447365 0.894351 0
    outer loop
      vertex 2.10004 44.6318 6
      vertex 2.28876 44.5374 0
      vertex 2.10004 44.6318 0
    endloop
  endfacet
  facet normal 0.264 0.964523 -0
    outer loop
      vertex 2.68932 44.4063 0
      vertex 2.48582 44.462 6
      vertex 2.68932 44.4063 6
    endloop
  endfacet
  facet normal 0.264 0.964523 0
    outer loop
      vertex 2.48582 44.462 6
      vertex 2.68932 44.4063 0
      vertex 2.48582 44.462 0
    endloop
  endfacet
  facet normal -0.125125 0.992141 0
    outer loop
      vertex 3.52801 44.388 0
      vertex 3.31868 44.3616 6
      vertex 3.52801 44.388 6
    endloop
  endfacet
  facet normal -0.125125 0.992141 0
    outer loop
      vertex 3.31868 44.3616 6
      vertex 3.52801 44.388 0
      vertex 3.31868 44.3616 0
    endloop
  endfacet
  facet normal 0.0710921 0.99747 -0
    outer loop
      vertex 3.10777 44.3558 0
      vertex 2.89731 44.3708 6
      vertex 3.10777 44.3558 6
    endloop
  endfacet
  facet normal 0.0710921 0.99747 0
    outer loop
      vertex 2.89731 44.3708 6
      vertex 3.10777 44.3558 0
      vertex 2.89731 44.3708 0
    endloop
  endfacet
  facet normal -0.407616 0.913154 0
    outer loop
      vertex 4.12657 44.5875 0
      vertex 3.93391 44.5015 6
      vertex 4.12657 44.5875 6
    endloop
  endfacet
  facet normal -0.407616 0.913154 0
    outer loop
      vertex 3.93391 44.5015 6
      vertex 4.12657 44.5875 0
      vertex 3.93391 44.5015 0
    endloop
  endfacet
  facet normal -0.578141 0.815937 0
    outer loop
      vertex 4.48204 44.814 0
      vertex 4.30986 44.692 6
      vertex 4.48204 44.814 6
    endloop
  endfacet
  facet normal -0.578141 0.815937 0
    outer loop
      vertex 4.30986 44.692 6
      vertex 4.48204 44.814 0
      vertex 4.30986 44.692 0
    endloop
  endfacet
  facet normal -0.726111 0.687578 0
    outer loop
      vertex 4.64142 44.9523 0
      vertex 4.78649 45.1055 6
      vertex 4.78649 45.1055 0
    endloop
  endfacet
  facet normal -0.726111 0.687578 0
    outer loop
      vertex 4.78649 45.1055 6
      vertex 4.64142 44.9523 0
      vertex 4.64142 44.9523 6
    endloop
  endfacet
  facet normal -0.655392 0.755289 0
    outer loop
      vertex 4.64142 44.9523 0
      vertex 4.48204 44.814 6
      vertex 4.64142 44.9523 6
    endloop
  endfacet
  facet normal -0.655392 0.755289 0
    outer loop
      vertex 4.48204 44.814 6
      vertex 4.64142 44.9523 0
      vertex 4.48204 44.814 0
    endloop
  endfacet
  facet normal 0.612841 0.790206 -0
    outer loop
      vertex 1.92148 44.7442 0
      vertex 1.87519 44.7801 6
      vertex 1.92148 44.7442 6
    endloop
  endfacet
  facet normal 0.612841 0.790206 0
    outer loop
      vertex 1.87519 44.7801 6
      vertex 1.92148 44.7442 0
      vertex 1.87519 44.7801 0
    endloop
  endfacet
  facet normal -0.221805 0.975091 0
    outer loop
      vertex 3.73375 44.4348 0
      vertex 3.52801 44.388 6
      vertex 3.73375 44.4348 6
    endloop
  endfacet
  facet normal -0.221805 0.975091 0
    outer loop
      vertex 3.52801 44.388 6
      vertex 3.73375 44.4348 0
      vertex 3.52801 44.388 0
    endloop
  endfacet
  facet normal -0.584845 -0.811145 0
    outer loop
      vertex 4.16649 48.4158 0
      vertex 4.27481 48.3377 6
      vertex 4.16649 48.4158 6
    endloop
  endfacet
  facet normal -0.584845 -0.811145 -0
    outer loop
      vertex 4.27481 48.3377 6
      vertex 4.16649 48.4158 0
      vertex 4.27481 48.3377 0
    endloop
  endfacet
  facet normal 0.585266 0.810841 -0
    outer loop
      vertex 1.82454 44.8095 0
      vertex 1.77702 44.8438 6
      vertex 1.82454 44.8095 6
    endloop
  endfacet
  facet normal 0.585266 0.810841 0
    outer loop
      vertex 1.77702 44.8438 6
      vertex 1.82454 44.8095 0
      vertex 1.77702 44.8438 0
    endloop
  endfacet
  facet normal -0.502991 -0.864292 0
    outer loop
      vertex 4.05102 48.483 0
      vertex 4.16649 48.4158 6
      vertex 4.05102 48.483 6
    endloop
  endfacet
  facet normal -0.502991 -0.864292 -0
    outer loop
      vertex 4.16649 48.4158 6
      vertex 4.05102 48.483 0
      vertex 4.16649 48.4158 0
    endloop
  endfacet
  facet normal 0.502012 0.864861 -0
    outer loop
      vertex 1.87519 44.7801 0
      vertex 1.82454 44.8095 6
      vertex 1.87519 44.7801 6
    endloop
  endfacet
  facet normal 0.502012 0.864861 0
    outer loop
      vertex 1.82454 44.8095 6
      vertex 1.87519 44.7801 0
      vertex 1.82454 44.8095 0
    endloop
  endfacet
  facet normal -0.472367 -0.881402 0
    outer loop
      vertex 3.8223 48.6204 0
      vertex 3.94004 48.5573 6
      vertex 3.8223 48.6204 6
    endloop
  endfacet
  facet normal -0.472367 -0.881402 -0
    outer loop
      vertex 3.94004 48.5573 6
      vertex 3.8223 48.6204 0
      vertex 3.94004 48.5573 0
    endloop
  endfacet
  facet normal 0.556353 0.830946 -0
    outer loop
      vertex 1.72538 44.8715 0
      vertex 1.67669 44.9041 6
      vertex 1.72538 44.8715 6
    endloop
  endfacet
  facet normal 0.556353 0.830946 0
    outer loop
      vertex 1.67669 44.9041 6
      vertex 1.72538 44.8715 0
      vertex 1.67669 44.9041 0
    endloop
  endfacet
  facet normal -0.556323 -0.830966 0
    outer loop
      vertex 3.94004 48.5573 0
      vertex 4.05102 48.483 6
      vertex 3.94004 48.5573 6
    endloop
  endfacet
  facet normal -0.556323 -0.830966 -0
    outer loop
      vertex 4.05102 48.483 6
      vertex 3.94004 48.5573 0
      vertex 4.05102 48.483 0
    endloop
  endfacet
  facet normal 0.472695 0.881226 -0
    outer loop
      vertex 1.77702 44.8438 0
      vertex 1.72538 44.8715 6
      vertex 1.77702 44.8438 6
    endloop
  endfacet
  facet normal 0.472695 0.881226 0
    outer loop
      vertex 1.72538 44.8715 6
      vertex 1.77702 44.8438 0
      vertex 1.72538 44.8715 0
    endloop
  endfacet
  facet normal -0.527068 -0.849823 0
    outer loop
      vertex 3.70879 48.6908 0
      vertex 3.8223 48.6204 6
      vertex 3.70879 48.6908 6
    endloop
  endfacet
  facet normal -0.527068 -0.849823 -0
    outer loop
      vertex 3.8223 48.6204 6
      vertex 3.70879 48.6908 0
      vertex 3.8223 48.6204 0
    endloop
  endfacet
  facet normal -0.441636 -0.897194 0
    outer loop
      vertex 3.58893 48.7498 0
      vertex 3.70879 48.6908 6
      vertex 3.58893 48.7498 6
    endloop
  endfacet
  facet normal -0.441636 -0.897194 -0
    outer loop
      vertex 3.70879 48.6908 6
      vertex 3.58893 48.7498 0
      vertex 3.70879 48.6908 0
    endloop
  endfacet
  facet normal 0.441883 0.897073 -0
    outer loop
      vertex 1.67669 44.9041 0
      vertex 1.62411 44.93 6
      vertex 1.67669 44.9041 6
    endloop
  endfacet
  facet normal 0.441883 0.897073 0
    outer loop
      vertex 1.62411 44.93 6
      vertex 1.67669 44.9041 0
      vertex 1.62411 44.93 0
    endloop
  endfacet
  facet normal 0.527312 0.849672 -0
    outer loop
      vertex 1.62411 44.93 0
      vertex 1.57432 44.9609 6
      vertex 1.62411 44.93 6
    endloop
  endfacet
  facet normal 0.527312 0.849672 0
    outer loop
      vertex 1.57432 44.9609 6
      vertex 1.62411 44.93 0
      vertex 1.57432 44.9609 0
    endloop
  endfacet
  facet normal -0.40954 -0.912292 0
    outer loop
      vertex 3.35118 48.8709 0
      vertex 3.47303 48.8162 6
      vertex 3.35118 48.8709 6
    endloop
  endfacet
  facet normal -0.40954 -0.912292 -0
    outer loop
      vertex 3.47303 48.8162 6
      vertex 3.35118 48.8709 0
      vertex 3.47303 48.8162 0
    endloop
  endfacet
  facet normal 0.409619 0.912257 -0
    outer loop
      vertex 1.57432 44.9609 0
      vertex 1.52087 44.9849 6
      vertex 1.57432 44.9609 6
    endloop
  endfacet
  facet normal 0.409619 0.912257 0
    outer loop
      vertex 1.52087 44.9849 6
      vertex 1.57432 44.9609 0
      vertex 1.52087 44.9849 0
    endloop
  endfacet
  facet normal -0.497106 -0.86769 0
    outer loop
      vertex 3.47303 48.8162 0
      vertex 3.58893 48.7498 6
      vertex 3.47303 48.8162 6
    endloop
  endfacet
  facet normal -0.497106 -0.86769 -0
    outer loop
      vertex 3.58893 48.7498 6
      vertex 3.47303 48.8162 0
      vertex 3.58893 48.7498 0
    endloop
  endfacet
  facet normal 0.49669 0.867928 -0
    outer loop
      vertex 1.52087 44.9849 0
      vertex 1.47002 45.014 6
      vertex 1.52087 44.9849 6
    endloop
  endfacet
  facet normal 0.49669 0.867928 0
    outer loop
      vertex 1.47002 45.014 6
      vertex 1.52087 44.9849 0
      vertex 1.47002 45.014 0
    endloop
  endfacet
  facet normal -0.377347 -0.926072 0
    outer loop
      vertex 3.10934 48.9837 0
      vertex 3.23303 48.9333 6
      vertex 3.10934 48.9837 6
    endloop
  endfacet
  facet normal -0.377347 -0.926072 -0
    outer loop
      vertex 3.23303 48.9333 6
      vertex 3.10934 48.9837 0
      vertex 3.23303 48.9333 0
    endloop
  endfacet
  facet normal -0.467011 -0.884252 0
    outer loop
      vertex 3.23303 48.9333 0
      vertex 3.35118 48.8709 6
      vertex 3.23303 48.9333 6
    endloop
  endfacet
  facet normal -0.467011 -0.884252 -0
    outer loop
      vertex 3.35118 48.8709 6
      vertex 3.23303 48.9333 0
      vertex 3.35118 48.8709 0
    endloop
  endfacet
  facet normal 0.37727 0.926103 -0
    outer loop
      vertex 1.47002 45.014 0
      vertex 1.41577 45.0361 6
      vertex 1.47002 45.014 6
    endloop
  endfacet
  facet normal 0.37727 0.926103 0
    outer loop
      vertex 1.41577 45.0361 6
      vertex 1.47002 45.014 0
      vertex 1.41577 45.0361 0
    endloop
  endfacet
  facet normal 0.467433 0.884028 -0
    outer loop
      vertex 1.41577 45.0361 0
      vertex 1.36395 45.0635 6
      vertex 1.41577 45.0361 6
    endloop
  endfacet
  facet normal 0.467433 0.884028 0
    outer loop
      vertex 1.36395 45.0635 6
      vertex 1.41577 45.0361 0
      vertex 1.36395 45.0635 0
    endloop
  endfacet
  facet normal -0.345119 -0.938559 0
    outer loop
      vertex 2.86372 49.088 0
      vertex 2.98909 49.0419 6
      vertex 2.86372 49.088 6
    endloop
  endfacet
  facet normal -0.345119 -0.938559 -0
    outer loop
      vertex 2.98909 49.0419 6
      vertex 2.86372 49.088 0
      vertex 2.98909 49.0419 0
    endloop
  endfacet
  facet normal 0.344756 0.938692 -0
    outer loop
      vertex 1.36395 45.0635 0
      vertex 1.30895 45.0837 6
      vertex 1.36395 45.0635 6
    endloop
  endfacet
  facet normal 0.344756 0.938692 0
    outer loop
      vertex 1.30895 45.0837 6
      vertex 1.36395 45.0635 0
      vertex 1.30895 45.0837 0
    endloop
  endfacet
  facet normal 0.435226 0.900321 -0
    outer loop
      vertex 1.30895 45.0837 0
      vertex 1.2562 45.1092 6
      vertex 1.30895 45.0837 6
    endloop
  endfacet
  facet normal 0.435226 0.900321 0
    outer loop
      vertex 1.2562 45.1092 6
      vertex 1.30895 45.0837 0
      vertex 1.2562 45.1092 0
    endloop
  endfacet
  facet normal -0.435649 -0.900117 0
    outer loop
      vertex 2.98909 49.0419 0
      vertex 3.10934 48.9837 6
      vertex 2.98909 49.0419 6
    endloop
  endfacet
  facet normal -0.435649 -0.900117 -0
    outer loop
      vertex 3.10934 48.9837 6
      vertex 2.98909 49.0419 0
      vertex 3.10934 48.9837 0
    endloop
  endfacet
  facet normal -0.403539 -0.914963 0
    outer loop
      vertex 2.74151 49.1419 0
      vertex 2.86372 49.088 6
      vertex 2.74151 49.1419 6
    endloop
  endfacet
  facet normal -0.403539 -0.914963 -0
    outer loop
      vertex 2.86372 49.088 6
      vertex 2.74151 49.1419 0
      vertex 2.86372 49.088 0
    endloop
  endfacet
  facet normal -0.312182 -0.950022 0
    outer loop
      vertex 2.61461 49.1836 0
      vertex 2.74151 49.1419 6
      vertex 2.61461 49.1836 6
    endloop
  endfacet
  facet normal -0.312182 -0.950022 -0
    outer loop
      vertex 2.74151 49.1419 6
      vertex 2.61461 49.1836 0
      vertex 2.74151 49.1419 0
    endloop
  endfacet
  facet normal 0.404333 0.914612 -0
    outer loop
      vertex 1.20053 45.1275 0
      vertex 1.14692 45.1512 6
      vertex 1.20053 45.1275 6
    endloop
  endfacet
  facet normal 0.404333 0.914612 0
    outer loop
      vertex 1.14692 45.1512 6
      vertex 1.20053 45.1275 0
      vertex 1.14692 45.1512 0
    endloop
  endfacet
  facet normal 0.312283 0.949989 -0
    outer loop
      vertex 1.2562 45.1092 0
      vertex 1.20053 45.1275 6
      vertex 1.2562 45.1092 6
    endloop
  endfacet
  facet normal 0.312283 0.949989 0
    outer loop
      vertex 1.20053 45.1275 6
      vertex 1.2562 45.1092 0
      vertex 1.20053 45.1275 0
    endloop
  endfacet
  facet normal -0.371365 -0.928487 0
    outer loop
      vertex 2.4906 49.2332 0
      vertex 2.61461 49.1836 6
      vertex 2.4906 49.2332 6
    endloop
  endfacet
  facet normal -0.371365 -0.928487 -0
    outer loop
      vertex 2.61461 49.1836 6
      vertex 2.4906 49.2332 0
      vertex 2.61461 49.1836 0
    endloop
  endfacet
  facet normal -0.279207 -0.960231 0
    outer loop
      vertex 2.36232 49.2705 0
      vertex 2.4906 49.2332 6
      vertex 2.36232 49.2705 6
    endloop
  endfacet
  facet normal -0.279207 -0.960231 -0
    outer loop
      vertex 2.4906 49.2332 6
      vertex 2.36232 49.2705 0
      vertex 2.4906 49.2332 0
    endloop
  endfacet
  facet normal 0.278236 0.960513 -0
    outer loop
      vertex 1.14692 45.1512 0
      vertex 1.09065 45.1675 6
      vertex 1.14692 45.1512 6
    endloop
  endfacet
  facet normal 0.278236 0.960513 0
    outer loop
      vertex 1.09065 45.1675 6
      vertex 1.14692 45.1512 0
      vertex 1.09065 45.1675 0
    endloop
  endfacet
  facet normal 0.371979 0.928241 -0
    outer loop
      vertex 1.09065 45.1675 0
      vertex 1.03625 45.1893 6
      vertex 1.09065 45.1675 6
    endloop
  endfacet
  facet normal 0.371979 0.928241 0
    outer loop
      vertex 1.03625 45.1893 6
      vertex 1.09065 45.1675 0
      vertex 1.03625 45.1893 0
    endloop
  endfacet
  facet normal -0.338423 -0.940994 0
    outer loop
      vertex 2.23664 49.3157 0
      vertex 2.36232 49.2705 6
      vertex 2.23664 49.3157 6
    endloop
  endfacet
  facet normal -0.338423 -0.940994 -0
    outer loop
      vertex 2.36232 49.2705 6
      vertex 2.23664 49.3157 0
      vertex 2.36232 49.2705 0
    endloop
  endfacet
  facet normal 0.244122 0.969745 -0
    outer loop
      vertex 1.03625 45.1893 0
      vertex 0.979445 45.2036 6
      vertex 1.03625 45.1893 6
    endloop
  endfacet
  facet normal 0.244122 0.969745 0
    outer loop
      vertex 0.979445 45.2036 6
      vertex 1.03625 45.1893 0
      vertex 0.979445 45.2036 0
    endloop
  endfacet
  facet normal -0.245511 -0.969394 0
    outer loop
      vertex 2.10713 49.3485 0
      vertex 2.23664 49.3157 6
      vertex 2.10713 49.3485 6
    endloop
  endfacet
  facet normal -0.245511 -0.969394 -0
    outer loop
      vertex 2.23664 49.3157 6
      vertex 2.10713 49.3485 0
      vertex 2.23664 49.3157 0
    endloop
  endfacet
  facet normal 0.339539 0.940592 -0
    outer loop
      vertex 0.979445 45.2036 0
      vertex 0.924318 45.2235 6
      vertex 0.979445 45.2036 6
    endloop
  endfacet
  facet normal 0.339539 0.940592 0
    outer loop
      vertex 0.924318 45.2235 6
      vertex 0.979445 45.2036 0
      vertex 0.924318 45.2235 0
    endloop
  endfacet
  facet normal -0.211109 -0.977463 0
    outer loop
      vertex 1.8494 49.4175 0
      vertex 1.97997 49.3893 6
      vertex 1.8494 49.4175 6
    endloop
  endfacet
  facet normal -0.211109 -0.977463 -0
    outer loop
      vertex 1.97997 49.3893 6
      vertex 1.8494 49.4175 0
      vertex 1.97997 49.3893 0
    endloop
  endfacet
  facet normal 0.211597 0.977357 -0
    outer loop
      vertex 0.924318 45.2235 0
      vertex 0.867043 45.2359 6
      vertex 0.924318 45.2235 6
    endloop
  endfacet
  facet normal 0.211597 0.977357 0
    outer loop
      vertex 0.867043 45.2359 6
      vertex 0.924318 45.2235 0
      vertex 0.867043 45.2359 0
    endloop
  endfacet
  facet normal -0.305515 -0.952187 0
    outer loop
      vertex 1.97997 49.3893 0
      vertex 2.10713 49.3485 6
      vertex 1.97997 49.3893 6
    endloop
  endfacet
  facet normal -0.305515 -0.952187 -0
    outer loop
      vertex 2.10713 49.3485 6
      vertex 1.97997 49.3893 0
      vertex 2.10713 49.3485 0
    endloop
  endfacet
  facet normal 0.305536 0.95218 -0
    outer loop
      vertex 0.867043 45.2359 0
      vertex 0.811259 45.2538 6
      vertex 0.867043 45.2359 6
    endloop
  endfacet
  facet normal 0.305536 0.95218 0
    outer loop
      vertex 0.811259 45.2538 6
      vertex 0.867043 45.2359 0
      vertex 0.811259 45.2538 0
    endloop
  endfacet
  facet normal -0.272486 -0.96216 0
    outer loop
      vertex 1.72087 49.4539 0
      vertex 1.8494 49.4175 6
      vertex 1.72087 49.4539 6
    endloop
  endfacet
  facet normal -0.272486 -0.96216 -0
    outer loop
      vertex 1.8494 49.4175 6
      vertex 1.72087 49.4539 0
      vertex 1.8494 49.4175 0
    endloop
  endfacet
  facet normal -0.17741 -0.984137 0
    outer loop
      vertex 1.5894 49.4776 0
      vertex 1.72087 49.4539 6
      vertex 1.5894 49.4776 6
    endloop
  endfacet
  facet normal -0.17741 -0.984137 -0
    outer loop
      vertex 1.72087 49.4539 6
      vertex 1.5894 49.4776 0
      vertex 1.72087 49.4539 0
    endloop
  endfacet
  facet normal 0.175811 0.984424 -0
    outer loop
      vertex 0.811259 45.2538 0
      vertex 0.753586 45.2641 6
      vertex 0.811259 45.2538 6
    endloop
  endfacet
  facet normal 0.175811 0.984424 0
    outer loop
      vertex 0.753586 45.2641 6
      vertex 0.811259 45.2538 0
      vertex 0.753586 45.2641 0
    endloop
  endfacet
  facet normal 0.273026 0.962007 -0
    outer loop
      vertex 0.753586 45.2641 0
      vertex 0.69721 45.2801 6
      vertex 0.753586 45.2641 6
    endloop
  endfacet
  facet normal 0.273026 0.962007 0
    outer loop
      vertex 0.69721 45.2801 6
      vertex 0.753586 45.2641 0
      vertex 0.69721 45.2801 0
    endloop
  endfacet
  facet normal -0.142983 -0.989725 0
    outer loop
      vertex 1.32748 49.5285 0
      vertex 1.45969 49.5094 6
      vertex 1.32748 49.5285 6
    endloop
  endfacet
  facet normal -0.142983 -0.989725 -0
    outer loop
      vertex 1.45969 49.5094 6
      vertex 1.32748 49.5285 0
      vertex 1.45969 49.5094 0
    endloop
  endfacet
  facet normal 0.143332 0.989675 -0
    outer loop
      vertex 0.69721 45.2801 0
      vertex 0.63921 45.2885 6
      vertex 0.69721 45.2801 6
    endloop
  endfacet
  facet normal 0.143332 0.989675 0
    outer loop
      vertex 0.63921 45.2885 6
      vertex 0.69721 45.2801 0
      vertex 0.63921 45.2885 0
    endloop
  endfacet
  facet normal 0.237286 0.97144 -0
    outer loop
      vertex 0.63921 45.2885 0
      vertex 0.582304 45.3024 6
      vertex 0.63921 45.2885 6
    endloop
  endfacet
  facet normal 0.237286 0.97144 0
    outer loop
      vertex 0.582304 45.3024 6
      vertex 0.63921 45.2885 0
      vertex 0.582304 45.3024 0
    endloop
  endfacet
  facet normal -0.238111 -0.971238 0
    outer loop
      vertex 1.45969 49.5094 0
      vertex 1.5894 49.4776 6
      vertex 1.45969 49.5094 6
    endloop
  endfacet
  facet normal -0.238111 -0.971238 -0
    outer loop
      vertex 1.5894 49.4776 6
      vertex 1.45969 49.5094 0
      vertex 1.5894 49.4776 0
    endloop
  endfacet
  facet normal -0.204373 -0.978893 0
    outer loop
      vertex 1.19672 49.5558 0
      vertex 1.32748 49.5285 6
      vertex 1.19672 49.5558 6
    endloop
  endfacet
  facet normal -0.204373 -0.978893 -0
    outer loop
      vertex 1.32748 49.5285 6
      vertex 1.19672 49.5558 0
      vertex 1.32748 49.5285 0
    endloop
  endfacet
  facet normal -0.107802 -0.994172 0
    outer loop
      vertex 1.06392 49.5702 0
      vertex 1.19672 49.5558 6
      vertex 1.06392 49.5702 6
    endloop
  endfacet
  facet normal -0.107802 -0.994172 -0
    outer loop
      vertex 1.19672 49.5558 6
      vertex 1.06392 49.5702 0
      vertex 1.19672 49.5558 0
    endloop
  endfacet
  facet normal 0.109216 0.994018 -0
    outer loop
      vertex 0.582304 45.3024 0
      vertex 0.524055 45.3088 6
      vertex 0.582304 45.3024 6
    endloop
  endfacet
  facet normal 0.109216 0.994018 0
    outer loop
      vertex 0.524055 45.3088 6
      vertex 0.582304 45.3024 0
      vertex 0.524055 45.3088 0
    endloop
  endfacet
  facet normal 0.204792 0.978805 -0
    outer loop
      vertex 0.524055 45.3088 0
      vertex 0.466701 45.3208 6
      vertex 0.524055 45.3088 6
    endloop
  endfacet
  facet normal 0.204792 0.978805 0
    outer loop
      vertex 0.466701 45.3208 6
      vertex 0.524055 45.3088 0
      vertex 0.466701 45.3208 0
    endloop
  endfacet
  facet normal -0.170684 -0.985326 0
    outer loop
      vertex 0.9323 49.593 0
      vertex 1.06392 49.5702 6
      vertex 0.9323 49.593 6
    endloop
  endfacet
  facet normal -0.170684 -0.985326 -0
    outer loop
      vertex 1.06392 49.5702 6
      vertex 0.9323 49.593 0
      vertex 1.06392 49.5702 0
    endloop
  endfacet
  facet normal -0.0726207 -0.99736 0
    outer loop
      vertex 0.799082 49.6027 0
      vertex 0.9323 49.593 6
      vertex 0.799082 49.6027 6
    endloop
  endfacet
  facet normal -0.0726207 -0.99736 -0
    outer loop
      vertex 0.9323 49.593 6
      vertex 0.799082 49.6027 0
      vertex 0.9323 49.593 0
    endloop
  endfacet
  facet normal 0.0716849 0.997427 -0
    outer loop
      vertex 0.466701 45.3208 0
      vertex 0.408262 45.325 6
      vertex 0.466701 45.3208 6
    endloop
  endfacet
  facet normal 0.0716849 0.997427 0
    outer loop
      vertex 0.408262 45.325 6
      vertex 0.466701 45.3208 0
      vertex 0.408262 45.325 0
    endloop
  endfacet
  facet normal 0.170661 0.98533 -0
    outer loop
      vertex 0.408262 45.325 0
      vertex 0.350526 45.335 6
      vertex 0.408262 45.325 6
    endloop
  endfacet
  facet normal 0.170661 0.98533 0
    outer loop
      vertex 0.350526 45.335 6
      vertex 0.408262 45.325 0
      vertex 0.350526 45.335 0
    endloop
  endfacet
  facet normal -0.136241 -0.990676 0
    outer loop
      vertex 0.666741 49.6209 0
      vertex 0.799082 49.6027 6
      vertex 0.666741 49.6209 6
    endloop
  endfacet
  facet normal -0.136241 -0.990676 -0
    outer loop
      vertex 0.799082 49.6027 6
      vertex 0.666741 49.6209 0
      vertex 0.799082 49.6027 0
    endloop
  endfacet
  facet normal -0.0381815 -0.999271 0
    outer loop
      vertex 0.533266 49.626 0
      vertex 0.666741 49.6209 6
      vertex 0.533266 49.626 6
    endloop
  endfacet
  facet normal -0.0381815 -0.999271 -0
    outer loop
      vertex 0.666741 49.6209 6
      vertex 0.533266 49.626 0
      vertex 0.666741 49.6209 0
    endloop
  endfacet
  facet normal 0.037545 0.999295 -0
    outer loop
      vertex 0.350526 45.335 0
      vertex 0.291971 45.3372 6
      vertex 0.350526 45.335 6
    endloop
  endfacet
  facet normal 0.037545 0.999295 0
    outer loop
      vertex 0.291971 45.3372 6
      vertex 0.350526 45.335 0
      vertex 0.291971 45.3372 0
    endloop
  endfacet
  facet normal 0.13652 0.990637 -0
    outer loop
      vertex 0.291971 45.3372 0
      vertex 0.23392 45.3452 6
      vertex 0.291971 45.3372 6
    endloop
  endfacet
  facet normal 0.13652 0.990637 0
    outer loop
      vertex 0.23392 45.3452 6
      vertex 0.291971 45.3372 0
      vertex 0.23392 45.3452 0
    endloop
  endfacet
  facet normal -0.101063 -0.99488 0
    outer loop
      vertex 0.40037 49.6395 0
      vertex 0.533266 49.626 6
      vertex 0.40037 49.6395 6
    endloop
  endfacet
  facet normal -0.101063 -0.99488 -0
    outer loop
      vertex 0.533266 49.626 6
      vertex 0.40037 49.6395 0
      vertex 0.533266 49.626 0
    endloop
  endfacet
  facet normal -0.00374302 -0.999993 0
    outer loop
      vertex 0.266789 49.64 0
      vertex 0.40037 49.6395 6
      vertex 0.266789 49.64 6
    endloop
  endfacet
  facet normal -0.00374302 -0.999993 -0
    outer loop
      vertex 0.40037 49.6395 6
      vertex 0.266789 49.64 0
      vertex 0.40037 49.6395 0
    endloop
  endfacet
  facet normal 0.100698 0.994917 -0
    outer loop
      vertex 0.175325 45.3454 0
      vertex 0.117032 45.3513 6
      vertex 0.175325 45.3454 6
    endloop
  endfacet
  facet normal 0.100698 0.994917 0
    outer loop
      vertex 0.117032 45.3513 6
      vertex 0.175325 45.3454 0
      vertex 0.117032 45.3513 0
    endloop
  endfacet
  facet normal 0.00341324 0.999994 -0
    outer loop
      vertex 0.23392 45.3452 0
      vertex 0.175325 45.3454 6
      vertex 0.23392 45.3452 6
    endloop
  endfacet
  facet normal 0.00341324 0.999994 0
    outer loop
      vertex 0.175325 45.3454 6
      vertex 0.23392 45.3452 0
      vertex 0.175325 45.3454 0
    endloop
  endfacet
  facet normal -0.0658839 -0.997827 0
    outer loop
      vertex 0.133511 49.6488 0
      vertex 0.266789 49.64 6
      vertex 0.133511 49.6488 6
    endloop
  endfacet
  facet normal -0.0658839 -0.997827 -0
    outer loop
      vertex 0.266789 49.64 6
      vertex 0.133511 49.6488 0
      vertex 0.266789 49.64 0
    endloop
  endfacet
  facet normal 0.0314425 -0.999506 0
    outer loop
      vertex 0 49.6446 0
      vertex 0.133511 49.6488 6
      vertex 0 49.6446 6
    endloop
  endfacet
  facet normal 0.0314425 -0.999506 0
    outer loop
      vertex 0.133511 49.6488 6
      vertex 0 49.6446 0
      vertex 0.133511 49.6488 0
    endloop
  endfacet
  facet normal -0.0307195 0.999528 0
    outer loop
      vertex 0.117032 45.3513 0
      vertex 0.058465 45.3495 6
      vertex 0.117032 45.3513 6
    endloop
  endfacet
  facet normal -0.0307195 0.999528 0
    outer loop
      vertex 0.058465 45.3495 6
      vertex 0.117032 45.3513 0
      vertex 0.058465 45.3495 0
    endloop
  endfacet
  facet normal 0.0665587 0.997783 -0
    outer loop
      vertex 0.058465 45.3495 0
      vertex 0 45.3534 6
      vertex 0.058465 45.3495 6
    endloop
  endfacet
  facet normal 0.0665587 0.997783 0
    outer loop
      vertex 0 45.3534 6
      vertex 0.058465 45.3495 0
      vertex 0 45.3534 0
    endloop
  endfacet
  facet normal 0.0658839 -0.997827 0
    outer loop
      vertex -0.266789 49.64 0
      vertex -0.133511 49.6488 6
      vertex -0.266789 49.64 6
    endloop
  endfacet
  facet normal 0.0658839 -0.997827 0
    outer loop
      vertex -0.133511 49.6488 6
      vertex -0.266789 49.64 0
      vertex -0.133511 49.6488 0
    endloop
  endfacet
  facet normal -0.0314425 -0.999506 0
    outer loop
      vertex -0.133511 49.6488 0
      vertex 0 49.6446 6
      vertex -0.133511 49.6488 6
    endloop
  endfacet
  facet normal -0.0314425 -0.999506 -0
    outer loop
      vertex 0 49.6446 6
      vertex -0.133511 49.6488 0
      vertex 0 49.6446 0
    endloop
  endfacet
  facet normal 0.0307195 0.999528 -0
    outer loop
      vertex -0.058465 45.3495 0
      vertex -0.117032 45.3513 6
      vertex -0.058465 45.3495 6
    endloop
  endfacet
  facet normal 0.0307195 0.999528 0
    outer loop
      vertex -0.117032 45.3513 6
      vertex -0.058465 45.3495 0
      vertex -0.117032 45.3513 0
    endloop
  endfacet
  facet normal -0.0665587 0.997783 0
    outer loop
      vertex 0 45.3534 0
      vertex -0.058465 45.3495 6
      vertex 0 45.3534 6
    endloop
  endfacet
  facet normal -0.0665587 0.997783 0
    outer loop
      vertex -0.058465 45.3495 6
      vertex 0 45.3534 0
      vertex -0.058465 45.3495 0
    endloop
  endfacet
  facet normal 0.00374302 -0.999993 0
    outer loop
      vertex -0.40037 49.6395 0
      vertex -0.266789 49.64 6
      vertex -0.40037 49.6395 6
    endloop
  endfacet
  facet normal 0.00374302 -0.999993 0
    outer loop
      vertex -0.266789 49.64 6
      vertex -0.40037 49.6395 0
      vertex -0.266789 49.64 0
    endloop
  endfacet
  facet normal 0.101063 -0.99488 0
    outer loop
      vertex -0.533266 49.626 0
      vertex -0.40037 49.6395 6
      vertex -0.533266 49.626 6
    endloop
  endfacet
  facet normal 0.101063 -0.99488 0
    outer loop
      vertex -0.40037 49.6395 6
      vertex -0.533266 49.626 0
      vertex -0.40037 49.6395 0
    endloop
  endfacet
  facet normal -0.100698 0.994917 0
    outer loop
      vertex -0.117032 45.3513 0
      vertex -0.175325 45.3454 6
      vertex -0.117032 45.3513 6
    endloop
  endfacet
  facet normal -0.100698 0.994917 0
    outer loop
      vertex -0.175325 45.3454 6
      vertex -0.117032 45.3513 0
      vertex -0.175325 45.3454 0
    endloop
  endfacet
  facet normal -0.00341324 0.999994 0
    outer loop
      vertex -0.175325 45.3454 0
      vertex -0.23392 45.3452 6
      vertex -0.175325 45.3454 6
    endloop
  endfacet
  facet normal -0.00341324 0.999994 0
    outer loop
      vertex -0.23392 45.3452 6
      vertex -0.175325 45.3454 0
      vertex -0.23392 45.3452 0
    endloop
  endfacet
  facet normal 0.136241 -0.990676 0
    outer loop
      vertex -0.799082 49.6027 0
      vertex -0.666741 49.6209 6
      vertex -0.799082 49.6027 6
    endloop
  endfacet
  facet normal 0.136241 -0.990676 0
    outer loop
      vertex -0.666741 49.6209 6
      vertex -0.799082 49.6027 0
      vertex -0.666741 49.6209 0
    endloop
  endfacet
  facet normal -0.13652 0.990637 0
    outer loop
      vertex -0.23392 45.3452 0
      vertex -0.291971 45.3372 6
      vertex -0.23392 45.3452 6
    endloop
  endfacet
  facet normal -0.13652 0.990637 0
    outer loop
      vertex -0.291971 45.3372 6
      vertex -0.23392 45.3452 0
      vertex -0.291971 45.3372 0
    endloop
  endfacet
  facet normal -0.037545 0.999295 0
    outer loop
      vertex -0.291971 45.3372 0
      vertex -0.350526 45.335 6
      vertex -0.291971 45.3372 6
    endloop
  endfacet
  facet normal -0.037545 0.999295 0
    outer loop
      vertex -0.350526 45.335 6
      vertex -0.291971 45.3372 0
      vertex -0.350526 45.335 0
    endloop
  endfacet
  facet normal 0.0381815 -0.999271 0
    outer loop
      vertex -0.666741 49.6209 0
      vertex -0.533266 49.626 6
      vertex -0.666741 49.6209 6
    endloop
  endfacet
  facet normal 0.0381815 -0.999271 0
    outer loop
      vertex -0.533266 49.626 6
      vertex -0.666741 49.6209 0
      vertex -0.533266 49.626 0
    endloop
  endfacet
  facet normal 0.0726207 -0.99736 0
    outer loop
      vertex -0.9323 49.593 0
      vertex -0.799082 49.6027 6
      vertex -0.9323 49.593 6
    endloop
  endfacet
  facet normal 0.0726207 -0.99736 0
    outer loop
      vertex -0.799082 49.6027 6
      vertex -0.9323 49.593 0
      vertex -0.799082 49.6027 0
    endloop
  endfacet
  facet normal -0.0716849 0.997427 0
    outer loop
      vertex -0.408262 45.325 0
      vertex -0.466701 45.3208 6
      vertex -0.408262 45.325 6
    endloop
  endfacet
  facet normal -0.0716849 0.997427 0
    outer loop
      vertex -0.466701 45.3208 6
      vertex -0.408262 45.325 0
      vertex -0.466701 45.3208 0
    endloop
  endfacet
  facet normal 0.170684 -0.985326 0
    outer loop
      vertex -1.06392 49.5702 0
      vertex -0.9323 49.593 6
      vertex -1.06392 49.5702 6
    endloop
  endfacet
  facet normal 0.170684 -0.985326 0
    outer loop
      vertex -0.9323 49.593 6
      vertex -1.06392 49.5702 0
      vertex -0.9323 49.593 0
    endloop
  endfacet
  facet normal -0.170661 0.98533 0
    outer loop
      vertex -0.350526 45.335 0
      vertex -0.408262 45.325 6
      vertex -0.350526 45.335 6
    endloop
  endfacet
  facet normal -0.170661 0.98533 0
    outer loop
      vertex -0.408262 45.325 6
      vertex -0.350526 45.335 0
      vertex -0.408262 45.325 0
    endloop
  endfacet
  facet normal 0.204373 -0.978893 0
    outer loop
      vertex -1.32748 49.5285 0
      vertex -1.19672 49.5558 6
      vertex -1.32748 49.5285 6
    endloop
  endfacet
  facet normal 0.204373 -0.978893 0
    outer loop
      vertex -1.19672 49.5558 6
      vertex -1.32748 49.5285 0
      vertex -1.19672 49.5558 0
    endloop
  endfacet
  facet normal 0.107802 -0.994172 0
    outer loop
      vertex -1.19672 49.5558 0
      vertex -1.06392 49.5702 6
      vertex -1.19672 49.5558 6
    endloop
  endfacet
  facet normal 0.107802 -0.994172 0
    outer loop
      vertex -1.06392 49.5702 6
      vertex -1.19672 49.5558 0
      vertex -1.06392 49.5702 0
    endloop
  endfacet
  facet normal -0.204792 0.978805 0
    outer loop
      vertex -0.466701 45.3208 0
      vertex -0.524055 45.3088 6
      vertex -0.466701 45.3208 6
    endloop
  endfacet
  facet normal -0.204792 0.978805 0
    outer loop
      vertex -0.524055 45.3088 6
      vertex -0.466701 45.3208 0
      vertex -0.524055 45.3088 0
    endloop
  endfacet
  facet normal -0.109216 0.994018 0
    outer loop
      vertex -0.524055 45.3088 0
      vertex -0.582304 45.3024 6
      vertex -0.524055 45.3088 6
    endloop
  endfacet
  facet normal -0.109216 0.994018 0
    outer loop
      vertex -0.582304 45.3024 6
      vertex -0.524055 45.3088 0
      vertex -0.582304 45.3024 0
    endloop
  endfacet
  facet normal 0.142983 -0.989725 0
    outer loop
      vertex -1.45969 49.5094 0
      vertex -1.32748 49.5285 6
      vertex -1.45969 49.5094 6
    endloop
  endfacet
  facet normal 0.142983 -0.989725 0
    outer loop
      vertex -1.32748 49.5285 6
      vertex -1.45969 49.5094 0
      vertex -1.32748 49.5285 0
    endloop
  endfacet
  facet normal 0.238111 -0.971238 0
    outer loop
      vertex -1.5894 49.4776 0
      vertex -1.45969 49.5094 6
      vertex -1.5894 49.4776 6
    endloop
  endfacet
  facet normal 0.238111 -0.971238 0
    outer loop
      vertex -1.45969 49.5094 6
      vertex -1.5894 49.4776 0
      vertex -1.45969 49.5094 0
    endloop
  endfacet
  facet normal -0.237286 0.97144 0
    outer loop
      vertex -0.582304 45.3024 0
      vertex -0.63921 45.2885 6
      vertex -0.582304 45.3024 6
    endloop
  endfacet
  facet normal -0.237286 0.97144 0
    outer loop
      vertex -0.63921 45.2885 6
      vertex -0.582304 45.3024 0
      vertex -0.63921 45.2885 0
    endloop
  endfacet
  facet normal -0.143332 0.989675 0
    outer loop
      vertex -0.63921 45.2885 0
      vertex -0.69721 45.2801 6
      vertex -0.63921 45.2885 6
    endloop
  endfacet
  facet normal -0.143332 0.989675 0
    outer loop
      vertex -0.69721 45.2801 6
      vertex -0.63921 45.2885 0
      vertex -0.69721 45.2801 0
    endloop
  endfacet
  facet normal 0.17741 -0.984137 0
    outer loop
      vertex -1.72087 49.4539 0
      vertex -1.5894 49.4776 6
      vertex -1.72087 49.4539 6
    endloop
  endfacet
  facet normal 0.17741 -0.984137 0
    outer loop
      vertex -1.5894 49.4776 6
      vertex -1.72087 49.4539 0
      vertex -1.5894 49.4776 0
    endloop
  endfacet
  facet normal 0.272486 -0.96216 0
    outer loop
      vertex -1.8494 49.4175 0
      vertex -1.72087 49.4539 6
      vertex -1.8494 49.4175 6
    endloop
  endfacet
  facet normal 0.272486 -0.96216 0
    outer loop
      vertex -1.72087 49.4539 6
      vertex -1.8494 49.4175 0
      vertex -1.72087 49.4539 0
    endloop
  endfacet
  facet normal -0.273026 0.962007 0
    outer loop
      vertex -0.69721 45.2801 0
      vertex -0.753586 45.2641 6
      vertex -0.69721 45.2801 6
    endloop
  endfacet
  facet normal -0.273026 0.962007 0
    outer loop
      vertex -0.753586 45.2641 6
      vertex -0.69721 45.2801 0
      vertex -0.753586 45.2641 0
    endloop
  endfacet
  facet normal -0.175811 0.984424 0
    outer loop
      vertex -0.753586 45.2641 0
      vertex -0.811259 45.2538 6
      vertex -0.753586 45.2641 6
    endloop
  endfacet
  facet normal -0.175811 0.984424 0
    outer loop
      vertex -0.811259 45.2538 6
      vertex -0.753586 45.2641 0
      vertex -0.811259 45.2538 0
    endloop
  endfacet
  facet normal 0.211109 -0.977463 0
    outer loop
      vertex -1.97997 49.3893 0
      vertex -1.8494 49.4175 6
      vertex -1.97997 49.3893 6
    endloop
  endfacet
  facet normal 0.211109 -0.977463 0
    outer loop
      vertex -1.8494 49.4175 6
      vertex -1.97997 49.3893 0
      vertex -1.8494 49.4175 0
    endloop
  endfacet
  facet normal 0.305515 -0.952187 0
    outer loop
      vertex -2.10713 49.3485 0
      vertex -1.97997 49.3893 6
      vertex -2.10713 49.3485 6
    endloop
  endfacet
  facet normal 0.305515 -0.952187 0
    outer loop
      vertex -1.97997 49.3893 6
      vertex -2.10713 49.3485 0
      vertex -1.97997 49.3893 0
    endloop
  endfacet
  facet normal -0.211597 0.977357 0
    outer loop
      vertex -0.867043 45.2359 0
      vertex -0.924318 45.2235 6
      vertex -0.867043 45.2359 6
    endloop
  endfacet
  facet normal -0.211597 0.977357 0
    outer loop
      vertex -0.924318 45.2235 6
      vertex -0.867043 45.2359 0
      vertex -0.924318 45.2235 0
    endloop
  endfacet
  facet normal -0.305536 0.95218 0
    outer loop
      vertex -0.811259 45.2538 0
      vertex -0.867043 45.2359 6
      vertex -0.811259 45.2538 6
    endloop
  endfacet
  facet normal -0.305536 0.95218 0
    outer loop
      vertex -0.867043 45.2359 6
      vertex -0.811259 45.2538 0
      vertex -0.867043 45.2359 0
    endloop
  endfacet
  facet normal 0.338423 -0.940994 0
    outer loop
      vertex -2.36232 49.2705 0
      vertex -2.23664 49.3157 6
      vertex -2.36232 49.2705 6
    endloop
  endfacet
  facet normal 0.338423 -0.940994 0
    outer loop
      vertex -2.23664 49.3157 6
      vertex -2.36232 49.2705 0
      vertex -2.23664 49.3157 0
    endloop
  endfacet
  facet normal 0.245511 -0.969394 0
    outer loop
      vertex -2.23664 49.3157 0
      vertex -2.10713 49.3485 6
      vertex -2.23664 49.3157 6
    endloop
  endfacet
  facet normal 0.245511 -0.969394 0
    outer loop
      vertex -2.10713 49.3485 6
      vertex -2.23664 49.3157 0
      vertex -2.10713 49.3485 0
    endloop
  endfacet
  facet normal -0.244122 0.969745 0
    outer loop
      vertex -0.979445 45.2036 0
      vertex -1.03625 45.1893 6
      vertex -0.979445 45.2036 6
    endloop
  endfacet
  facet normal -0.244122 0.969745 0
    outer loop
      vertex -1.03625 45.1893 6
      vertex -0.979445 45.2036 0
      vertex -1.03625 45.1893 0
    endloop
  endfacet
  facet normal -0.339539 0.940592 0
    outer loop
      vertex -0.924318 45.2235 0
      vertex -0.979445 45.2036 6
      vertex -0.924318 45.2235 6
    endloop
  endfacet
  facet normal -0.339539 0.940592 0
    outer loop
      vertex -0.979445 45.2036 6
      vertex -0.924318 45.2235 0
      vertex -0.979445 45.2036 0
    endloop
  endfacet
  facet normal -0.371979 0.928241 0
    outer loop
      vertex -1.03625 45.1893 0
      vertex -1.09065 45.1675 6
      vertex -1.03625 45.1893 6
    endloop
  endfacet
  facet normal -0.371979 0.928241 0
    outer loop
      vertex -1.09065 45.1675 6
      vertex -1.03625 45.1893 0
      vertex -1.09065 45.1675 0
    endloop
  endfacet
  facet normal 0.371365 -0.928487 0
    outer loop
      vertex -2.61461 49.1836 0
      vertex -2.4906 49.2332 6
      vertex -2.61461 49.1836 6
    endloop
  endfacet
  facet normal 0.371365 -0.928487 0
    outer loop
      vertex -2.4906 49.2332 6
      vertex -2.61461 49.1836 0
      vertex -2.4906 49.2332 0
    endloop
  endfacet
  facet normal 0.279207 -0.960231 0
    outer loop
      vertex -2.4906 49.2332 0
      vertex -2.36232 49.2705 6
      vertex -2.4906 49.2332 6
    endloop
  endfacet
  facet normal 0.279207 -0.960231 0
    outer loop
      vertex -2.36232 49.2705 6
      vertex -2.4906 49.2332 0
      vertex -2.36232 49.2705 0
    endloop
  endfacet
  facet normal -0.278236 0.960513 0
    outer loop
      vertex -1.09065 45.1675 0
      vertex -1.14692 45.1512 6
      vertex -1.09065 45.1675 6
    endloop
  endfacet
  facet normal -0.278236 0.960513 0
    outer loop
      vertex -1.14692 45.1512 6
      vertex -1.09065 45.1675 0
      vertex -1.14692 45.1512 0
    endloop
  endfacet
  facet normal -0.312283 0.949989 0
    outer loop
      vertex -1.20053 45.1275 0
      vertex -1.2562 45.1092 6
      vertex -1.20053 45.1275 6
    endloop
  endfacet
  facet normal -0.312283 0.949989 0
    outer loop
      vertex -1.2562 45.1092 6
      vertex -1.20053 45.1275 0
      vertex -1.2562 45.1092 0
    endloop
  endfacet
  facet normal 0.403539 -0.914963 0
    outer loop
      vertex -2.86372 49.088 0
      vertex -2.74151 49.1419 6
      vertex -2.86372 49.088 6
    endloop
  endfacet
  facet normal 0.403539 -0.914963 0
    outer loop
      vertex -2.74151 49.1419 6
      vertex -2.86372 49.088 0
      vertex -2.74151 49.1419 0
    endloop
  endfacet
  facet normal -0.404333 0.914612 0
    outer loop
      vertex -1.14692 45.1512 0
      vertex -1.20053 45.1275 6
      vertex -1.14692 45.1512 6
    endloop
  endfacet
  facet normal -0.404333 0.914612 0
    outer loop
      vertex -1.20053 45.1275 6
      vertex -1.14692 45.1512 0
      vertex -1.20053 45.1275 0
    endloop
  endfacet
  facet normal 0.312182 -0.950022 0
    outer loop
      vertex -2.74151 49.1419 0
      vertex -2.61461 49.1836 6
      vertex -2.74151 49.1419 6
    endloop
  endfacet
  facet normal 0.312182 -0.950022 0
    outer loop
      vertex -2.61461 49.1836 6
      vertex -2.74151 49.1419 0
      vertex -2.61461 49.1836 0
    endloop
  endfacet
  facet normal 0.345119 -0.938559 0
    outer loop
      vertex -2.98909 49.0419 0
      vertex -2.86372 49.088 6
      vertex -2.98909 49.0419 6
    endloop
  endfacet
  facet normal 0.345119 -0.938559 0
    outer loop
      vertex -2.86372 49.088 6
      vertex -2.98909 49.0419 0
      vertex -2.86372 49.088 0
    endloop
  endfacet
  facet normal 0.435649 -0.900117 0
    outer loop
      vertex -3.10934 48.9837 0
      vertex -2.98909 49.0419 6
      vertex -3.10934 48.9837 6
    endloop
  endfacet
  facet normal 0.435649 -0.900117 0
    outer loop
      vertex -2.98909 49.0419 6
      vertex -3.10934 48.9837 0
      vertex -2.98909 49.0419 0
    endloop
  endfacet
  facet normal -0.435226 0.900321 0
    outer loop
      vertex -1.2562 45.1092 0
      vertex -1.30895 45.0837 6
      vertex -1.2562 45.1092 6
    endloop
  endfacet
  facet normal -0.435226 0.900321 0
    outer loop
      vertex -1.30895 45.0837 6
      vertex -1.2562 45.1092 0
      vertex -1.30895 45.0837 0
    endloop
  endfacet
  facet normal -0.344756 0.938692 0
    outer loop
      vertex -1.30895 45.0837 0
      vertex -1.36395 45.0635 6
      vertex -1.30895 45.0837 6
    endloop
  endfacet
  facet normal -0.344756 0.938692 0
    outer loop
      vertex -1.36395 45.0635 6
      vertex -1.30895 45.0837 0
      vertex -1.36395 45.0635 0
    endloop
  endfacet
  facet normal 0.377347 -0.926072 0
    outer loop
      vertex -3.23303 48.9333 0
      vertex -3.10934 48.9837 6
      vertex -3.23303 48.9333 6
    endloop
  endfacet
  facet normal 0.377347 -0.926072 0
    outer loop
      vertex -3.10934 48.9837 6
      vertex -3.23303 48.9333 0
      vertex -3.10934 48.9837 0
    endloop
  endfacet
  facet normal 0.467011 -0.884252 0
    outer loop
      vertex -3.35118 48.8709 0
      vertex -3.23303 48.9333 6
      vertex -3.35118 48.8709 6
    endloop
  endfacet
  facet normal 0.467011 -0.884252 0
    outer loop
      vertex -3.23303 48.9333 6
      vertex -3.35118 48.8709 0
      vertex -3.23303 48.9333 0
    endloop
  endfacet
  facet normal -0.467433 0.884028 0
    outer loop
      vertex -1.36395 45.0635 0
      vertex -1.41577 45.0361 6
      vertex -1.36395 45.0635 6
    endloop
  endfacet
  facet normal -0.467433 0.884028 0
    outer loop
      vertex -1.41577 45.0361 6
      vertex -1.36395 45.0635 0
      vertex -1.41577 45.0361 0
    endloop
  endfacet
  facet normal -0.37727 0.926103 0
    outer loop
      vertex -1.41577 45.0361 0
      vertex -1.47002 45.014 6
      vertex -1.41577 45.0361 6
    endloop
  endfacet
  facet normal -0.37727 0.926103 0
    outer loop
      vertex -1.47002 45.014 6
      vertex -1.41577 45.0361 0
      vertex -1.47002 45.014 0
    endloop
  endfacet
  facet normal 0.497106 -0.86769 0
    outer loop
      vertex -3.58893 48.7498 0
      vertex -3.47303 48.8162 6
      vertex -3.58893 48.7498 6
    endloop
  endfacet
  facet normal 0.497106 -0.86769 0
    outer loop
      vertex -3.47303 48.8162 6
      vertex -3.58893 48.7498 0
      vertex -3.47303 48.8162 0
    endloop
  endfacet
  facet normal 0.40954 -0.912292 0
    outer loop
      vertex -3.47303 48.8162 0
      vertex -3.35118 48.8709 6
      vertex -3.47303 48.8162 6
    endloop
  endfacet
  facet normal 0.40954 -0.912292 0
    outer loop
      vertex -3.35118 48.8709 6
      vertex -3.47303 48.8162 0
      vertex -3.35118 48.8709 0
    endloop
  endfacet
  facet normal -0.409619 0.912257 0
    outer loop
      vertex -1.52087 44.9849 0
      vertex -1.57432 44.9609 6
      vertex -1.52087 44.9849 6
    endloop
  endfacet
  facet normal -0.409619 0.912257 0
    outer loop
      vertex -1.57432 44.9609 6
      vertex -1.52087 44.9849 0
      vertex -1.57432 44.9609 0
    endloop
  endfacet
  facet normal -0.49669 0.867928 0
    outer loop
      vertex -1.47002 45.014 0
      vertex -1.52087 44.9849 6
      vertex -1.47002 45.014 6
    endloop
  endfacet
  facet normal -0.49669 0.867928 0
    outer loop
      vertex -1.52087 44.9849 6
      vertex -1.47002 45.014 0
      vertex -1.52087 44.9849 0
    endloop
  endfacet
  facet normal 0.527068 -0.849823 0
    outer loop
      vertex -3.8223 48.6204 0
      vertex -3.70879 48.6908 6
      vertex -3.8223 48.6204 6
    endloop
  endfacet
  facet normal 0.527068 -0.849823 0
    outer loop
      vertex -3.70879 48.6908 6
      vertex -3.8223 48.6204 0
      vertex -3.70879 48.6908 0
    endloop
  endfacet
  facet normal -0.441883 0.897073 0
    outer loop
      vertex -1.62411 44.93 0
      vertex -1.67669 44.9041 6
      vertex -1.62411 44.93 6
    endloop
  endfacet
  facet normal -0.441883 0.897073 0
    outer loop
      vertex -1.67669 44.9041 6
      vertex -1.62411 44.93 0
      vertex -1.67669 44.9041 0
    endloop
  endfacet
  facet normal 0.441636 -0.897194 0
    outer loop
      vertex -3.70879 48.6908 0
      vertex -3.58893 48.7498 6
      vertex -3.70879 48.6908 6
    endloop
  endfacet
  facet normal 0.441636 -0.897194 0
    outer loop
      vertex -3.58893 48.7498 6
      vertex -3.70879 48.6908 0
      vertex -3.58893 48.7498 0
    endloop
  endfacet
  facet normal -0.527312 0.849672 0
    outer loop
      vertex -1.57432 44.9609 0
      vertex -1.62411 44.93 6
      vertex -1.57432 44.9609 6
    endloop
  endfacet
  facet normal -0.527312 0.849672 0
    outer loop
      vertex -1.62411 44.93 6
      vertex -1.57432 44.9609 0
      vertex -1.62411 44.93 0
    endloop
  endfacet
  facet normal 0.556323 -0.830966 0
    outer loop
      vertex -4.05102 48.483 0
      vertex -3.94004 48.5573 6
      vertex -4.05102 48.483 6
    endloop
  endfacet
  facet normal 0.556323 -0.830966 0
    outer loop
      vertex -3.94004 48.5573 6
      vertex -4.05102 48.483 0
      vertex -3.94004 48.5573 0
    endloop
  endfacet
  facet normal 0.472367 -0.881402 0
    outer loop
      vertex -3.94004 48.5573 0
      vertex -3.8223 48.6204 6
      vertex -3.94004 48.5573 6
    endloop
  endfacet
  facet normal 0.472367 -0.881402 0
    outer loop
      vertex -3.8223 48.6204 6
      vertex -3.94004 48.5573 0
      vertex -3.8223 48.6204 0
    endloop
  endfacet
  facet normal -0.472695 0.881226 0
    outer loop
      vertex -1.72538 44.8715 0
      vertex -1.77702 44.8438 6
      vertex -1.72538 44.8715 6
    endloop
  endfacet
  facet normal -0.472695 0.881226 0
    outer loop
      vertex -1.77702 44.8438 6
      vertex -1.72538 44.8715 0
      vertex -1.77702 44.8438 0
    endloop
  endfacet
  facet normal -0.556353 0.830946 0
    outer loop
      vertex -1.67669 44.9041 0
      vertex -1.72538 44.8715 6
      vertex -1.67669 44.9041 6
    endloop
  endfacet
  facet normal -0.556353 0.830946 0
    outer loop
      vertex -1.72538 44.8715 6
      vertex -1.67669 44.9041 0
      vertex -1.72538 44.8715 0
    endloop
  endfacet
  facet normal 0.502991 -0.864292 0
    outer loop
      vertex -4.16649 48.4158 0
      vertex -4.05102 48.483 6
      vertex -4.16649 48.4158 6
    endloop
  endfacet
  facet normal 0.502991 -0.864292 0
    outer loop
      vertex -4.05102 48.483 6
      vertex -4.16649 48.4158 0
      vertex -4.05102 48.483 0
    endloop
  endfacet
  facet normal 0.584845 -0.811145 0
    outer loop
      vertex -4.27481 48.3377 0
      vertex -4.16649 48.4158 6
      vertex -4.27481 48.3377 6
    endloop
  endfacet
  facet normal 0.584845 -0.811145 0
    outer loop
      vertex -4.16649 48.4158 6
      vertex -4.27481 48.3377 0
      vertex -4.16649 48.4158 0
    endloop
  endfacet
  facet normal -0.585266 0.810841 0
    outer loop
      vertex -1.77702 44.8438 0
      vertex -1.82454 44.8095 6
      vertex -1.77702 44.8438 6
    endloop
  endfacet
  facet normal -0.585266 0.810841 0
    outer loop
      vertex -1.82454 44.8095 6
      vertex -1.77702 44.8438 0
      vertex -1.82454 44.8095 0
    endloop
  endfacet
  facet normal -0.502012 0.864861 0
    outer loop
      vertex -1.82454 44.8095 0
      vertex -1.87519 44.7801 6
      vertex -1.82454 44.8095 6
    endloop
  endfacet
  facet normal -0.502012 0.864861 0
    outer loop
      vertex -1.87519 44.7801 6
      vertex -1.82454 44.8095 0
      vertex -1.87519 44.7801 0
    endloop
  endfacet
  facet normal 0.816058 -0.57797 0
    outer loop
      vertex -4.96796 47.6605 6
      vertex -4.846 47.8327 0
      vertex -4.846 47.8327 6
    endloop
  endfacet
  facet normal 0.816058 -0.57797 0
    outer loop
      vertex -4.846 47.8327 0
      vertex -4.96796 47.6605 6
      vertex -4.96796 47.6605 0
    endloop
  endfacet
  facet normal 0.495291 0.868727 -0
    outer loop
      vertex -4.12657 44.5875 0
      vertex -4.30986 44.692 6
      vertex -4.12657 44.5875 6
    endloop
  endfacet
  facet normal 0.495291 0.868727 0
    outer loop
      vertex -4.30986 44.692 6
      vertex -4.12657 44.5875 0
      vertex -4.30986 44.692 0
    endloop
  endfacet
  facet normal 0.846365 0.532603 0
    outer loop
      vertex -4.91585 45.2721 6
      vertex -5.02824 45.4507 0
      vertex -5.02824 45.4507 6
    endloop
  endfacet
  facet normal 0.846365 0.532603 0
    outer loop
      vertex -5.02824 45.4507 0
      vertex -4.91585 45.2721 6
      vertex -4.91585 45.2721 0
    endloop
  endfacet
  facet normal 0.985746 0.16824 0
    outer loop
      vertex -5.25371 46.04 6
      vertex -5.28921 46.248 0
      vertex -5.28921 46.248 6
    endloop
  endfacet
  facet normal 0.985746 0.16824 0
    outer loop
      vertex -5.28921 46.248 0
      vertex -5.25371 46.04 6
      vertex -5.25371 46.04 0
    endloop
  endfacet
  facet normal 0.948688 -0.316214 0
    outer loop
      vertex -5.22522 47.0844 6
      vertex -5.15849 47.2846 0
      vertex -5.15849 47.2846 6
    endloop
  endfacet
  facet normal 0.948688 -0.316214 0
    outer loop
      vertex -5.15849 47.2846 0
      vertex -5.22522 47.0844 6
      vertex -5.22522 47.0844 0
    endloop
  endfacet
  facet normal -0.532723 0.84629 0
    outer loop
      vertex -1.92148 44.7442 0
      vertex -2.10004 44.6318 6
      vertex -1.92148 44.7442 6
    endloop
  endfacet
  facet normal -0.532723 0.84629 0
    outer loop
      vertex -2.10004 44.6318 6
      vertex -1.92148 44.7442 0
      vertex -2.10004 44.6318 0
    endloop
  endfacet
  facet normal -0.0710921 0.99747 0
    outer loop
      vertex -2.89731 44.3708 0
      vertex -3.10777 44.3558 6
      vertex -2.89731 44.3708 6
    endloop
  endfacet
  facet normal -0.0710921 0.99747 0
    outer loop
      vertex -3.10777 44.3558 6
      vertex -2.89731 44.3708 0
      vertex -3.10777 44.3558 0
    endloop
  endfacet
  facet normal 0.532922 -0.846164 0
    outer loop
      vertex -4.38786 48.2665 0
      vertex -4.27481 48.3377 6
      vertex -4.38786 48.2665 6
    endloop
  endfacet
  facet normal 0.532922 -0.846164 0
    outer loop
      vertex -4.27481 48.3377 6
      vertex -4.38786 48.2665 0
      vertex -4.27481 48.3377 0
    endloop
  endfacet
  facet normal 0.933991 0.357296 0
    outer loop
      vertex -5.12259 45.6394 6
      vertex -5.19799 45.8365 0
      vertex -5.19799 45.8365 6
    endloop
  endfacet
  facet normal 0.933991 0.357296 0
    outer loop
      vertex -5.19799 45.8365 0
      vertex -5.12259 45.6394 6
      vertex -5.12259 45.6394 0
    endloop
  endfacet
  facet normal 0.964499 0.264088 0
    outer loop
      vertex -5.19799 45.8365 6
      vertex -5.25371 46.04 0
      vertex -5.25371 46.04 6
    endloop
  endfacet
  facet normal 0.964499 0.264088 0
    outer loop
      vertex -5.25371 46.04 0
      vertex -5.19799 45.8365 6
      vertex -5.19799 45.8365 0
    endloop
  endfacet
  facet normal 0.894427 0.447214 0
    outer loop
      vertex -5.02824 45.4507 6
      vertex -5.12259 45.6394 0
      vertex -5.12259 45.6394 6
    endloop
  endfacet
  facet normal 0.894427 0.447214 0
    outer loop
      vertex -5.12259 45.6394 0
      vertex -5.02824 45.4507 6
      vertex -5.02824 45.4507 0
    endloop
  endfacet
  facet normal 0.992152 -0.125038 0
    outer loop
      vertex -5.2984 46.6693 6
      vertex -5.27201 46.8787 0
      vertex -5.27201 46.8787 6
    endloop
  endfacet
  facet normal 0.992152 -0.125038 0
    outer loop
      vertex -5.27201 46.8787 0
      vertex -5.2984 46.6693 6
      vertex -5.2984 46.6693 0
    endloop
  endfacet
  facet normal 0.997485 0.0708764 0
    outer loop
      vertex -5.28921 46.248 6
      vertex -5.30416 46.4584 0
      vertex -5.30416 46.4584 6
    endloop
  endfacet
  facet normal 0.997485 0.0708764 0
    outer loop
      vertex -5.30416 46.4584 0
      vertex -5.28921 46.248 6
      vertex -5.28921 46.248 0
    endloop
  endfacet
  facet normal 0.999627 -0.0273013 0
    outer loop
      vertex -5.30416 46.4584 6
      vertex -5.2984 46.6693 0
      vertex -5.2984 46.6693 6
    endloop
  endfacet
  facet normal 0.999627 -0.0273013 0
    outer loop
      vertex -5.2984 46.6693 0
      vertex -5.30416 46.4584 6
      vertex -5.30416 46.4584 0
    endloop
  endfacet
  facet normal 0.612913 -0.79015 0
    outer loop
      vertex -4.55455 48.1372 0
      vertex -4.38786 48.2665 6
      vertex -4.55455 48.1372 6
    endloop
  endfacet
  facet normal 0.612913 -0.79015 0
    outer loop
      vertex -4.38786 48.2665 6
      vertex -4.55455 48.1372 0
      vertex -4.38786 48.2665 0
    endloop
  endfacet
  facet normal 0.687653 -0.72604 0
    outer loop
      vertex -4.70775 47.9921 0
      vertex -4.55455 48.1372 6
      vertex -4.70775 47.9921 6
    endloop
  endfacet
  facet normal 0.687653 -0.72604 0
    outer loop
      vertex -4.55455 48.1372 6
      vertex -4.70775 47.9921 0
      vertex -4.55455 48.1372 0
    endloop
  endfacet
  facet normal 0.868739 -0.495271 0
    outer loop
      vertex -5.07246 47.4772 6
      vertex -4.96796 47.6605 0
      vertex -4.96796 47.6605 6
    endloop
  endfacet
  facet normal 0.868739 -0.495271 0
    outer loop
      vertex -4.96796 47.6605 0
      vertex -5.07246 47.4772 6
      vertex -5.07246 47.4772 0
    endloop
  endfacet
  facet normal 0.913053 -0.40784 0
    outer loop
      vertex -5.15849 47.2846 6
      vertex -5.07246 47.4772 0
      vertex -5.07246 47.4772 6
    endloop
  endfacet
  facet normal 0.913053 -0.40784 0
    outer loop
      vertex -5.07246 47.4772 0
      vertex -5.15849 47.2846 6
      vertex -5.15849 47.2846 0
    endloop
  endfacet
  facet normal 0.975092 -0.221801 0
    outer loop
      vertex -5.27201 46.8787 6
      vertex -5.22522 47.0844 0
      vertex -5.22522 47.0844 6
    endloop
  endfacet
  facet normal 0.975092 -0.221801 0
    outer loop
      vertex -5.22522 47.0844 0
      vertex -5.27201 46.8787 6
      vertex -5.27201 46.8787 0
    endloop
  endfacet
  facet normal -0.612841 0.790206 0
    outer loop
      vertex -1.87519 44.7801 0
      vertex -1.92148 44.7442 6
      vertex -1.87519 44.7801 6
    endloop
  endfacet
  facet normal -0.612841 0.790206 0
    outer loop
      vertex -1.92148 44.7442 6
      vertex -1.87519 44.7801 0
      vertex -1.92148 44.7442 0
    endloop
  endfacet
  facet normal -0.357359 0.933967 0
    outer loop
      vertex -2.28876 44.5374 0
      vertex -2.48582 44.462 6
      vertex -2.28876 44.5374 6
    endloop
  endfacet
  facet normal -0.357359 0.933967 0
    outer loop
      vertex -2.48582 44.462 6
      vertex -2.28876 44.5374 0
      vertex -2.48582 44.462 0
    endloop
  endfacet
  facet normal -0.264 0.964523 0
    outer loop
      vertex -2.48582 44.462 0
      vertex -2.68932 44.4063 6
      vertex -2.48582 44.462 6
    endloop
  endfacet
  facet normal -0.264 0.964523 0
    outer loop
      vertex -2.68932 44.4063 6
      vertex -2.48582 44.462 0
      vertex -2.68932 44.4063 0
    endloop
  endfacet
  facet normal -0.447365 0.894351 0
    outer loop
      vertex -2.10004 44.6318 0
      vertex -2.28876 44.5374 6
      vertex -2.10004 44.6318 6
    endloop
  endfacet
  facet normal -0.447365 0.894351 0
    outer loop
      vertex -2.28876 44.5374 6
      vertex -2.10004 44.6318 0
      vertex -2.28876 44.5374 0
    endloop
  endfacet
  facet normal -0.168248 0.985745 0
    outer loop
      vertex -2.68932 44.4063 0
      vertex -2.89731 44.3708 6
      vertex -2.68932 44.4063 6
    endloop
  endfacet
  facet normal -0.168248 0.985745 0
    outer loop
      vertex -2.89731 44.3708 6
      vertex -2.68932 44.4063 0
      vertex -2.89731 44.3708 0
    endloop
  endfacet
  facet normal 0.125125 0.992141 -0
    outer loop
      vertex -3.31868 44.3616 0
      vertex -3.52801 44.388 6
      vertex -3.31868 44.3616 6
    endloop
  endfacet
  facet normal 0.125125 0.992141 0
    outer loop
      vertex -3.52801 44.388 6
      vertex -3.31868 44.3616 0
      vertex -3.52801 44.388 0
    endloop
  endfacet
  facet normal 0.655392 0.755289 -0
    outer loop
      vertex -4.48204 44.814 0
      vertex -4.64142 44.9523 6
      vertex -4.48204 44.814 6
    endloop
  endfacet
  facet normal 0.655392 0.755289 0
    outer loop
      vertex -4.64142 44.9523 6
      vertex -4.48204 44.814 0
      vertex -4.64142 44.9523 0
    endloop
  endfacet
  facet normal 0.789852 0.613297 0
    outer loop
      vertex -4.78649 45.1055 6
      vertex -4.91585 45.2721 0
      vertex -4.91585 45.2721 6
    endloop
  endfacet
  facet normal 0.789852 0.613297 0
    outer loop
      vertex -4.91585 45.2721 0
      vertex -4.78649 45.1055 6
      vertex -4.78649 45.1055 0
    endloop
  endfacet
  facet normal 0.316142 0.948712 -0
    outer loop
      vertex -3.73375 44.4348 0
      vertex -3.93391 44.5015 6
      vertex -3.73375 44.4348 6
    endloop
  endfacet
  facet normal 0.316142 0.948712 0
    outer loop
      vertex -3.93391 44.5015 6
      vertex -3.73375 44.4348 0
      vertex -3.93391 44.5015 0
    endloop
  endfacet
  facet normal 0.755447 -0.65521 0
    outer loop
      vertex -4.846 47.8327 6
      vertex -4.70775 47.9921 0
      vertex -4.70775 47.9921 6
    endloop
  endfacet
  facet normal 0.755447 -0.65521 0
    outer loop
      vertex -4.70775 47.9921 0
      vertex -4.846 47.8327 6
      vertex -4.846 47.8327 0
    endloop
  endfacet
  facet normal 0.0274895 0.999622 -0
    outer loop
      vertex -3.10777 44.3558 0
      vertex -3.31868 44.3616 6
      vertex -3.10777 44.3558 6
    endloop
  endfacet
  facet normal 0.0274895 0.999622 0
    outer loop
      vertex -3.31868 44.3616 6
      vertex -3.10777 44.3558 0
      vertex -3.31868 44.3616 0
    endloop
  endfacet
  facet normal 0.726111 0.687578 0
    outer loop
      vertex -4.64142 44.9523 6
      vertex -4.78649 45.1055 0
      vertex -4.78649 45.1055 6
    endloop
  endfacet
  facet normal 0.726111 0.687578 0
    outer loop
      vertex -4.78649 45.1055 0
      vertex -4.64142 44.9523 6
      vertex -4.64142 44.9523 0
    endloop
  endfacet
  facet normal 0.578141 0.815937 -0
    outer loop
      vertex -4.30986 44.692 0
      vertex -4.48204 44.814 6
      vertex -4.30986 44.692 6
    endloop
  endfacet
  facet normal 0.578141 0.815937 0
    outer loop
      vertex -4.48204 44.814 6
      vertex -4.30986 44.692 0
      vertex -4.48204 44.814 0
    endloop
  endfacet
  facet normal 0.407616 0.913154 -0
    outer loop
      vertex -3.93391 44.5015 0
      vertex -4.12657 44.5875 6
      vertex -3.93391 44.5015 6
    endloop
  endfacet
  facet normal 0.407616 0.913154 0
    outer loop
      vertex -4.12657 44.5875 6
      vertex -3.93391 44.5015 0
      vertex -4.12657 44.5875 0
    endloop
  endfacet
  facet normal 0.221805 0.975091 -0
    outer loop
      vertex -3.52801 44.388 0
      vertex -3.73375 44.4348 6
      vertex -3.52801 44.388 6
    endloop
  endfacet
  facet normal 0.221805 0.975091 0
    outer loop
      vertex -3.73375 44.4348 6
      vertex -3.52801 44.388 0
      vertex -3.73375 44.4348 0
    endloop
  endfacet
  facet normal 1 -0 0
    outer loop
      vertex -0.7 7.4 0.889999
      vertex -0.7 10.6 0
      vertex -0.7 10.6 0.889999
    endloop
  endfacet
  facet normal 1 0 0
    outer loop
      vertex -0.7 10.6 0
      vertex -0.7 7.4 0.889999
      vertex -0.7 7.4 0
    endloop
  endfacet
  facet normal 0 0 -1
    outer loop
      vertex -0.7 7.4 0.889999
      vertex 0.7 10.6 0.889999
      vertex 0.7 7.4 0.889999
    endloop
  endfacet
  facet normal -0 0 -1
    outer loop
      vertex 0.7 10.6 0.889999
      vertex -0.7 7.4 0.889999
      vertex -0.7 10.6 0.889999
    endloop
  endfacet
  facet normal -1 0 0
    outer loop
      vertex 0.7 7.4 0
      vertex 0.7 10.6 0.889999
      vertex 0.7 10.6 0
    endloop
  endfacet
  facet normal -1 -0 0
    outer loop
      vertex 0.7 10.6 0.889999
      vertex 0.7 7.4 0
      vertex 0.7 7.4 0.889999
    endloop
  endfacet
  facet normal 0 -1 0
    outer loop
      vertex -0.7 10.6 0
      vertex 0.7 10.6 0.889999
      vertex -0.7 10.6 0.889999
    endloop
  endfacet
  facet normal 0 -1 -0
    outer loop
      vertex 0.7 10.6 0.889999
      vertex -0.7 10.6 0
      vertex 0.7 10.6 0
    endloop
  endfacet
  facet normal 0 1 -0
    outer loop
      vertex 0.7 7.4 0
      vertex -0.7 7.4 0.889999
      vertex 0.7 7.4 0.889999
    endloop
  endfacet
  facet normal 0 1 0
    outer loop
      vertex -0.7 7.4 0.889999
      vertex 0.7 7.4 0
      vertex -0.7 7.4 0
    endloop
  endfacet
  facet normal -0.965926 -0.258817 0
    outer loop
      vertex -1.23911 7.32902 0
      vertex -2.06733 10.42 0.889999
      vertex -2.06733 10.42 0
    endloop
  endfacet
  facet normal -0.965926 -0.258817 0
    outer loop
      vertex -2.06733 10.42 0.889999
      vertex -1.23911 7.32902 0
      vertex -1.23911 7.32902 0.889999
    endloop
  endfacet
  facet normal 0 0 -1
    outer loop
      vertex -2.59141 6.96668 0.889999
      vertex -2.06733 10.42 0.889999
      vertex -1.23911 7.32902 0.889999
    endloop
  endfacet
  facet normal 0 0 -1
    outer loop
      vertex -2.06733 10.42 0.889999
      vertex -2.59141 6.96668 0.889999
      vertex -3.41963 10.0576 0.889999
    endloop
  endfacet
  facet normal 0.258854 -0.965916 0
    outer loop
      vertex -3.41963 10.0576 0
      vertex -2.06733 10.42 0.889999
      vertex -3.41963 10.0576 0.889999
    endloop
  endfacet
  facet normal 0.258854 -0.965916 0
    outer loop
      vertex -2.06733 10.42 0.889999
      vertex -3.41963 10.0576 0
      vertex -2.06733 10.42 0
    endloop
  endfacet
  facet normal 0.965925 0.258822 0
    outer loop
      vertex -2.59141 6.96668 0.889999
      vertex -3.41963 10.0576 0
      vertex -3.41963 10.0576 0.889999
    endloop
  endfacet
  facet normal 0.965925 0.258822 0
    outer loop
      vertex -3.41963 10.0576 0
      vertex -2.59141 6.96668 0.889999
      vertex -2.59141 6.96668 0
    endloop
  endfacet
  facet normal -0.258814 0.965927 0
    outer loop
      vertex -1.23911 7.32902 0
      vertex -2.59141 6.96668 0.889999
      vertex -1.23911 7.32902 0.889999
    endloop
  endfacet
  facet normal -0.258814 0.965927 0
    outer loop
      vertex -2.59141 6.96668 0.889999
      vertex -1.23911 7.32902 0
      vertex -2.59141 6.96668 0
    endloop
  endfacet
  facet normal -0.866025 -0.5 0
    outer loop
      vertex -3.09378 6.75859 0
      vertex -4.69378 9.52987 0.889999
      vertex -4.69378 9.52987 0
    endloop
  endfacet
  facet normal -0.866025 -0.5 0
    outer loop
      vertex -4.69378 9.52987 0.889999
      vertex -3.09378 6.75859 0
      vertex -3.09378 6.75859 0.889999
    endloop
  endfacet
  facet normal 0 0 -1
    outer loop
      vertex -4.30622 6.05859 0.889999
      vertex -4.69378 9.52987 0.889999
      vertex -3.09378 6.75859 0.889999
    endloop
  endfacet
  facet normal 0 -0 -1
    outer loop
      vertex -4.69378 9.52987 0.889999
      vertex -4.30622 6.05859 0.889999
      vertex -5.90622 8.82987 0.889999
    endloop
  endfacet
  facet normal 0.866025 0.5 0
    outer loop
      vertex -4.30622 6.05859 0.889999
      vertex -5.90622 8.82987 0
      vertex -5.90622 8.82987 0.889999
    endloop
  endfacet
  facet normal 0.866025 0.5 0
    outer loop
      vertex -5.90622 8.82987 0
      vertex -4.30622 6.05859 0.889999
      vertex -4.30622 6.05859 0
    endloop
  endfacet
  facet normal -0.499999 0.866026 0
    outer loop
      vertex -3.09378 6.75859 0
      vertex -4.30622 6.05859 0.889999
      vertex -3.09378 6.75859 0.889999
    endloop
  endfacet
  facet normal -0.499999 0.866026 0
    outer loop
      vertex -4.30622 6.05859 0.889999
      vertex -3.09378 6.75859 0
      vertex -4.30622 6.05859 0
    endloop
  endfacet
  facet normal 0.499999 -0.866026 0
    outer loop
      vertex -5.90622 8.82987 0
      vertex -4.69378 9.52987 0.889999
      vertex -5.90622 8.82987 0.889999
    endloop
  endfacet
  facet normal 0.499999 -0.866026 0
    outer loop
      vertex -4.69378 9.52987 0.889999
      vertex -5.90622 8.82987 0
      vertex -4.69378 9.52987 0
    endloop
  endfacet
  facet normal -0.707107 -0.707107 0
    outer loop
      vertex -7.00036 7.99031 0
      vertex -4.73761 5.72756 0.889999
      vertex -7.00036 7.99031 0.889999
    endloop
  endfacet
  facet normal -0.707107 -0.707107 -0
    outer loop
      vertex -4.73761 5.72756 0.889999
      vertex -7.00036 7.99031 0
      vertex -4.73761 5.72756 0
    endloop
  endfacet
  facet normal 0 0 -1
    outer loop
      vertex -5.72756 4.73761 0.889999
      vertex -7.00036 7.99031 0.889999
      vertex -4.73761 5.72756 0.889999
    endloop
  endfacet
  facet normal 0 -0 -1
    outer loop
      vertex -7.00036 7.99031 0.889999
      vertex -5.72756 4.73761 0.889999
      vertex -7.99031 7.00036 0.889999
    endloop
  endfacet
  facet normal 0.707107 -0.707107 0
    outer loop
      vertex -7.99031 7.00036 0.889999
      vertex -7.00036 7.99031 0
      vertex -7.00036 7.99031 0.889999
    endloop
  endfacet
  facet normal 0.707107 -0.707107 0
    outer loop
      vertex -7.00036 7.99031 0
      vertex -7.99031 7.00036 0.889999
      vertex -7.99031 7.00036 0
    endloop
  endfacet
  facet normal 0.707107 0.707107 0
    outer loop
      vertex -5.72756 4.73761 0.889999
      vertex -7.99031 7.00036 0
      vertex -7.99031 7.00036 0.889999
    endloop
  endfacet
  facet normal 0.707107 0.707107 0
    outer loop
      vertex -7.99031 7.00036 0
      vertex -5.72756 4.73761 0.889999
      vertex -5.72756 4.73761 0
    endloop
  endfacet
  facet normal -0.707107 0.707107 0
    outer loop
      vertex -5.72756 4.73761 0
      vertex -4.73761 5.72756 0.889999
      vertex -4.73761 5.72756 0
    endloop
  endfacet
  facet normal -0.707107 0.707107 0
    outer loop
      vertex -4.73761 5.72756 0.889999
      vertex -5.72756 4.73761 0
      vertex -5.72756 4.73761 0.889999
    endloop
  endfacet
  facet normal -0.499999 -0.866026 0
    outer loop
      vertex -8 5.42709 0
      vertex -6.05859 4.30622 0.889999
      vertex -8 5.42709 0.889999
    endloop
  endfacet
  facet normal -0.499999 -0.866026 -0
    outer loop
      vertex -6.05859 4.30622 0.889999
      vertex -8 5.42709 0
      vertex -6.05859 4.30622 0
    endloop
  endfacet
  facet normal 0 0 -1
    outer loop
      vertex -8 3.81051 0.889999
      vertex -6.05859 4.30622 0.889999
      vertex -6.75859 3.09378 0.889999
    endloop
  endfacet
  facet normal -0 0 -1
    outer loop
      vertex -6.05859 4.30622 0.889999
      vertex -8 3.81051 0.889999
      vertex -8 5.42709 0.889999
    endloop
  endfacet
  facet normal 0.500001 0.866025 -0
    outer loop
      vertex -6.75859 3.09378 0
      vertex -8 3.81051 0.889999
      vertex -6.75859 3.09378 0.889999
    endloop
  endfacet
  facet normal 0.500001 0.866025 0
    outer loop
      vertex -8 3.81051 0.889999
      vertex -6.75859 3.09378 0
      vertex -8 3.81051 0
    endloop
  endfacet
  facet normal -0.866026 0.499999 0
    outer loop
      vertex -6.75859 3.09378 0
      vertex -6.05859 4.30622 0.889999
      vertex -6.05859 4.30622 0
    endloop
  endfacet
  facet normal -0.866026 0.499999 0
    outer loop
      vertex -6.05859 4.30622 0.889999
      vertex -6.75859 3.09378 0
      vertex -6.75859 3.09378 0.889999
    endloop
  endfacet
  facet normal -0.258821 -0.965925 0
    outer loop
      vertex -8 2.86829 0
      vertex -6.96668 2.59141 0.889999
      vertex -8 2.86829 0.889999
    endloop
  endfacet
  facet normal -0.258821 -0.965925 -0
    outer loop
      vertex -6.96668 2.59141 0.889999
      vertex -8 2.86829 0
      vertex -6.96668 2.59141 0
    endloop
  endfacet
  facet normal 0 0 -1
    outer loop
      vertex -8 1.4189 0.889999
      vertex -6.96668 2.59141 0.889999
      vertex -7.32902 1.23911 0.889999
    endloop
  endfacet
  facet normal -0 0 -1
    outer loop
      vertex -6.96668 2.59141 0.889999
      vertex -8 1.4189 0.889999
      vertex -8 2.86829 0.889999
    endloop
  endfacet
  facet normal 0.258821 0.965925 -0
    outer loop
      vertex -7.32902 1.23911 0
      vertex -8 1.4189 0.889999
      vertex -7.32902 1.23911 0.889999
    endloop
  endfacet
  facet normal 0.258821 0.965925 0
    outer loop
      vertex -8 1.4189 0.889999
      vertex -7.32902 1.23911 0
      vertex -8 1.4189 0
    endloop
  endfacet
  facet normal -0.965927 0.258814 0
    outer loop
      vertex -7.32902 1.23911 0
      vertex -6.96668 2.59141 0.889999
      vertex -6.96668 2.59141 0
    endloop
  endfacet
  facet normal -0.965927 0.258814 0
    outer loop
      vertex -6.96668 2.59141 0.889999
      vertex -7.32902 1.23911 0
      vertex -7.32902 1.23911 0.889999
    endloop
  endfacet
  facet normal 0 -1 0
    outer loop
      vertex -8 0.7 0
      vertex -7.4 0.7 0.889999
      vertex -8 0.7 0.889999
    endloop
  endfacet
  facet normal 0 -1 -0
    outer loop
      vertex -7.4 0.7 0.889999
      vertex -8 0.7 0
      vertex -7.4 0.7 0
    endloop
  endfacet
  facet normal 0 0 -1
    outer loop
      vertex -8 0 0.889999
      vertex -7.4 -0.7 0.889999
      vertex -7.96561 -0.7 0.889999
    endloop
  endfacet
  facet normal 0 0 -1
    outer loop
      vertex -7.4 -0.7 0.889999
      vertex -8 0 0.889999
      vertex -7.4 0.7 0.889999
    endloop
  endfacet
  facet normal -0 0 -1
    outer loop
      vertex -7.4 0.7 0.889999
      vertex -8 0 0.889999
      vertex -8 0.7 0.889999
    endloop
  endfacet
  facet normal 0 1 -0
    outer loop
      vertex -7.4 -0.7 0
      vertex -7.96561 -0.7 0.889999
      vertex -7.4 -0.7 0.889999
    endloop
  endfacet
  facet normal 0 1 0
    outer loop
      vertex -7.96561 -0.7 0.889999
      vertex -7.4 -0.7 0
      vertex -7.96561 -0.7 0
    endloop
  endfacet
  facet normal -1 0 0
    outer loop
      vertex -7.4 -0.7 0
      vertex -7.4 0.7 0.889999
      vertex -7.4 0.7 0
    endloop
  endfacet
  facet normal -1 -0 0
    outer loop
      vertex -7.4 0.7 0.889999
      vertex -7.4 -0.7 0
      vertex -7.4 -0.7 0.889999
    endloop
  endfacet
  facet normal 0 0 -1
    outer loop
      vertex -7.65552 -2.32228 0.889999
      vertex -6.96668 -2.59141 0.889999
      vertex -7.50739 -2.73629 0.889999
    endloop
  endfacet
  facet normal 0 0 -1
    outer loop
      vertex -6.96668 -2.59141 0.889999
      vertex -7.65552 -2.32228 0.889999
      vertex -7.32902 -1.23911 0.889999
    endloop
  endfacet
  facet normal 0 0 -1
    outer loop
      vertex -7.84628 -1.56072 0.889999
      vertex -7.32902 -1.23911 0.889999
      vertex -7.65552 -2.32228 0.889999
    endloop
  endfacet
  facet normal 0 0 -1
    outer loop
      vertex -7.32902 -1.23911 0.889999
      vertex -7.84628 -1.56072 0.889999
      vertex -7.87239 -1.38471 0.889999
    endloop
  endfacet
  facet normal 0.258826 -0.965924 0
    outer loop
      vertex -7.87239 -1.38471 0
      vertex -7.32902 -1.23911 0.889999
      vertex -7.87239 -1.38471 0.889999
    endloop
  endfacet
  facet normal 0.258826 -0.965924 0
    outer loop
      vertex -7.32902 -1.23911 0.889999
      vertex -7.87239 -1.38471 0
      vertex -7.32902 -1.23911 0
    endloop
  endfacet
  facet normal -0.965927 -0.258814 0
    outer loop
      vertex -6.96668 -2.59141 0
      vertex -7.32902 -1.23911 0.889999
      vertex -7.32902 -1.23911 0
    endloop
  endfacet
  facet normal -0.965927 -0.258814 0
    outer loop
      vertex -7.32902 -1.23911 0.889999
      vertex -6.96668 -2.59141 0
      vertex -6.96668 -2.59141 0.889999
    endloop
  endfacet
  facet normal -0.258814 0.965927 0
    outer loop
      vertex -6.96668 -2.59141 0
      vertex -7.50739 -2.73629 0.889999
      vertex -6.96668 -2.59141 0.889999
    endloop
  endfacet
  facet normal -0.258814 0.965927 0
    outer loop
      vertex -7.50739 -2.73629 0.889999
      vertex -6.96668 -2.59141 0
      vertex -7.50739 -2.73629 0
    endloop
  endfacet
  facet normal 0 0 -1
    outer loop
      vertex -6.65176 -4.44456 0.889999
      vertex -6.05859 -4.30622 0.889999
      vertex -6.54576 -4.58748 0.889999
    endloop
  endfacet
  facet normal 0 0 -1
    outer loop
      vertex -7.05537 -3.77117 0.889999
      vertex -6.05859 -4.30622 0.889999
      vertex -6.65176 -4.44456 0.889999
    endloop
  endfacet
  facet normal 0 0 -1
    outer loop
      vertex -6.05859 -4.30622 0.889999
      vertex -7.05537 -3.77117 0.889999
      vertex -6.75859 -3.09378 0.889999
    endloop
  endfacet
  facet normal 0 0 -1
    outer loop
      vertex -6.75859 -3.09378 0.889999
      vertex -7.05537 -3.77117 0.889999
      vertex -7.24337 -3.37367 0.889999
    endloop
  endfacet
  facet normal 0.500003 -0.866024 0
    outer loop
      vertex -7.24337 -3.37367 0
      vertex -6.75859 -3.09378 0.889999
      vertex -7.24337 -3.37367 0.889999
    endloop
  endfacet
  facet normal 0.500003 -0.866024 0
    outer loop
      vertex -6.75859 -3.09378 0.889999
      vertex -7.24337 -3.37367 0
      vertex -6.75859 -3.09378 0
    endloop
  endfacet
  facet normal -0.49999 0.866031 0
    outer loop
      vertex -6.05859 -4.30622 0
      vertex -6.54576 -4.58748 0.889999
      vertex -6.05859 -4.30622 0.889999
    endloop
  endfacet
  facet normal -0.49999 0.866031 0
    outer loop
      vertex -6.54576 -4.58748 0.889999
      vertex -6.05859 -4.30622 0
      vertex -6.54576 -4.58748 0
    endloop
  endfacet
  facet normal -0.866026 -0.499999 0
    outer loop
      vertex -6.05859 -4.30622 0
      vertex -6.75859 -3.09378 0.889999
      vertex -6.75859 -3.09378 0
    endloop
  endfacet
  facet normal -0.866026 -0.499999 0
    outer loop
      vertex -6.75859 -3.09378 0.889999
      vertex -6.05859 -4.30622 0
      vertex -6.05859 -4.30622 0.889999
    endloop
  endfacet
  facet normal 0 0 -1
    outer loop
      vertex -5.65685 -5.65685 0.889999
      vertex -4.73761 -5.72756 0.889999
      vertex -5.13756 -6.12751 0.889999
    endloop
  endfacet
  facet normal 0 0 -1
    outer loop
      vertex -5.65685 -5.65685 0.889999
      vertex -5.72756 -4.73761 0.889999
      vertex -4.73761 -5.72756 0.889999
    endloop
  endfacet
  facet normal 0 -0 -1
    outer loop
      vertex -5.72756 -4.73761 0.889999
      vertex -5.65685 -5.65685 0.889999
      vertex -6.12751 -5.13756 0.889999
    endloop
  endfacet
  facet normal 0.707107 -0.707107 0
    outer loop
      vertex -6.12751 -5.13756 0.889999
      vertex -5.72756 -4.73761 0
      vertex -5.72756 -4.73761 0.889999
    endloop
  endfacet
  facet normal 0.707107 -0.707107 0
    outer loop
      vertex -5.72756 -4.73761 0
      vertex -6.12751 -5.13756 0.889999
      vertex -6.12751 -5.13756 0
    endloop
  endfacet
  facet normal -0.707107 -0.707107 0
    outer loop
      vertex -4.73761 -5.72756 0
      vertex -5.72756 -4.73761 0.889999
      vertex -5.72756 -4.73761 0
    endloop
  endfacet
  facet normal -0.707107 -0.707107 0
    outer loop
      vertex -5.72756 -4.73761 0.889999
      vertex -4.73761 -5.72756 0
      vertex -4.73761 -5.72756 0.889999
    endloop
  endfacet
  facet normal -0.707107 0.707107 0
    outer loop
      vertex -4.73761 -5.72756 0
      vertex -5.13756 -6.12751 0.889999
      vertex -4.73761 -5.72756 0.889999
    endloop
  endfacet
  facet normal -0.707107 0.707107 0
    outer loop
      vertex -5.13756 -6.12751 0.889999
      vertex -4.73761 -5.72756 0
      vertex -5.13756 -6.12751 0
    endloop
  endfacet
  facet normal 0 0 -1
    outer loop
      vertex -3.77117 -7.05537 0.889999
      vertex -3.09378 -6.75859 0.889999
      vertex -3.37367 -7.24337 0.889999
    endloop
  endfacet
  facet normal 0 0 -1
    outer loop
      vertex -3.77117 -7.05537 0.889999
      vertex -4.30622 -6.05859 0.889999
      vertex -3.09378 -6.75859 0.889999
    endloop
  endfacet
  facet normal 0 0 -1
    outer loop
      vertex -4.44456 -6.65176 0.889999
      vertex -4.30622 -6.05859 0.889999
      vertex -3.77117 -7.05537 0.889999
    endloop
  endfacet
  facet normal 0 0 -1
    outer loop
      vertex -4.30622 -6.05859 0.889999
      vertex -4.44456 -6.65176 0.889999
      vertex -4.58748 -6.54576 0.889999
    endloop
  endfacet
  facet normal 0.866031 -0.49999 0
    outer loop
      vertex -4.58748 -6.54576 0.889999
      vertex -4.30622 -6.05859 0
      vertex -4.30622 -6.05859 0.889999
    endloop
  endfacet
  facet normal 0.866031 -0.49999 0
    outer loop
      vertex -4.30622 -6.05859 0
      vertex -4.58748 -6.54576 0.889999
      vertex -4.58748 -6.54576 0
    endloop
  endfacet
  facet normal -0.499999 -0.866026 0
    outer loop
      vertex -4.30622 -6.05859 0
      vertex -3.09378 -6.75859 0.889999
      vertex -4.30622 -6.05859 0.889999
    endloop
  endfacet
  facet normal -0.499999 -0.866026 -0
    outer loop
      vertex -3.09378 -6.75859 0.889999
      vertex -4.30622 -6.05859 0
      vertex -3.09378 -6.75859 0
    endloop
  endfacet
  facet normal -0.866024 0.500003 0
    outer loop
      vertex -3.37367 -7.24337 0
      vertex -3.09378 -6.75859 0.889999
      vertex -3.09378 -6.75859 0
    endloop
  endfacet
  facet normal -0.866024 0.500003 0
    outer loop
      vertex -3.09378 -6.75859 0.889999
      vertex -3.37367 -7.24337 0
      vertex -3.37367 -7.24337 0.889999
    endloop
  endfacet
  facet normal 0 0 -1
    outer loop
      vertex -1.56072 -7.84628 0.889999
      vertex -1.23911 -7.32902 0.889999
      vertex -1.38471 -7.87239 0.889999
    endloop
  endfacet
  facet normal 0 0 -1
    outer loop
      vertex -2.32228 -7.65552 0.889999
      vertex -1.23911 -7.32902 0.889999
      vertex -1.56072 -7.84628 0.889999
    endloop
  endfacet
  facet normal 0 0 -1
    outer loop
      vertex -2.32228 -7.65552 0.889999
      vertex -2.59141 -6.96668 0.889999
      vertex -1.23911 -7.32902 0.889999
    endloop
  endfacet
  facet normal 0 -0 -1
    outer loop
      vertex -2.59141 -6.96668 0.889999
      vertex -2.32228 -7.65552 0.889999
      vertex -2.73629 -7.50739 0.889999
    endloop
  endfacet
  facet normal 0.965927 -0.258814 0
    outer loop
      vertex -2.73629 -7.50739 0.889999
      vertex -2.59141 -6.96668 0
      vertex -2.59141 -6.96668 0.889999
    endloop
  endfacet
  facet normal 0.965927 -0.258814 0
    outer loop
      vertex -2.59141 -6.96668 0
      vertex -2.73629 -7.50739 0.889999
      vertex -2.73629 -7.50739 0
    endloop
  endfacet
  facet normal -0.965924 0.258826 0
    outer loop
      vertex -1.38471 -7.87239 0
      vertex -1.23911 -7.32902 0.889999
      vertex -1.23911 -7.32902 0
    endloop
  endfacet
  facet normal -0.965924 0.258826 0
    outer loop
      vertex -1.23911 -7.32902 0.889999
      vertex -1.38471 -7.87239 0
      vertex -1.38471 -7.87239 0.889999
    endloop
  endfacet
  facet normal -0.258814 -0.965927 0
    outer loop
      vertex -2.59141 -6.96668 0
      vertex -1.23911 -7.32902 0.889999
      vertex -2.59141 -6.96668 0.889999
    endloop
  endfacet
  facet normal -0.258814 -0.965927 -0
    outer loop
      vertex -1.23911 -7.32902 0.889999
      vertex -2.59141 -6.96668 0
      vertex -1.23911 -7.32902 0
    endloop
  endfacet
  facet normal 0 0 -1
    outer loop
      vertex 0 -8 0.889999
      vertex 0.7 -7.4 0.889999
      vertex 0.7 -7.96561 0.889999
    endloop
  endfacet
  facet normal 0 0 -1
    outer loop
      vertex -0.7 -7.4 0.889999
      vertex 0 -8 0.889999
      vertex -0.7 -7.96561 0.889999
    endloop
  endfacet
  facet normal 0 0 -1
    outer loop
      vertex 0 -8 0.889999
      vertex -0.7 -7.4 0.889999
      vertex 0.7 -7.4 0.889999
    endloop
  endfacet
  facet normal 1 -0 0
    outer loop
      vertex -0.7 -7.96561 0.889999
      vertex -0.7 -7.4 0
      vertex -0.7 -7.4 0.889999
    endloop
  endfacet
  facet normal 1 0 0
    outer loop
      vertex -0.7 -7.4 0
      vertex -0.7 -7.96561 0.889999
      vertex -0.7 -7.96561 0
    endloop
  endfacet
  facet normal 0 -1 0
    outer loop
      vertex -0.7 -7.4 0
      vertex 0.7 -7.4 0.889999
      vertex -0.7 -7.4 0.889999
    endloop
  endfacet
  facet normal 0 -1 -0
    outer loop
      vertex 0.7 -7.4 0.889999
      vertex -0.7 -7.4 0
      vertex 0.7 -7.4 0
    endloop
  endfacet
  facet normal -1 0 0
    outer loop
      vertex 0.7 -7.96561 0
      vertex 0.7 -7.4 0.889999
      vertex 0.7 -7.4 0
    endloop
  endfacet
  facet normal -1 -0 0
    outer loop
      vertex 0.7 -7.4 0.889999
      vertex 0.7 -7.96561 0
      vertex 0.7 -7.96561 0.889999
    endloop
  endfacet
  facet normal 0 0 -1
    outer loop
      vertex 2.32228 -7.65552 0.889999
      vertex 2.59141 -6.96668 0.889999
      vertex 2.73629 -7.50739 0.889999
    endloop
  endfacet
  facet normal 0 0 -1
    outer loop
      vertex 1.23911 -7.32902 0.889999
      vertex 2.32228 -7.65552 0.889999
      vertex 1.56072 -7.84628 0.889999
    endloop
  endfacet
  facet normal 0 0 -1
    outer loop
      vertex 1.23911 -7.32902 0.889999
      vertex 1.56072 -7.84628 0.889999
      vertex 1.38471 -7.87239 0.889999
    endloop
  endfacet
  facet normal 0 0 -1
    outer loop
      vertex 2.32228 -7.65552 0.889999
      vertex 1.23911 -7.32902 0.889999
      vertex 2.59141 -6.96668 0.889999
    endloop
  endfacet
  facet normal -0.965927 -0.258814 0
    outer loop
      vertex 2.73629 -7.50739 0
      vertex 2.59141 -6.96668 0.889999
      vertex 2.59141 -6.96668 0
    endloop
  endfacet
  facet normal -0.965927 -0.258814 0
    outer loop
      vertex 2.59141 -6.96668 0.889999
      vertex 2.73629 -7.50739 0
      vertex 2.73629 -7.50739 0.889999
    endloop
  endfacet
  facet normal 0.965924 0.258826 0
    outer loop
      vertex 1.38471 -7.87239 0.889999
      vertex 1.23911 -7.32902 0
      vertex 1.23911 -7.32902 0.889999
    endloop
  endfacet
  facet normal 0.965924 0.258826 0
    outer loop
      vertex 1.23911 -7.32902 0
      vertex 1.38471 -7.87239 0.889999
      vertex 1.38471 -7.87239 0
    endloop
  endfacet
  facet normal 0.258814 -0.965927 0
    outer loop
      vertex 1.23911 -7.32902 0
      vertex 2.59141 -6.96668 0.889999
      vertex 1.23911 -7.32902 0.889999
    endloop
  endfacet
  facet normal 0.258814 -0.965927 0
    outer loop
      vertex 2.59141 -6.96668 0.889999
      vertex 1.23911 -7.32902 0
      vertex 2.59141 -6.96668 0
    endloop
  endfacet
  facet normal 0 0 -1
    outer loop
      vertex 4.44456 -6.65176 0.889999
      vertex 4.30622 -6.05859 0.889999
      vertex 4.58748 -6.54576 0.889999
    endloop
  endfacet
  facet normal 0 0 -1
    outer loop
      vertex 3.77117 -7.05537 0.889999
      vertex 4.30622 -6.05859 0.889999
      vertex 4.44456 -6.65176 0.889999
    endloop
  endfacet
  facet normal 0 0 -1
    outer loop
      vertex 3.09378 -6.75859 0.889999
      vertex 3.77117 -7.05537 0.889999
      vertex 3.37367 -7.24337 0.889999
    endloop
  endfacet
  facet normal 0 0 -1
    outer loop
      vertex 3.77117 -7.05537 0.889999
      vertex 3.09378 -6.75859 0.889999
      vertex 4.30622 -6.05859 0.889999
    endloop
  endfacet
  facet normal -0.866031 -0.49999 0
    outer loop
      vertex 4.58748 -6.54576 0
      vertex 4.30622 -6.05859 0.889999
      vertex 4.30622 -6.05859 0
    endloop
  endfacet
  facet normal -0.866031 -0.49999 0
    outer loop
      vertex 4.30622 -6.05859 0.889999
      vertex 4.58748 -6.54576 0
      vertex 4.58748 -6.54576 0.889999
    endloop
  endfacet
  facet normal 0.866024 0.500003 0
    outer loop
      vertex 3.37367 -7.24337 0.889999
      vertex 3.09378 -6.75859 0
      vertex 3.09378 -6.75859 0.889999
    endloop
  endfacet
  facet normal 0.866024 0.500003 0
    outer loop
      vertex 3.09378 -6.75859 0
      vertex 3.37367 -7.24337 0.889999
      vertex 3.37367 -7.24337 0
    endloop
  endfacet
  facet normal 0.499999 -0.866026 0
    outer loop
      vertex 3.09378 -6.75859 0
      vertex 4.30622 -6.05859 0.889999
      vertex 3.09378 -6.75859 0.889999
    endloop
  endfacet
  facet normal 0.499999 -0.866026 0
    outer loop
      vertex 4.30622 -6.05859 0.889999
      vertex 3.09378 -6.75859 0
      vertex 4.30622 -6.05859 0
    endloop
  endfacet
  facet normal 0 0 -1
    outer loop
      vertex 5.65685 -5.65685 0.889999
      vertex 5.72756 -4.73761 0.889999
      vertex 6.12751 -5.13756 0.889999
    endloop
  endfacet
  facet normal 0 0 -1
    outer loop
      vertex 4.73761 -5.72756 0.889999
      vertex 5.65685 -5.65685 0.889999
      vertex 5.13756 -6.12751 0.889999
    endloop
  endfacet
  facet normal -0 0 -1
    outer loop
      vertex 5.65685 -5.65685 0.889999
      vertex 4.73761 -5.72756 0.889999
      vertex 5.72756 -4.73761 0.889999
    endloop
  endfacet
  facet normal -0.707107 -0.707107 0
    outer loop
      vertex 6.12751 -5.13756 0
      vertex 5.72756 -4.73761 0.889999
      vertex 5.72756 -4.73761 0
    endloop
  endfacet
  facet normal -0.707107 -0.707107 0
    outer loop
      vertex 5.72756 -4.73761 0.889999
      vertex 6.12751 -5.13756 0
      vertex 6.12751 -5.13756 0.889999
    endloop
  endfacet
  facet normal 0.707107 0.707107 -0
    outer loop
      vertex 5.13756 -6.12751 0
      vertex 4.73761 -5.72756 0.889999
      vertex 5.13756 -6.12751 0.889999
    endloop
  endfacet
  facet normal 0.707107 0.707107 0
    outer loop
      vertex 4.73761 -5.72756 0.889999
      vertex 5.13756 -6.12751 0
      vertex 4.73761 -5.72756 0
    endloop
  endfacet
  facet normal 0.707107 -0.707107 0
    outer loop
      vertex 4.73761 -5.72756 0.889999
      vertex 5.72756 -4.73761 0
      vertex 5.72756 -4.73761 0.889999
    endloop
  endfacet
  facet normal 0.707107 -0.707107 0
    outer loop
      vertex 5.72756 -4.73761 0
      vertex 4.73761 -5.72756 0.889999
      vertex 4.73761 -5.72756 0
    endloop
  endfacet
  facet normal 0 0 -1
    outer loop
      vertex 7.05537 -3.77117 0.889999
      vertex 6.75859 -3.09378 0.889999
      vertex 7.24337 -3.37367 0.889999
    endloop
  endfacet
  facet normal 0 0 -1
    outer loop
      vertex 6.05859 -4.30622 0.889999
      vertex 7.05537 -3.77117 0.889999
      vertex 6.65176 -4.44456 0.889999
    endloop
  endfacet
  facet normal 0 0 -1
    outer loop
      vertex 6.05859 -4.30622 0.889999
      vertex 6.65176 -4.44456 0.889999
      vertex 6.54576 -4.58748 0.889999
    endloop
  endfacet
  facet normal -0 0 -1
    outer loop
      vertex 7.05537 -3.77117 0.889999
      vertex 6.05859 -4.30622 0.889999
      vertex 6.75859 -3.09378 0.889999
    endloop
  endfacet
  facet normal -0.500003 -0.866024 0
    outer loop
      vertex 6.75859 -3.09378 0
      vertex 7.24337 -3.37367 0.889999
      vertex 6.75859 -3.09378 0.889999
    endloop
  endfacet
  facet normal -0.500003 -0.866024 -0
    outer loop
      vertex 7.24337 -3.37367 0.889999
      vertex 6.75859 -3.09378 0
      vertex 7.24337 -3.37367 0
    endloop
  endfacet
  facet normal 0.49999 0.866031 -0
    outer loop
      vertex 6.54576 -4.58748 0
      vertex 6.05859 -4.30622 0.889999
      vertex 6.54576 -4.58748 0.889999
    endloop
  endfacet
  facet normal 0.49999 0.866031 0
    outer loop
      vertex 6.05859 -4.30622 0.889999
      vertex 6.54576 -4.58748 0
      vertex 6.05859 -4.30622 0
    endloop
  endfacet
  facet normal 0.866026 -0.499999 0
    outer loop
      vertex 6.05859 -4.30622 0.889999
      vertex 6.75859 -3.09378 0
      vertex 6.75859 -3.09378 0.889999
    endloop
  endfacet
  facet normal 0.866026 -0.499999 0
    outer loop
      vertex 6.75859 -3.09378 0
      vertex 6.05859 -4.30622 0.889999
      vertex 6.05859 -4.30622 0
    endloop
  endfacet
  facet normal 0 0 -1
    outer loop
      vertex 7.32902 -1.23911 0.889999
      vertex 7.84628 -1.56072 0.889999
      vertex 7.65552 -2.32228 0.889999
    endloop
  endfacet
  facet normal 0 0 -1
    outer loop
      vertex 6.96668 -2.59141 0.889999
      vertex 7.65552 -2.32228 0.889999
      vertex 7.50739 -2.73629 0.889999
    endloop
  endfacet
  facet normal 0 0 -1
    outer loop
      vertex 7.84628 -1.56072 0.889999
      vertex 7.32902 -1.23911 0.889999
      vertex 7.87239 -1.38471 0.889999
    endloop
  endfacet
  facet normal -0 0 -1
    outer loop
      vertex 7.65552 -2.32228 0.889999
      vertex 6.96668 -2.59141 0.889999
      vertex 7.32902 -1.23911 0.889999
    endloop
  endfacet
  facet normal -0.258826 -0.965924 0
    outer loop
      vertex 7.32902 -1.23911 0
      vertex 7.87239 -1.38471 0.889999
      vertex 7.32902 -1.23911 0.889999
    endloop
  endfacet
  facet normal -0.258826 -0.965924 -0
    outer loop
      vertex 7.87239 -1.38471 0.889999
      vertex 7.32902 -1.23911 0
      vertex 7.87239 -1.38471 0
    endloop
  endfacet
  facet normal 0.258814 0.965927 -0
    outer loop
      vertex 7.50739 -2.73629 0
      vertex 6.96668 -2.59141 0.889999
      vertex 7.50739 -2.73629 0.889999
    endloop
  endfacet
  facet normal 0.258814 0.965927 0
    outer loop
      vertex 6.96668 -2.59141 0.889999
      vertex 7.50739 -2.73629 0
      vertex 6.96668 -2.59141 0
    endloop
  endfacet
  facet normal 0.965927 -0.258814 0
    outer loop
      vertex 6.96668 -2.59141 0.889999
      vertex 7.32902 -1.23911 0
      vertex 7.32902 -1.23911 0.889999
    endloop
  endfacet
  facet normal 0.965927 -0.258814 0
    outer loop
      vertex 7.32902 -1.23911 0
      vertex 6.96668 -2.59141 0.889999
      vertex 6.96668 -2.59141 0
    endloop
  endfacet
  facet normal 0 0 -1
    outer loop
      vertex 7.4 -0.7 0.889999
      vertex 8 0 0.889999
      vertex 7.96561 -0.7 0.889999
    endloop
  endfacet
  facet normal -0 0 -1
    outer loop
      vertex 8 0 0.889999
      vertex 7.4 -0.7 0.889999
      vertex 7.4 0.7 0.889999
    endloop
  endfacet
  facet normal 0 0 -1
    outer loop
      vertex 8 0 0.889999
      vertex 7.4 0.7 0.889999
      vertex 8 0.7 0.889999
    endloop
  endfacet
  facet normal 0 -1 0
    outer loop
      vertex 7.4 0.7 0
      vertex 8 0.7 0.889999
      vertex 7.4 0.7 0.889999
    endloop
  endfacet
  facet normal 0 -1 -0
    outer loop
      vertex 8 0.7 0.889999
      vertex 7.4 0.7 0
      vertex 8 0.7 0
    endloop
  endfacet
  facet normal 0 1 -0
    outer loop
      vertex 7.96561 -0.7 0
      vertex 7.4 -0.7 0.889999
      vertex 7.96561 -0.7 0.889999
    endloop
  endfacet
  facet normal 0 1 0
    outer loop
      vertex 7.4 -0.7 0.889999
      vertex 7.96561 -0.7 0
      vertex 7.4 -0.7 0
    endloop
  endfacet
  facet normal 1 -0 0
    outer loop
      vertex 7.4 -0.7 0.889999
      vertex 7.4 0.7 0
      vertex 7.4 0.7 0.889999
    endloop
  endfacet
  facet normal 1 0 0
    outer loop
      vertex 7.4 0.7 0
      vertex 7.4 -0.7 0.889999
      vertex 7.4 -0.7 0
    endloop
  endfacet
  facet normal 0.258821 -0.965925 0
    outer loop
      vertex 6.96668 2.59141 0
      vertex 8 2.86829 0.889999
      vertex 6.96668 2.59141 0.889999
    endloop
  endfacet
  facet normal 0.258821 -0.965925 0
    outer loop
      vertex 8 2.86829 0.889999
      vertex 6.96668 2.59141 0
      vertex 8 2.86829 0
    endloop
  endfacet
  facet normal 0 0 -1
    outer loop
      vertex 6.96668 2.59141 0.889999
      vertex 8 1.4189 0.889999
      vertex 7.32902 1.23911 0.889999
    endloop
  endfacet
  facet normal 0 0 -1
    outer loop
      vertex 8 1.4189 0.889999
      vertex 6.96668 2.59141 0.889999
      vertex 8 2.86829 0.889999
    endloop
  endfacet
  facet normal -0.258821 0.965925 0
    outer loop
      vertex 8 1.4189 0
      vertex 7.32902 1.23911 0.889999
      vertex 8 1.4189 0.889999
    endloop
  endfacet
  facet normal -0.258821 0.965925 0
    outer loop
      vertex 7.32902 1.23911 0.889999
      vertex 8 1.4189 0
      vertex 7.32902 1.23911 0
    endloop
  endfacet
  facet normal 0.965927 0.258814 0
    outer loop
      vertex 7.32902 1.23911 0.889999
      vertex 6.96668 2.59141 0
      vertex 6.96668 2.59141 0.889999
    endloop
  endfacet
  facet normal 0.965927 0.258814 0
    outer loop
      vertex 6.96668 2.59141 0
      vertex 7.32902 1.23911 0.889999
      vertex 7.32902 1.23911 0
    endloop
  endfacet
  facet normal 0.499999 -0.866026 0
    outer loop
      vertex 6.05859 4.30622 0
      vertex 8 5.42709 0.889999
      vertex 6.05859 4.30622 0.889999
    endloop
  endfacet
  facet normal 0.499999 -0.866026 0
    outer loop
      vertex 8 5.42709 0.889999
      vertex 6.05859 4.30622 0
      vertex 8 5.42709 0
    endloop
  endfacet
  facet normal 0 0 -1
    outer loop
      vertex 6.05859 4.30622 0.889999
      vertex 8 3.81051 0.889999
      vertex 6.75859 3.09378 0.889999
    endloop
  endfacet
  facet normal 0 0 -1
    outer loop
      vertex 8 3.81051 0.889999
      vertex 6.05859 4.30622 0.889999
      vertex 8 5.42709 0.889999
    endloop
  endfacet
  facet normal -0.500001 0.866025 0
    outer loop
      vertex 8 3.81051 0
      vertex 6.75859 3.09378 0.889999
      vertex 8 3.81051 0.889999
    endloop
  endfacet
  facet normal -0.500001 0.866025 0
    outer loop
      vertex 6.75859 3.09378 0.889999
      vertex 8 3.81051 0
      vertex 6.75859 3.09378 0
    endloop
  endfacet
  facet normal 0.866026 0.499999 0
    outer loop
      vertex 6.75859 3.09378 0.889999
      vertex 6.05859 4.30622 0
      vertex 6.05859 4.30622 0.889999
    endloop
  endfacet
  facet normal 0.866026 0.499999 0
    outer loop
      vertex 6.05859 4.30622 0
      vertex 6.75859 3.09378 0.889999
      vertex 6.75859 3.09378 0
    endloop
  endfacet
  facet normal 0.707107 -0.707107 0
    outer loop
      vertex 4.73761 5.72756 0
      vertex 7.00036 7.99031 0.889999
      vertex 4.73761 5.72756 0.889999
    endloop
  endfacet
  facet normal 0.707107 -0.707107 0
    outer loop
      vertex 7.00036 7.99031 0.889999
      vertex 4.73761 5.72756 0
      vertex 7.00036 7.99031 0
    endloop
  endfacet
  facet normal 0 0 -1
    outer loop
      vertex 5.72756 4.73761 0.889999
      vertex 7.00036 7.99031 0.889999
      vertex 7.99031 7.00036 0.889999
    endloop
  endfacet
  facet normal 0 0 -1
    outer loop
      vertex 7.00036 7.99031 0.889999
      vertex 5.72756 4.73761 0.889999
      vertex 4.73761 5.72756 0.889999
    endloop
  endfacet
  facet normal -0.707107 0.707107 0
    outer loop
      vertex 5.72756 4.73761 0
      vertex 7.99031 7.00036 0.889999
      vertex 7.99031 7.00036 0
    endloop
  endfacet
  facet normal -0.707107 0.707107 0
    outer loop
      vertex 7.99031 7.00036 0.889999
      vertex 5.72756 4.73761 0
      vertex 5.72756 4.73761 0.889999
    endloop
  endfacet
  facet normal -0.707107 -0.707107 0
    outer loop
      vertex 7.99031 7.00036 0
      vertex 7.00036 7.99031 0.889999
      vertex 7.00036 7.99031 0
    endloop
  endfacet
  facet normal -0.707107 -0.707107 0
    outer loop
      vertex 7.00036 7.99031 0.889999
      vertex 7.99031 7.00036 0
      vertex 7.99031 7.00036 0.889999
    endloop
  endfacet
  facet normal 0.707107 0.707107 0
    outer loop
      vertex 5.72756 4.73761 0.889999
      vertex 4.73761 5.72756 0
      vertex 4.73761 5.72756 0.889999
    endloop
  endfacet
  facet normal 0.707107 0.707107 0
    outer loop
      vertex 4.73761 5.72756 0
      vertex 5.72756 4.73761 0.889999
      vertex 5.72756 4.73761 0
    endloop
  endfacet
  facet normal 0.866025 -0.5 0
    outer loop
      vertex 3.09378 6.75859 0.889999
      vertex 4.69378 9.52987 0
      vertex 4.69378 9.52987 0.889999
    endloop
  endfacet
  facet normal 0.866025 -0.5 0
    outer loop
      vertex 4.69378 9.52987 0
      vertex 3.09378 6.75859 0.889999
      vertex 3.09378 6.75859 0
    endloop
  endfacet
  facet normal 0 0 -1
    outer loop
      vertex 4.30622 6.05859 0.889999
      vertex 4.69378 9.52987 0.889999
      vertex 5.90622 8.82987 0.889999
    endloop
  endfacet
  facet normal 0 0 -1
    outer loop
      vertex 4.69378 9.52987 0.889999
      vertex 4.30622 6.05859 0.889999
      vertex 3.09378 6.75859 0.889999
    endloop
  endfacet
  facet normal -0.866025 0.5 0
    outer loop
      vertex 4.30622 6.05859 0
      vertex 5.90622 8.82987 0.889999
      vertex 5.90622 8.82987 0
    endloop
  endfacet
  facet normal -0.866025 0.5 0
    outer loop
      vertex 5.90622 8.82987 0.889999
      vertex 4.30622 6.05859 0
      vertex 4.30622 6.05859 0.889999
    endloop
  endfacet
  facet normal 0.499999 0.866026 -0
    outer loop
      vertex 4.30622 6.05859 0
      vertex 3.09378 6.75859 0.889999
      vertex 4.30622 6.05859 0.889999
    endloop
  endfacet
  facet normal 0.499999 0.866026 0
    outer loop
      vertex 3.09378 6.75859 0.889999
      vertex 4.30622 6.05859 0
      vertex 3.09378 6.75859 0
    endloop
  endfacet
  facet normal -0.499999 -0.866026 0
    outer loop
      vertex 4.69378 9.52987 0
      vertex 5.90622 8.82987 0.889999
      vertex 4.69378 9.52987 0.889999
    endloop
  endfacet
  facet normal -0.499999 -0.866026 -0
    outer loop
      vertex 5.90622 8.82987 0.889999
      vertex 4.69378 9.52987 0
      vertex 5.90622 8.82987 0
    endloop
  endfacet
  facet normal 0.965926 -0.258817 0
    outer loop
      vertex 1.23911 7.32902 0.889999
      vertex 2.06733 10.42 0
      vertex 2.06733 10.42 0.889999
    endloop
  endfacet
  facet normal 0.965926 -0.258817 0
    outer loop
      vertex 2.06733 10.42 0
      vertex 1.23911 7.32902 0.889999
      vertex 1.23911 7.32902 0
    endloop
  endfacet
  facet normal 0 0 -1
    outer loop
      vertex 2.59141 6.96668 0.889999
      vertex 2.06733 10.42 0.889999
      vertex 3.41963 10.0576 0.889999
    endloop
  endfacet
  facet normal 0 -0 -1
    outer loop
      vertex 2.06733 10.42 0.889999
      vertex 2.59141 6.96668 0.889999
      vertex 1.23911 7.32902 0.889999
    endloop
  endfacet
  facet normal -0.965925 0.258822 0
    outer loop
      vertex 2.59141 6.96668 0
      vertex 3.41963 10.0576 0.889999
      vertex 3.41963 10.0576 0
    endloop
  endfacet
  facet normal -0.965925 0.258822 0
    outer loop
      vertex 3.41963 10.0576 0.889999
      vertex 2.59141 6.96668 0
      vertex 2.59141 6.96668 0.889999
    endloop
  endfacet
  facet normal -0.258854 -0.965916 0
    outer loop
      vertex 2.06733 10.42 0
      vertex 3.41963 10.0576 0.889999
      vertex 2.06733 10.42 0.889999
    endloop
  endfacet
  facet normal -0.258854 -0.965916 -0
    outer loop
      vertex 3.41963 10.0576 0.889999
      vertex 2.06733 10.42 0
      vertex 3.41963 10.0576 0
    endloop
  endfacet
  facet normal 0.258814 0.965927 -0
    outer loop
      vertex 2.59141 6.96668 0
      vertex 1.23911 7.32902 0.889999
      vertex 2.59141 6.96668 0.889999
    endloop
  endfacet
  facet normal 0.258814 0.965927 0
    outer loop
      vertex 1.23911 7.32902 0.889999
      vertex 2.59141 6.96668 0
      vertex 1.23911 7.32902 0
    endloop
  endfacet
  facet normal -0.941548 0.336879 0
    outer loop
      vertex -7.65552 44.3223 0
      vertex -7.39104 45.0615 6
      vertex -7.39104 45.0615 0
    endloop
  endfacet
  facet normal -0.941548 0.336879 0
    outer loop
      vertex -7.39104 45.0615 6
      vertex -7.65552 44.3223 0
      vertex -7.65552 44.3223 6
    endloop
  endfacet
  facet normal -1 0 0
    outer loop
      vertex -8 1.4189 0
      vertex -8 0.7 0
      vertex -8 1.4189 0.889999
    endloop
  endfacet
  facet normal -1 0 0
    outer loop
      vertex -8 3.81051 0
      vertex -8 2.86829 0
      vertex -8 3.81051 0.889999
    endloop
  endfacet
  facet normal -1 0 0
    outer loop
      vertex -8 5.42709 0.889999
      vertex -8 42 0
      vertex -8 5.42709 0
    endloop
  endfacet
  facet normal -1 0 0
    outer loop
      vertex -8 42 0
      vertex -8 5.42709 0.889999
      vertex -8 42 6
    endloop
  endfacet
  facet normal -1 0 0
    outer loop
      vertex -8 0 6
      vertex -8 5.42709 0.889999
      vertex -8 3.81051 0.889999
    endloop
  endfacet
  facet normal -1 0 0
    outer loop
      vertex -8 2.86829 0.889999
      vertex -8 3.81051 0.889999
      vertex -8 2.86829 0
    endloop
  endfacet
  facet normal -1 0 0
    outer loop
      vertex -8 0 6
      vertex -8 3.81051 0.889999
      vertex -8 2.86829 0.889999
    endloop
  endfacet
  facet normal -1 0 0
    outer loop
      vertex -8 0 6
      vertex -8 2.86829 0.889999
      vertex -8 1.4189 0.889999
    endloop
  endfacet
  facet normal -1 0 0
    outer loop
      vertex -8 0.7 0.889999
      vertex -8 1.4189 0.889999
      vertex -8 0.7 0
    endloop
  endfacet
  facet normal -1 0 0
    outer loop
      vertex -8 0 6
      vertex -8 1.4189 0.889999
      vertex -8 0.7 0.889999
    endloop
  endfacet
  facet normal -1 0 0
    outer loop
      vertex -8 0 6
      vertex -8 0.7 0.889999
      vertex -8 0 0.889999
    endloop
  endfacet
  facet normal -1 0 0
    outer loop
      vertex -8 5.42709 0.889999
      vertex -8 0 6
      vertex -8 42 6
    endloop
  endfacet
  facet normal 1 0 0
    outer loop
      vertex 8 42 6
      vertex 8 5.42709 0.889999
      vertex 8 42 0
    endloop
  endfacet
  facet normal 1 -0 0
    outer loop
      vertex 8 0 6
      vertex 8 5.42709 0.889999
      vertex 8 42 6
    endloop
  endfacet
  facet normal 1 0 0
    outer loop
      vertex 8 3.81051 0.889999
      vertex 8 2.86829 0.889999
      vertex 8 3.81051 0
    endloop
  endfacet
  facet normal 1 0 0
    outer loop
      vertex 8 5.42709 0.889999
      vertex 8 0 6
      vertex 8 3.81051 0.889999
    endloop
  endfacet
  facet normal 1 0 0
    outer loop
      vertex 8 3.81051 0.889999
      vertex 8 0 6
      vertex 8 2.86829 0.889999
    endloop
  endfacet
  facet normal 1 0 0
    outer loop
      vertex 8 1.4189 0.889999
      vertex 8 0.7 0.889999
      vertex 8 1.4189 0
    endloop
  endfacet
  facet normal 1 0 0
    outer loop
      vertex 8 2.86829 0.889999
      vertex 8 0 6
      vertex 8 1.4189 0.889999
    endloop
  endfacet
  facet normal 1 0 0
    outer loop
      vertex 8 1.4189 0.889999
      vertex 8 0 6
      vertex 8 0.7 0.889999
    endloop
  endfacet
  facet normal 1 0 0
    outer loop
      vertex 8 0.7 0.889999
      vertex 8 0 6
      vertex 8 0 0.889999
    endloop
  endfacet
  facet normal 1 0 0
    outer loop
      vertex 8 42 0
      vertex 8 5.42709 0.889999
      vertex 8 5.42709 0
    endloop
  endfacet
  facet normal 1 0 0
    outer loop
      vertex 8 3.81051 0
      vertex 8 2.86829 0.889999
      vertex 8 2.86829 0
    endloop
  endfacet
  facet normal 1 0 0
    outer loop
      vertex 8 1.4189 0
      vertex 8 0.7 0.889999
      vertex 8 0.7 0
    endloop
  endfacet
  facet normal 0.903986 0.427562 0
    outer loop
      vertex 7.39104 45.0615 6
      vertex 7.05537 45.7712 0
      vertex 7.05537 45.7712 6
    endloop
  endfacet
  facet normal 0.903986 0.427562 0
    outer loop
      vertex 7.05537 45.7712 0
      vertex 7.39104 45.0615 6
      vertex 7.39104 45.0615 0
    endloop
  endfacet
  facet normal -0.740922 -0.671591 -0
    outer loop
      vertex -6.12751 -5.13756 0.889999
      vertex -6.18408 -5.07515 0
      vertex -6.12751 -5.13756 0
    endloop
  endfacet
  facet normal -0.740922 -0.671591 0
    outer loop
      vertex -6.18408 -5.07515 0
      vertex -6.12751 -5.13756 0.889999
      vertex -6.18408 -5.07515 6
    endloop
  endfacet
  facet normal -0.740949 -0.671561 -0
    outer loop
      vertex -5.65685 -5.65685 6
      vertex -6.12751 -5.13756 0.889999
      vertex -5.65685 -5.65685 0.889999
    endloop
  endfacet
  facet normal -0.740946 -0.671564 -5.84459e-07
    outer loop
      vertex -6.12751 -5.13756 0.889999
      vertex -5.65685 -5.65685 6
      vertex -6.18408 -5.07515 6
    endloop
  endfacet
  facet normal 0.998795 0.0490672 0
    outer loop
      vertex 8 42 6
      vertex 7.96148 42.7841 0
      vertex 7.96148 42.7841 6
    endloop
  endfacet
  facet normal 0.998795 0.0490672 0
    outer loop
      vertex 7.96148 42.7841 0
      vertex 8 42 6
      vertex 8 42 0
    endloop
  endfacet
  facet normal -0.941545 -0.336887 0
    outer loop
      vertex -7.50739 -2.73629 0
      vertex -7.39104 -3.06147 0
      vertex -7.50739 -2.73629 0.889999
    endloop
  endfacet
  facet normal -0.941548 -0.336879 0
    outer loop
      vertex -7.50739 -2.73629 0.889999
      vertex -7.65552 -2.32228 6
      vertex -7.65552 -2.32228 0.889999
    endloop
  endfacet
  facet normal -0.941545 -0.336887 -0
    outer loop
      vertex -7.39104 -3.06147 6
      vertex -7.50739 -2.73629 0.889999
      vertex -7.39104 -3.06147 0
    endloop
  endfacet
  facet normal -0.941547 -0.336883 2.86682e-07
    outer loop
      vertex -7.50739 -2.73629 0.889999
      vertex -7.39104 -3.06147 6
      vertex -7.65552 -2.32228 6
    endloop
  endfacet
  facet normal -0.903986 0.427562 0
    outer loop
      vertex -7.39104 45.0615 0
      vertex -7.05537 45.7712 6
      vertex -7.05537 45.7712 0
    endloop
  endfacet
  facet normal -0.903986 0.427562 0
    outer loop
      vertex -7.05537 45.7712 6
      vertex -7.39104 45.0615 0
      vertex -7.39104 45.0615 6
    endloop
  endfacet
  facet normal 0.243027 0.970019 -0
    outer loop
      vertex 2.32228 49.6555 0
      vertex 1.56072 49.8463 6
      vertex 2.32228 49.6555 6
    endloop
  endfacet
  facet normal 0.243027 0.970019 0
    outer loop
      vertex 1.56072 49.8463 6
      vertex 2.32228 49.6555 0
      vertex 1.56072 49.8463 0
    endloop
  endfacet
  facet normal -0.998795 0.0490672 0
    outer loop
      vertex -8 42 0
      vertex -7.96148 42.7841 6
      vertex -7.96148 42.7841 0
    endloop
  endfacet
  facet normal -0.998795 0.0490672 0
    outer loop
      vertex -7.96148 42.7841 6
      vertex -8 42 0
      vertex -8 42 6
    endloop
  endfacet
  facet normal -0.970035 0.242967 0
    outer loop
      vertex -7.84628 43.5607 0
      vertex -7.65552 44.3223 6
      vertex -7.65552 44.3223 0
    endloop
  endfacet
  facet normal -0.970035 0.242967 0
    outer loop
      vertex -7.65552 44.3223 6
      vertex -7.84628 43.5607 0
      vertex -7.84628 43.5607 6
    endloop
  endfacet
  facet normal 0.242979 -0.970032 0
    outer loop
      vertex 1.56072 -7.84628 0.889999
      vertex 2.32228 -7.65552 6
      vertex 1.56072 -7.84628 6
    endloop
  endfacet
  facet normal 0.242979 -0.970032 0
    outer loop
      vertex 2.32228 -7.65552 6
      vertex 1.56072 -7.84628 0.889999
      vertex 2.32228 -7.65552 0.889999
    endloop
  endfacet
  facet normal 0.970032 -0.242979 0
    outer loop
      vertex 7.65552 -2.32228 6
      vertex 7.84628 -1.56072 0.889999
      vertex 7.84628 -1.56072 6
    endloop
  endfacet
  facet normal 0.970032 -0.242979 0
    outer loop
      vertex 7.84628 -1.56072 0.889999
      vertex 7.65552 -2.32228 6
      vertex 7.65552 -2.32228 0.889999
    endloop
  endfacet
  facet normal 0 0 -1
    outer loop
      vertex -0.7 -7.96561 0
      vertex -0.784137 -7.96148 0
      vertex -0.7 -7.4 0
    endloop
  endfacet
  facet normal -0 0 -1
    outer loop
      vertex 1.38471 -7.87239 0
      vertex 0.784137 -7.96148 0
      vertex 1.23911 -7.32902 0
    endloop
  endfacet
  facet normal -0 0 -1
    outer loop
      vertex 3.37367 -7.24337 0
      vertex 3.06147 -7.39104 0
      vertex 3.09378 -6.75859 0
    endloop
  endfacet
  facet normal 0 0 -1
    outer loop
      vertex 5.72756 -4.73761 0
      vertex 6.18408 -5.07515 0
      vertex 6.12751 -5.13756 0
    endloop
  endfacet
  facet normal 0 0 -1
    outer loop
      vertex 6.18408 -5.07515 0
      vertex 6.05859 -4.30622 0
      vertex 6.54576 -4.58748 0
    endloop
  endfacet
  facet normal 0 0 -1
    outer loop
      vertex 2.025 -3.5074 0
      vertex 6.05859 -4.30622 0
      vertex 5.72756 -4.73761 0
    endloop
  endfacet
  facet normal 0 0 -1
    outer loop
      vertex 6.18408 -5.07515 0
      vertex 5.72756 -4.73761 0
      vertex 6.05859 -4.30622 0
    endloop
  endfacet
  facet normal 0 0 -1
    outer loop
      vertex 6.75859 -3.09378 0
      vertex 7.39104 -3.06147 0
      vertex 7.24337 -3.37367 0
    endloop
  endfacet
  facet normal 0 0 -1
    outer loop
      vertex 7.39104 -3.06147 0
      vertex 6.96668 -2.59141 0
      vertex 7.50739 -2.73629 0
    endloop
  endfacet
  facet normal -0 0 -1
    outer loop
      vertex 6.96668 -2.59141 0
      vertex 6.75859 -3.09378 0
      vertex 6.96668 2.59141 0
    endloop
  endfacet
  facet normal -0 0 -1
    outer loop
      vertex 7.39104 -3.06147 0
      vertex 6.75859 -3.09378 0
      vertex 6.96668 -2.59141 0
    endloop
  endfacet
  facet normal 0 0 -1
    outer loop
      vertex 7.32902 -1.23911 0
      vertex 7.96148 -0.784137 0
      vertex 7.87239 -1.38471 0
    endloop
  endfacet
  facet normal 0 0 -1
    outer loop
      vertex 7.96148 -0.784137 0
      vertex 7.4 -0.7 0
      vertex 7.96561 -0.7 0
    endloop
  endfacet
  facet normal -0 0 -1
    outer loop
      vertex 7.4 -0.7 0
      vertex 7.32902 -1.23911 0
      vertex 7.4 0.7 0
    endloop
  endfacet
  facet normal -0 0 -1
    outer loop
      vertex 7.96148 -0.784137 0
      vertex 7.32902 -1.23911 0
      vertex 7.4 -0.7 0
    endloop
  endfacet
  facet normal 0 0 -1
    outer loop
      vertex 7.32902 1.23911 0
      vertex 8 0.7 0
      vertex 7.4 0.7 0
    endloop
  endfacet
  facet normal 0 0 -1
    outer loop
      vertex 8 0.7 0
      vertex 7.32902 1.23911 0
      vertex 8 1.4189 0
    endloop
  endfacet
  facet normal 0 0 -1
    outer loop
      vertex 7.32902 -1.23911 0
      vertex 7.32902 1.23911 0
      vertex 7.4 0.7 0
    endloop
  endfacet
  facet normal 0 0 -1
    outer loop
      vertex 6.96668 -2.59141 0
      vertex 7.32902 1.23911 0
      vertex 7.32902 -1.23911 0
    endloop
  endfacet
  facet normal -0 0 -1
    outer loop
      vertex 7.32902 1.23911 0
      vertex 6.96668 -2.59141 0
      vertex 6.96668 2.59141 0
    endloop
  endfacet
  facet normal 0 0 -1
    outer loop
      vertex 6.75859 3.09378 0
      vertex 8 2.86829 0
      vertex 6.96668 2.59141 0
    endloop
  endfacet
  facet normal 0 0 -1
    outer loop
      vertex 8 2.86829 0
      vertex 6.75859 3.09378 0
      vertex 8 3.81051 0
    endloop
  endfacet
  facet normal 0 0 -1
    outer loop
      vertex 6.75859 -3.09378 0
      vertex 6.75859 3.09378 0
      vertex 6.96668 2.59141 0
    endloop
  endfacet
  facet normal 0 0 -1
    outer loop
      vertex 6.05859 -4.30622 0
      vertex 6.75859 3.09378 0
      vertex 6.75859 -3.09378 0
    endloop
  endfacet
  facet normal -0 0 -1
    outer loop
      vertex 6.75859 3.09378 0
      vertex 6.05859 -4.30622 0
      vertex 6.05859 4.30622 0
    endloop
  endfacet
  facet normal 0 0 -1
    outer loop
      vertex 8 5.42709 0
      vertex 7.99031 7.00036 0
      vertex 8 42 0
    endloop
  endfacet
  facet normal 0 0 -1
    outer loop
      vertex 5.72756 4.73761 0
      vertex 8 5.42709 0
      vertex 6.05859 4.30622 0
    endloop
  endfacet
  facet normal -0 0 -1
    outer loop
      vertex 8 5.42709 0
      vertex 5.72756 4.73761 0
      vertex 7.99031 7.00036 0
    endloop
  endfacet
  facet normal 0 0 -1
    outer loop
      vertex 6.05859 -4.30622 0
      vertex 4.05 0 0
      vertex 6.05859 4.30622 0
    endloop
  endfacet
  facet normal 0 0 -1
    outer loop
      vertex 2.025 -3.5074 0
      vertex 5.72756 -4.73761 0
      vertex 4.73761 -5.72756 0
    endloop
  endfacet
  facet normal 0 0 -1
    outer loop
      vertex 2.025 3.5074 0
      vertex 6.05859 4.30622 0
      vertex 4.05 0 0
    endloop
  endfacet
  facet normal 0 0 -1
    outer loop
      vertex 7.00036 7.99031 0
      vertex 8 42 0
      vertex 7.99031 7.00036 0
    endloop
  endfacet
  facet normal 0 0 -1
    outer loop
      vertex 5.90622 8.82987 0
      vertex 8 42 0
      vertex 7.00036 7.99031 0
    endloop
  endfacet
  facet normal 0 0 -1
    outer loop
      vertex 4.69378 9.52987 0
      vertex 8 42 0
      vertex 5.90622 8.82987 0
    endloop
  endfacet
  facet normal 0 0 -1
    outer loop
      vertex 3.41963 10.0576 0
      vertex 8 42 0
      vertex 4.69378 9.52987 0
    endloop
  endfacet
  facet normal 0 0 -1
    outer loop
      vertex 2.06733 10.42 0
      vertex 8 42 0
      vertex 3.41963 10.0576 0
    endloop
  endfacet
  facet normal 0 -0 -1
    outer loop
      vertex 2.68932 44.4063 0
      vertex 8 42 0
      vertex 2.06733 10.42 0
    endloop
  endfacet
  facet normal -0 -0 -1
    outer loop
      vertex 3.10777 44.3558 0
      vertex 8 42 0
      vertex 2.89731 44.3708 0
    endloop
  endfacet
  facet normal 0 -0 -1
    outer loop
      vertex 3.52801 44.388 0
      vertex 8 42 0
      vertex 3.31868 44.3616 0
    endloop
  endfacet
  facet normal 0 0 -1
    outer loop
      vertex 7.65552 44.3223 0
      vertex 4.78649 45.1055 0
      vertex 7.39104 45.0615 0
    endloop
  endfacet
  facet normal 0 0 -1
    outer loop
      vertex 4.73761 5.72756 0
      vertex 5.90622 8.82987 0
      vertex 7.00036 7.99031 0
    endloop
  endfacet
  facet normal 0 0 -1
    outer loop
      vertex 2.025 -3.5074 0
      vertex 4.73761 -5.72756 0
      vertex 4.30622 -6.05859 0
    endloop
  endfacet
  facet normal 0 0 -1
    outer loop
      vertex 4.73761 5.72756 0
      vertex 4.30622 6.05859 0
      vertex 5.90622 8.82987 0
    endloop
  endfacet
  facet normal -0 0 -1
    outer loop
      vertex 6.05859 4.30622 0
      vertex 2.025 3.5074 0
      vertex 5.72756 4.73761 0
    endloop
  endfacet
  facet normal -0 0 -1
    outer loop
      vertex 5.72756 4.73761 0
      vertex 2.025 3.5074 0
      vertex 4.73761 5.72756 0
    endloop
  endfacet
  facet normal 0 0 -1
    outer loop
      vertex 2.025 -3.5074 0
      vertex 4.30622 -6.05859 0
      vertex 3.09378 -6.75859 0
    endloop
  endfacet
  facet normal 0 0 -1
    outer loop
      vertex 2.59141 -6.96668 0
      vertex 3.06147 -7.39104 0
      vertex 2.73629 -7.50739 0
    endloop
  endfacet
  facet normal 0 0 -1
    outer loop
      vertex 3.06147 -7.39104 0
      vertex 2.59141 -6.96668 0
      vertex 3.09378 -6.75859 0
    endloop
  endfacet
  facet normal 0 0 -1
    outer loop
      vertex 2.025 -3.5074 0
      vertex 3.09378 -6.75859 0
      vertex 2.59141 -6.96668 0
    endloop
  endfacet
  facet normal 0 0 -1
    outer loop
      vertex 6.05859 -4.30622 0
      vertex 2.025 -3.5074 0
      vertex 4.05 0 0
    endloop
  endfacet
  facet normal 0 0 -1
    outer loop
      vertex 1.23911 -7.32902 0
      vertex 2.025 -3.5074 0
      vertex 2.59141 -6.96668 0
    endloop
  endfacet
  facet normal 0 0 -1
    outer loop
      vertex 0.7 -7.4 0
      vertex 1.23911 -7.32902 0
      vertex 0.784137 -7.96148 0
    endloop
  endfacet
  facet normal 0 0 -1
    outer loop
      vertex 0.7 -7.4 0
      vertex 0.784137 -7.96148 0
      vertex 0.7 -7.96561 0
    endloop
  endfacet
  facet normal -0 0 -1
    outer loop
      vertex 1.23911 -7.32902 0
      vertex 0.7 -7.4 0
      vertex 2.025 -3.5074 0
    endloop
  endfacet
  facet normal 0 0 -1
    outer loop
      vertex -0.7 -7.4 0
      vertex 2.025 -3.5074 0
      vertex 0.7 -7.4 0
    endloop
  endfacet
  facet normal 0 0 -1
    outer loop
      vertex -1.23911 -7.32902 0
      vertex -0.7 -7.4 0
      vertex -0.784137 -7.96148 0
    endloop
  endfacet
  facet normal 0 0 -1
    outer loop
      vertex -2.025 -3.5074 0
      vertex -0.7 -7.4 0
      vertex -1.23911 -7.32902 0
    endloop
  endfacet
  facet normal 0 0 -1
    outer loop
      vertex -0.7 -7.4 0
      vertex -2.025 -3.5074 0
      vertex 2.025 -3.5074 0
    endloop
  endfacet
  facet normal 0 0 -1
    outer loop
      vertex -2.59141 -6.96668 0
      vertex -2.025 -3.5074 0
      vertex -1.23911 -7.32902 0
    endloop
  endfacet
  facet normal 0 0 -1
    outer loop
      vertex -3.06147 -7.39104 0
      vertex -2.59141 -6.96668 0
      vertex -2.73629 -7.50739 0
    endloop
  endfacet
  facet normal -0 0 -1
    outer loop
      vertex -2.59141 -6.96668 0
      vertex -3.06147 -7.39104 0
      vertex -3.09378 -6.75859 0
    endloop
  endfacet
  facet normal 0 0 -1
    outer loop
      vertex -2.59141 -6.96668 0
      vertex -3.09378 -6.75859 0
      vertex -2.025 -3.5074 0
    endloop
  endfacet
  facet normal 0 0 -1
    outer loop
      vertex -4.30622 -6.05859 0
      vertex -2.025 -3.5074 0
      vertex -3.09378 -6.75859 0
    endloop
  endfacet
  facet normal 0 0 -1
    outer loop
      vertex -4.73761 -5.72756 0
      vertex -2.025 -3.5074 0
      vertex -4.30622 -6.05859 0
    endloop
  endfacet
  facet normal -0 0 -1
    outer loop
      vertex 4.73761 5.72756 0
      vertex 2.025 3.5074 0
      vertex 4.30622 6.05859 0
    endloop
  endfacet
  facet normal -0 0 -1
    outer loop
      vertex 4.30622 6.05859 0
      vertex 2.025 3.5074 0
      vertex 3.09378 6.75859 0
    endloop
  endfacet
  facet normal -0 0 -1
    outer loop
      vertex 3.09378 6.75859 0
      vertex 2.025 3.5074 0
      vertex 2.59141 6.96668 0
    endloop
  endfacet
  facet normal 0 0 -1
    outer loop
      vertex 2.025 3.5074 0
      vertex 1.23911 7.32902 0
      vertex 2.59141 6.96668 0
    endloop
  endfacet
  facet normal 0 0 -1
    outer loop
      vertex 1.92148 44.7442 0
      vertex 1.14692 45.1512 0
      vertex 1.20053 45.1275 0
    endloop
  endfacet
  facet normal 0 0 -1
    outer loop
      vertex 2.06733 10.42 0
      vertex 0.7 10.6 0
      vertex 1.14692 45.1512 0
    endloop
  endfacet
  facet normal 0 0 -1
    outer loop
      vertex -2.48582 44.462 0
      vertex 1.14692 45.1512 0
      vertex 0.7 10.6 0
    endloop
  endfacet
  facet normal 0 -0 -1
    outer loop
      vertex -2.28876 44.5374 0
      vertex 1.14692 45.1512 0
      vertex -2.48582 44.462 0
    endloop
  endfacet
  facet normal 0 -0 -1
    outer loop
      vertex -2.10004 44.6318 0
      vertex 1.14692 45.1512 0
      vertex -2.28876 44.5374 0
    endloop
  endfacet
  facet normal 0 -0 -1
    outer loop
      vertex -1.92148 44.7442 0
      vertex 1.14692 45.1512 0
      vertex -2.10004 44.6318 0
    endloop
  endfacet
  facet normal -0 0 -1
    outer loop
      vertex 1.14692 45.1512 0
      vertex -1.92148 44.7442 0
      vertex 1.09065 45.1675 0
    endloop
  endfacet
  facet normal 0 0 -1
    outer loop
      vertex -2.48582 44.462 0
      vertex 0.7 10.6 0
      vertex -0.7 10.6 0
    endloop
  endfacet
  facet normal 0 0 -1
    outer loop
      vertex 0.7 10.6 0
      vertex 1.23911 7.32902 0
      vertex 0.7 7.4 0
    endloop
  endfacet
  facet normal 0 0 -1
    outer loop
      vertex 2.025 3.5074 0
      vertex 0.7 7.4 0
      vertex 1.23911 7.32902 0
    endloop
  endfacet
  facet normal 0 0 -1
    outer loop
      vertex 2.025 3.5074 0
      vertex -0.7 7.4 0
      vertex 0.7 7.4 0
    endloop
  endfacet
  facet normal 0 0 -1
    outer loop
      vertex -2.06733 10.42 0
      vertex -0.7 10.6 0
      vertex -0.7 7.4 0
    endloop
  endfacet
  facet normal 0 0 -1
    outer loop
      vertex -8 42 0
      vertex -0.7 10.6 0
      vertex -2.06733 10.42 0
    endloop
  endfacet
  facet normal 0 0 -1
    outer loop
      vertex 0.979445 45.2036 0
      vertex 0.867043 45.2359 0
      vertex 0.924318 45.2235 0
    endloop
  endfacet
  facet normal -0 0 -1
    outer loop
      vertex 0.867043 45.2359 0
      vertex -1.92148 44.7442 0
      vertex -0.753586 45.2641 0
    endloop
  endfacet
  facet normal 0 -0 -1
    outer loop
      vertex -0.867043 45.2359 0
      vertex -0.753586 45.2641 0
      vertex -1.92148 44.7442 0
    endloop
  endfacet
  facet normal 0 0 -1
    outer loop
      vertex -0.753586 45.2641 0
      vertex -0.867043 45.2359 0
      vertex -0.811259 45.2538 0
    endloop
  endfacet
  facet normal 0 -0 -1
    outer loop
      vertex -0.979445 45.2036 0
      vertex -0.867043 45.2359 0
      vertex -1.92148 44.7442 0
    endloop
  endfacet
  facet normal 0 0 -1
    outer loop
      vertex -0.867043 45.2359 0
      vertex -0.979445 45.2036 0
      vertex -0.924318 45.2235 0
    endloop
  endfacet
  facet normal 0 -0 -1
    outer loop
      vertex -1.09065 45.1675 0
      vertex -0.979445 45.2036 0
      vertex -1.92148 44.7442 0
    endloop
  endfacet
  facet normal 0 0 -1
    outer loop
      vertex -2.06733 10.42 0
      vertex -0.7 7.4 0
      vertex -1.23911 7.32902 0
    endloop
  endfacet
  facet normal 0 0 -1
    outer loop
      vertex -2.025 3.5074 0
      vertex -0.7 7.4 0
      vertex 2.025 3.5074 0
    endloop
  endfacet
  facet normal 0 0 -1
    outer loop
      vertex -0.7 7.4 0
      vertex -2.025 3.5074 0
      vertex -1.23911 7.32902 0
    endloop
  endfacet
  facet normal 0 0 -1
    outer loop
      vertex -2.025 3.5074 0
      vertex -2.59141 6.96668 0
      vertex -1.23911 7.32902 0
    endloop
  endfacet
  facet normal 0 0 -1
    outer loop
      vertex -2.025 3.5074 0
      vertex -3.09378 6.75859 0
      vertex -2.59141 6.96668 0
    endloop
  endfacet
  facet normal 0 0 -1
    outer loop
      vertex -6.05859 4.30622 0
      vertex -2.025 3.5074 0
      vertex -4.05 0 0
    endloop
  endfacet
  facet normal 0 0 -1
    outer loop
      vertex -2.025 3.5074 0
      vertex -4.30622 6.05859 0
      vertex -3.09378 6.75859 0
    endloop
  endfacet
  facet normal 0 0 -1
    outer loop
      vertex -5.72756 -4.73761 0
      vertex -2.025 -3.5074 0
      vertex -4.73761 -5.72756 0
    endloop
  endfacet
  facet normal 0 0 -1
    outer loop
      vertex -5.07515 -6.18408 0
      vertex -4.30622 -6.05859 0
      vertex -4.58748 -6.54576 0
    endloop
  endfacet
  facet normal 0 0 -1
    outer loop
      vertex -6.05859 -4.30622 0
      vertex -2.025 -3.5074 0
      vertex -5.72756 -4.73761 0
    endloop
  endfacet
  facet normal 0 0 -1
    outer loop
      vertex -2.025 3.5074 0
      vertex -4.73761 5.72756 0
      vertex -4.30622 6.05859 0
    endloop
  endfacet
  facet normal 0 0 -1
    outer loop
      vertex -4.73761 5.72756 0
      vertex -5.90622 8.82987 0
      vertex -4.30622 6.05859 0
    endloop
  endfacet
  facet normal -0 0 -1
    outer loop
      vertex -5.30416 46.4584 0
      vertex -6.65176 46.4446 0
      vertex -6.18408 47.0751 0
    endloop
  endfacet
  facet normal 0 0 -1
    outer loop
      vertex -7.00036 7.99031 0
      vertex -5.90622 8.82987 0
      vertex -4.73761 5.72756 0
    endloop
  endfacet
  facet normal 0 0 -1
    outer loop
      vertex -8 42 0
      vertex -5.90622 8.82987 0
      vertex -7.00036 7.99031 0
    endloop
  endfacet
  facet normal 0 -0 -1
    outer loop
      vertex -7.84628 43.5607 0
      vertex -4.30986 44.692 0
      vertex -7.96148 42.7841 0
    endloop
  endfacet
  facet normal 0 0 -1
    outer loop
      vertex -4.48204 44.814 0
      vertex -7.05537 45.7712 0
      vertex -6.65176 46.4446 0
    endloop
  endfacet
  facet normal 0 0 -1
    outer loop
      vertex -4.48204 44.814 0
      vertex -7.39104 45.0615 0
      vertex -7.05537 45.7712 0
    endloop
  endfacet
  facet normal -0 0 -1
    outer loop
      vertex -4.48204 44.814 0
      vertex -7.65552 44.3223 0
      vertex -7.39104 45.0615 0
    endloop
  endfacet
  facet normal 0 0 -1
    outer loop
      vertex -4.48204 44.814 0
      vertex -7.84628 43.5607 0
      vertex -7.65552 44.3223 0
    endloop
  endfacet
  facet normal 0 0 -1
    outer loop
      vertex -8 42 0
      vertex -7.00036 7.99031 0
      vertex -7.99031 7.00036 0
    endloop
  endfacet
  facet normal 0 0 -1
    outer loop
      vertex -8 42 0
      vertex -7.99031 7.00036 0
      vertex -8 5.42709 0
    endloop
  endfacet
  facet normal -0 0 -1
    outer loop
      vertex -4.30986 44.692 0
      vertex -7.84628 43.5607 0
      vertex -4.48204 44.814 0
    endloop
  endfacet
  facet normal 0 -0 -1
    outer loop
      vertex 3.93391 44.5015 0
      vertex 8 42 0
      vertex 3.73375 44.4348 0
    endloop
  endfacet
  facet normal 0 -0 -1
    outer loop
      vertex 4.12657 44.5875 0
      vertex 8 42 0
      vertex 3.93391 44.5015 0
    endloop
  endfacet
  facet normal 0 -0 -1
    outer loop
      vertex 3.73375 44.4348 0
      vertex 8 42 0
      vertex 3.52801 44.388 0
    endloop
  endfacet
  facet normal 0 -0 -1
    outer loop
      vertex 3.31868 44.3616 0
      vertex 8 42 0
      vertex 3.10777 44.3558 0
    endloop
  endfacet
  facet normal 0 0 -1
    outer loop
      vertex 8 42 0
      vertex 2.68932 44.4063 0
      vertex 2.89731 44.3708 0
    endloop
  endfacet
  facet normal -0 0 -1
    outer loop
      vertex 2.68932 44.4063 0
      vertex 2.06733 10.42 0
      vertex 2.48582 44.462 0
    endloop
  endfacet
  facet normal -0 0 -1
    outer loop
      vertex 2.48582 44.462 0
      vertex 2.06733 10.42 0
      vertex 2.28876 44.5374 0
    endloop
  endfacet
  facet normal -0 0 -1
    outer loop
      vertex 2.28876 44.5374 0
      vertex 2.06733 10.42 0
      vertex 2.10004 44.6318 0
    endloop
  endfacet
  facet normal 0 0 -1
    outer loop
      vertex 1.14692 45.1512 0
      vertex 2.10004 44.6318 0
      vertex 2.06733 10.42 0
    endloop
  endfacet
  facet normal 0 0 -1
    outer loop
      vertex 1.14692 45.1512 0
      vertex 1.92148 44.7442 0
      vertex 2.10004 44.6318 0
    endloop
  endfacet
  facet normal -0 -0 -1
    outer loop
      vertex 1.82454 44.8095 0
      vertex 1.92148 44.7442 0
      vertex 1.20053 45.1275 0
    endloop
  endfacet
  facet normal 0 0 -1
    outer loop
      vertex 1.92148 44.7442 0
      vertex 1.82454 44.8095 0
      vertex 1.87519 44.7801 0
    endloop
  endfacet
  facet normal -0 -0 -1
    outer loop
      vertex 1.72538 44.8715 0
      vertex 1.82454 44.8095 0
      vertex 1.20053 45.1275 0
    endloop
  endfacet
  facet normal 0 0 -1
    outer loop
      vertex 1.82454 44.8095 0
      vertex 1.72538 44.8715 0
      vertex 1.77702 44.8438 0
    endloop
  endfacet
  facet normal 0 0 -1
    outer loop
      vertex 1.72538 44.8715 0
      vertex 1.62411 44.93 0
      vertex 1.67669 44.9041 0
    endloop
  endfacet
  facet normal 0 0 -1
    outer loop
      vertex 1.72538 44.8715 0
      vertex 1.20053 45.1275 0
      vertex 1.62411 44.93 0
    endloop
  endfacet
  facet normal 0 0 -1
    outer loop
      vertex 1.62411 44.93 0
      vertex 1.52087 44.9849 0
      vertex 1.57432 44.9609 0
    endloop
  endfacet
  facet normal 0 0 -1
    outer loop
      vertex 1.62411 44.93 0
      vertex 1.20053 45.1275 0
      vertex 1.52087 44.9849 0
    endloop
  endfacet
  facet normal 0 0 -1
    outer loop
      vertex 1.52087 44.9849 0
      vertex 1.41577 45.0361 0
      vertex 1.47002 45.014 0
    endloop
  endfacet
  facet normal 0 0 -1
    outer loop
      vertex 1.52087 44.9849 0
      vertex 1.20053 45.1275 0
      vertex 1.41577 45.0361 0
    endloop
  endfacet
  facet normal 0 0 -1
    outer loop
      vertex 1.41577 45.0361 0
      vertex 1.30895 45.0837 0
      vertex 1.36395 45.0635 0
    endloop
  endfacet
  facet normal 0 0 -1
    outer loop
      vertex 1.41577 45.0361 0
      vertex 1.20053 45.1275 0
      vertex 1.30895 45.0837 0
    endloop
  endfacet
  facet normal 0 0 -1
    outer loop
      vertex 0.7 10.6 0
      vertex 2.06733 10.42 0
      vertex 1.23911 7.32902 0
    endloop
  endfacet
  facet normal 0 0 -1
    outer loop
      vertex 1.30895 45.0837 0
      vertex 1.20053 45.1275 0
      vertex 1.2562 45.1092 0
    endloop
  endfacet
  facet normal -0 -0 -1
    outer loop
      vertex 0.753586 45.2641 0
      vertex 0.867043 45.2359 0
      vertex -0.753586 45.2641 0
    endloop
  endfacet
  facet normal 0 0 -1
    outer loop
      vertex 0.867043 45.2359 0
      vertex 0.753586 45.2641 0
      vertex 0.811259 45.2538 0
    endloop
  endfacet
  facet normal 0 -0 -1
    outer loop
      vertex 0.63921 45.2885 0
      vertex 0.753586 45.2641 0
      vertex -0.753586 45.2641 0
    endloop
  endfacet
  facet normal 0 0 -1
    outer loop
      vertex 0.753586 45.2641 0
      vertex 0.63921 45.2885 0
      vertex 0.69721 45.2801 0
    endloop
  endfacet
  facet normal 0 -0 -1
    outer loop
      vertex 0.524055 45.3088 0
      vertex 0.63921 45.2885 0
      vertex -0.753586 45.2641 0
    endloop
  endfacet
  facet normal 0 0 -1
    outer loop
      vertex 0.63921 45.2885 0
      vertex 0.524055 45.3088 0
      vertex 0.582304 45.3024 0
    endloop
  endfacet
  facet normal 0 -0 -1
    outer loop
      vertex 0.408262 45.325 0
      vertex 0.524055 45.3088 0
      vertex -0.753586 45.2641 0
    endloop
  endfacet
  facet normal 0 0 -1
    outer loop
      vertex 0.524055 45.3088 0
      vertex 0.408262 45.325 0
      vertex 0.466701 45.3208 0
    endloop
  endfacet
  facet normal 0 -0 -1
    outer loop
      vertex 0.291971 45.3372 0
      vertex 0.408262 45.325 0
      vertex -0.753586 45.2641 0
    endloop
  endfacet
  facet normal 0 0 -1
    outer loop
      vertex 0.408262 45.325 0
      vertex 0.291971 45.3372 0
      vertex 0.350526 45.335 0
    endloop
  endfacet
  facet normal 0 -0 -1
    outer loop
      vertex 0.175325 45.3454 0
      vertex 0.291971 45.3372 0
      vertex -0.753586 45.2641 0
    endloop
  endfacet
  facet normal 0 0 -1
    outer loop
      vertex 0.291971 45.3372 0
      vertex 0.175325 45.3454 0
      vertex 0.23392 45.3452 0
    endloop
  endfacet
  facet normal 0 -0 -1
    outer loop
      vertex 0.058465 45.3495 0
      vertex 0.175325 45.3454 0
      vertex -0.753586 45.2641 0
    endloop
  endfacet
  facet normal 0 0 -1
    outer loop
      vertex 0.175325 45.3454 0
      vertex 0.058465 45.3495 0
      vertex 0.117032 45.3513 0
    endloop
  endfacet
  facet normal 0 -0 -1
    outer loop
      vertex -0.058465 45.3495 0
      vertex 0.058465 45.3495 0
      vertex -0.753586 45.2641 0
    endloop
  endfacet
  facet normal 0 0 -1
    outer loop
      vertex 0.058465 45.3495 0
      vertex -0.058465 45.3495 0
      vertex 0 45.3534 0
    endloop
  endfacet
  facet normal 0 -0 -1
    outer loop
      vertex -0.175325 45.3454 0
      vertex -0.058465 45.3495 0
      vertex -0.753586 45.2641 0
    endloop
  endfacet
  facet normal -0 0 -1
    outer loop
      vertex -0.058465 45.3495 0
      vertex -0.175325 45.3454 0
      vertex -0.117032 45.3513 0
    endloop
  endfacet
  facet normal 0 0 -1
    outer loop
      vertex -0.175325 45.3454 0
      vertex -0.291971 45.3372 0
      vertex -0.23392 45.3452 0
    endloop
  endfacet
  facet normal 0 0 -1
    outer loop
      vertex -0.175325 45.3454 0
      vertex -0.753586 45.2641 0
      vertex -0.291971 45.3372 0
    endloop
  endfacet
  facet normal 0 0 -1
    outer loop
      vertex -0.291971 45.3372 0
      vertex -0.408262 45.325 0
      vertex -0.350526 45.335 0
    endloop
  endfacet
  facet normal 0 0 -1
    outer loop
      vertex -0.291971 45.3372 0
      vertex -0.753586 45.2641 0
      vertex -0.408262 45.325 0
    endloop
  endfacet
  facet normal 0 0 -1
    outer loop
      vertex -0.408262 45.325 0
      vertex -0.524055 45.3088 0
      vertex -0.466701 45.3208 0
    endloop
  endfacet
  facet normal 0 0 -1
    outer loop
      vertex -0.408262 45.325 0
      vertex -0.753586 45.2641 0
      vertex -0.524055 45.3088 0
    endloop
  endfacet
  facet normal 0 0 -1
    outer loop
      vertex -0.524055 45.3088 0
      vertex -0.63921 45.2885 0
      vertex -0.582304 45.3024 0
    endloop
  endfacet
  facet normal 0 0 -1
    outer loop
      vertex -0.524055 45.3088 0
      vertex -0.753586 45.2641 0
      vertex -0.63921 45.2885 0
    endloop
  endfacet
  facet normal 0 -0 -1
    outer loop
      vertex 0.979445 45.2036 0
      vertex 1.09065 45.1675 0
      vertex -1.92148 44.7442 0
    endloop
  endfacet
  facet normal 0 0 -1
    outer loop
      vertex -0.63921 45.2885 0
      vertex -0.753586 45.2641 0
      vertex -0.69721 45.2801 0
    endloop
  endfacet
  facet normal 0 0 -1
    outer loop
      vertex -7.4 -0.7 0
      vertex -4.05 0 0
      vertex -7.32902 -1.23911 0
    endloop
  endfacet
  facet normal 0 0 -1
    outer loop
      vertex -4.05 0 0
      vertex -7.32902 1.23911 0
      vertex -6.96668 2.59141 0
    endloop
  endfacet
  facet normal 0 0 -1
    outer loop
      vertex -7.4 0.7 0
      vertex -4.05 0 0
      vertex -7.4 -0.7 0
    endloop
  endfacet
  facet normal 0 0 -1
    outer loop
      vertex -7.96148 -0.784137 0
      vertex -7.32902 -1.23911 0
      vertex -7.87239 -1.38471 0
    endloop
  endfacet
  facet normal 0 0 -1
    outer loop
      vertex -7.32902 -1.23911 0
      vertex -7.96148 -0.784137 0
      vertex -7.4 -0.7 0
    endloop
  endfacet
  facet normal -0 0 -1
    outer loop
      vertex -7.4 -0.7 0
      vertex -7.96148 -0.784137 0
      vertex -7.96561 -0.7 0
    endloop
  endfacet
  facet normal 0 0 -1
    outer loop
      vertex -6.96668 -2.59141 0
      vertex -4.05 0 0
      vertex -6.75859 -3.09378 0
    endloop
  endfacet
  facet normal 0 0 -1
    outer loop
      vertex -4.05 0 0
      vertex -6.75859 3.09378 0
      vertex -6.05859 4.30622 0
    endloop
  endfacet
  facet normal 0 0 -1
    outer loop
      vertex -7.32902 -1.23911 0
      vertex -4.05 0 0
      vertex -6.96668 -2.59141 0
    endloop
  endfacet
  facet normal 0 0 -1
    outer loop
      vertex -7.39104 -3.06147 0
      vertex -6.75859 -3.09378 0
      vertex -7.24337 -3.37367 0
    endloop
  endfacet
  facet normal 0 0 -1
    outer loop
      vertex -6.75859 -3.09378 0
      vertex -7.39104 -3.06147 0
      vertex -6.96668 -2.59141 0
    endloop
  endfacet
  facet normal 0 0 -1
    outer loop
      vertex -6.96668 -2.59141 0
      vertex -7.39104 -3.06147 0
      vertex -7.50739 -2.73629 0
    endloop
  endfacet
  facet normal -0 0 -1
    outer loop
      vertex -2.025 -3.5074 0
      vertex -6.05859 -4.30622 0
      vertex -4.05 0 0
    endloop
  endfacet
  facet normal 0 0 -1
    outer loop
      vertex -2.025 3.5074 0
      vertex -5.72756 4.73761 0
      vertex -4.73761 5.72756 0
    endloop
  endfacet
  facet normal 0 0 -1
    outer loop
      vertex -6.75859 -3.09378 0
      vertex -4.05 0 0
      vertex -6.05859 -4.30622 0
    endloop
  endfacet
  facet normal 0 0 -1
    outer loop
      vertex -6.18408 -5.07515 0
      vertex -5.72756 -4.73761 0
      vertex -6.12751 -5.13756 0
    endloop
  endfacet
  facet normal -0 0 -1
    outer loop
      vertex -5.72756 -4.73761 0
      vertex -6.18408 -5.07515 0
      vertex -6.05859 -4.30622 0
    endloop
  endfacet
  facet normal 0 0 -1
    outer loop
      vertex -6.05859 -4.30622 0
      vertex -6.18408 -5.07515 0
      vertex -6.54576 -4.58748 0
    endloop
  endfacet
  facet normal -0 0 -1
    outer loop
      vertex -4.30622 -6.05859 0
      vertex -5.07515 -6.18408 0
      vertex -4.73761 -5.72756 0
    endloop
  endfacet
  facet normal 0 0 -1
    outer loop
      vertex -4.73761 -5.72756 0
      vertex -5.07515 -6.18408 0
      vertex -5.13756 -6.12751 0
    endloop
  endfacet
  facet normal 0 0 -1
    outer loop
      vertex -2.025 3.5074 0
      vertex -6.05859 4.30622 0
      vertex -5.72756 4.73761 0
    endloop
  endfacet
  facet normal 0 0 -1
    outer loop
      vertex -8 5.42709 0
      vertex -5.72756 4.73761 0
      vertex -6.05859 4.30622 0
    endloop
  endfacet
  facet normal 0 0 -1
    outer loop
      vertex -5.72756 4.73761 0
      vertex -8 5.42709 0
      vertex -7.99031 7.00036 0
    endloop
  endfacet
  facet normal 0 0 -1
    outer loop
      vertex -4.05 0 0
      vertex -6.96668 2.59141 0
      vertex -6.75859 3.09378 0
    endloop
  endfacet
  facet normal 0 0 -1
    outer loop
      vertex -8 2.86829 0
      vertex -6.75859 3.09378 0
      vertex -6.96668 2.59141 0
    endloop
  endfacet
  facet normal -0 0 -1
    outer loop
      vertex -6.75859 3.09378 0
      vertex -8 2.86829 0
      vertex -8 3.81051 0
    endloop
  endfacet
  facet normal 0 0 -1
    outer loop
      vertex -4.05 0 0
      vertex -7.4 0.7 0
      vertex -7.32902 1.23911 0
    endloop
  endfacet
  facet normal 0 0 -1
    outer loop
      vertex -8 0.7 0
      vertex -7.32902 1.23911 0
      vertex -7.4 0.7 0
    endloop
  endfacet
  facet normal -0 0 -1
    outer loop
      vertex -7.32902 1.23911 0
      vertex -8 0.7 0
      vertex -8 1.4189 0
    endloop
  endfacet
  facet normal 0 0 -1
    outer loop
      vertex -3.06147 -7.39104 0
      vertex -3.37367 -7.24337 0
      vertex -3.09378 -6.75859 0
    endloop
  endfacet
  facet normal 0 0 -1
    outer loop
      vertex -0.784137 -7.96148 0
      vertex -1.38471 -7.87239 0
      vertex -1.23911 -7.32902 0
    endloop
  endfacet
  facet normal 0 0 -1
    outer loop
      vertex -0.979445 45.2036 0
      vertex -1.09065 45.1675 0
      vertex -1.03625 45.1893 0
    endloop
  endfacet
  facet normal 0 -0 -1
    outer loop
      vertex -1.20053 45.1275 0
      vertex -1.09065 45.1675 0
      vertex -1.92148 44.7442 0
    endloop
  endfacet
  facet normal 0 0 -1
    outer loop
      vertex -1.09065 45.1675 0
      vertex -1.20053 45.1275 0
      vertex -1.14692 45.1512 0
    endloop
  endfacet
  facet normal 0 0 -1
    outer loop
      vertex -1.20053 45.1275 0
      vertex -1.30895 45.0837 0
      vertex -1.2562 45.1092 0
    endloop
  endfacet
  facet normal 0 0 -1
    outer loop
      vertex -1.20053 45.1275 0
      vertex -1.92148 44.7442 0
      vertex -1.30895 45.0837 0
    endloop
  endfacet
  facet normal 0 0 -1
    outer loop
      vertex -1.30895 45.0837 0
      vertex -1.41577 45.0361 0
      vertex -1.36395 45.0635 0
    endloop
  endfacet
  facet normal 0 0 -1
    outer loop
      vertex -1.41577 45.0361 0
      vertex -1.52087 44.9849 0
      vertex -1.47002 45.014 0
    endloop
  endfacet
  facet normal 0 0 -1
    outer loop
      vertex -1.41577 45.0361 0
      vertex -1.92148 44.7442 0
      vertex -1.52087 44.9849 0
    endloop
  endfacet
  facet normal 0 0 -1
    outer loop
      vertex -1.52087 44.9849 0
      vertex -1.62411 44.93 0
      vertex -1.57432 44.9609 0
    endloop
  endfacet
  facet normal 0 0 -1
    outer loop
      vertex -1.52087 44.9849 0
      vertex -1.92148 44.7442 0
      vertex -1.62411 44.93 0
    endloop
  endfacet
  facet normal 0 0 -1
    outer loop
      vertex -1.62411 44.93 0
      vertex -1.72538 44.8715 0
      vertex -1.67669 44.9041 0
    endloop
  endfacet
  facet normal 0 0 -1
    outer loop
      vertex -1.62411 44.93 0
      vertex -1.92148 44.7442 0
      vertex -1.72538 44.8715 0
    endloop
  endfacet
  facet normal 0 0 -1
    outer loop
      vertex -1.72538 44.8715 0
      vertex -1.82454 44.8095 0
      vertex -1.77702 44.8438 0
    endloop
  endfacet
  facet normal 0 0 -1
    outer loop
      vertex -1.72538 44.8715 0
      vertex -1.92148 44.7442 0
      vertex -1.82454 44.8095 0
    endloop
  endfacet
  facet normal 0 0 -1
    outer loop
      vertex -1.82454 44.8095 0
      vertex -1.92148 44.7442 0
      vertex -1.87519 44.7801 0
    endloop
  endfacet
  facet normal 0 0 -1
    outer loop
      vertex -1.30895 45.0837 0
      vertex -1.92148 44.7442 0
      vertex -1.41577 45.0361 0
    endloop
  endfacet
  facet normal 0 -0 -1
    outer loop
      vertex 0.867043 45.2359 0
      vertex 0.979445 45.2036 0
      vertex -1.92148 44.7442 0
    endloop
  endfacet
  facet normal 0 0 -1
    outer loop
      vertex 1.09065 45.1675 0
      vertex 0.979445 45.2036 0
      vertex 1.03625 45.1893 0
    endloop
  endfacet
  facet normal 0 0 -1
    outer loop
      vertex -0.7 10.6 0
      vertex -2.68932 44.4063 0
      vertex -2.48582 44.462 0
    endloop
  endfacet
  facet normal 0 0 -1
    outer loop
      vertex -0.7 10.6 0
      vertex -8 42 0
      vertex -2.68932 44.4063 0
    endloop
  endfacet
  facet normal 0 0 -1
    outer loop
      vertex -2.68932 44.4063 0
      vertex -8 42 0
      vertex -2.89731 44.3708 0
    endloop
  endfacet
  facet normal 0 0 -1
    outer loop
      vertex -2.89731 44.3708 0
      vertex -8 42 0
      vertex -3.10777 44.3558 0
    endloop
  endfacet
  facet normal 0 0 -1
    outer loop
      vertex -8 42 0
      vertex -2.06733 10.42 0
      vertex -3.41963 10.0576 0
    endloop
  endfacet
  facet normal -0 0 -1
    outer loop
      vertex -3.10777 44.3558 0
      vertex -8 42 0
      vertex -3.31868 44.3616 0
    endloop
  endfacet
  facet normal 0 0 -1
    outer loop
      vertex -3.09378 6.75859 0
      vertex -3.41963 10.0576 0
      vertex -2.59141 6.96668 0
    endloop
  endfacet
  facet normal -0 0 -1
    outer loop
      vertex -3.31868 44.3616 0
      vertex -8 42 0
      vertex -3.52801 44.388 0
    endloop
  endfacet
  facet normal -0 0 -1
    outer loop
      vertex -3.52801 44.388 0
      vertex -8 42 0
      vertex -3.73375 44.4348 0
    endloop
  endfacet
  facet normal 0 0 -1
    outer loop
      vertex -8 42 0
      vertex -3.41963 10.0576 0
      vertex -4.69378 9.52987 0
    endloop
  endfacet
  facet normal -0 0 -1
    outer loop
      vertex -3.73375 44.4348 0
      vertex -8 42 0
      vertex -3.93391 44.5015 0
    endloop
  endfacet
  facet normal -0 0 -1
    outer loop
      vertex -3.93391 44.5015 0
      vertex -8 42 0
      vertex -4.12657 44.5875 0
    endloop
  endfacet
  facet normal 0 0 -1
    outer loop
      vertex -8 42 0
      vertex -4.69378 9.52987 0
      vertex -5.90622 8.82987 0
    endloop
  endfacet
  facet normal 0 0 -1
    outer loop
      vertex -4.69378 9.52987 0
      vertex -3.41963 10.0576 0
      vertex -3.09378 6.75859 0
    endloop
  endfacet
  facet normal 0 -0 -1
    outer loop
      vertex -7.96148 42.7841 0
      vertex -4.12657 44.5875 0
      vertex -8 42 0
    endloop
  endfacet
  facet normal -0 0 -1
    outer loop
      vertex -4.12657 44.5875 0
      vertex -7.96148 42.7841 0
      vertex -4.30986 44.692 0
    endloop
  endfacet
  facet normal 0 0 -1
    outer loop
      vertex -4.48204 44.814 0
      vertex -6.65176 46.4446 0
      vertex -4.64142 44.9523 0
    endloop
  endfacet
  facet normal 0 0 -1
    outer loop
      vertex -4.64142 44.9523 0
      vertex -6.65176 46.4446 0
      vertex -4.78649 45.1055 0
    endloop
  endfacet
  facet normal 0 0 -1
    outer loop
      vertex -4.78649 45.1055 0
      vertex -6.65176 46.4446 0
      vertex -4.91585 45.2721 0
    endloop
  endfacet
  facet normal 0 0 -1
    outer loop
      vertex -6.65176 46.4446 0
      vertex -5.02824 45.4507 0
      vertex -4.91585 45.2721 0
    endloop
  endfacet
  facet normal 0 0 -1
    outer loop
      vertex -6.65176 46.4446 0
      vertex -5.12259 45.6394 0
      vertex -5.02824 45.4507 0
    endloop
  endfacet
  facet normal 0 0 -1
    outer loop
      vertex -6.65176 46.4446 0
      vertex -5.19799 45.8365 0
      vertex -5.12259 45.6394 0
    endloop
  endfacet
  facet normal 0 0 -1
    outer loop
      vertex -6.65176 46.4446 0
      vertex -5.25371 46.04 0
      vertex -5.19799 45.8365 0
    endloop
  endfacet
  facet normal 0 0 -1
    outer loop
      vertex -6.65176 46.4446 0
      vertex -5.28921 46.248 0
      vertex -5.25371 46.04 0
    endloop
  endfacet
  facet normal 0 0 -1
    outer loop
      vertex -6.65176 46.4446 0
      vertex -5.30416 46.4584 0
      vertex -5.28921 46.248 0
    endloop
  endfacet
  facet normal 0 0 -1
    outer loop
      vertex -5.30416 46.4584 0
      vertex -6.18408 47.0751 0
      vertex -5.65685 47.6569 0
    endloop
  endfacet
  facet normal 0 0 -1
    outer loop
      vertex 5.07515 -6.18408 0
      vertex 4.73761 -5.72756 0
      vertex 5.13756 -6.12751 0
    endloop
  endfacet
  facet normal 0 0 -1
    outer loop
      vertex 5.07515 -6.18408 0
      vertex 4.30622 -6.05859 0
      vertex 4.73761 -5.72756 0
    endloop
  endfacet
  facet normal 0 0 -1
    outer loop
      vertex 4.30622 -6.05859 0
      vertex 5.07515 -6.18408 0
      vertex 4.58748 -6.54576 0
    endloop
  endfacet
  facet normal 0 -0 -1
    outer loop
      vertex 5.12259 45.6394 0
      vertex 7.05537 45.7712 0
      vertex 5.02824 45.4507 0
    endloop
  endfacet
  facet normal 0 -0 -1
    outer loop
      vertex 5.30416 46.4584 0
      vertex 6.65176 46.4446 0
      vertex 5.28921 46.248 0
    endloop
  endfacet
  facet normal 0 0 -1
    outer loop
      vertex 5.2984 46.6693 0
      vertex 6.18408 47.0751 0
      vertex 5.30416 46.4584 0
    endloop
  endfacet
  facet normal 0 0 -1
    outer loop
      vertex 6.65176 46.4446 0
      vertex 5.30416 46.4584 0
      vertex 6.18408 47.0751 0
    endloop
  endfacet
  facet normal 0 -0 -1
    outer loop
      vertex 5.28921 46.248 0
      vertex 6.65176 46.4446 0
      vertex 5.25371 46.04 0
    endloop
  endfacet
  facet normal 0 -0 -1
    outer loop
      vertex 5.25371 46.04 0
      vertex 6.65176 46.4446 0
      vertex 5.19799 45.8365 0
    endloop
  endfacet
  facet normal 0 0 -1
    outer loop
      vertex 7.05537 45.7712 0
      vertex 5.19799 45.8365 0
      vertex 6.65176 46.4446 0
    endloop
  endfacet
  facet normal 0 -0 -1
    outer loop
      vertex 5.19799 45.8365 0
      vertex 7.05537 45.7712 0
      vertex 5.12259 45.6394 0
    endloop
  endfacet
  facet normal 0 0 -1
    outer loop
      vertex 7.39104 45.0615 0
      vertex 5.02824 45.4507 0
      vertex 7.05537 45.7712 0
    endloop
  endfacet
  facet normal 0 -0 -1
    outer loop
      vertex 4.64142 44.9523 0
      vertex 7.84628 43.5607 0
      vertex 4.48204 44.814 0
    endloop
  endfacet
  facet normal 0 -0 -1
    outer loop
      vertex 5.02824 45.4507 0
      vertex 7.39104 45.0615 0
      vertex 4.91585 45.2721 0
    endloop
  endfacet
  facet normal 0 -0 -1
    outer loop
      vertex 4.91585 45.2721 0
      vertex 7.39104 45.0615 0
      vertex 4.78649 45.1055 0
    endloop
  endfacet
  facet normal 0 -0 -1
    outer loop
      vertex 4.78649 45.1055 0
      vertex 7.65552 44.3223 0
      vertex 4.64142 44.9523 0
    endloop
  endfacet
  facet normal 0 0 -1
    outer loop
      vertex 7.84628 43.5607 0
      vertex 4.64142 44.9523 0
      vertex 7.65552 44.3223 0
    endloop
  endfacet
  facet normal 0 -0 -1
    outer loop
      vertex 4.48204 44.814 0
      vertex 7.84628 43.5607 0
      vertex 4.30986 44.692 0
    endloop
  endfacet
  facet normal 0 -0 -1
    outer loop
      vertex 4.30986 44.692 0
      vertex 7.96148 42.7841 0
      vertex 4.12657 44.5875 0
    endloop
  endfacet
  facet normal 0 0 -1
    outer loop
      vertex 7.96148 42.7841 0
      vertex 4.30986 44.692 0
      vertex 7.84628 43.5607 0
    endloop
  endfacet
  facet normal 0 0 -1
    outer loop
      vertex 8 42 0
      vertex 4.12657 44.5875 0
      vertex 7.96148 42.7841 0
    endloop
  endfacet
  facet normal 0 0 -1
    outer loop
      vertex 3.09378 6.75859 0
      vertex 3.41963 10.0576 0
      vertex 4.69378 9.52987 0
    endloop
  endfacet
  facet normal 0 0 -1
    outer loop
      vertex 3.41963 10.0576 0
      vertex 3.09378 6.75859 0
      vertex 2.59141 6.96668 0
    endloop
  endfacet
  facet normal 0 0 -1
    outer loop
      vertex 5.27201 46.8787 0
      vertex 6.18408 47.0751 0
      vertex 5.2984 46.6693 0
    endloop
  endfacet
  facet normal 0 0 -1
    outer loop
      vertex 5.22522 47.0844 0
      vertex 6.18408 47.0751 0
      vertex 5.27201 46.8787 0
    endloop
  endfacet
  facet normal 0 0 -1
    outer loop
      vertex 6.18408 47.0751 0
      vertex 5.22522 47.0844 0
      vertex 5.65685 47.6569 0
    endloop
  endfacet
  facet normal 0 0 -1
    outer loop
      vertex 5.15849 47.2846 0
      vertex 5.65685 47.6569 0
      vertex 5.22522 47.0844 0
    endloop
  endfacet
  facet normal 0 0 -1
    outer loop
      vertex 5.07246 47.4772 0
      vertex 5.65685 47.6569 0
      vertex 5.15849 47.2846 0
    endloop
  endfacet
  facet normal 0 0 -1
    outer loop
      vertex 4.96796 47.6605 0
      vertex 5.65685 47.6569 0
      vertex 5.07246 47.4772 0
    endloop
  endfacet
  facet normal 0 0 -1
    outer loop
      vertex 5.65685 47.6569 0
      vertex 4.96796 47.6605 0
      vertex 5.07515 48.1841 0
    endloop
  endfacet
  facet normal 0 0 -1
    outer loop
      vertex 4.846 47.8327 0
      vertex 5.07515 48.1841 0
      vertex 4.96796 47.6605 0
    endloop
  endfacet
  facet normal 0 0 -1
    outer loop
      vertex 4.70775 47.9921 0
      vertex 5.07515 48.1841 0
      vertex 4.846 47.8327 0
    endloop
  endfacet
  facet normal 0 0 -1
    outer loop
      vertex 4.55455 48.1372 0
      vertex 5.07515 48.1841 0
      vertex 4.70775 47.9921 0
    endloop
  endfacet
  facet normal 0 0 -1
    outer loop
      vertex 4.55455 48.1372 0
      vertex 4.44456 48.6518 0
      vertex 5.07515 48.1841 0
    endloop
  endfacet
  facet normal 0 0 -1
    outer loop
      vertex 4.38786 48.2665 0
      vertex 4.44456 48.6518 0
      vertex 4.55455 48.1372 0
    endloop
  endfacet
  facet normal 0 0 -1
    outer loop
      vertex 4.27481 48.3377 0
      vertex 4.44456 48.6518 0
      vertex 4.38786 48.2665 0
    endloop
  endfacet
  facet normal 0 0 -1
    outer loop
      vertex 4.16649 48.4158 0
      vertex 4.44456 48.6518 0
      vertex 4.27481 48.3377 0
    endloop
  endfacet
  facet normal 0 0 -1
    outer loop
      vertex 4.05102 48.483 0
      vertex 4.44456 48.6518 0
      vertex 4.16649 48.4158 0
    endloop
  endfacet
  facet normal 0 0 -1
    outer loop
      vertex 3.94004 48.5573 0
      vertex 4.44456 48.6518 0
      vertex 4.05102 48.483 0
    endloop
  endfacet
  facet normal 0 0 -1
    outer loop
      vertex 3.77117 49.0554 0
      vertex 3.94004 48.5573 0
      vertex 3.8223 48.6204 0
    endloop
  endfacet
  facet normal 0 0 -1
    outer loop
      vertex 3.94004 48.5573 0
      vertex 3.77117 49.0554 0
      vertex 4.44456 48.6518 0
    endloop
  endfacet
  facet normal 0 0 -1
    outer loop
      vertex 3.70879 48.6908 0
      vertex 3.77117 49.0554 0
      vertex 3.8223 48.6204 0
    endloop
  endfacet
  facet normal 0 0 -1
    outer loop
      vertex 3.58893 48.7498 0
      vertex 3.77117 49.0554 0
      vertex 3.70879 48.6908 0
    endloop
  endfacet
  facet normal 0 0 -1
    outer loop
      vertex 3.47303 48.8162 0
      vertex 3.77117 49.0554 0
      vertex 3.58893 48.7498 0
    endloop
  endfacet
  facet normal 0 0 -1
    outer loop
      vertex 3.35118 48.8709 0
      vertex 3.77117 49.0554 0
      vertex 3.47303 48.8162 0
    endloop
  endfacet
  facet normal 0 0 -1
    outer loop
      vertex 3.23303 48.9333 0
      vertex 3.77117 49.0554 0
      vertex 3.35118 48.8709 0
    endloop
  endfacet
  facet normal 0 0 -1
    outer loop
      vertex 3.06147 49.391 0
      vertex 3.23303 48.9333 0
      vertex 3.10934 48.9837 0
    endloop
  endfacet
  facet normal 0 0 -1
    outer loop
      vertex 3.23303 48.9333 0
      vertex 3.06147 49.391 0
      vertex 3.77117 49.0554 0
    endloop
  endfacet
  facet normal 0 0 -1
    outer loop
      vertex 2.98909 49.0419 0
      vertex 3.06147 49.391 0
      vertex 3.10934 48.9837 0
    endloop
  endfacet
  facet normal 0 0 -1
    outer loop
      vertex 2.86372 49.088 0
      vertex 3.06147 49.391 0
      vertex 2.98909 49.0419 0
    endloop
  endfacet
  facet normal 0 0 -1
    outer loop
      vertex 2.74151 49.1419 0
      vertex 3.06147 49.391 0
      vertex 2.86372 49.088 0
    endloop
  endfacet
  facet normal 0 0 -1
    outer loop
      vertex 2.61461 49.1836 0
      vertex 3.06147 49.391 0
      vertex 2.74151 49.1419 0
    endloop
  endfacet
  facet normal 0 0 -1
    outer loop
      vertex 2.32228 49.6555 0
      vertex 2.61461 49.1836 0
      vertex 2.4906 49.2332 0
    endloop
  endfacet
  facet normal 0 0 -1
    outer loop
      vertex 2.32228 49.6555 0
      vertex 2.4906 49.2332 0
      vertex 2.36232 49.2705 0
    endloop
  endfacet
  facet normal 0 0 -1
    outer loop
      vertex 2.61461 49.1836 0
      vertex 2.32228 49.6555 0
      vertex 3.06147 49.391 0
    endloop
  endfacet
  facet normal 0 0 -1
    outer loop
      vertex 2.23664 49.3157 0
      vertex 2.32228 49.6555 0
      vertex 2.36232 49.2705 0
    endloop
  endfacet
  facet normal 0 0 -1
    outer loop
      vertex 2.10713 49.3485 0
      vertex 2.32228 49.6555 0
      vertex 2.23664 49.3157 0
    endloop
  endfacet
  facet normal 0 0 -1
    outer loop
      vertex 1.97997 49.3893 0
      vertex 2.32228 49.6555 0
      vertex 2.10713 49.3485 0
    endloop
  endfacet
  facet normal 0 0 -1
    outer loop
      vertex 1.8494 49.4175 0
      vertex 2.32228 49.6555 0
      vertex 1.97997 49.3893 0
    endloop
  endfacet
  facet normal 0 0 -1
    outer loop
      vertex 1.56072 49.8463 0
      vertex 1.8494 49.4175 0
      vertex 1.72087 49.4539 0
    endloop
  endfacet
  facet normal 0 0 -1
    outer loop
      vertex 1.56072 49.8463 0
      vertex 1.72087 49.4539 0
      vertex 1.5894 49.4776 0
    endloop
  endfacet
  facet normal 0 0 -1
    outer loop
      vertex 1.8494 49.4175 0
      vertex 1.56072 49.8463 0
      vertex 2.32228 49.6555 0
    endloop
  endfacet
  facet normal 0 0 -1
    outer loop
      vertex 1.45969 49.5094 0
      vertex 1.56072 49.8463 0
      vertex 1.5894 49.4776 0
    endloop
  endfacet
  facet normal 0 0 -1
    outer loop
      vertex 1.32748 49.5285 0
      vertex 1.56072 49.8463 0
      vertex 1.45969 49.5094 0
    endloop
  endfacet
  facet normal 0 0 -1
    outer loop
      vertex 1.19672 49.5558 0
      vertex 1.56072 49.8463 0
      vertex 1.32748 49.5285 0
    endloop
  endfacet
  facet normal 0 0 -1
    outer loop
      vertex 0.784137 49.9615 0
      vertex 1.19672 49.5558 0
      vertex 1.06392 49.5702 0
    endloop
  endfacet
  facet normal 0 0 -1
    outer loop
      vertex 0.784137 49.9615 0
      vertex 1.06392 49.5702 0
      vertex 0.9323 49.593 0
    endloop
  endfacet
  facet normal 0 0 -1
    outer loop
      vertex 0.784137 49.9615 0
      vertex 0.9323 49.593 0
      vertex 0.799082 49.6027 0
    endloop
  endfacet
  facet normal 0 0 -1
    outer loop
      vertex 1.19672 49.5558 0
      vertex 0.784137 49.9615 0
      vertex 1.56072 49.8463 0
    endloop
  endfacet
  facet normal 0 0 -1
    outer loop
      vertex 0.666741 49.6209 0
      vertex 0.784137 49.9615 0
      vertex 0.799082 49.6027 0
    endloop
  endfacet
  facet normal 0 0 -1
    outer loop
      vertex 0.533266 49.626 0
      vertex 0.784137 49.9615 0
      vertex 0.666741 49.6209 0
    endloop
  endfacet
  facet normal 0 0 -1
    outer loop
      vertex 0.40037 49.6395 0
      vertex 0.784137 49.9615 0
      vertex 0.533266 49.626 0
    endloop
  endfacet
  facet normal 0 0 -1
    outer loop
      vertex 0 50 0
      vertex 0.40037 49.6395 0
      vertex 0.266789 49.64 0
    endloop
  endfacet
  facet normal 0 0 -1
    outer loop
      vertex 0 50 0
      vertex 0.266789 49.64 0
      vertex 0.133511 49.6488 0
    endloop
  endfacet
  facet normal 0 0 -1
    outer loop
      vertex 0 50 0
      vertex 0.133511 49.6488 0
      vertex 0 49.6446 0
    endloop
  endfacet
  facet normal 0 0 -1
    outer loop
      vertex 0.40037 49.6395 0
      vertex 0 50 0
      vertex 0.784137 49.9615 0
    endloop
  endfacet
  facet normal 0 0 -1
    outer loop
      vertex -0.133511 49.6488 0
      vertex 0 50 0
      vertex 0 49.6446 0
    endloop
  endfacet
  facet normal 0 0 -1
    outer loop
      vertex -0.266789 49.64 0
      vertex 0 50 0
      vertex -0.133511 49.6488 0
    endloop
  endfacet
  facet normal 0 0 -1
    outer loop
      vertex -0.40037 49.6395 0
      vertex 0 50 0
      vertex -0.266789 49.64 0
    endloop
  endfacet
  facet normal 0 0 -1
    outer loop
      vertex -0.784137 49.9615 0
      vertex -0.40037 49.6395 0
      vertex -0.533266 49.626 0
    endloop
  endfacet
  facet normal 0 0 -1
    outer loop
      vertex -0.784137 49.9615 0
      vertex -0.533266 49.626 0
      vertex -0.666741 49.6209 0
    endloop
  endfacet
  facet normal 0 0 -1
    outer loop
      vertex -0.40037 49.6395 0
      vertex -0.784137 49.9615 0
      vertex 0 50 0
    endloop
  endfacet
  facet normal 0 0 -1
    outer loop
      vertex -0.799082 49.6027 0
      vertex -0.784137 49.9615 0
      vertex -0.666741 49.6209 0
    endloop
  endfacet
  facet normal 0 0 -1
    outer loop
      vertex -0.9323 49.593 0
      vertex -0.784137 49.9615 0
      vertex -0.799082 49.6027 0
    endloop
  endfacet
  facet normal 0 0 -1
    outer loop
      vertex -1.06392 49.5702 0
      vertex -0.784137 49.9615 0
      vertex -0.9323 49.593 0
    endloop
  endfacet
  facet normal 0 0 -1
    outer loop
      vertex -1.19672 49.5558 0
      vertex -0.784137 49.9615 0
      vertex -1.06392 49.5702 0
    endloop
  endfacet
  facet normal 0 0 -1
    outer loop
      vertex -1.56072 49.8463 0
      vertex -1.19672 49.5558 0
      vertex -1.32748 49.5285 0
    endloop
  endfacet
  facet normal 0 0 -1
    outer loop
      vertex -1.56072 49.8463 0
      vertex -1.32748 49.5285 0
      vertex -1.45969 49.5094 0
    endloop
  endfacet
  facet normal 0 0 -1
    outer loop
      vertex -1.19672 49.5558 0
      vertex -1.56072 49.8463 0
      vertex -0.784137 49.9615 0
    endloop
  endfacet
  facet normal 0 0 -1
    outer loop
      vertex -1.5894 49.4776 0
      vertex -1.56072 49.8463 0
      vertex -1.45969 49.5094 0
    endloop
  endfacet
  facet normal 0 0 -1
    outer loop
      vertex -1.72087 49.4539 0
      vertex -1.56072 49.8463 0
      vertex -1.5894 49.4776 0
    endloop
  endfacet
  facet normal 0 0 -1
    outer loop
      vertex -1.8494 49.4175 0
      vertex -1.56072 49.8463 0
      vertex -1.72087 49.4539 0
    endloop
  endfacet
  facet normal 0 0 -1
    outer loop
      vertex -2.32228 49.6555 0
      vertex -1.8494 49.4175 0
      vertex -1.97997 49.3893 0
    endloop
  endfacet
  facet normal 0 0 -1
    outer loop
      vertex -2.32228 49.6555 0
      vertex -1.97997 49.3893 0
      vertex -2.10713 49.3485 0
    endloop
  endfacet
  facet normal 0 0 -1
    outer loop
      vertex -2.32228 49.6555 0
      vertex -2.10713 49.3485 0
      vertex -2.23664 49.3157 0
    endloop
  endfacet
  facet normal 0 0 -1
    outer loop
      vertex -1.8494 49.4175 0
      vertex -2.32228 49.6555 0
      vertex -1.56072 49.8463 0
    endloop
  endfacet
  facet normal 0 0 -1
    outer loop
      vertex -2.36232 49.2705 0
      vertex -2.32228 49.6555 0
      vertex -2.23664 49.3157 0
    endloop
  endfacet
  facet normal 0 0 -1
    outer loop
      vertex -2.4906 49.2332 0
      vertex -2.32228 49.6555 0
      vertex -2.36232 49.2705 0
    endloop
  endfacet
  facet normal 0 0 -1
    outer loop
      vertex -2.61461 49.1836 0
      vertex -2.32228 49.6555 0
      vertex -2.4906 49.2332 0
    endloop
  endfacet
  facet normal 0 0 -1
    outer loop
      vertex -3.06147 49.391 0
      vertex -2.61461 49.1836 0
      vertex -2.74151 49.1419 0
    endloop
  endfacet
  facet normal 0 0 -1
    outer loop
      vertex -3.06147 49.391 0
      vertex -2.74151 49.1419 0
      vertex -2.86372 49.088 0
    endloop
  endfacet
  facet normal 0 0 -1
    outer loop
      vertex -3.06147 49.391 0
      vertex -2.86372 49.088 0
      vertex -2.98909 49.0419 0
    endloop
  endfacet
  facet normal 0 0 -1
    outer loop
      vertex -2.61461 49.1836 0
      vertex -3.06147 49.391 0
      vertex -2.32228 49.6555 0
    endloop
  endfacet
  facet normal 0 0 -1
    outer loop
      vertex -3.10934 48.9837 0
      vertex -3.06147 49.391 0
      vertex -2.98909 49.0419 0
    endloop
  endfacet
  facet normal 0 0 -1
    outer loop
      vertex -3.23303 48.9333 0
      vertex -3.06147 49.391 0
      vertex -3.10934 48.9837 0
    endloop
  endfacet
  facet normal 0 0 -1
    outer loop
      vertex -3.77117 49.0554 0
      vertex -3.23303 48.9333 0
      vertex -3.35118 48.8709 0
    endloop
  endfacet
  facet normal 0 0 -1
    outer loop
      vertex -3.77117 49.0554 0
      vertex -3.35118 48.8709 0
      vertex -3.47303 48.8162 0
    endloop
  endfacet
  facet normal 0 0 -1
    outer loop
      vertex -3.77117 49.0554 0
      vertex -3.47303 48.8162 0
      vertex -3.58893 48.7498 0
    endloop
  endfacet
  facet normal 0 0 -1
    outer loop
      vertex -3.77117 49.0554 0
      vertex -3.58893 48.7498 0
      vertex -3.70879 48.6908 0
    endloop
  endfacet
  facet normal 0 0 -1
    outer loop
      vertex -3.23303 48.9333 0
      vertex -3.77117 49.0554 0
      vertex -3.06147 49.391 0
    endloop
  endfacet
  facet normal 0 0 -1
    outer loop
      vertex -3.8223 48.6204 0
      vertex -3.77117 49.0554 0
      vertex -3.70879 48.6908 0
    endloop
  endfacet
  facet normal 0 0 -1
    outer loop
      vertex -3.94004 48.5573 0
      vertex -3.77117 49.0554 0
      vertex -3.8223 48.6204 0
    endloop
  endfacet
  facet normal 0 0 -1
    outer loop
      vertex -4.44456 48.6518 0
      vertex -3.94004 48.5573 0
      vertex -4.05102 48.483 0
    endloop
  endfacet
  facet normal 0 0 -1
    outer loop
      vertex -4.44456 48.6518 0
      vertex -4.05102 48.483 0
      vertex -4.16649 48.4158 0
    endloop
  endfacet
  facet normal 0 0 -1
    outer loop
      vertex -4.44456 48.6518 0
      vertex -4.16649 48.4158 0
      vertex -4.27481 48.3377 0
    endloop
  endfacet
  facet normal 0 0 -1
    outer loop
      vertex -4.44456 48.6518 0
      vertex -4.27481 48.3377 0
      vertex -4.38786 48.2665 0
    endloop
  endfacet
  facet normal 0 0 -1
    outer loop
      vertex -3.94004 48.5573 0
      vertex -4.44456 48.6518 0
      vertex -3.77117 49.0554 0
    endloop
  endfacet
  facet normal 0 0 -1
    outer loop
      vertex -4.55455 48.1372 0
      vertex -4.44456 48.6518 0
      vertex -4.38786 48.2665 0
    endloop
  endfacet
  facet normal 0 0 -1
    outer loop
      vertex -5.07515 48.1841 0
      vertex -4.55455 48.1372 0
      vertex -4.70775 47.9921 0
    endloop
  endfacet
  facet normal 0 0 -1
    outer loop
      vertex -5.07515 48.1841 0
      vertex -4.70775 47.9921 0
      vertex -4.846 47.8327 0
    endloop
  endfacet
  facet normal 0 0 -1
    outer loop
      vertex -5.07515 48.1841 0
      vertex -4.846 47.8327 0
      vertex -4.96796 47.6605 0
    endloop
  endfacet
  facet normal 0 0 -1
    outer loop
      vertex -5.65685 47.6569 0
      vertex -4.96796 47.6605 0
      vertex -5.07246 47.4772 0
    endloop
  endfacet
  facet normal 0 0 -1
    outer loop
      vertex -4.55455 48.1372 0
      vertex -5.07515 48.1841 0
      vertex -4.44456 48.6518 0
    endloop
  endfacet
  facet normal 0 0 -1
    outer loop
      vertex -5.65685 47.6569 0
      vertex -5.07246 47.4772 0
      vertex -5.15849 47.2846 0
    endloop
  endfacet
  facet normal 0 0 -1
    outer loop
      vertex -5.65685 47.6569 0
      vertex -5.15849 47.2846 0
      vertex -5.22522 47.0844 0
    endloop
  endfacet
  facet normal 0 0 -1
    outer loop
      vertex -5.65685 47.6569 0
      vertex -5.22522 47.0844 0
      vertex -5.27201 46.8787 0
    endloop
  endfacet
  facet normal -0 0 -1
    outer loop
      vertex -4.96796 47.6605 0
      vertex -5.65685 47.6569 0
      vertex -5.07515 48.1841 0
    endloop
  endfacet
  facet normal 0 0 -1
    outer loop
      vertex -5.2984 46.6693 0
      vertex -5.65685 47.6569 0
      vertex -5.27201 46.8787 0
    endloop
  endfacet
  facet normal 0 0 -1
    outer loop
      vertex -5.65685 47.6569 0
      vertex -5.2984 46.6693 0
      vertex -5.30416 46.4584 0
    endloop
  endfacet
  facet normal 0.941548 0.336879 0
    outer loop
      vertex 7.65552 44.3223 6
      vertex 7.39104 45.0615 0
      vertex 7.39104 45.0615 6
    endloop
  endfacet
  facet normal 0.941548 0.336879 0
    outer loop
      vertex 7.39104 45.0615 0
      vertex 7.65552 44.3223 6
      vertex 7.65552 44.3223 0
    endloop
  endfacet
  facet normal 0.989176 -0.146736 0
    outer loop
      vertex 7.96148 -0.784137 6
      vertex 7.87239 -1.38471 0.889999
      vertex 7.96148 -0.784137 0
    endloop
  endfacet
  facet normal 0.989176 -0.146736 5.73638e-08
    outer loop
      vertex 7.84628 -1.56072 6
      vertex 7.87239 -1.38471 0.889999
      vertex 7.96148 -0.784137 6
    endloop
  endfacet
  facet normal 0.989175 -0.146738 0
    outer loop
      vertex 7.87239 -1.38471 0.889999
      vertex 7.84628 -1.56072 6
      vertex 7.84628 -1.56072 0.889999
    endloop
  endfacet
  facet normal 0.989176 -0.146736 0
    outer loop
      vertex 7.96148 -0.784137 0
      vertex 7.87239 -1.38471 0.889999
      vertex 7.87239 -1.38471 0
    endloop
  endfacet
  facet normal 0.427562 -0.903986 -1.30242e-06
    outer loop
      vertex 3.06147 -7.39104 6
      vertex 3.37367 -7.24337 0.889999
      vertex 3.77117 -7.05537 6
    endloop
  endfacet
  facet normal 0.42758 -0.903978 0
    outer loop
      vertex 3.06147 -7.39104 0
      vertex 3.37367 -7.24337 0.889999
      vertex 3.06147 -7.39104 6
    endloop
  endfacet
  facet normal 0.42758 -0.903978 0
    outer loop
      vertex 3.37367 -7.24337 0.889999
      vertex 3.06147 -7.39104 0
      vertex 3.37367 -7.24337 0
    endloop
  endfacet
  facet normal 0.427549 -0.903992 0
    outer loop
      vertex 3.77117 -7.05537 6
      vertex 3.37367 -7.24337 0.889999
      vertex 3.77117 -7.05537 0.889999
    endloop
  endfacet
  facet normal 0.336879 -0.941548 0
    outer loop
      vertex 2.73629 -7.50739 0.889999
      vertex 2.32228 -7.65552 6
      vertex 2.32228 -7.65552 0.889999
    endloop
  endfacet
  facet normal 0.336883 -0.941547 2.86682e-07
    outer loop
      vertex 2.32228 -7.65552 6
      vertex 2.73629 -7.50739 0.889999
      vertex 3.06147 -7.39104 6
    endloop
  endfacet
  facet normal 0.336887 -0.941545 0
    outer loop
      vertex 3.06147 -7.39104 0
      vertex 2.73629 -7.50739 0.889999
      vertex 2.73629 -7.50739 0
    endloop
  endfacet
  facet normal 0.336887 -0.941545 0
    outer loop
      vertex 2.73629 -7.50739 0.889999
      vertex 3.06147 -7.39104 0
      vertex 3.06147 -7.39104 6
    endloop
  endfacet
  facet normal 0.671564 -0.740946 -5.84459e-07
    outer loop
      vertex 5.07515 -6.18408 6
      vertex 5.13756 -6.12751 0.889999
      vertex 5.65685 -5.65685 6
    endloop
  endfacet
  facet normal 0.671591 -0.740922 0
    outer loop
      vertex 5.07515 -6.18408 0
      vertex 5.13756 -6.12751 0.889999
      vertex 5.07515 -6.18408 6
    endloop
  endfacet
  facet normal 0.671591 -0.740922 0
    outer loop
      vertex 5.13756 -6.12751 0.889999
      vertex 5.07515 -6.18408 0
      vertex 5.13756 -6.12751 0
    endloop
  endfacet
  facet normal 0.671561 -0.740949 0
    outer loop
      vertex 5.65685 -5.65685 6
      vertex 5.13756 -6.12751 0.889999
      vertex 5.65685 -5.65685 0.889999
    endloop
  endfacet
  facet normal -0.671561 -0.740949 0
    outer loop
      vertex -5.13756 -6.12751 0.889999
      vertex -5.65685 -5.65685 6
      vertex -5.65685 -5.65685 0.889999
    endloop
  endfacet
  facet normal -0.671564 -0.740946 -5.84459e-07
    outer loop
      vertex -5.65685 -5.65685 6
      vertex -5.13756 -6.12751 0.889999
      vertex -5.07515 -6.18408 6
    endloop
  endfacet
  facet normal -0.671591 -0.740922 0
    outer loop
      vertex -5.07515 -6.18408 0
      vertex -5.13756 -6.12751 0.889999
      vertex -5.13756 -6.12751 0
    endloop
  endfacet
  facet normal -0.671591 -0.740922 0
    outer loop
      vertex -5.13756 -6.12751 0.889999
      vertex -5.07515 -6.18408 0
      vertex -5.07515 -6.18408 6
    endloop
  endfacet
  facet normal -0.514099 -0.857731 0
    outer loop
      vertex -4.44456 -6.65176 0.889999
      vertex -3.77117 -7.05537 6
      vertex -4.44456 -6.65176 6
    endloop
  endfacet
  facet normal -0.514099 -0.857731 -0
    outer loop
      vertex -3.77117 -7.05537 6
      vertex -4.44456 -6.65176 0.889999
      vertex -3.77117 -7.05537 0.889999
    endloop
  endfacet
  facet normal -0.336883 -0.941547 2.86682e-07
    outer loop
      vertex -3.06147 -7.39104 6
      vertex -2.73629 -7.50739 0.889999
      vertex -2.32228 -7.65552 6
    endloop
  endfacet
  facet normal -0.336887 -0.941545 0
    outer loop
      vertex -3.06147 -7.39104 0
      vertex -2.73629 -7.50739 0.889999
      vertex -3.06147 -7.39104 6
    endloop
  endfacet
  facet normal -0.336887 -0.941545 -0
    outer loop
      vertex -2.73629 -7.50739 0.889999
      vertex -3.06147 -7.39104 0
      vertex -2.73629 -7.50739 0
    endloop
  endfacet
  facet normal -0.336879 -0.941548 -0
    outer loop
      vertex -2.32228 -7.65552 6
      vertex -2.73629 -7.50739 0.889999
      vertex -2.32228 -7.65552 0.889999
    endloop
  endfacet
  facet normal -0.146738 -0.989175 0
    outer loop
      vertex -1.38471 -7.87239 0.889999
      vertex -1.56072 -7.84628 6
      vertex -1.56072 -7.84628 0.889999
    endloop
  endfacet
  facet normal -0.146736 -0.989176 5.73638e-08
    outer loop
      vertex -1.56072 -7.84628 6
      vertex -1.38471 -7.87239 0.889999
      vertex -0.784137 -7.96148 6
    endloop
  endfacet
  facet normal -0.146736 -0.989176 0
    outer loop
      vertex -0.784137 -7.96148 0
      vertex -1.38471 -7.87239 0.889999
      vertex -1.38471 -7.87239 0
    endloop
  endfacet
  facet normal -0.146736 -0.989176 0
    outer loop
      vertex -1.38471 -7.87239 0.889999
      vertex -0.784137 -7.96148 0
      vertex -0.784137 -7.96148 6
    endloop
  endfacet
  facet normal -0.903978 -0.42758 -0
    outer loop
      vertex -7.24337 -3.37367 0.889999
      vertex -7.39104 -3.06147 0
      vertex -7.24337 -3.37367 0
    endloop
  endfacet
  facet normal -0.903978 -0.42758 0
    outer loop
      vertex -7.39104 -3.06147 0
      vertex -7.24337 -3.37367 0.889999
      vertex -7.39104 -3.06147 6
    endloop
  endfacet
  facet normal -0.903992 -0.427549 -0
    outer loop
      vertex -7.05537 -3.77117 6
      vertex -7.24337 -3.37367 0.889999
      vertex -7.05537 -3.77117 0.889999
    endloop
  endfacet
  facet normal -0.903986 -0.427562 -1.30242e-06
    outer loop
      vertex -7.24337 -3.37367 0.889999
      vertex -7.05537 -3.77117 6
      vertex -7.39104 -3.06147 6
    endloop
  endfacet
  facet normal -0.803208 -0.595699 0
    outer loop
      vertex -6.54576 -4.58748 0
      vertex -6.18408 -5.07515 0
      vertex -6.54576 -4.58748 0.889999
    endloop
  endfacet
  facet normal -0.803199 -0.595711 0
    outer loop
      vertex -6.54576 -4.58748 0.889999
      vertex -6.65176 -4.44456 6
      vertex -6.65176 -4.44456 0.889999
    endloop
  endfacet
  facet normal -0.803208 -0.595699 -0
    outer loop
      vertex -6.18408 -5.07515 6
      vertex -6.54576 -4.58748 0.889999
      vertex -6.18408 -5.07515 0
    endloop
  endfacet
  facet normal -0.803206 -0.595701 -4.27338e-07
    outer loop
      vertex -6.54576 -4.58748 0.889999
      vertex -6.18408 -5.07515 6
      vertex -6.65176 -4.44456 6
    endloop
  endfacet
  facet normal -0.970032 -0.242979 0
    outer loop
      vertex -7.65552 -2.32228 0.889999
      vertex -7.84628 -1.56072 6
      vertex -7.84628 -1.56072 0.889999
    endloop
  endfacet
  facet normal -0.970032 -0.242979 0
    outer loop
      vertex -7.84628 -1.56072 6
      vertex -7.65552 -2.32228 0.889999
      vertex -7.65552 -2.32228 6
    endloop
  endfacet
  facet normal -0.998797 -0.0490276 0
    outer loop
      vertex -7.96561 -0.7 0
      vertex -7.96148 -0.784137 0
      vertex -7.96561 -0.7 0.889999
    endloop
  endfacet
  facet normal -0.998795 -0.0490694 0
    outer loop
      vertex -7.96561 -0.7 0.889999
      vertex -8 0 6
      vertex -8 0 0.889999
    endloop
  endfacet
  facet normal -0.998796 -0.0490649 -6.16044e-07
    outer loop
      vertex -7.96561 -0.7 0.889999
      vertex -7.96148 -0.784137 6
      vertex -8 0 6
    endloop
  endfacet
  facet normal -0.998797 -0.0490276 -0
    outer loop
      vertex -7.96148 -0.784137 6
      vertex -7.96561 -0.7 0.889999
      vertex -7.96148 -0.784137 0
    endloop
  endfacet
  facet normal -0.514089 0.857737 0
    outer loop
      vertex -3.77117 49.0554 0
      vertex -4.44456 48.6518 6
      vertex -3.77117 49.0554 6
    endloop
  endfacet
  facet normal -0.514089 0.857737 0
    outer loop
      vertex -4.44456 48.6518 6
      vertex -3.77117 49.0554 0
      vertex -4.44456 48.6518 0
    endloop
  endfacet
  facet normal 0.741004 0.671501 0
    outer loop
      vertex 6.18408 47.0751 6
      vertex 5.65685 47.6569 0
      vertex 5.65685 47.6569 6
    endloop
  endfacet
  facet normal 0.741004 0.671501 0
    outer loop
      vertex 5.65685 47.6569 0
      vertex 6.18408 47.0751 6
      vertex 6.18408 47.0751 0
    endloop
  endfacet
  facet normal 0.998795 -0.0490694 0
    outer loop
      vertex 8 0 6
      vertex 7.96561 -0.7 0.889999
      vertex 8 0 0.889999
    endloop
  endfacet
  facet normal 0.998796 -0.0490649 -6.16044e-07
    outer loop
      vertex 7.96148 -0.784137 6
      vertex 7.96561 -0.7 0.889999
      vertex 8 0 6
    endloop
  endfacet
  facet normal 0.998797 -0.0490276 0
    outer loop
      vertex 7.96148 -0.784137 0
      vertex 7.96561 -0.7 0.889999
      vertex 7.96148 -0.784137 6
    endloop
  endfacet
  facet normal 0.998797 -0.0490276 0
    outer loop
      vertex 7.96561 -0.7 0.889999
      vertex 7.96148 -0.784137 0
      vertex 7.96561 -0.7 0
    endloop
  endfacet
  facet normal 0.941548 -0.336879 0
    outer loop
      vertex 7.65552 -2.32228 6
      vertex 7.50739 -2.73629 0.889999
      vertex 7.65552 -2.32228 0.889999
    endloop
  endfacet
  facet normal 0.941547 -0.336883 2.86682e-07
    outer loop
      vertex 7.39104 -3.06147 6
      vertex 7.50739 -2.73629 0.889999
      vertex 7.65552 -2.32228 6
    endloop
  endfacet
  facet normal 0.941545 -0.336887 0
    outer loop
      vertex 7.39104 -3.06147 0
      vertex 7.50739 -2.73629 0.889999
      vertex 7.39104 -3.06147 6
    endloop
  endfacet
  facet normal 0.941545 -0.336887 0
    outer loop
      vertex 7.50739 -2.73629 0.889999
      vertex 7.39104 -3.06147 0
      vertex 7.50739 -2.73629 0
    endloop
  endfacet
  facet normal 0.146736 -0.989176 5.73638e-08
    outer loop
      vertex 0.784137 -7.96148 6
      vertex 1.38471 -7.87239 0.889999
      vertex 1.56072 -7.84628 6
    endloop
  endfacet
  facet normal 0.146736 -0.989176 0
    outer loop
      vertex 0.784137 -7.96148 0
      vertex 1.38471 -7.87239 0.889999
      vertex 0.784137 -7.96148 6
    endloop
  endfacet
  facet normal 0.146736 -0.989176 0
    outer loop
      vertex 1.38471 -7.87239 0.889999
      vertex 0.784137 -7.96148 0
      vertex 1.38471 -7.87239 0
    endloop
  endfacet
  facet normal 0.146738 -0.989175 0
    outer loop
      vertex 1.56072 -7.84628 6
      vertex 1.38471 -7.87239 0.889999
      vertex 1.56072 -7.84628 0.889999
    endloop
  endfacet
  facet normal 0.0490694 -0.998795 0
    outer loop
      vertex 0.7 -7.96561 0.889999
      vertex 0 -8 6
      vertex 0 -8 0.889999
    endloop
  endfacet
  facet normal 0.0490649 -0.998796 -6.16044e-07
    outer loop
      vertex 0 -8 6
      vertex 0.7 -7.96561 0.889999
      vertex 0.784137 -7.96148 6
    endloop
  endfacet
  facet normal 0.0490276 -0.998797 0
    outer loop
      vertex 0.784137 -7.96148 0
      vertex 0.7 -7.96561 0.889999
      vertex 0.7 -7.96561 0
    endloop
  endfacet
  facet normal 0.0490276 -0.998797 0
    outer loop
      vertex 0.7 -7.96561 0.889999
      vertex 0.784137 -7.96148 0
      vertex 0.784137 -7.96148 6
    endloop
  endfacet
  facet normal 0.740922 -0.671591 0
    outer loop
      vertex 6.18408 -5.07515 6
      vertex 6.12751 -5.13756 0.889999
      vertex 6.18408 -5.07515 0
    endloop
  endfacet
  facet normal 0.740946 -0.671564 -5.84459e-07
    outer loop
      vertex 5.65685 -5.65685 6
      vertex 6.12751 -5.13756 0.889999
      vertex 6.18408 -5.07515 6
    endloop
  endfacet
  facet normal 0.740949 -0.671561 0
    outer loop
      vertex 6.12751 -5.13756 0.889999
      vertex 5.65685 -5.65685 6
      vertex 5.65685 -5.65685 0.889999
    endloop
  endfacet
  facet normal 0.740922 -0.671591 0
    outer loop
      vertex 6.18408 -5.07515 0
      vertex 6.12751 -5.13756 0.889999
      vertex 6.12751 -5.13756 0
    endloop
  endfacet
  facet normal 0.595711 -0.803199 0
    outer loop
      vertex 4.58748 -6.54576 0.889999
      vertex 4.44456 -6.65176 6
      vertex 4.44456 -6.65176 0.889999
    endloop
  endfacet
  facet normal 0.595701 -0.803206 -4.27338e-07
    outer loop
      vertex 4.44456 -6.65176 6
      vertex 4.58748 -6.54576 0.889999
      vertex 5.07515 -6.18408 6
    endloop
  endfacet
  facet normal 0.595699 -0.803208 0
    outer loop
      vertex 5.07515 -6.18408 0
      vertex 4.58748 -6.54576 0.889999
      vertex 4.58748 -6.54576 0
    endloop
  endfacet
  facet normal 0.595699 -0.803208 0
    outer loop
      vertex 4.58748 -6.54576 0.889999
      vertex 5.07515 -6.18408 0
      vertex 5.07515 -6.18408 6
    endloop
  endfacet
  facet normal 0.857731 -0.514099 0
    outer loop
      vertex 6.65176 -4.44456 6
      vertex 7.05537 -3.77117 0.889999
      vertex 7.05537 -3.77117 6
    endloop
  endfacet
  facet normal 0.857731 -0.514099 0
    outer loop
      vertex 7.05537 -3.77117 0.889999
      vertex 6.65176 -4.44456 6
      vertex 6.65176 -4.44456 0.889999
    endloop
  endfacet
  facet normal -0.595701 -0.803206 -4.27338e-07
    outer loop
      vertex -5.07515 -6.18408 6
      vertex -4.58748 -6.54576 0.889999
      vertex -4.44456 -6.65176 6
    endloop
  endfacet
  facet normal -0.595699 -0.803208 0
    outer loop
      vertex -5.07515 -6.18408 0
      vertex -4.58748 -6.54576 0.889999
      vertex -5.07515 -6.18408 6
    endloop
  endfacet
  facet normal -0.595699 -0.803208 -0
    outer loop
      vertex -4.58748 -6.54576 0.889999
      vertex -5.07515 -6.18408 0
      vertex -4.58748 -6.54576 0
    endloop
  endfacet
  facet normal -0.595711 -0.803199 -0
    outer loop
      vertex -4.44456 -6.65176 6
      vertex -4.58748 -6.54576 0.889999
      vertex -4.44456 -6.65176 0.889999
    endloop
  endfacet
  facet normal -0.427549 -0.903992 0
    outer loop
      vertex -3.37367 -7.24337 0.889999
      vertex -3.77117 -7.05537 6
      vertex -3.77117 -7.05537 0.889999
    endloop
  endfacet
  facet normal -0.427562 -0.903986 -1.30242e-06
    outer loop
      vertex -3.77117 -7.05537 6
      vertex -3.37367 -7.24337 0.889999
      vertex -3.06147 -7.39104 6
    endloop
  endfacet
  facet normal -0.42758 -0.903978 0
    outer loop
      vertex -3.06147 -7.39104 0
      vertex -3.37367 -7.24337 0.889999
      vertex -3.37367 -7.24337 0
    endloop
  endfacet
  facet normal -0.42758 -0.903978 0
    outer loop
      vertex -3.37367 -7.24337 0.889999
      vertex -3.06147 -7.39104 0
      vertex -3.06147 -7.39104 6
    endloop
  endfacet
  facet normal -0.242979 -0.970032 0
    outer loop
      vertex -2.32228 -7.65552 0.889999
      vertex -1.56072 -7.84628 6
      vertex -2.32228 -7.65552 6
    endloop
  endfacet
  facet normal -0.242979 -0.970032 -0
    outer loop
      vertex -1.56072 -7.84628 6
      vertex -2.32228 -7.65552 0.889999
      vertex -1.56072 -7.84628 0.889999
    endloop
  endfacet
  facet normal -0.0490649 -0.998796 -6.16044e-07
    outer loop
      vertex -0.784137 -7.96148 6
      vertex -0.7 -7.96561 0.889999
      vertex 0 -8 6
    endloop
  endfacet
  facet normal -0.0490276 -0.998797 0
    outer loop
      vertex -0.784137 -7.96148 0
      vertex -0.7 -7.96561 0.889999
      vertex -0.784137 -7.96148 6
    endloop
  endfacet
  facet normal -0.0490276 -0.998797 -0
    outer loop
      vertex -0.7 -7.96561 0.889999
      vertex -0.784137 -7.96148 0
      vertex -0.7 -7.96561 0
    endloop
  endfacet
  facet normal -0.0490694 -0.998795 -0
    outer loop
      vertex 0 -8 6
      vertex -0.7 -7.96561 0.889999
      vertex 0 -8 0.889999
    endloop
  endfacet
  facet normal -0.857731 -0.514099 0
    outer loop
      vertex -6.65176 -4.44456 0.889999
      vertex -7.05537 -3.77117 6
      vertex -7.05537 -3.77117 0.889999
    endloop
  endfacet
  facet normal -0.857731 -0.514099 0
    outer loop
      vertex -7.05537 -3.77117 6
      vertex -6.65176 -4.44456 0.889999
      vertex -6.65176 -4.44456 6
    endloop
  endfacet
  facet normal -0.989176 -0.146736 -0
    outer loop
      vertex -7.87239 -1.38471 0.889999
      vertex -7.96148 -0.784137 0
      vertex -7.87239 -1.38471 0
    endloop
  endfacet
  facet normal -0.989176 -0.146736 0
    outer loop
      vertex -7.96148 -0.784137 0
      vertex -7.87239 -1.38471 0.889999
      vertex -7.96148 -0.784137 6
    endloop
  endfacet
  facet normal -0.989175 -0.146738 -0
    outer loop
      vertex -7.84628 -1.56072 6
      vertex -7.87239 -1.38471 0.889999
      vertex -7.84628 -1.56072 0.889999
    endloop
  endfacet
  facet normal -0.989176 -0.146736 5.73638e-08
    outer loop
      vertex -7.87239 -1.38471 0.889999
      vertex -7.84628 -1.56072 6
      vertex -7.96148 -0.784137 6
    endloop
  endfacet
  facet normal 0 0 1
    outer loop
      vertex 8 0 6
      vertex 2.13965 0.210736 6
      vertex 2.15 0 6
    endloop
  endfacet
  facet normal 0 0 1
    outer loop
      vertex 2.48582 44.462 6
      vertex 2.10869 0.419444 6
      vertex 2.13965 0.210736 6
    endloop
  endfacet
  facet normal 0 0 1
    outer loop
      vertex -2.28876 44.5374 6
      vertex 2.28876 44.5374 6
      vertex 2.10004 44.6318 6
    endloop
  endfacet
  facet normal 0 0 1
    outer loop
      vertex 2.48582 44.462 6
      vertex 2.05742 0.624111 6
      vertex 2.10869 0.419444 6
    endloop
  endfacet
  facet normal 0 0 1
    outer loop
      vertex 2.48582 44.462 6
      vertex 1.98634 0.822769 6
      vertex 2.05742 0.624111 6
    endloop
  endfacet
  facet normal 0 0 1
    outer loop
      vertex -2.10004 44.6318 6
      vertex 2.10004 44.6318 6
      vertex 1.92148 44.7442 6
    endloop
  endfacet
  facet normal 0 0 1
    outer loop
      vertex 2.48582 44.462 6
      vertex 1.89613 1.0135 6
      vertex 1.98634 0.822769 6
    endloop
  endfacet
  facet normal 0 0 1
    outer loop
      vertex 1.82454 44.8095 6
      vertex 1.92148 44.7442 6
      vertex 1.87519 44.7801 6
    endloop
  endfacet
  facet normal 0 0 1
    outer loop
      vertex 1.92148 44.7442 6
      vertex 1.82454 44.8095 6
      vertex -1.92148 44.7442 6
    endloop
  endfacet
  facet normal 0 0 1
    outer loop
      vertex 2.48582 44.462 6
      vertex 1.78766 1.19448 6
      vertex 1.89613 1.0135 6
    endloop
  endfacet
  facet normal 0 0 1
    outer loop
      vertex 1.72538 44.8715 6
      vertex 1.82454 44.8095 6
      vertex 1.77702 44.8438 6
    endloop
  endfacet
  facet normal 0 0 1
    outer loop
      vertex 1.82454 44.8095 6
      vertex 1.72538 44.8715 6
      vertex -1.92148 44.7442 6
    endloop
  endfacet
  facet normal 0 0 1
    outer loop
      vertex 1.62411 44.93 6
      vertex 1.72538 44.8715 6
      vertex 1.67669 44.9041 6
    endloop
  endfacet
  facet normal 0 0 1
    outer loop
      vertex 2.48582 44.462 6
      vertex 1.66197 1.36395 6
      vertex 1.78766 1.19448 6
    endloop
  endfacet
  facet normal 0 0 1
    outer loop
      vertex 1.72538 44.8715 6
      vertex 1.62411 44.93 6
      vertex -1.92148 44.7442 6
    endloop
  endfacet
  facet normal 0 0 1
    outer loop
      vertex 1.52087 44.9849 6
      vertex 1.62411 44.93 6
      vertex 1.57432 44.9609 6
    endloop
  endfacet
  facet normal 0 0 1
    outer loop
      vertex 1.62411 44.93 6
      vertex 1.52087 44.9849 6
      vertex -1.92148 44.7442 6
    endloop
  endfacet
  facet normal 0 0 1
    outer loop
      vertex 2.48582 44.462 6
      vertex 1.52028 1.52028 6
      vertex 1.66197 1.36395 6
    endloop
  endfacet
  facet normal 0 0 1
    outer loop
      vertex 1.41577 45.0361 6
      vertex 1.52087 44.9849 6
      vertex 1.47002 45.014 6
    endloop
  endfacet
  facet normal 0 0 1
    outer loop
      vertex 1.52087 44.9849 6
      vertex 1.41577 45.0361 6
      vertex -1.92148 44.7442 6
    endloop
  endfacet
  facet normal 0 0 1
    outer loop
      vertex 1.30895 45.0837 6
      vertex 1.41577 45.0361 6
      vertex 1.36395 45.0635 6
    endloop
  endfacet
  facet normal 0 0 1
    outer loop
      vertex 2.48582 44.462 6
      vertex 1.36395 1.66197 6
      vertex 1.52028 1.52028 6
    endloop
  endfacet
  facet normal 0 0 1
    outer loop
      vertex 1.41577 45.0361 6
      vertex 1.30895 45.0837 6
      vertex -1.92148 44.7442 6
    endloop
  endfacet
  facet normal 0 0 1
    outer loop
      vertex 1.20053 45.1275 6
      vertex 1.30895 45.0837 6
      vertex 1.2562 45.1092 6
    endloop
  endfacet
  facet normal 0 0 1
    outer loop
      vertex 1.30895 45.0837 6
      vertex 1.20053 45.1275 6
      vertex -1.92148 44.7442 6
    endloop
  endfacet
  facet normal 0 0 1
    outer loop
      vertex 2.48582 44.462 6
      vertex 1.19448 1.78766 6
      vertex 1.36395 1.66197 6
    endloop
  endfacet
  facet normal 0 0 1
    outer loop
      vertex 1.09065 45.1675 6
      vertex 1.20053 45.1275 6
      vertex 1.14692 45.1512 6
    endloop
  endfacet
  facet normal 0 0 1
    outer loop
      vertex 1.20053 45.1275 6
      vertex 1.09065 45.1675 6
      vertex -1.92148 44.7442 6
    endloop
  endfacet
  facet normal 0 0 1
    outer loop
      vertex 0.979445 45.2036 6
      vertex 1.09065 45.1675 6
      vertex 1.03625 45.1893 6
    endloop
  endfacet
  facet normal 0 0 1
    outer loop
      vertex 2.48582 44.462 6
      vertex 1.0135 1.89613 6
      vertex 1.19448 1.78766 6
    endloop
  endfacet
  facet normal 0 0 1
    outer loop
      vertex 1.09065 45.1675 6
      vertex 0.979445 45.2036 6
      vertex -1.92148 44.7442 6
    endloop
  endfacet
  facet normal 0 0 1
    outer loop
      vertex 0.867043 45.2359 6
      vertex 0.979445 45.2036 6
      vertex 0.924318 45.2235 6
    endloop
  endfacet
  facet normal 0 0 1
    outer loop
      vertex 0.979445 45.2036 6
      vertex 0.867043 45.2359 6
      vertex -1.92148 44.7442 6
    endloop
  endfacet
  facet normal 0 0 1
    outer loop
      vertex 2.48582 44.462 6
      vertex 0.822769 1.98634 6
      vertex 1.0135 1.89613 6
    endloop
  endfacet
  facet normal 0 0 1
    outer loop
      vertex 0.753586 45.2641 6
      vertex 0.867043 45.2359 6
      vertex 0.811259 45.2538 6
    endloop
  endfacet
  facet normal 0 0 1
    outer loop
      vertex 0.867043 45.2359 6
      vertex 0.753586 45.2641 6
      vertex -1.92148 44.7442 6
    endloop
  endfacet
  facet normal 0 0 1
    outer loop
      vertex 0.63921 45.2885 6
      vertex 0.753586 45.2641 6
      vertex 0.69721 45.2801 6
    endloop
  endfacet
  facet normal 0 0 1
    outer loop
      vertex 0.753586 45.2641 6
      vertex 0.63921 45.2885 6
      vertex -1.92148 44.7442 6
    endloop
  endfacet
  facet normal 0 0 1
    outer loop
      vertex 2.48582 44.462 6
      vertex 0.624111 2.05742 6
      vertex 0.822769 1.98634 6
    endloop
  endfacet
  facet normal 0 0 1
    outer loop
      vertex 0.524055 45.3088 6
      vertex 0.63921 45.2885 6
      vertex 0.582304 45.3024 6
    endloop
  endfacet
  facet normal 0 0 1
    outer loop
      vertex 0.63921 45.2885 6
      vertex 0.524055 45.3088 6
      vertex -1.92148 44.7442 6
    endloop
  endfacet
  facet normal 0 0 1
    outer loop
      vertex 0.408262 45.325 6
      vertex 0.524055 45.3088 6
      vertex 0.466701 45.3208 6
    endloop
  endfacet
  facet normal 0 0 1
    outer loop
      vertex 2.48582 44.462 6
      vertex 0.419444 2.10869 6
      vertex 0.624111 2.05742 6
    endloop
  endfacet
  facet normal 0 0 1
    outer loop
      vertex 0.524055 45.3088 6
      vertex 0.408262 45.325 6
      vertex -1.92148 44.7442 6
    endloop
  endfacet
  facet normal 0 0 1
    outer loop
      vertex 0.291971 45.3372 6
      vertex 0.408262 45.325 6
      vertex 0.350526 45.335 6
    endloop
  endfacet
  facet normal 0 0 1
    outer loop
      vertex 0.408262 45.325 6
      vertex 0.291971 45.3372 6
      vertex -1.92148 44.7442 6
    endloop
  endfacet
  facet normal 0 0 1
    outer loop
      vertex 0.175325 45.3454 6
      vertex 0.291971 45.3372 6
      vertex 0.23392 45.3452 6
    endloop
  endfacet
  facet normal 0 0 1
    outer loop
      vertex 2.28876 44.5374 6
      vertex -2.28876 44.5374 6
      vertex -2.48582 44.462 6
    endloop
  endfacet
  facet normal 0 0 1
    outer loop
      vertex 0.291971 45.3372 6
      vertex 0.175325 45.3454 6
      vertex -1.92148 44.7442 6
    endloop
  endfacet
  facet normal -0 0 1
    outer loop
      vertex 0.058465 45.3495 6
      vertex 0.175325 45.3454 6
      vertex 0.117032 45.3513 6
    endloop
  endfacet
  facet normal 0 0 1
    outer loop
      vertex 0.175325 45.3454 6
      vertex 0.058465 45.3495 6
      vertex -1.92148 44.7442 6
    endloop
  endfacet
  facet normal 0 0 1
    outer loop
      vertex -0.058465 45.3495 6
      vertex 0.058465 45.3495 6
      vertex 0 45.3534 6
    endloop
  endfacet
  facet normal 0 0 1
    outer loop
      vertex 2.48582 44.462 6
      vertex -2.48582 44.462 6
      vertex -2.68932 44.4063 6
    endloop
  endfacet
  facet normal 0 0 1
    outer loop
      vertex 0.058465 45.3495 6
      vertex -0.058465 45.3495 6
      vertex -1.92148 44.7442 6
    endloop
  endfacet
  facet normal 0 0 1
    outer loop
      vertex -0.175325 45.3454 6
      vertex -0.058465 45.3495 6
      vertex -0.117032 45.3513 6
    endloop
  endfacet
  facet normal 0 0 1
    outer loop
      vertex -0.058465 45.3495 6
      vertex -0.175325 45.3454 6
      vertex -1.92148 44.7442 6
    endloop
  endfacet
  facet normal 0 0 1
    outer loop
      vertex 2.48582 44.462 6
      vertex 0.210736 2.13965 6
      vertex 0.419444 2.10869 6
    endloop
  endfacet
  facet normal 0 0 1
    outer loop
      vertex -0.291971 45.3372 6
      vertex -0.175325 45.3454 6
      vertex -0.23392 45.3452 6
    endloop
  endfacet
  facet normal 0 0 1
    outer loop
      vertex -0.175325 45.3454 6
      vertex -0.291971 45.3372 6
      vertex -1.92148 44.7442 6
    endloop
  endfacet
  facet normal 0 0 1
    outer loop
      vertex -0.408262 45.325 6
      vertex -0.291971 45.3372 6
      vertex -0.350526 45.335 6
    endloop
  endfacet
  facet normal 0 0 1
    outer loop
      vertex -0.291971 45.3372 6
      vertex -0.408262 45.325 6
      vertex -1.92148 44.7442 6
    endloop
  endfacet
  facet normal 0 0 1
    outer loop
      vertex 2.48582 44.462 6
      vertex -8 42 6
      vertex 0.210736 2.13965 6
    endloop
  endfacet
  facet normal 0 0 1
    outer loop
      vertex -0.524055 45.3088 6
      vertex -0.408262 45.325 6
      vertex -0.466701 45.3208 6
    endloop
  endfacet
  facet normal 0 0 1
    outer loop
      vertex -0.408262 45.325 6
      vertex -0.524055 45.3088 6
      vertex -1.92148 44.7442 6
    endloop
  endfacet
  facet normal 0 0 1
    outer loop
      vertex -0.63921 45.2885 6
      vertex -0.524055 45.3088 6
      vertex -0.582304 45.3024 6
    endloop
  endfacet
  facet normal 0 0 1
    outer loop
      vertex 2.10004 44.6318 6
      vertex -2.10004 44.6318 6
      vertex -2.28876 44.5374 6
    endloop
  endfacet
  facet normal 0 0 1
    outer loop
      vertex -0.524055 45.3088 6
      vertex -0.63921 45.2885 6
      vertex -1.92148 44.7442 6
    endloop
  endfacet
  facet normal 0 0 1
    outer loop
      vertex -0.753586 45.2641 6
      vertex -0.63921 45.2885 6
      vertex -0.69721 45.2801 6
    endloop
  endfacet
  facet normal 0 0 1
    outer loop
      vertex -0.63921 45.2885 6
      vertex -0.753586 45.2641 6
      vertex -1.92148 44.7442 6
    endloop
  endfacet
  facet normal 0 0 1
    outer loop
      vertex -0.867043 45.2359 6
      vertex -0.753586 45.2641 6
      vertex -0.811259 45.2538 6
    endloop
  endfacet
  facet normal 0 0 1
    outer loop
      vertex 0.210736 2.13965 6
      vertex -8 42 6
      vertex 0 2.15 6
    endloop
  endfacet
  facet normal 0 0 1
    outer loop
      vertex -0.753586 45.2641 6
      vertex -0.867043 45.2359 6
      vertex -1.92148 44.7442 6
    endloop
  endfacet
  facet normal 0 0 1
    outer loop
      vertex -0.979445 45.2036 6
      vertex -0.867043 45.2359 6
      vertex -0.924318 45.2235 6
    endloop
  endfacet
  facet normal 0 0 1
    outer loop
      vertex -0.867043 45.2359 6
      vertex -0.979445 45.2036 6
      vertex -1.92148 44.7442 6
    endloop
  endfacet
  facet normal 0 0 1
    outer loop
      vertex 0 2.15 6
      vertex -8 42 6
      vertex -0.210736 2.13965 6
    endloop
  endfacet
  facet normal 0 0 1
    outer loop
      vertex -1.09065 45.1675 6
      vertex -0.979445 45.2036 6
      vertex -1.03625 45.1893 6
    endloop
  endfacet
  facet normal 0 0 1
    outer loop
      vertex -0.979445 45.2036 6
      vertex -1.09065 45.1675 6
      vertex -1.92148 44.7442 6
    endloop
  endfacet
  facet normal 0 0 1
    outer loop
      vertex -1.20053 45.1275 6
      vertex -1.09065 45.1675 6
      vertex -1.14692 45.1512 6
    endloop
  endfacet
  facet normal 0 0 1
    outer loop
      vertex -0.210736 2.13965 6
      vertex -8 42 6
      vertex -0.419444 2.10869 6
    endloop
  endfacet
  facet normal 0 0 1
    outer loop
      vertex -1.09065 45.1675 6
      vertex -1.20053 45.1275 6
      vertex -1.92148 44.7442 6
    endloop
  endfacet
  facet normal 0 0 1
    outer loop
      vertex -1.30895 45.0837 6
      vertex -1.20053 45.1275 6
      vertex -1.2562 45.1092 6
    endloop
  endfacet
  facet normal 0 0 1
    outer loop
      vertex -1.92148 44.7442 6
      vertex -1.20053 45.1275 6
      vertex -1.30895 45.0837 6
    endloop
  endfacet
  facet normal 0 0 1
    outer loop
      vertex -0.419444 2.10869 6
      vertex -8 42 6
      vertex -0.624111 2.05742 6
    endloop
  endfacet
  facet normal 0 0 1
    outer loop
      vertex -1.41577 45.0361 6
      vertex -1.30895 45.0837 6
      vertex -1.36395 45.0635 6
    endloop
  endfacet
  facet normal 0 0 1
    outer loop
      vertex -1.92148 44.7442 6
      vertex -1.30895 45.0837 6
      vertex -1.41577 45.0361 6
    endloop
  endfacet
  facet normal 0 0 1
    outer loop
      vertex -1.52087 44.9849 6
      vertex -1.41577 45.0361 6
      vertex -1.47002 45.014 6
    endloop
  endfacet
  facet normal 0 0 1
    outer loop
      vertex 1.92148 44.7442 6
      vertex -1.92148 44.7442 6
      vertex -2.10004 44.6318 6
    endloop
  endfacet
  facet normal 0 0 1
    outer loop
      vertex -1.41577 45.0361 6
      vertex -1.52087 44.9849 6
      vertex -1.92148 44.7442 6
    endloop
  endfacet
  facet normal 0 0 1
    outer loop
      vertex -1.62411 44.93 6
      vertex -1.52087 44.9849 6
      vertex -1.57432 44.9609 6
    endloop
  endfacet
  facet normal 0 0 1
    outer loop
      vertex -1.92148 44.7442 6
      vertex -1.52087 44.9849 6
      vertex -1.62411 44.93 6
    endloop
  endfacet
  facet normal 0 0 1
    outer loop
      vertex -0.624111 2.05742 6
      vertex -8 42 6
      vertex -0.822769 1.98634 6
    endloop
  endfacet
  facet normal 0 0 1
    outer loop
      vertex -1.72538 44.8715 6
      vertex -1.62411 44.93 6
      vertex -1.67669 44.9041 6
    endloop
  endfacet
  facet normal 0 0 1
    outer loop
      vertex -1.92148 44.7442 6
      vertex -1.62411 44.93 6
      vertex -1.72538 44.8715 6
    endloop
  endfacet
  facet normal 0 0 1
    outer loop
      vertex -1.82454 44.8095 6
      vertex -1.72538 44.8715 6
      vertex -1.77702 44.8438 6
    endloop
  endfacet
  facet normal 0 0 1
    outer loop
      vertex -1.92148 44.7442 6
      vertex -1.72538 44.8715 6
      vertex -1.82454 44.8095 6
    endloop
  endfacet
  facet normal 0 0 1
    outer loop
      vertex -0.822769 1.98634 6
      vertex -8 42 6
      vertex -1.0135 1.89613 6
    endloop
  endfacet
  facet normal 0 0 1
    outer loop
      vertex -1.92148 44.7442 6
      vertex -1.82454 44.8095 6
      vertex -1.87519 44.7801 6
    endloop
  endfacet
  facet normal 0 0 1
    outer loop
      vertex -8 0 6
      vertex -1.0135 1.89613 6
      vertex -8 42 6
    endloop
  endfacet
  facet normal 0 0 1
    outer loop
      vertex -1.0135 1.89613 6
      vertex -8 0 6
      vertex -1.19448 1.78766 6
    endloop
  endfacet
  facet normal 0 0 1
    outer loop
      vertex -1.19448 1.78766 6
      vertex -8 0 6
      vertex -1.36395 1.66197 6
    endloop
  endfacet
  facet normal 0 0 1
    outer loop
      vertex -1.36395 1.66197 6
      vertex -8 0 6
      vertex -1.52028 1.52028 6
    endloop
  endfacet
  facet normal 0 0 1
    outer loop
      vertex -1.52028 1.52028 6
      vertex -8 0 6
      vertex -1.66197 1.36395 6
    endloop
  endfacet
  facet normal 0 0 1
    outer loop
      vertex -1.66197 1.36395 6
      vertex -8 0 6
      vertex -1.78766 1.19448 6
    endloop
  endfacet
  facet normal 0 0 1
    outer loop
      vertex -1.78766 1.19448 6
      vertex -8 0 6
      vertex -1.89613 1.0135 6
    endloop
  endfacet
  facet normal 0 0 1
    outer loop
      vertex -1.89613 1.0135 6
      vertex -8 0 6
      vertex -1.98634 0.822769 6
    endloop
  endfacet
  facet normal 0 0 1
    outer loop
      vertex -1.98634 0.822769 6
      vertex -8 0 6
      vertex -2.05742 0.624111 6
    endloop
  endfacet
  facet normal 0 0 1
    outer loop
      vertex 4.12657 44.5875 6
      vertex 8 42 6
      vertex 7.96148 42.7841 6
    endloop
  endfacet
  facet normal -0 0 1
    outer loop
      vertex 2.13965 0.210736 6
      vertex 8 0 6
      vertex 8 42 6
    endloop
  endfacet
  facet normal 0 0 1
    outer loop
      vertex 4.30986 44.692 6
      vertex 7.96148 42.7841 6
      vertex 7.84628 43.5607 6
    endloop
  endfacet
  facet normal 0 0 1
    outer loop
      vertex 8 0 6
      vertex 2.15 0 6
      vertex 7.96148 -0.784137 6
    endloop
  endfacet
  facet normal 0 0 1
    outer loop
      vertex 4.64142 44.9523 6
      vertex 7.84628 43.5607 6
      vertex 7.65552 44.3223 6
    endloop
  endfacet
  facet normal -0 0 1
    outer loop
      vertex 2.13965 -0.210736 6
      vertex 7.96148 -0.784137 6
      vertex 2.15 0 6
    endloop
  endfacet
  facet normal 0 0 1
    outer loop
      vertex 4.78649 45.1055 6
      vertex 7.65552 44.3223 6
      vertex 7.39104 45.0615 6
    endloop
  endfacet
  facet normal 0 0 1
    outer loop
      vertex 7.96148 -0.784137 6
      vertex 2.13965 -0.210736 6
      vertex 7.84628 -1.56072 6
    endloop
  endfacet
  facet normal -0 0 1
    outer loop
      vertex 5.02824 45.4507 6
      vertex 7.39104 45.0615 6
      vertex 7.05537 45.7712 6
    endloop
  endfacet
  facet normal -0 0 1
    outer loop
      vertex 2.10869 -0.419444 6
      vertex 7.84628 -1.56072 6
      vertex 2.13965 -0.210736 6
    endloop
  endfacet
  facet normal -0 0 1
    outer loop
      vertex 5.19799 45.8365 6
      vertex 7.05537 45.7712 6
      vertex 6.65176 46.4446 6
    endloop
  endfacet
  facet normal 0 0 1
    outer loop
      vertex 7.84628 43.5607 6
      vertex 4.48204 44.814 6
      vertex 4.30986 44.692 6
    endloop
  endfacet
  facet normal -0 0 1
    outer loop
      vertex 5.30416 46.4584 6
      vertex 6.65176 46.4446 6
      vertex 6.18408 47.0751 6
    endloop
  endfacet
  facet normal 0 0 1
    outer loop
      vertex 7.39104 45.0615 6
      vertex 4.91585 45.2721 6
      vertex 4.78649 45.1055 6
    endloop
  endfacet
  facet normal -0 0 1
    outer loop
      vertex 5.22522 47.0844 6
      vertex 6.18408 47.0751 6
      vertex 5.65685 47.6569 6
    endloop
  endfacet
  facet normal 0 0 1
    outer loop
      vertex 6.65176 46.4446 6
      vertex 5.25371 46.04 6
      vertex 5.19799 45.8365 6
    endloop
  endfacet
  facet normal 0 0 1
    outer loop
      vertex 6.65176 46.4446 6
      vertex 5.30416 46.4584 6
      vertex 5.28921 46.248 6
    endloop
  endfacet
  facet normal 0 0 1
    outer loop
      vertex 6.18408 47.0751 6
      vertex 5.2984 46.6693 6
      vertex 5.30416 46.4584 6
    endloop
  endfacet
  facet normal 0 0 1
    outer loop
      vertex 6.18408 47.0751 6
      vertex 5.27201 46.8787 6
      vertex 5.2984 46.6693 6
    endloop
  endfacet
  facet normal 0 0 1
    outer loop
      vertex 6.18408 47.0751 6
      vertex 5.22522 47.0844 6
      vertex 5.27201 46.8787 6
    endloop
  endfacet
  facet normal 0 0 1
    outer loop
      vertex 5.65685 47.6569 6
      vertex 5.15849 47.2846 6
      vertex 5.22522 47.0844 6
    endloop
  endfacet
  facet normal -0 0 1
    outer loop
      vertex 4.96796 47.6605 6
      vertex 5.65685 47.6569 6
      vertex 5.07515 48.1841 6
    endloop
  endfacet
  facet normal 0 0 1
    outer loop
      vertex 5.65685 47.6569 6
      vertex 5.07246 47.4772 6
      vertex 5.15849 47.2846 6
    endloop
  endfacet
  facet normal 0 0 1
    outer loop
      vertex 5.65685 47.6569 6
      vertex 4.96796 47.6605 6
      vertex 5.07246 47.4772 6
    endloop
  endfacet
  facet normal 0 0 1
    outer loop
      vertex 5.07515 48.1841 6
      vertex 4.846 47.8327 6
      vertex 4.96796 47.6605 6
    endloop
  endfacet
  facet normal 0 0 1
    outer loop
      vertex 5.07515 48.1841 6
      vertex 4.70775 47.9921 6
      vertex 4.846 47.8327 6
    endloop
  endfacet
  facet normal 0 0 1
    outer loop
      vertex 5.07515 48.1841 6
      vertex 4.55455 48.1372 6
      vertex 4.70775 47.9921 6
    endloop
  endfacet
  facet normal 0 0 1
    outer loop
      vertex 4.44456 48.6518 6
      vertex 4.55455 48.1372 6
      vertex 5.07515 48.1841 6
    endloop
  endfacet
  facet normal 0 0 1
    outer loop
      vertex 4.44456 48.6518 6
      vertex 4.38786 48.2665 6
      vertex 4.55455 48.1372 6
    endloop
  endfacet
  facet normal 0 0 1
    outer loop
      vertex 4.44456 48.6518 6
      vertex 4.27481 48.3377 6
      vertex 4.38786 48.2665 6
    endloop
  endfacet
  facet normal 0 0 1
    outer loop
      vertex 4.44456 48.6518 6
      vertex 4.16649 48.4158 6
      vertex 4.27481 48.3377 6
    endloop
  endfacet
  facet normal 0 0 1
    outer loop
      vertex 4.44456 48.6518 6
      vertex 4.05102 48.483 6
      vertex 4.16649 48.4158 6
    endloop
  endfacet
  facet normal 0 0 1
    outer loop
      vertex 4.44456 48.6518 6
      vertex 3.94004 48.5573 6
      vertex 4.05102 48.483 6
    endloop
  endfacet
  facet normal 0 0 1
    outer loop
      vertex 3.77117 49.0554 6
      vertex 3.94004 48.5573 6
      vertex 4.44456 48.6518 6
    endloop
  endfacet
  facet normal 0 0 1
    outer loop
      vertex 3.94004 48.5573 6
      vertex 3.77117 49.0554 6
      vertex 3.8223 48.6204 6
    endloop
  endfacet
  facet normal 0 0 1
    outer loop
      vertex 3.77117 49.0554 6
      vertex 3.70879 48.6908 6
      vertex 3.8223 48.6204 6
    endloop
  endfacet
  facet normal 0 0 1
    outer loop
      vertex 3.77117 49.0554 6
      vertex 3.58893 48.7498 6
      vertex 3.70879 48.6908 6
    endloop
  endfacet
  facet normal 0 0 1
    outer loop
      vertex 3.77117 49.0554 6
      vertex 3.47303 48.8162 6
      vertex 3.58893 48.7498 6
    endloop
  endfacet
  facet normal 0 0 1
    outer loop
      vertex 3.77117 49.0554 6
      vertex 3.35118 48.8709 6
      vertex 3.47303 48.8162 6
    endloop
  endfacet
  facet normal 0 0 1
    outer loop
      vertex 3.77117 49.0554 6
      vertex 3.23303 48.9333 6
      vertex 3.35118 48.8709 6
    endloop
  endfacet
  facet normal 0 0 1
    outer loop
      vertex 3.06147 49.391 6
      vertex 3.23303 48.9333 6
      vertex 3.77117 49.0554 6
    endloop
  endfacet
  facet normal 0 0 1
    outer loop
      vertex 3.23303 48.9333 6
      vertex 3.06147 49.391 6
      vertex 3.10934 48.9837 6
    endloop
  endfacet
  facet normal 0 0 1
    outer loop
      vertex 3.06147 49.391 6
      vertex 2.98909 49.0419 6
      vertex 3.10934 48.9837 6
    endloop
  endfacet
  facet normal 0 0 1
    outer loop
      vertex 3.06147 49.391 6
      vertex 2.86372 49.088 6
      vertex 2.98909 49.0419 6
    endloop
  endfacet
  facet normal 0 0 1
    outer loop
      vertex 3.06147 49.391 6
      vertex 2.74151 49.1419 6
      vertex 2.86372 49.088 6
    endloop
  endfacet
  facet normal 0 0 1
    outer loop
      vertex 3.06147 49.391 6
      vertex 2.61461 49.1836 6
      vertex 2.74151 49.1419 6
    endloop
  endfacet
  facet normal 0 0 1
    outer loop
      vertex 2.32228 49.6555 6
      vertex 2.61461 49.1836 6
      vertex 3.06147 49.391 6
    endloop
  endfacet
  facet normal 0 0 1
    outer loop
      vertex 2.61461 49.1836 6
      vertex 2.32228 49.6555 6
      vertex 2.4906 49.2332 6
    endloop
  endfacet
  facet normal 0 0 1
    outer loop
      vertex 2.4906 49.2332 6
      vertex 2.32228 49.6555 6
      vertex 2.36232 49.2705 6
    endloop
  endfacet
  facet normal 0 0 1
    outer loop
      vertex 2.32228 49.6555 6
      vertex 2.23664 49.3157 6
      vertex 2.36232 49.2705 6
    endloop
  endfacet
  facet normal 0 0 1
    outer loop
      vertex 2.32228 49.6555 6
      vertex 2.10713 49.3485 6
      vertex 2.23664 49.3157 6
    endloop
  endfacet
  facet normal 0 0 1
    outer loop
      vertex 2.32228 49.6555 6
      vertex 1.97997 49.3893 6
      vertex 2.10713 49.3485 6
    endloop
  endfacet
  facet normal 0 0 1
    outer loop
      vertex 2.32228 49.6555 6
      vertex 1.8494 49.4175 6
      vertex 1.97997 49.3893 6
    endloop
  endfacet
  facet normal 0 0 1
    outer loop
      vertex 1.56072 49.8463 6
      vertex 1.8494 49.4175 6
      vertex 2.32228 49.6555 6
    endloop
  endfacet
  facet normal 0 0 1
    outer loop
      vertex 1.8494 49.4175 6
      vertex 1.56072 49.8463 6
      vertex 1.72087 49.4539 6
    endloop
  endfacet
  facet normal 0 0 1
    outer loop
      vertex 1.72087 49.4539 6
      vertex 1.56072 49.8463 6
      vertex 1.5894 49.4776 6
    endloop
  endfacet
  facet normal 0 0 1
    outer loop
      vertex 1.56072 49.8463 6
      vertex 1.45969 49.5094 6
      vertex 1.5894 49.4776 6
    endloop
  endfacet
  facet normal 0 0 1
    outer loop
      vertex 1.56072 49.8463 6
      vertex 1.32748 49.5285 6
      vertex 1.45969 49.5094 6
    endloop
  endfacet
  facet normal 0 0 1
    outer loop
      vertex 1.56072 49.8463 6
      vertex 1.19672 49.5558 6
      vertex 1.32748 49.5285 6
    endloop
  endfacet
  facet normal 0 0 1
    outer loop
      vertex 0.784137 49.9615 6
      vertex 1.19672 49.5558 6
      vertex 1.56072 49.8463 6
    endloop
  endfacet
  facet normal 0 0 1
    outer loop
      vertex 1.19672 49.5558 6
      vertex 0.784137 49.9615 6
      vertex 1.06392 49.5702 6
    endloop
  endfacet
  facet normal 0 0 1
    outer loop
      vertex 1.06392 49.5702 6
      vertex 0.784137 49.9615 6
      vertex 0.9323 49.593 6
    endloop
  endfacet
  facet normal 0 0 1
    outer loop
      vertex 0.9323 49.593 6
      vertex 0.784137 49.9615 6
      vertex 0.799082 49.6027 6
    endloop
  endfacet
  facet normal 0 0 1
    outer loop
      vertex 0.784137 49.9615 6
      vertex 0.666741 49.6209 6
      vertex 0.799082 49.6027 6
    endloop
  endfacet
  facet normal 0 0 1
    outer loop
      vertex 0.784137 49.9615 6
      vertex 0.533266 49.626 6
      vertex 0.666741 49.6209 6
    endloop
  endfacet
  facet normal 0 0 1
    outer loop
      vertex 0.784137 49.9615 6
      vertex 0.40037 49.6395 6
      vertex 0.533266 49.626 6
    endloop
  endfacet
  facet normal 0 0 1
    outer loop
      vertex 0 50 6
      vertex 0.40037 49.6395 6
      vertex 0.784137 49.9615 6
    endloop
  endfacet
  facet normal 0 0 1
    outer loop
      vertex 0.40037 49.6395 6
      vertex 0 50 6
      vertex 0.266789 49.64 6
    endloop
  endfacet
  facet normal 0 0 1
    outer loop
      vertex 0.266789 49.64 6
      vertex 0 50 6
      vertex 0.133511 49.6488 6
    endloop
  endfacet
  facet normal 0 0 1
    outer loop
      vertex 0 50 6
      vertex 0 49.6446 6
      vertex 0.133511 49.6488 6
    endloop
  endfacet
  facet normal 0 0 1
    outer loop
      vertex 0 50 6
      vertex -0.133511 49.6488 6
      vertex 0 49.6446 6
    endloop
  endfacet
  facet normal 0 0 1
    outer loop
      vertex 0 50 6
      vertex -0.266789 49.64 6
      vertex -0.133511 49.6488 6
    endloop
  endfacet
  facet normal 0 0 1
    outer loop
      vertex 0 50 6
      vertex -0.40037 49.6395 6
      vertex -0.266789 49.64 6
    endloop
  endfacet
  facet normal -0 0 1
    outer loop
      vertex -0.784137 49.9615 6
      vertex -0.40037 49.6395 6
      vertex 0 50 6
    endloop
  endfacet
  facet normal 0 0 1
    outer loop
      vertex -0.40037 49.6395 6
      vertex -0.784137 49.9615 6
      vertex -0.533266 49.626 6
    endloop
  endfacet
  facet normal 0 0 1
    outer loop
      vertex -0.533266 49.626 6
      vertex -0.784137 49.9615 6
      vertex -0.666741 49.6209 6
    endloop
  endfacet
  facet normal 0 0 1
    outer loop
      vertex -0.784137 49.9615 6
      vertex -0.799082 49.6027 6
      vertex -0.666741 49.6209 6
    endloop
  endfacet
  facet normal 0 0 1
    outer loop
      vertex -0.784137 49.9615 6
      vertex -0.9323 49.593 6
      vertex -0.799082 49.6027 6
    endloop
  endfacet
  facet normal 0 0 1
    outer loop
      vertex -0.784137 49.9615 6
      vertex -1.06392 49.5702 6
      vertex -0.9323 49.593 6
    endloop
  endfacet
  facet normal 0 0 1
    outer loop
      vertex -0.784137 49.9615 6
      vertex -1.19672 49.5558 6
      vertex -1.06392 49.5702 6
    endloop
  endfacet
  facet normal -0 0 1
    outer loop
      vertex -1.56072 49.8463 6
      vertex -1.19672 49.5558 6
      vertex -0.784137 49.9615 6
    endloop
  endfacet
  facet normal 0 0 1
    outer loop
      vertex -1.19672 49.5558 6
      vertex -1.56072 49.8463 6
      vertex -1.32748 49.5285 6
    endloop
  endfacet
  facet normal 0 0 1
    outer loop
      vertex -1.32748 49.5285 6
      vertex -1.56072 49.8463 6
      vertex -1.45969 49.5094 6
    endloop
  endfacet
  facet normal 0 0 1
    outer loop
      vertex -1.56072 49.8463 6
      vertex -1.5894 49.4776 6
      vertex -1.45969 49.5094 6
    endloop
  endfacet
  facet normal 0 0 1
    outer loop
      vertex -1.56072 49.8463 6
      vertex -1.72087 49.4539 6
      vertex -1.5894 49.4776 6
    endloop
  endfacet
  facet normal 0 0 1
    outer loop
      vertex -1.56072 49.8463 6
      vertex -1.8494 49.4175 6
      vertex -1.72087 49.4539 6
    endloop
  endfacet
  facet normal -0 0 1
    outer loop
      vertex -2.32228 49.6555 6
      vertex -1.8494 49.4175 6
      vertex -1.56072 49.8463 6
    endloop
  endfacet
  facet normal 0 0 1
    outer loop
      vertex -1.8494 49.4175 6
      vertex -2.32228 49.6555 6
      vertex -1.97997 49.3893 6
    endloop
  endfacet
  facet normal 0 0 1
    outer loop
      vertex -1.97997 49.3893 6
      vertex -2.32228 49.6555 6
      vertex -2.10713 49.3485 6
    endloop
  endfacet
  facet normal 0 0 1
    outer loop
      vertex -2.10713 49.3485 6
      vertex -2.32228 49.6555 6
      vertex -2.23664 49.3157 6
    endloop
  endfacet
  facet normal 0 0 1
    outer loop
      vertex -2.32228 49.6555 6
      vertex -2.36232 49.2705 6
      vertex -2.23664 49.3157 6
    endloop
  endfacet
  facet normal 0 0 1
    outer loop
      vertex -2.32228 49.6555 6
      vertex -2.4906 49.2332 6
      vertex -2.36232 49.2705 6
    endloop
  endfacet
  facet normal 0 0 1
    outer loop
      vertex -2.32228 49.6555 6
      vertex -2.61461 49.1836 6
      vertex -2.4906 49.2332 6
    endloop
  endfacet
  facet normal -0 0 1
    outer loop
      vertex -3.06147 49.391 6
      vertex -2.61461 49.1836 6
      vertex -2.32228 49.6555 6
    endloop
  endfacet
  facet normal 0 0 1
    outer loop
      vertex -2.61461 49.1836 6
      vertex -3.06147 49.391 6
      vertex -2.74151 49.1419 6
    endloop
  endfacet
  facet normal 0 0 1
    outer loop
      vertex -2.74151 49.1419 6
      vertex -3.06147 49.391 6
      vertex -2.86372 49.088 6
    endloop
  endfacet
  facet normal 0 0 1
    outer loop
      vertex -2.86372 49.088 6
      vertex -3.06147 49.391 6
      vertex -2.98909 49.0419 6
    endloop
  endfacet
  facet normal 0 0 1
    outer loop
      vertex -3.06147 49.391 6
      vertex -3.10934 48.9837 6
      vertex -2.98909 49.0419 6
    endloop
  endfacet
  facet normal 0 0 1
    outer loop
      vertex -3.06147 49.391 6
      vertex -3.23303 48.9333 6
      vertex -3.10934 48.9837 6
    endloop
  endfacet
  facet normal -0 0 1
    outer loop
      vertex -3.77117 49.0554 6
      vertex -3.23303 48.9333 6
      vertex -3.06147 49.391 6
    endloop
  endfacet
  facet normal 0 0 1
    outer loop
      vertex -3.23303 48.9333 6
      vertex -3.77117 49.0554 6
      vertex -3.35118 48.8709 6
    endloop
  endfacet
  facet normal 0 0 1
    outer loop
      vertex -3.35118 48.8709 6
      vertex -3.77117 49.0554 6
      vertex -3.47303 48.8162 6
    endloop
  endfacet
  facet normal 0 0 1
    outer loop
      vertex -3.47303 48.8162 6
      vertex -3.77117 49.0554 6
      vertex -3.58893 48.7498 6
    endloop
  endfacet
  facet normal 0 0 1
    outer loop
      vertex -3.58893 48.7498 6
      vertex -3.77117 49.0554 6
      vertex -3.70879 48.6908 6
    endloop
  endfacet
  facet normal 0 0 1
    outer loop
      vertex -3.77117 49.0554 6
      vertex -3.8223 48.6204 6
      vertex -3.70879 48.6908 6
    endloop
  endfacet
  facet normal 0 0 1
    outer loop
      vertex -3.77117 49.0554 6
      vertex -3.94004 48.5573 6
      vertex -3.8223 48.6204 6
    endloop
  endfacet
  facet normal -0 0 1
    outer loop
      vertex -4.44456 48.6518 6
      vertex -3.94004 48.5573 6
      vertex -3.77117 49.0554 6
    endloop
  endfacet
  facet normal 0 0 1
    outer loop
      vertex -3.94004 48.5573 6
      vertex -4.44456 48.6518 6
      vertex -4.05102 48.483 6
    endloop
  endfacet
  facet normal 0 0 1
    outer loop
      vertex -4.05102 48.483 6
      vertex -4.44456 48.6518 6
      vertex -4.16649 48.4158 6
    endloop
  endfacet
  facet normal 0 0 1
    outer loop
      vertex -4.16649 48.4158 6
      vertex -4.44456 48.6518 6
      vertex -4.27481 48.3377 6
    endloop
  endfacet
  facet normal 0 0 1
    outer loop
      vertex -4.27481 48.3377 6
      vertex -4.44456 48.6518 6
      vertex -4.38786 48.2665 6
    endloop
  endfacet
  facet normal 0 0 1
    outer loop
      vertex -4.44456 48.6518 6
      vertex -4.55455 48.1372 6
      vertex -4.38786 48.2665 6
    endloop
  endfacet
  facet normal -0 0 1
    outer loop
      vertex -5.07515 48.1841 6
      vertex -4.55455 48.1372 6
      vertex -4.44456 48.6518 6
    endloop
  endfacet
  facet normal 0 0 1
    outer loop
      vertex -4.55455 48.1372 6
      vertex -5.07515 48.1841 6
      vertex -4.70775 47.9921 6
    endloop
  endfacet
  facet normal 0 0 1
    outer loop
      vertex -4.70775 47.9921 6
      vertex -5.07515 48.1841 6
      vertex -4.846 47.8327 6
    endloop
  endfacet
  facet normal 0 0 1
    outer loop
      vertex -4.846 47.8327 6
      vertex -5.07515 48.1841 6
      vertex -4.96796 47.6605 6
    endloop
  endfacet
  facet normal 0 0 1
    outer loop
      vertex -5.65685 47.6569 6
      vertex -4.96796 47.6605 6
      vertex -5.07515 48.1841 6
    endloop
  endfacet
  facet normal 0 0 1
    outer loop
      vertex -4.96796 47.6605 6
      vertex -5.65685 47.6569 6
      vertex -5.07246 47.4772 6
    endloop
  endfacet
  facet normal 0 0 1
    outer loop
      vertex -5.07246 47.4772 6
      vertex -5.65685 47.6569 6
      vertex -5.15849 47.2846 6
    endloop
  endfacet
  facet normal 0 0 1
    outer loop
      vertex -5.15849 47.2846 6
      vertex -5.65685 47.6569 6
      vertex -5.22522 47.0844 6
    endloop
  endfacet
  facet normal 0 0 1
    outer loop
      vertex -5.27201 46.8787 6
      vertex -6.18408 47.0751 6
      vertex -5.2984 46.6693 6
    endloop
  endfacet
  facet normal 0 0 1
    outer loop
      vertex -5.22522 47.0844 6
      vertex -6.18408 47.0751 6
      vertex -5.27201 46.8787 6
    endloop
  endfacet
  facet normal 0 0 1
    outer loop
      vertex -6.18408 47.0751 6
      vertex -5.22522 47.0844 6
      vertex -5.65685 47.6569 6
    endloop
  endfacet
  facet normal 0 0 1
    outer loop
      vertex 6.65176 46.4446 6
      vertex 5.28921 46.248 6
      vertex 5.25371 46.04 6
    endloop
  endfacet
  facet normal 0 0 1
    outer loop
      vertex 7.05537 45.7712 6
      vertex 5.19799 45.8365 6
      vertex 5.12259 45.6394 6
    endloop
  endfacet
  facet normal 0 0 1
    outer loop
      vertex 7.05537 45.7712 6
      vertex 5.12259 45.6394 6
      vertex 5.02824 45.4507 6
    endloop
  endfacet
  facet normal 0 0 1
    outer loop
      vertex 7.39104 45.0615 6
      vertex 5.02824 45.4507 6
      vertex 4.91585 45.2721 6
    endloop
  endfacet
  facet normal 0 0 1
    outer loop
      vertex 7.65552 44.3223 6
      vertex 4.78649 45.1055 6
      vertex 4.64142 44.9523 6
    endloop
  endfacet
  facet normal 0 0 1
    outer loop
      vertex 7.84628 43.5607 6
      vertex 4.64142 44.9523 6
      vertex 4.48204 44.814 6
    endloop
  endfacet
  facet normal -0 0 1
    outer loop
      vertex 1.98634 -0.822769 6
      vertex 7.39104 -3.06147 6
      vertex 2.05742 -0.624111 6
    endloop
  endfacet
  facet normal 0 0 1
    outer loop
      vertex 7.65552 -2.32228 6
      vertex 2.05742 -0.624111 6
      vertex 7.39104 -3.06147 6
    endloop
  endfacet
  facet normal -0 0 1
    outer loop
      vertex 2.05742 -0.624111 6
      vertex 7.65552 -2.32228 6
      vertex 2.10869 -0.419444 6
    endloop
  endfacet
  facet normal 0 0 1
    outer loop
      vertex 7.84628 -1.56072 6
      vertex 2.10869 -0.419444 6
      vertex 7.65552 -2.32228 6
    endloop
  endfacet
  facet normal 0 0 1
    outer loop
      vertex 7.39104 -3.06147 6
      vertex 1.98634 -0.822769 6
      vertex 7.05537 -3.77117 6
    endloop
  endfacet
  facet normal 0 0 1
    outer loop
      vertex 7.96148 42.7841 6
      vertex 4.30986 44.692 6
      vertex 4.12657 44.5875 6
    endloop
  endfacet
  facet normal 0 0 1
    outer loop
      vertex 8 42 6
      vertex 4.12657 44.5875 6
      vertex 3.93391 44.5015 6
    endloop
  endfacet
  facet normal 0 0 1
    outer loop
      vertex 8 42 6
      vertex 3.93391 44.5015 6
      vertex 3.73375 44.4348 6
    endloop
  endfacet
  facet normal -0 0 1
    outer loop
      vertex 1.89613 -1.0135 6
      vertex 7.05537 -3.77117 6
      vertex 1.98634 -0.822769 6
    endloop
  endfacet
  facet normal 0 0 1
    outer loop
      vertex 8 42 6
      vertex 3.73375 44.4348 6
      vertex 3.52801 44.388 6
    endloop
  endfacet
  facet normal 0 0 1
    outer loop
      vertex 8 42 6
      vertex 3.52801 44.388 6
      vertex 3.31868 44.3616 6
    endloop
  endfacet
  facet normal 0 0 1
    outer loop
      vertex 8 42 6
      vertex 3.31868 44.3616 6
      vertex 3.10777 44.3558 6
    endloop
  endfacet
  facet normal 0 0 1
    outer loop
      vertex 8 42 6
      vertex 3.10777 44.3558 6
      vertex 2.89731 44.3708 6
    endloop
  endfacet
  facet normal 0 0 1
    outer loop
      vertex 7.05537 -3.77117 6
      vertex 1.89613 -1.0135 6
      vertex 6.65176 -4.44456 6
    endloop
  endfacet
  facet normal 0 0 1
    outer loop
      vertex 8 42 6
      vertex 2.89731 44.3708 6
      vertex 2.68932 44.4063 6
    endloop
  endfacet
  facet normal 0 0 1
    outer loop
      vertex 2.48582 44.462 6
      vertex 8 42 6
      vertex 2.68932 44.4063 6
    endloop
  endfacet
  facet normal 0 0 1
    outer loop
      vertex 2.13965 0.210736 6
      vertex 8 42 6
      vertex 2.48582 44.462 6
    endloop
  endfacet
  facet normal -0 0 1
    outer loop
      vertex 1.78766 -1.19448 6
      vertex 6.65176 -4.44456 6
      vertex 1.89613 -1.0135 6
    endloop
  endfacet
  facet normal 0 0 1
    outer loop
      vertex -2.48582 44.462 6
      vertex 2.48582 44.462 6
      vertex 2.28876 44.5374 6
    endloop
  endfacet
  facet normal 0 0 1
    outer loop
      vertex 6.65176 -4.44456 6
      vertex 1.78766 -1.19448 6
      vertex 6.18408 -5.07515 6
    endloop
  endfacet
  facet normal -0 0 1
    outer loop
      vertex 1.66197 -1.36395 6
      vertex 6.18408 -5.07515 6
      vertex 1.78766 -1.19448 6
    endloop
  endfacet
  facet normal 0 0 1
    outer loop
      vertex 6.18408 -5.07515 6
      vertex 1.66197 -1.36395 6
      vertex 5.65685 -5.65685 6
    endloop
  endfacet
  facet normal -0 0 1
    outer loop
      vertex 1.52028 -1.52028 6
      vertex 5.65685 -5.65685 6
      vertex 1.66197 -1.36395 6
    endloop
  endfacet
  facet normal 0 0 1
    outer loop
      vertex 5.65685 -5.65685 6
      vertex 1.52028 -1.52028 6
      vertex 5.07515 -6.18408 6
    endloop
  endfacet
  facet normal -0 0 1
    outer loop
      vertex 1.36395 -1.66197 6
      vertex 5.07515 -6.18408 6
      vertex 1.52028 -1.52028 6
    endloop
  endfacet
  facet normal 0 0 1
    outer loop
      vertex 5.07515 -6.18408 6
      vertex 1.36395 -1.66197 6
      vertex 4.44456 -6.65176 6
    endloop
  endfacet
  facet normal -0 0 1
    outer loop
      vertex 1.19448 -1.78766 6
      vertex 4.44456 -6.65176 6
      vertex 1.36395 -1.66197 6
    endloop
  endfacet
  facet normal 0 0 1
    outer loop
      vertex 4.44456 -6.65176 6
      vertex 1.19448 -1.78766 6
      vertex 3.77117 -7.05537 6
    endloop
  endfacet
  facet normal -0 0 1
    outer loop
      vertex 1.0135 -1.89613 6
      vertex 3.77117 -7.05537 6
      vertex 1.19448 -1.78766 6
    endloop
  endfacet
  facet normal 0 0 1
    outer loop
      vertex 3.77117 -7.05537 6
      vertex 1.0135 -1.89613 6
      vertex 3.06147 -7.39104 6
    endloop
  endfacet
  facet normal -0 0 1
    outer loop
      vertex 0.822769 -1.98634 6
      vertex 3.06147 -7.39104 6
      vertex 1.0135 -1.89613 6
    endloop
  endfacet
  facet normal 0 0 1
    outer loop
      vertex 3.06147 -7.39104 6
      vertex 0.822769 -1.98634 6
      vertex 2.32228 -7.65552 6
    endloop
  endfacet
  facet normal -0 0 1
    outer loop
      vertex 0.624111 -2.05742 6
      vertex 2.32228 -7.65552 6
      vertex 0.822769 -1.98634 6
    endloop
  endfacet
  facet normal 0 0 1
    outer loop
      vertex 2.32228 -7.65552 6
      vertex 0.624111 -2.05742 6
      vertex 1.56072 -7.84628 6
    endloop
  endfacet
  facet normal -0 0 1
    outer loop
      vertex 0.419444 -2.10869 6
      vertex 1.56072 -7.84628 6
      vertex 0.624111 -2.05742 6
    endloop
  endfacet
  facet normal 0 0 1
    outer loop
      vertex 1.56072 -7.84628 6
      vertex 0.419444 -2.10869 6
      vertex 0.784137 -7.96148 6
    endloop
  endfacet
  facet normal -0 0 1
    outer loop
      vertex 0.210736 -2.13965 6
      vertex 0.784137 -7.96148 6
      vertex 0.419444 -2.10869 6
    endloop
  endfacet
  facet normal -0 0 1
    outer loop
      vertex 0 -2.15 6
      vertex 0.784137 -7.96148 6
      vertex 0.210736 -2.13965 6
    endloop
  endfacet
  facet normal 0 0 1
    outer loop
      vertex 0 -2.15 6
      vertex 0 -8 6
      vertex 0.784137 -7.96148 6
    endloop
  endfacet
  facet normal 0 0 1
    outer loop
      vertex -0.210736 -2.13965 6
      vertex 0 -8 6
      vertex 0 -2.15 6
    endloop
  endfacet
  facet normal 0 0 1
    outer loop
      vertex -0.784137 -7.96148 6
      vertex -0.210736 -2.13965 6
      vertex -0.419444 -2.10869 6
    endloop
  endfacet
  facet normal 0 0 1
    outer loop
      vertex -1.56072 -7.84628 6
      vertex -0.419444 -2.10869 6
      vertex -0.624111 -2.05742 6
    endloop
  endfacet
  facet normal 0 0 1
    outer loop
      vertex -0.210736 -2.13965 6
      vertex -0.784137 -7.96148 6
      vertex 0 -8 6
    endloop
  endfacet
  facet normal 0 0 1
    outer loop
      vertex -2.32228 -7.65552 6
      vertex -0.624111 -2.05742 6
      vertex -0.822769 -1.98634 6
    endloop
  endfacet
  facet normal 0 0 1
    outer loop
      vertex -3.06147 -7.39104 6
      vertex -0.822769 -1.98634 6
      vertex -1.0135 -1.89613 6
    endloop
  endfacet
  facet normal 0 0 1
    outer loop
      vertex -3.77117 -7.05537 6
      vertex -1.0135 -1.89613 6
      vertex -1.19448 -1.78766 6
    endloop
  endfacet
  facet normal 0 0 1
    outer loop
      vertex -4.44456 -6.65176 6
      vertex -1.19448 -1.78766 6
      vertex -1.36395 -1.66197 6
    endloop
  endfacet
  facet normal 0 0 1
    outer loop
      vertex -5.07515 -6.18408 6
      vertex -1.36395 -1.66197 6
      vertex -1.52028 -1.52028 6
    endloop
  endfacet
  facet normal 0 0 1
    outer loop
      vertex -0.419444 -2.10869 6
      vertex -1.56072 -7.84628 6
      vertex -0.784137 -7.96148 6
    endloop
  endfacet
  facet normal 0 0 1
    outer loop
      vertex -5.65685 -5.65685 6
      vertex -1.52028 -1.52028 6
      vertex -1.66197 -1.36395 6
    endloop
  endfacet
  facet normal 0 0 1
    outer loop
      vertex -6.18408 -5.07515 6
      vertex -1.66197 -1.36395 6
      vertex -1.78766 -1.19448 6
    endloop
  endfacet
  facet normal 0 0 1
    outer loop
      vertex -6.65176 -4.44456 6
      vertex -1.78766 -1.19448 6
      vertex -1.89613 -1.0135 6
    endloop
  endfacet
  facet normal 0 0 1
    outer loop
      vertex -7.05537 -3.77117 6
      vertex -1.89613 -1.0135 6
      vertex -1.98634 -0.822769 6
    endloop
  endfacet
  facet normal 0 0 1
    outer loop
      vertex -7.39104 -3.06147 6
      vertex -1.98634 -0.822769 6
      vertex -2.05742 -0.624111 6
    endloop
  endfacet
  facet normal 0 0 1
    outer loop
      vertex -7.65552 -2.32228 6
      vertex -2.05742 -0.624111 6
      vertex -2.10869 -0.419444 6
    endloop
  endfacet
  facet normal 0 0 1
    outer loop
      vertex -7.84628 -1.56072 6
      vertex -2.10869 -0.419444 6
      vertex -2.13965 -0.210736 6
    endloop
  endfacet
  facet normal 0 0 1
    outer loop
      vertex -0.624111 -2.05742 6
      vertex -2.32228 -7.65552 6
      vertex -1.56072 -7.84628 6
    endloop
  endfacet
  facet normal 0 0 1
    outer loop
      vertex -7.96148 -0.784137 6
      vertex -2.13965 -0.210736 6
      vertex -2.15 0 6
    endloop
  endfacet
  facet normal 0 0 1
    outer loop
      vertex -2.05742 0.624111 6
      vertex -8 0 6
      vertex -2.10869 0.419444 6
    endloop
  endfacet
  facet normal 0 0 1
    outer loop
      vertex -2.10869 0.419444 6
      vertex -8 0 6
      vertex -2.13965 0.210736 6
    endloop
  endfacet
  facet normal 0 0 1
    outer loop
      vertex 2.48582 44.462 6
      vertex -2.68932 44.4063 6
      vertex -8 42 6
    endloop
  endfacet
  facet normal 0 0 1
    outer loop
      vertex -8 42 6
      vertex -2.68932 44.4063 6
      vertex -2.89731 44.3708 6
    endloop
  endfacet
  facet normal 0 -0 1
    outer loop
      vertex -7.96148 -0.784137 6
      vertex -2.15 0 6
      vertex -8 0 6
    endloop
  endfacet
  facet normal 0 0 1
    outer loop
      vertex -8 42 6
      vertex -2.89731 44.3708 6
      vertex -3.10777 44.3558 6
    endloop
  endfacet
  facet normal 0 0 1
    outer loop
      vertex -8 42 6
      vertex -3.10777 44.3558 6
      vertex -3.31868 44.3616 6
    endloop
  endfacet
  facet normal 0 0 1
    outer loop
      vertex -8 42 6
      vertex -3.31868 44.3616 6
      vertex -3.52801 44.388 6
    endloop
  endfacet
  facet normal 0 0 1
    outer loop
      vertex -8 42 6
      vertex -3.52801 44.388 6
      vertex -3.73375 44.4348 6
    endloop
  endfacet
  facet normal 0 0 1
    outer loop
      vertex -0.822769 -1.98634 6
      vertex -3.06147 -7.39104 6
      vertex -2.32228 -7.65552 6
    endloop
  endfacet
  facet normal 0 0 1
    outer loop
      vertex -8 42 6
      vertex -3.73375 44.4348 6
      vertex -3.93391 44.5015 6
    endloop
  endfacet
  facet normal 0 0 1
    outer loop
      vertex -8 42 6
      vertex -3.93391 44.5015 6
      vertex -4.12657 44.5875 6
    endloop
  endfacet
  facet normal 0 0 1
    outer loop
      vertex -7.96148 42.7841 6
      vertex -4.12657 44.5875 6
      vertex -4.30986 44.692 6
    endloop
  endfacet
  facet normal 0 0 1
    outer loop
      vertex -1.0135 -1.89613 6
      vertex -3.77117 -7.05537 6
      vertex -3.06147 -7.39104 6
    endloop
  endfacet
  facet normal 0 0 1
    outer loop
      vertex -7.84628 43.5607 6
      vertex -4.30986 44.692 6
      vertex -4.48204 44.814 6
    endloop
  endfacet
  facet normal 0 0 1
    outer loop
      vertex -7.84628 43.5607 6
      vertex -4.48204 44.814 6
      vertex -4.64142 44.9523 6
    endloop
  endfacet
  facet normal 0 0 1
    outer loop
      vertex -7.65552 44.3223 6
      vertex -4.64142 44.9523 6
      vertex -4.78649 45.1055 6
    endloop
  endfacet
  facet normal 0 0 1
    outer loop
      vertex -7.39104 45.0615 6
      vertex -4.78649 45.1055 6
      vertex -4.91585 45.2721 6
    endloop
  endfacet
  facet normal 0 0 1
    outer loop
      vertex -7.39104 45.0615 6
      vertex -4.91585 45.2721 6
      vertex -5.02824 45.4507 6
    endloop
  endfacet
  facet normal 0 0 1
    outer loop
      vertex -1.19448 -1.78766 6
      vertex -4.44456 -6.65176 6
      vertex -3.77117 -7.05537 6
    endloop
  endfacet
  facet normal 0 0 1
    outer loop
      vertex -7.05537 45.7712 6
      vertex -5.02824 45.4507 6
      vertex -5.12259 45.6394 6
    endloop
  endfacet
  facet normal -0 0 1
    outer loop
      vertex -7.05537 45.7712 6
      vertex -5.12259 45.6394 6
      vertex -5.19799 45.8365 6
    endloop
  endfacet
  facet normal 0 0 1
    outer loop
      vertex -6.65176 46.4446 6
      vertex -5.19799 45.8365 6
      vertex -5.25371 46.04 6
    endloop
  endfacet
  facet normal 0 0 1
    outer loop
      vertex -6.65176 46.4446 6
      vertex -5.25371 46.04 6
      vertex -5.28921 46.248 6
    endloop
  endfacet
  facet normal -0 0 1
    outer loop
      vertex -6.65176 46.4446 6
      vertex -5.28921 46.248 6
      vertex -5.30416 46.4584 6
    endloop
  endfacet
  facet normal 0 0 1
    outer loop
      vertex -5.2984 46.6693 6
      vertex -6.18408 47.0751 6
      vertex -5.30416 46.4584 6
    endloop
  endfacet
  facet normal 0 0 1
    outer loop
      vertex -2.13965 0.210736 6
      vertex -8 0 6
      vertex -2.15 0 6
    endloop
  endfacet
  facet normal 0 0 1
    outer loop
      vertex -6.65176 46.4446 6
      vertex -5.30416 46.4584 6
      vertex -6.18408 47.0751 6
    endloop
  endfacet
  facet normal 0 0 1
    outer loop
      vertex -1.36395 -1.66197 6
      vertex -5.07515 -6.18408 6
      vertex -4.44456 -6.65176 6
    endloop
  endfacet
  facet normal 0 0 1
    outer loop
      vertex -5.19799 45.8365 6
      vertex -6.65176 46.4446 6
      vertex -7.05537 45.7712 6
    endloop
  endfacet
  facet normal 0 0 1
    outer loop
      vertex -1.52028 -1.52028 6
      vertex -5.65685 -5.65685 6
      vertex -5.07515 -6.18408 6
    endloop
  endfacet
  facet normal 0 0 1
    outer loop
      vertex -5.02824 45.4507 6
      vertex -7.05537 45.7712 6
      vertex -7.39104 45.0615 6
    endloop
  endfacet
  facet normal 0 0 1
    outer loop
      vertex -1.66197 -1.36395 6
      vertex -6.18408 -5.07515 6
      vertex -5.65685 -5.65685 6
    endloop
  endfacet
  facet normal 0 0 1
    outer loop
      vertex -4.78649 45.1055 6
      vertex -7.39104 45.0615 6
      vertex -7.65552 44.3223 6
    endloop
  endfacet
  facet normal 0 0 1
    outer loop
      vertex -1.78766 -1.19448 6
      vertex -6.65176 -4.44456 6
      vertex -6.18408 -5.07515 6
    endloop
  endfacet
  facet normal 0 0 1
    outer loop
      vertex -4.64142 44.9523 6
      vertex -7.65552 44.3223 6
      vertex -7.84628 43.5607 6
    endloop
  endfacet
  facet normal 0 0 1
    outer loop
      vertex -1.89613 -1.0135 6
      vertex -7.05537 -3.77117 6
      vertex -6.65176 -4.44456 6
    endloop
  endfacet
  facet normal 0 0 1
    outer loop
      vertex -4.30986 44.692 6
      vertex -7.84628 43.5607 6
      vertex -7.96148 42.7841 6
    endloop
  endfacet
  facet normal 0 0 1
    outer loop
      vertex -1.98634 -0.822769 6
      vertex -7.39104 -3.06147 6
      vertex -7.05537 -3.77117 6
    endloop
  endfacet
  facet normal 0 0 1
    outer loop
      vertex -4.12657 44.5875 6
      vertex -7.96148 42.7841 6
      vertex -8 42 6
    endloop
  endfacet
  facet normal 0 0 1
    outer loop
      vertex -2.05742 -0.624111 6
      vertex -7.65552 -2.32228 6
      vertex -7.39104 -3.06147 6
    endloop
  endfacet
  facet normal 0 0 1
    outer loop
      vertex -2.10869 -0.419444 6
      vertex -7.84628 -1.56072 6
      vertex -7.65552 -2.32228 6
    endloop
  endfacet
  facet normal 0 0 1
    outer loop
      vertex -2.13965 -0.210736 6
      vertex -7.96148 -0.784137 6
      vertex -7.84628 -1.56072 6
    endloop
  endfacet
  facet normal -0.989176 0.146733 0
    outer loop
      vertex -7.96148 42.7841 0
      vertex -7.84628 43.5607 6
      vertex -7.84628 43.5607 0
    endloop
  endfacet
  facet normal -0.989176 0.146733 0
    outer loop
      vertex -7.84628 43.5607 6
      vertex -7.96148 42.7841 0
      vertex -7.96148 42.7841 6
    endloop
  endfacet
  facet normal 0.427489 0.90402 -0
    outer loop
      vertex 3.77117 49.0554 0
      vertex 3.06147 49.391 6
      vertex 3.77117 49.0554 6
    endloop
  endfacet
  facet normal 0.427489 0.90402 0
    outer loop
      vertex 3.06147 49.391 6
      vertex 3.77117 49.0554 0
      vertex 3.06147 49.391 0
    endloop
  endfacet
  facet normal 0.514089 0.857737 -0
    outer loop
      vertex 4.44456 48.6518 0
      vertex 3.77117 49.0554 6
      vertex 4.44456 48.6518 6
    endloop
  endfacet
  facet normal 0.514089 0.857737 0
    outer loop
      vertex 3.77117 49.0554 6
      vertex 4.44456 48.6518 0
      vertex 3.77117 49.0554 0
    endloop
  endfacet
  facet normal -0.741004 0.671501 0
    outer loop
      vertex -6.18408 47.0751 0
      vertex -5.65685 47.6569 6
      vertex -5.65685 47.6569 0
    endloop
  endfacet
  facet normal -0.741004 0.671501 0
    outer loop
      vertex -5.65685 47.6569 6
      vertex -6.18408 47.0751 0
      vertex -6.18408 47.0751 6
    endloop
  endfacet
  facet normal -0.671543 0.740965 0
    outer loop
      vertex -5.07515 48.1841 0
      vertex -5.65685 47.6569 6
      vertex -5.07515 48.1841 6
    endloop
  endfacet
  facet normal -0.671543 0.740965 0
    outer loop
      vertex -5.65685 47.6569 6
      vertex -5.07515 48.1841 0
      vertex -5.65685 47.6569 0
    endloop
  endfacet
  facet normal 0.857734 0.514093 0
    outer loop
      vertex 7.05537 45.7712 6
      vertex 6.65176 46.4446 0
      vertex 6.65176 46.4446 6
    endloop
  endfacet
  facet normal 0.857734 0.514093 0
    outer loop
      vertex 6.65176 46.4446 0
      vertex 7.05537 45.7712 6
      vertex 7.05537 45.7712 0
    endloop
  endfacet
  facet normal 0.803165 0.595756 0
    outer loop
      vertex 6.65176 46.4446 6
      vertex 6.18408 47.0751 0
      vertex 6.18408 47.0751 6
    endloop
  endfacet
  facet normal 0.803165 0.595756 0
    outer loop
      vertex 6.18408 47.0751 0
      vertex 6.65176 46.4446 6
      vertex 6.65176 46.4446 0
    endloop
  endfacet
  facet normal 0.970035 0.242967 0
    outer loop
      vertex 7.84628 43.5607 6
      vertex 7.65552 44.3223 0
      vertex 7.65552 44.3223 6
    endloop
  endfacet
  facet normal 0.970035 0.242967 0
    outer loop
      vertex 7.65552 44.3223 0
      vertex 7.84628 43.5607 6
      vertex 7.84628 43.5607 0
    endloop
  endfacet
  facet normal 0.989176 0.146733 0
    outer loop
      vertex 7.96148 42.7841 6
      vertex 7.84628 43.5607 0
      vertex 7.84628 43.5607 6
    endloop
  endfacet
  facet normal 0.989176 0.146733 0
    outer loop
      vertex 7.84628 43.5607 0
      vertex 7.96148 42.7841 6
      vertex 7.96148 42.7841 0
    endloop
  endfacet
  facet normal 0.803199 -0.595711 0
    outer loop
      vertex 6.65176 -4.44456 6
      vertex 6.54576 -4.58748 0.889999
      vertex 6.65176 -4.44456 0.889999
    endloop
  endfacet
  facet normal 0.803206 -0.595701 -4.27338e-07
    outer loop
      vertex 6.18408 -5.07515 6
      vertex 6.54576 -4.58748 0.889999
      vertex 6.65176 -4.44456 6
    endloop
  endfacet
  facet normal 0.803208 -0.595699 0
    outer loop
      vertex 6.18408 -5.07515 0
      vertex 6.54576 -4.58748 0.889999
      vertex 6.18408 -5.07515 6
    endloop
  endfacet
  facet normal 0.803208 -0.595699 0
    outer loop
      vertex 6.54576 -4.58748 0.889999
      vertex 6.18408 -5.07515 0
      vertex 6.54576 -4.58748 0
    endloop
  endfacet
  facet normal 0.514099 -0.857731 0
    outer loop
      vertex 3.77117 -7.05537 0.889999
      vertex 4.44456 -6.65176 6
      vertex 3.77117 -7.05537 6
    endloop
  endfacet
  facet normal 0.514099 -0.857731 0
    outer loop
      vertex 4.44456 -6.65176 6
      vertex 3.77117 -7.05537 0.889999
      vertex 4.44456 -6.65176 0.889999
    endloop
  endfacet
  facet normal 0.903978 -0.42758 0
    outer loop
      vertex 7.39104 -3.06147 6
      vertex 7.24337 -3.37367 0.889999
      vertex 7.39104 -3.06147 0
    endloop
  endfacet
  facet normal 0.903986 -0.427562 -1.30242e-06
    outer loop
      vertex 7.05537 -3.77117 6
      vertex 7.24337 -3.37367 0.889999
      vertex 7.39104 -3.06147 6
    endloop
  endfacet
  facet normal 0.903992 -0.427549 0
    outer loop
      vertex 7.24337 -3.37367 0.889999
      vertex 7.05537 -3.77117 6
      vertex 7.05537 -3.77117 0.889999
    endloop
  endfacet
  facet normal 0.903978 -0.42758 0
    outer loop
      vertex 7.39104 -3.06147 0
      vertex 7.24337 -3.37367 0.889999
      vertex 7.24337 -3.37367 0
    endloop
  endfacet
  facet normal 0.336905 0.941539 -0
    outer loop
      vertex 3.06147 49.391 0
      vertex 2.32228 49.6555 6
      vertex 3.06147 49.391 6
    endloop
  endfacet
  facet normal 0.336905 0.941539 0
    outer loop
      vertex 2.32228 49.6555 6
      vertex 3.06147 49.391 0
      vertex 2.32228 49.6555 0
    endloop
  endfacet
  facet normal 0.671543 0.740965 -0
    outer loop
      vertex 5.65685 47.6569 0
      vertex 5.07515 48.1841 6
      vertex 5.65685 47.6569 6
    endloop
  endfacet
  facet normal 0.671543 0.740965 0
    outer loop
      vertex 5.07515 48.1841 6
      vertex 5.65685 47.6569 0
      vertex 5.07515 48.1841 0
    endloop
  endfacet
  facet normal -0.427489 0.90402 0
    outer loop
      vertex -3.06147 49.391 0
      vertex -3.77117 49.0554 6
      vertex -3.06147 49.391 6
    endloop
  endfacet
  facet normal -0.427489 0.90402 0
    outer loop
      vertex -3.77117 49.0554 6
      vertex -3.06147 49.391 0
      vertex -3.77117 49.0554 0
    endloop
  endfacet
  facet normal -0.146736 0.989176 0
    outer loop
      vertex -0.784137 49.9615 0
      vertex -1.56072 49.8463 6
      vertex -0.784137 49.9615 6
    endloop
  endfacet
  facet normal -0.146736 0.989176 0
    outer loop
      vertex -1.56072 49.8463 6
      vertex -0.784137 49.9615 0
      vertex -1.56072 49.8463 0
    endloop
  endfacet
  facet normal -0.857734 0.514093 0
    outer loop
      vertex -7.05537 45.7712 0
      vertex -6.65176 46.4446 6
      vertex -6.65176 46.4446 0
    endloop
  endfacet
  facet normal -0.857734 0.514093 0
    outer loop
      vertex -6.65176 46.4446 6
      vertex -7.05537 45.7712 0
      vertex -7.05537 45.7712 6
    endloop
  endfacet
  facet normal -0.595718 0.803194 0
    outer loop
      vertex -4.44456 48.6518 0
      vertex -5.07515 48.1841 6
      vertex -4.44456 48.6518 6
    endloop
  endfacet
  facet normal -0.595718 0.803194 0
    outer loop
      vertex -5.07515 48.1841 6
      vertex -4.44456 48.6518 0
      vertex -5.07515 48.1841 0
    endloop
  endfacet
  facet normal 0.595718 0.803194 -0
    outer loop
      vertex 5.07515 48.1841 0
      vertex 4.44456 48.6518 6
      vertex 5.07515 48.1841 6
    endloop
  endfacet
  facet normal 0.595718 0.803194 0
    outer loop
      vertex 4.44456 48.6518 6
      vertex 5.07515 48.1841 0
      vertex 4.44456 48.6518 0
    endloop
  endfacet
  facet normal -0.243027 0.970019 0
    outer loop
      vertex -1.56072 49.8463 0
      vertex -2.32228 49.6555 6
      vertex -1.56072 49.8463 6
    endloop
  endfacet
  facet normal -0.243027 0.970019 0
    outer loop
      vertex -2.32228 49.6555 6
      vertex -1.56072 49.8463 0
      vertex -2.32228 49.6555 0
    endloop
  endfacet
  facet normal -0.336905 0.941539 0
    outer loop
      vertex -2.32228 49.6555 0
      vertex -3.06147 49.391 6
      vertex -2.32228 49.6555 6
    endloop
  endfacet
  facet normal -0.336905 0.941539 0
    outer loop
      vertex -3.06147 49.391 6
      vertex -2.32228 49.6555 0
      vertex -3.06147 49.391 0
    endloop
  endfacet
  facet normal 0.0490395 0.998797 -0
    outer loop
      vertex 0.784137 49.9615 0
      vertex 0 50 6
      vertex 0.784137 49.9615 6
    endloop
  endfacet
  facet normal 0.0490395 0.998797 0
    outer loop
      vertex 0 50 6
      vertex 0.784137 49.9615 0
      vertex 0 50 0
    endloop
  endfacet
  facet normal 0.146736 0.989176 -0
    outer loop
      vertex 1.56072 49.8463 0
      vertex 0.784137 49.9615 6
      vertex 1.56072 49.8463 6
    endloop
  endfacet
  facet normal 0.146736 0.989176 0
    outer loop
      vertex 0.784137 49.9615 6
      vertex 1.56072 49.8463 0
      vertex 0.784137 49.9615 0
    endloop
  endfacet
  facet normal -0.803165 0.595756 0
    outer loop
      vertex -6.65176 46.4446 0
      vertex -6.18408 47.0751 6
      vertex -6.18408 47.0751 0
    endloop
  endfacet
  facet normal -0.803165 0.595756 0
    outer loop
      vertex -6.18408 47.0751 6
      vertex -6.65176 46.4446 0
      vertex -6.65176 46.4446 6
    endloop
  endfacet
  facet normal -0.0490395 0.998797 0
    outer loop
      vertex 0 50 0
      vertex -0.784137 49.9615 6
      vertex 0 50 6
    endloop
  endfacet
  facet normal -0.0490395 0.998797 0
    outer loop
      vertex -0.784137 49.9615 6
      vertex 0 50 0
      vertex -0.784137 49.9615 0
    endloop
  endfacet
  facet normal -0.998796 -0.0490545 0
    outer loop
      vertex 2.15 0 3.3
      vertex 2.13965 0.210736 6
      vertex 2.13965 0.210736 3.3
    endloop
  endfacet
  facet normal -0.998796 -0.0490545 0
    outer loop
      vertex 2.13965 0.210736 6
      vertex 2.15 0 3.3
      vertex 2.15 0 6
    endloop
  endfacet
  facet normal 0.998796 -0.0490545 0
    outer loop
      vertex -2.15 0 6
      vertex -2.13965 0.210736 3.3
      vertex -2.13965 0.210736 6
    endloop
  endfacet
  facet normal 0.998796 -0.0490545 0
    outer loop
      vertex -2.13965 0.210736 3.3
      vertex -2.15 0 6
      vertex -2.15 0 3.3
    endloop
  endfacet
  facet normal -0.0490545 -0.998796 0
    outer loop
      vertex 0 2.15 3.3
      vertex 0.210736 2.13965 6
      vertex 0 2.15 6
    endloop
  endfacet
  facet normal -0.0490545 -0.998796 -0
    outer loop
      vertex 0.210736 2.13965 6
      vertex 0 2.15 3.3
      vertex 0.210736 2.13965 3.3
    endloop
  endfacet
  facet normal -0.671561 -0.740949 0
    outer loop
      vertex 1.36395 1.66197 3.3
      vertex 1.52028 1.52028 6
      vertex 1.36395 1.66197 6
    endloop
  endfacet
  facet normal -0.671561 -0.740949 -0
    outer loop
      vertex 1.52028 1.52028 6
      vertex 1.36395 1.66197 3.3
      vertex 1.52028 1.52028 3.3
    endloop
  endfacet
  facet normal 0.671561 -0.740949 0
    outer loop
      vertex -1.52028 1.52028 3.3
      vertex -1.36395 1.66197 6
      vertex -1.52028 1.52028 6
    endloop
  endfacet
  facet normal 0.671561 -0.740949 0
    outer loop
      vertex -1.36395 1.66197 6
      vertex -1.52028 1.52028 3.3
      vertex -1.36395 1.66197 3.3
    endloop
  endfacet
  facet normal 0.336886 -0.941546 0
    outer loop
      vertex -0.822769 1.98634 3.3
      vertex -0.624111 2.05742 6
      vertex -0.822769 1.98634 6
    endloop
  endfacet
  facet normal 0.336886 -0.941546 0
    outer loop
      vertex -0.624111 2.05742 6
      vertex -0.822769 1.98634 3.3
      vertex -0.624111 2.05742 3.3
    endloop
  endfacet
  facet normal -0.903988 -0.427559 0
    outer loop
      vertex 1.98634 0.822769 3.3
      vertex 1.89613 1.0135 6
      vertex 1.89613 1.0135 3.3
    endloop
  endfacet
  facet normal -0.903988 -0.427559 0
    outer loop
      vertex 1.89613 1.0135 6
      vertex 1.98634 0.822769 3.3
      vertex 1.98634 0.822769 6
    endloop
  endfacet
  facet normal -0.336886 -0.941546 0
    outer loop
      vertex 0.624111 2.05742 3.3
      vertex 0.822769 1.98634 6
      vertex 0.624111 2.05742 6
    endloop
  endfacet
  facet normal -0.336886 -0.941546 -0
    outer loop
      vertex 0.822769 1.98634 6
      vertex 0.624111 2.05742 3.3
      vertex 0.822769 1.98634 3.3
    endloop
  endfacet
  facet normal -0.514084 -0.85774 0
    outer loop
      vertex 1.0135 1.89613 3.3
      vertex 1.19448 1.78766 6
      vertex 1.0135 1.89613 6
    endloop
  endfacet
  facet normal -0.514084 -0.85774 -0
    outer loop
      vertex 1.19448 1.78766 6
      vertex 1.0135 1.89613 3.3
      vertex 1.19448 1.78766 3.3
    endloop
  endfacet
  facet normal 0.903988 -0.427559 0
    outer loop
      vertex -1.98634 0.822769 6
      vertex -1.89613 1.0135 3.3
      vertex -1.89613 1.0135 6
    endloop
  endfacet
  facet normal 0.903988 -0.427559 0
    outer loop
      vertex -1.89613 1.0135 3.3
      vertex -1.98634 0.822769 6
      vertex -1.98634 0.822769 3.3
    endloop
  endfacet
  facet normal 0.146736 -0.989176 0
    outer loop
      vertex -0.419444 2.10869 3.3
      vertex -0.210736 2.13965 6
      vertex -0.419444 2.10869 6
    endloop
  endfacet
  facet normal 0.146736 -0.989176 0
    outer loop
      vertex -0.210736 2.13965 6
      vertex -0.419444 2.10869 3.3
      vertex -0.210736 2.13965 3.3
    endloop
  endfacet
  facet normal -0.970027 0.242996 0
    outer loop
      vertex 2.05742 -0.624111 3.3
      vertex 2.10869 -0.419444 6
      vertex 2.10869 -0.419444 3.3
    endloop
  endfacet
  facet normal -0.970027 0.242996 0
    outer loop
      vertex 2.10869 -0.419444 6
      vertex 2.05742 -0.624111 3.3
      vertex 2.05742 -0.624111 6
    endloop
  endfacet
  facet normal -0.970027 -0.242996 0
    outer loop
      vertex 2.10869 0.419444 3.3
      vertex 2.05742 0.624111 6
      vertex 2.05742 0.624111 3.3
    endloop
  endfacet
  facet normal -0.970027 -0.242996 0
    outer loop
      vertex 2.05742 0.624111 6
      vertex 2.10869 0.419444 3.3
      vertex 2.10869 0.419444 6
    endloop
  endfacet
  facet normal -0.989176 -0.146736 0
    outer loop
      vertex 2.13965 0.210736 3.3
      vertex 2.10869 0.419444 6
      vertex 2.10869 0.419444 3.3
    endloop
  endfacet
  facet normal -0.989176 -0.146736 0
    outer loop
      vertex 2.10869 0.419444 6
      vertex 2.13965 0.210736 3.3
      vertex 2.13965 0.210736 6
    endloop
  endfacet
  facet normal -0.941546 -0.336886 0
    outer loop
      vertex 2.05742 0.624111 3.3
      vertex 1.98634 0.822769 6
      vertex 1.98634 0.822769 3.3
    endloop
  endfacet
  facet normal -0.941546 -0.336886 0
    outer loop
      vertex 1.98634 0.822769 6
      vertex 2.05742 0.624111 3.3
      vertex 2.05742 0.624111 6
    endloop
  endfacet
  facet normal -0.803202 -0.595707 0
    outer loop
      vertex 1.78766 1.19448 3.3
      vertex 1.66197 1.36395 6
      vertex 1.66197 1.36395 3.3
    endloop
  endfacet
  facet normal -0.803202 -0.595707 0
    outer loop
      vertex 1.66197 1.36395 6
      vertex 1.78766 1.19448 3.3
      vertex 1.78766 1.19448 6
    endloop
  endfacet
  facet normal -0.740949 -0.671561 0
    outer loop
      vertex 1.66197 1.36395 3.3
      vertex 1.52028 1.52028 6
      vertex 1.52028 1.52028 3.3
    endloop
  endfacet
  facet normal -0.740949 -0.671561 0
    outer loop
      vertex 1.52028 1.52028 6
      vertex 1.66197 1.36395 3.3
      vertex 1.66197 1.36395 6
    endloop
  endfacet
  facet normal -0.85774 -0.514084 0
    outer loop
      vertex 1.89613 1.0135 3.3
      vertex 1.78766 1.19448 6
      vertex 1.78766 1.19448 3.3
    endloop
  endfacet
  facet normal -0.85774 -0.514084 0
    outer loop
      vertex 1.78766 1.19448 6
      vertex 1.89613 1.0135 3.3
      vertex 1.89613 1.0135 6
    endloop
  endfacet
  facet normal -0.242996 -0.970027 0
    outer loop
      vertex 0.419444 2.10869 3.3
      vertex 0.624111 2.05742 6
      vertex 0.419444 2.10869 6
    endloop
  endfacet
  facet normal -0.242996 -0.970027 -0
    outer loop
      vertex 0.624111 2.05742 6
      vertex 0.419444 2.10869 3.3
      vertex 0.624111 2.05742 3.3
    endloop
  endfacet
  facet normal -0.146736 -0.989176 0
    outer loop
      vertex 0.210736 2.13965 3.3
      vertex 0.419444 2.10869 6
      vertex 0.210736 2.13965 6
    endloop
  endfacet
  facet normal -0.146736 -0.989176 -0
    outer loop
      vertex 0.419444 2.10869 6
      vertex 0.210736 2.13965 3.3
      vertex 0.419444 2.10869 3.3
    endloop
  endfacet
  facet normal -0.427559 -0.903988 0
    outer loop
      vertex 0.822769 1.98634 3.3
      vertex 1.0135 1.89613 6
      vertex 0.822769 1.98634 6
    endloop
  endfacet
  facet normal -0.427559 -0.903988 -0
    outer loop
      vertex 1.0135 1.89613 6
      vertex 0.822769 1.98634 3.3
      vertex 1.0135 1.89613 3.3
    endloop
  endfacet
  facet normal -0.595707 -0.803202 0
    outer loop
      vertex 1.19448 1.78766 3.3
      vertex 1.36395 1.66197 6
      vertex 1.19448 1.78766 6
    endloop
  endfacet
  facet normal -0.595707 -0.803202 -0
    outer loop
      vertex 1.36395 1.66197 6
      vertex 1.19448 1.78766 3.3
      vertex 1.36395 1.66197 3.3
    endloop
  endfacet
  facet normal 0.970027 -0.242996 0
    outer loop
      vertex -2.10869 0.419444 6
      vertex -2.05742 0.624111 3.3
      vertex -2.05742 0.624111 6
    endloop
  endfacet
  facet normal 0.970027 -0.242996 0
    outer loop
      vertex -2.05742 0.624111 3.3
      vertex -2.10869 0.419444 6
      vertex -2.10869 0.419444 3.3
    endloop
  endfacet
  facet normal 0.803202 -0.595707 0
    outer loop
      vertex -1.78766 1.19448 6
      vertex -1.66197 1.36395 3.3
      vertex -1.66197 1.36395 6
    endloop
  endfacet
  facet normal 0.803202 -0.595707 0
    outer loop
      vertex -1.66197 1.36395 3.3
      vertex -1.78766 1.19448 6
      vertex -1.78766 1.19448 3.3
    endloop
  endfacet
  facet normal 0.740949 -0.671561 0
    outer loop
      vertex -1.66197 1.36395 6
      vertex -1.52028 1.52028 3.3
      vertex -1.52028 1.52028 6
    endloop
  endfacet
  facet normal 0.740949 -0.671561 0
    outer loop
      vertex -1.52028 1.52028 3.3
      vertex -1.66197 1.36395 6
      vertex -1.66197 1.36395 3.3
    endloop
  endfacet
  facet normal 0.85774 -0.514084 0
    outer loop
      vertex -1.89613 1.0135 6
      vertex -1.78766 1.19448 3.3
      vertex -1.78766 1.19448 6
    endloop
  endfacet
  facet normal 0.85774 -0.514084 0
    outer loop
      vertex -1.78766 1.19448 3.3
      vertex -1.89613 1.0135 6
      vertex -1.89613 1.0135 3.3
    endloop
  endfacet
  facet normal 0.941546 -0.336886 0
    outer loop
      vertex -2.05742 0.624111 6
      vertex -1.98634 0.822769 3.3
      vertex -1.98634 0.822769 6
    endloop
  endfacet
  facet normal 0.941546 -0.336886 0
    outer loop
      vertex -1.98634 0.822769 3.3
      vertex -2.05742 0.624111 6
      vertex -2.05742 0.624111 3.3
    endloop
  endfacet
  facet normal 0.989176 -0.146736 0
    outer loop
      vertex -2.13965 0.210736 6
      vertex -2.10869 0.419444 3.3
      vertex -2.10869 0.419444 6
    endloop
  endfacet
  facet normal 0.989176 -0.146736 0
    outer loop
      vertex -2.10869 0.419444 3.3
      vertex -2.13965 0.210736 6
      vertex -2.13965 0.210736 3.3
    endloop
  endfacet
  facet normal 0.514084 -0.85774 0
    outer loop
      vertex -1.19448 1.78766 3.3
      vertex -1.0135 1.89613 6
      vertex -1.19448 1.78766 6
    endloop
  endfacet
  facet normal 0.514084 -0.85774 0
    outer loop
      vertex -1.0135 1.89613 6
      vertex -1.19448 1.78766 3.3
      vertex -1.0135 1.89613 3.3
    endloop
  endfacet
  facet normal 0.427559 -0.903988 0
    outer loop
      vertex -1.0135 1.89613 3.3
      vertex -0.822769 1.98634 6
      vertex -1.0135 1.89613 6
    endloop
  endfacet
  facet normal 0.427559 -0.903988 0
    outer loop
      vertex -0.822769 1.98634 6
      vertex -1.0135 1.89613 3.3
      vertex -0.822769 1.98634 3.3
    endloop
  endfacet
  facet normal 0.595707 -0.803202 0
    outer loop
      vertex -1.36395 1.66197 3.3
      vertex -1.19448 1.78766 6
      vertex -1.36395 1.66197 6
    endloop
  endfacet
  facet normal 0.595707 -0.803202 0
    outer loop
      vertex -1.19448 1.78766 6
      vertex -1.36395 1.66197 3.3
      vertex -1.19448 1.78766 3.3
    endloop
  endfacet
  facet normal 0.242996 -0.970027 0
    outer loop
      vertex -0.624111 2.05742 3.3
      vertex -0.419444 2.10869 6
      vertex -0.624111 2.05742 6
    endloop
  endfacet
  facet normal 0.242996 -0.970027 0
    outer loop
      vertex -0.419444 2.10869 6
      vertex -0.624111 2.05742 3.3
      vertex -0.419444 2.10869 3.3
    endloop
  endfacet
  facet normal 0.0490545 -0.998796 0
    outer loop
      vertex -0.210736 2.13965 3.3
      vertex 0 2.15 6
      vertex -0.210736 2.13965 6
    endloop
  endfacet
  facet normal 0.0490545 -0.998796 0
    outer loop
      vertex 0 2.15 6
      vertex -0.210736 2.13965 3.3
      vertex 0 2.15 3.3
    endloop
  endfacet
  facet normal -0.242996 0.970027 0
    outer loop
      vertex 0.624111 -2.05742 3.3
      vertex 0.419444 -2.10869 6
      vertex 0.624111 -2.05742 6
    endloop
  endfacet
  facet normal -0.242996 0.970027 0
    outer loop
      vertex 0.419444 -2.10869 6
      vertex 0.624111 -2.05742 3.3
      vertex 0.419444 -2.10869 3.3
    endloop
  endfacet
  facet normal -0.0490545 0.998796 0
    outer loop
      vertex 0.210736 -2.13965 3.3
      vertex 0 -2.15 6
      vertex 0.210736 -2.13965 6
    endloop
  endfacet
  facet normal -0.0490545 0.998796 0
    outer loop
      vertex 0 -2.15 6
      vertex 0.210736 -2.13965 3.3
      vertex 0 -2.15 3.3
    endloop
  endfacet
  facet normal -0.336886 0.941546 0
    outer loop
      vertex 0.822769 -1.98634 3.3
      vertex 0.624111 -2.05742 6
      vertex 0.822769 -1.98634 6
    endloop
  endfacet
  facet normal -0.336886 0.941546 0
    outer loop
      vertex 0.624111 -2.05742 6
      vertex 0.822769 -1.98634 3.3
      vertex 0.624111 -2.05742 3.3
    endloop
  endfacet
  facet normal -0.671561 0.740949 0
    outer loop
      vertex 1.52028 -1.52028 3.3
      vertex 1.36395 -1.66197 6
      vertex 1.52028 -1.52028 6
    endloop
  endfacet
  facet normal -0.671561 0.740949 0
    outer loop
      vertex 1.36395 -1.66197 6
      vertex 1.52028 -1.52028 3.3
      vertex 1.36395 -1.66197 3.3
    endloop
  endfacet
  facet normal -0.514084 0.85774 0
    outer loop
      vertex 1.19448 -1.78766 3.3
      vertex 1.0135 -1.89613 6
      vertex 1.19448 -1.78766 6
    endloop
  endfacet
  facet normal -0.514084 0.85774 0
    outer loop
      vertex 1.0135 -1.89613 6
      vertex 1.19448 -1.78766 3.3
      vertex 1.0135 -1.89613 3.3
    endloop
  endfacet
  facet normal -0.803202 0.595707 0
    outer loop
      vertex 1.66197 -1.36395 3.3
      vertex 1.78766 -1.19448 6
      vertex 1.78766 -1.19448 3.3
    endloop
  endfacet
  facet normal -0.803202 0.595707 0
    outer loop
      vertex 1.78766 -1.19448 6
      vertex 1.66197 -1.36395 3.3
      vertex 1.66197 -1.36395 6
    endloop
  endfacet
  facet normal -0.903988 0.427559 0
    outer loop
      vertex 1.89613 -1.0135 3.3
      vertex 1.98634 -0.822769 6
      vertex 1.98634 -0.822769 3.3
    endloop
  endfacet
  facet normal -0.903988 0.427559 0
    outer loop
      vertex 1.98634 -0.822769 6
      vertex 1.89613 -1.0135 3.3
      vertex 1.89613 -1.0135 6
    endloop
  endfacet
  facet normal 0.671561 0.740949 -0
    outer loop
      vertex -1.36395 -1.66197 3.3
      vertex -1.52028 -1.52028 6
      vertex -1.36395 -1.66197 6
    endloop
  endfacet
  facet normal 0.671561 0.740949 0
    outer loop
      vertex -1.52028 -1.52028 6
      vertex -1.36395 -1.66197 3.3
      vertex -1.52028 -1.52028 3.3
    endloop
  endfacet
  facet normal 0.514084 0.85774 -0
    outer loop
      vertex -1.0135 -1.89613 3.3
      vertex -1.19448 -1.78766 6
      vertex -1.0135 -1.89613 6
    endloop
  endfacet
  facet normal 0.514084 0.85774 0
    outer loop
      vertex -1.19448 -1.78766 6
      vertex -1.0135 -1.89613 3.3
      vertex -1.19448 -1.78766 3.3
    endloop
  endfacet
  facet normal 0.336886 0.941546 -0
    outer loop
      vertex -0.624111 -2.05742 3.3
      vertex -0.822769 -1.98634 6
      vertex -0.624111 -2.05742 6
    endloop
  endfacet
  facet normal 0.336886 0.941546 0
    outer loop
      vertex -0.822769 -1.98634 6
      vertex -0.624111 -2.05742 3.3
      vertex -0.822769 -1.98634 3.3
    endloop
  endfacet
  facet normal 0.146736 0.989176 -0
    outer loop
      vertex -0.210736 -2.13965 3.3
      vertex -0.419444 -2.10869 6
      vertex -0.210736 -2.13965 6
    endloop
  endfacet
  facet normal 0.146736 0.989176 0
    outer loop
      vertex -0.419444 -2.10869 6
      vertex -0.210736 -2.13965 3.3
      vertex -0.419444 -2.10869 3.3
    endloop
  endfacet
  facet normal 0.903988 0.427559 0
    outer loop
      vertex -1.89613 -1.0135 6
      vertex -1.98634 -0.822769 3.3
      vertex -1.98634 -0.822769 6
    endloop
  endfacet
  facet normal 0.903988 0.427559 0
    outer loop
      vertex -1.98634 -0.822769 3.3
      vertex -1.89613 -1.0135 6
      vertex -1.89613 -1.0135 3.3
    endloop
  endfacet
  facet normal 0.803202 0.595707 0
    outer loop
      vertex -1.66197 -1.36395 6
      vertex -1.78766 -1.19448 3.3
      vertex -1.78766 -1.19448 6
    endloop
  endfacet
  facet normal 0.803202 0.595707 0
    outer loop
      vertex -1.78766 -1.19448 3.3
      vertex -1.66197 -1.36395 6
      vertex -1.66197 -1.36395 3.3
    endloop
  endfacet
  facet normal 0.970027 0.242996 0
    outer loop
      vertex -2.05742 -0.624111 6
      vertex -2.10869 -0.419444 3.3
      vertex -2.10869 -0.419444 6
    endloop
  endfacet
  facet normal 0.970027 0.242996 0
    outer loop
      vertex -2.10869 -0.419444 3.3
      vertex -2.05742 -0.624111 6
      vertex -2.05742 -0.624111 3.3
    endloop
  endfacet
  facet normal 0.998796 0.0490545 0
    outer loop
      vertex -2.13965 -0.210736 6
      vertex -2.15 0 3.3
      vertex -2.15 0 6
    endloop
  endfacet
  facet normal 0.998796 0.0490545 0
    outer loop
      vertex -2.15 0 3.3
      vertex -2.13965 -0.210736 6
      vertex -2.13965 -0.210736 3.3
    endloop
  endfacet
  facet normal -0.146736 0.989176 0
    outer loop
      vertex 0.419444 -2.10869 3.3
      vertex 0.210736 -2.13965 6
      vertex 0.419444 -2.10869 6
    endloop
  endfacet
  facet normal -0.146736 0.989176 0
    outer loop
      vertex 0.210736 -2.13965 6
      vertex 0.419444 -2.10869 3.3
      vertex 0.210736 -2.13965 3.3
    endloop
  endfacet
  facet normal -0.427559 0.903988 0
    outer loop
      vertex 1.0135 -1.89613 3.3
      vertex 0.822769 -1.98634 6
      vertex 1.0135 -1.89613 6
    endloop
  endfacet
  facet normal -0.427559 0.903988 0
    outer loop
      vertex 0.822769 -1.98634 6
      vertex 1.0135 -1.89613 3.3
      vertex 0.822769 -1.98634 3.3
    endloop
  endfacet
  facet normal -0.740949 0.671561 0
    outer loop
      vertex 1.52028 -1.52028 3.3
      vertex 1.66197 -1.36395 6
      vertex 1.66197 -1.36395 3.3
    endloop
  endfacet
  facet normal -0.740949 0.671561 0
    outer loop
      vertex 1.66197 -1.36395 6
      vertex 1.52028 -1.52028 3.3
      vertex 1.52028 -1.52028 6
    endloop
  endfacet
  facet normal -0.595707 0.803202 0
    outer loop
      vertex 1.36395 -1.66197 3.3
      vertex 1.19448 -1.78766 6
      vertex 1.36395 -1.66197 6
    endloop
  endfacet
  facet normal -0.595707 0.803202 0
    outer loop
      vertex 1.19448 -1.78766 6
      vertex 1.36395 -1.66197 3.3
      vertex 1.19448 -1.78766 3.3
    endloop
  endfacet
  facet normal -0.85774 0.514084 0
    outer loop
      vertex 1.78766 -1.19448 3.3
      vertex 1.89613 -1.0135 6
      vertex 1.89613 -1.0135 3.3
    endloop
  endfacet
  facet normal -0.85774 0.514084 0
    outer loop
      vertex 1.89613 -1.0135 6
      vertex 1.78766 -1.19448 3.3
      vertex 1.78766 -1.19448 6
    endloop
  endfacet
  facet normal -0.941546 0.336886 0
    outer loop
      vertex 1.98634 -0.822769 3.3
      vertex 2.05742 -0.624111 6
      vertex 2.05742 -0.624111 3.3
    endloop
  endfacet
  facet normal -0.941546 0.336886 0
    outer loop
      vertex 2.05742 -0.624111 6
      vertex 1.98634 -0.822769 3.3
      vertex 1.98634 -0.822769 6
    endloop
  endfacet
  facet normal -0.989176 0.146736 0
    outer loop
      vertex 2.10869 -0.419444 3.3
      vertex 2.13965 -0.210736 6
      vertex 2.13965 -0.210736 3.3
    endloop
  endfacet
  facet normal -0.989176 0.146736 0
    outer loop
      vertex 2.13965 -0.210736 6
      vertex 2.10869 -0.419444 3.3
      vertex 2.10869 -0.419444 6
    endloop
  endfacet
  facet normal -0.998796 0.0490545 0
    outer loop
      vertex 2.13965 -0.210736 3.3
      vertex 2.15 0 6
      vertex 2.15 0 3.3
    endloop
  endfacet
  facet normal -0.998796 0.0490545 0
    outer loop
      vertex 2.15 0 6
      vertex 2.13965 -0.210736 3.3
      vertex 2.13965 -0.210736 6
    endloop
  endfacet
  facet normal 0.595707 0.803202 -0
    outer loop
      vertex -1.19448 -1.78766 3.3
      vertex -1.36395 -1.66197 6
      vertex -1.19448 -1.78766 6
    endloop
  endfacet
  facet normal 0.595707 0.803202 0
    outer loop
      vertex -1.36395 -1.66197 6
      vertex -1.19448 -1.78766 3.3
      vertex -1.36395 -1.66197 3.3
    endloop
  endfacet
  facet normal 0.427559 0.903988 -0
    outer loop
      vertex -0.822769 -1.98634 3.3
      vertex -1.0135 -1.89613 6
      vertex -0.822769 -1.98634 6
    endloop
  endfacet
  facet normal 0.427559 0.903988 0
    outer loop
      vertex -1.0135 -1.89613 6
      vertex -0.822769 -1.98634 3.3
      vertex -1.0135 -1.89613 3.3
    endloop
  endfacet
  facet normal 0.242996 0.970027 -0
    outer loop
      vertex -0.419444 -2.10869 3.3
      vertex -0.624111 -2.05742 6
      vertex -0.419444 -2.10869 6
    endloop
  endfacet
  facet normal 0.242996 0.970027 0
    outer loop
      vertex -0.624111 -2.05742 6
      vertex -0.419444 -2.10869 3.3
      vertex -0.624111 -2.05742 3.3
    endloop
  endfacet
  facet normal 0.0490545 0.998796 -0
    outer loop
      vertex 0 -2.15 3.3
      vertex -0.210736 -2.13965 6
      vertex 0 -2.15 6
    endloop
  endfacet
  facet normal 0.0490545 0.998796 0
    outer loop
      vertex -0.210736 -2.13965 6
      vertex 0 -2.15 3.3
      vertex -0.210736 -2.13965 3.3
    endloop
  endfacet
  facet normal 0.85774 0.514084 0
    outer loop
      vertex -1.78766 -1.19448 6
      vertex -1.89613 -1.0135 3.3
      vertex -1.89613 -1.0135 6
    endloop
  endfacet
  facet normal 0.85774 0.514084 0
    outer loop
      vertex -1.89613 -1.0135 3.3
      vertex -1.78766 -1.19448 6
      vertex -1.78766 -1.19448 3.3
    endloop
  endfacet
  facet normal 0.740949 0.671561 0
    outer loop
      vertex -1.52028 -1.52028 6
      vertex -1.66197 -1.36395 3.3
      vertex -1.66197 -1.36395 6
    endloop
  endfacet
  facet normal 0.740949 0.671561 0
    outer loop
      vertex -1.66197 -1.36395 3.3
      vertex -1.52028 -1.52028 6
      vertex -1.52028 -1.52028 3.3
    endloop
  endfacet
  facet normal 0.941546 0.336886 0
    outer loop
      vertex -1.98634 -0.822769 6
      vertex -2.05742 -0.624111 3.3
      vertex -2.05742 -0.624111 6
    endloop
  endfacet
  facet normal 0.941546 0.336886 0
    outer loop
      vertex -2.05742 -0.624111 3.3
      vertex -1.98634 -0.822769 6
      vertex -1.98634 -0.822769 3.3
    endloop
  endfacet
  facet normal 0.989176 0.146736 0
    outer loop
      vertex -2.10869 -0.419444 6
      vertex -2.13965 -0.210736 3.3
      vertex -2.13965 -0.210736 6
    endloop
  endfacet
  facet normal 0.989176 0.146736 0
    outer loop
      vertex -2.13965 -0.210736 3.3
      vertex -2.10869 -0.419444 6
      vertex -2.10869 -0.419444 3.3
    endloop
  endfacet
  facet normal -0.866025 -0.5 0
    outer loop
      vertex 4.05 0 0
      vertex 2.025 3.5074 3.3
      vertex 2.025 3.5074 0
    endloop
  endfacet
  facet normal -0.866025 -0.5 0
    outer loop
      vertex 2.025 3.5074 3.3
      vertex 4.05 0 0
      vertex 4.05 0 3.3
    endloop
  endfacet
  facet normal 0.866025 -0.5 0
    outer loop
      vertex -4.05 0 3.3
      vertex -2.025 3.5074 0
      vertex -2.025 3.5074 3.3
    endloop
  endfacet
  facet normal 0.866025 -0.5 0
    outer loop
      vertex -2.025 3.5074 0
      vertex -4.05 0 3.3
      vertex -4.05 0 0
    endloop
  endfacet
  facet normal 0 -1 0
    outer loop
      vertex -2.025 3.5074 0
      vertex 2.025 3.5074 3.3
      vertex -2.025 3.5074 3.3
    endloop
  endfacet
  facet normal 0 -1 -0
    outer loop
      vertex 2.025 3.5074 3.3
      vertex -2.025 3.5074 0
      vertex 2.025 3.5074 0
    endloop
  endfacet
  facet normal -0 0 -1
    outer loop
      vertex 4.05 0 3.3
      vertex 2.13965 -0.210736 3.3
      vertex 2.15 0 3.3
    endloop
  endfacet
  facet normal 0 0 -1
    outer loop
      vertex 4.05 0 3.3
      vertex 2.10869 -0.419444 3.3
      vertex 2.13965 -0.210736 3.3
    endloop
  endfacet
  facet normal 0 0 -1
    outer loop
      vertex 4.05 0 3.3
      vertex 2.05742 -0.624111 3.3
      vertex 2.10869 -0.419444 3.3
    endloop
  endfacet
  facet normal 0 0 -1
    outer loop
      vertex 1.89613 -1.0135 3.3
      vertex 4.05 0 3.3
      vertex 2.025 -3.5074 3.3
    endloop
  endfacet
  facet normal 0 0 -1
    outer loop
      vertex 4.05 0 3.3
      vertex 1.98634 -0.822769 3.3
      vertex 2.05742 -0.624111 3.3
    endloop
  endfacet
  facet normal 0 0 -1
    outer loop
      vertex 4.05 0 3.3
      vertex 1.89613 -1.0135 3.3
      vertex 1.98634 -0.822769 3.3
    endloop
  endfacet
  facet normal 0 0 -1
    outer loop
      vertex 2.025 -3.5074 3.3
      vertex 1.78766 -1.19448 3.3
      vertex 1.89613 -1.0135 3.3
    endloop
  endfacet
  facet normal 0 0 -1
    outer loop
      vertex 2.025 -3.5074 3.3
      vertex 1.66197 -1.36395 3.3
      vertex 1.78766 -1.19448 3.3
    endloop
  endfacet
  facet normal 0 0 -1
    outer loop
      vertex 2.025 -3.5074 3.3
      vertex 1.52028 -1.52028 3.3
      vertex 1.66197 -1.36395 3.3
    endloop
  endfacet
  facet normal 0 0 -1
    outer loop
      vertex 2.025 -3.5074 3.3
      vertex 1.36395 -1.66197 3.3
      vertex 1.52028 -1.52028 3.3
    endloop
  endfacet
  facet normal 0 0 -1
    outer loop
      vertex 2.025 -3.5074 3.3
      vertex 1.19448 -1.78766 3.3
      vertex 1.36395 -1.66197 3.3
    endloop
  endfacet
  facet normal 0 0 -1
    outer loop
      vertex 2.025 -3.5074 3.3
      vertex 1.0135 -1.89613 3.3
      vertex 1.19448 -1.78766 3.3
    endloop
  endfacet
  facet normal 0 0 -1
    outer loop
      vertex 2.025 -3.5074 3.3
      vertex 0.822769 -1.98634 3.3
      vertex 1.0135 -1.89613 3.3
    endloop
  endfacet
  facet normal 0 0 -1
    outer loop
      vertex 2.025 -3.5074 3.3
      vertex 0.624111 -2.05742 3.3
      vertex 0.822769 -1.98634 3.3
    endloop
  endfacet
  facet normal 0 0 -1
    outer loop
      vertex 2.025 -3.5074 3.3
      vertex 0.419444 -2.10869 3.3
      vertex 0.624111 -2.05742 3.3
    endloop
  endfacet
  facet normal 0 0 -1
    outer loop
      vertex 2.025 -3.5074 3.3
      vertex 0.210736 -2.13965 3.3
      vertex 0.419444 -2.10869 3.3
    endloop
  endfacet
  facet normal 0 0 -1
    outer loop
      vertex 2.025 -3.5074 3.3
      vertex 0 -2.15 3.3
      vertex 0.210736 -2.13965 3.3
    endloop
  endfacet
  facet normal 0 0 -1
    outer loop
      vertex -2.025 -3.5074 3.3
      vertex 0 -2.15 3.3
      vertex 2.025 -3.5074 3.3
    endloop
  endfacet
  facet normal -0 0 -1
    outer loop
      vertex 0 -2.15 3.3
      vertex -2.025 -3.5074 3.3
      vertex -0.210736 -2.13965 3.3
    endloop
  endfacet
  facet normal -0 0 -1
    outer loop
      vertex -0.210736 -2.13965 3.3
      vertex -2.025 -3.5074 3.3
      vertex -0.419444 -2.10869 3.3
    endloop
  endfacet
  facet normal -0 0 -1
    outer loop
      vertex -0.419444 -2.10869 3.3
      vertex -2.025 -3.5074 3.3
      vertex -0.624111 -2.05742 3.3
    endloop
  endfacet
  facet normal -0 0 -1
    outer loop
      vertex -0.624111 -2.05742 3.3
      vertex -2.025 -3.5074 3.3
      vertex -0.822769 -1.98634 3.3
    endloop
  endfacet
  facet normal -0 0 -1
    outer loop
      vertex -0.822769 -1.98634 3.3
      vertex -2.025 -3.5074 3.3
      vertex -1.0135 -1.89613 3.3
    endloop
  endfacet
  facet normal 0 0 -1
    outer loop
      vertex -2.025 -3.5074 3.3
      vertex -1.19448 -1.78766 3.3
      vertex -1.0135 -1.89613 3.3
    endloop
  endfacet
  facet normal 0 0 -1
    outer loop
      vertex -2.025 -3.5074 3.3
      vertex -1.36395 -1.66197 3.3
      vertex -1.19448 -1.78766 3.3
    endloop
  endfacet
  facet normal 0 0 -1
    outer loop
      vertex -2.025 -3.5074 3.3
      vertex -1.52028 -1.52028 3.3
      vertex -1.36395 -1.66197 3.3
    endloop
  endfacet
  facet normal 0 0 -1
    outer loop
      vertex -2.025 -3.5074 3.3
      vertex -1.66197 -1.36395 3.3
      vertex -1.52028 -1.52028 3.3
    endloop
  endfacet
  facet normal 0 0 -1
    outer loop
      vertex -2.025 -3.5074 3.3
      vertex -1.78766 -1.19448 3.3
      vertex -1.66197 -1.36395 3.3
    endloop
  endfacet
  facet normal 0 0 -1
    outer loop
      vertex -2.025 -3.5074 3.3
      vertex -1.89613 -1.0135 3.3
      vertex -1.78766 -1.19448 3.3
    endloop
  endfacet
  facet normal 0 0 -1
    outer loop
      vertex -4.05 0 3.3
      vertex -1.89613 -1.0135 3.3
      vertex -2.025 -3.5074 3.3
    endloop
  endfacet
  facet normal 0 0 -1
    outer loop
      vertex -1.89613 -1.0135 3.3
      vertex -4.05 0 3.3
      vertex -1.98634 -0.822769 3.3
    endloop
  endfacet
  facet normal 0 0 -1
    outer loop
      vertex -1.98634 -0.822769 3.3
      vertex -4.05 0 3.3
      vertex -2.05742 -0.624111 3.3
    endloop
  endfacet
  facet normal 0 0 -1
    outer loop
      vertex -2.05742 -0.624111 3.3
      vertex -4.05 0 3.3
      vertex -2.10869 -0.419444 3.3
    endloop
  endfacet
  facet normal 0 0 -1
    outer loop
      vertex -2.10869 -0.419444 3.3
      vertex -4.05 0 3.3
      vertex -2.13965 -0.210736 3.3
    endloop
  endfacet
  facet normal 0 0 -1
    outer loop
      vertex -2.13965 -0.210736 3.3
      vertex -4.05 0 3.3
      vertex -2.15 0 3.3
    endloop
  endfacet
  facet normal 0 0 -1
    outer loop
      vertex 2.13965 0.210736 3.3
      vertex 4.05 0 3.3
      vertex 2.15 0 3.3
    endloop
  endfacet
  facet normal 0 0 -1
    outer loop
      vertex 2.10869 0.419444 3.3
      vertex 4.05 0 3.3
      vertex 2.13965 0.210736 3.3
    endloop
  endfacet
  facet normal 0 0 -1
    outer loop
      vertex 2.05742 0.624111 3.3
      vertex 4.05 0 3.3
      vertex 2.10869 0.419444 3.3
    endloop
  endfacet
  facet normal 0 0 -1
    outer loop
      vertex 1.98634 0.822769 3.3
      vertex 4.05 0 3.3
      vertex 2.05742 0.624111 3.3
    endloop
  endfacet
  facet normal 0 0 -1
    outer loop
      vertex 1.89613 1.0135 3.3
      vertex 4.05 0 3.3
      vertex 1.98634 0.822769 3.3
    endloop
  endfacet
  facet normal 0 0 -1
    outer loop
      vertex 4.05 0 3.3
      vertex 1.89613 1.0135 3.3
      vertex 2.025 3.5074 3.3
    endloop
  endfacet
  facet normal 0 0 -1
    outer loop
      vertex 1.78766 1.19448 3.3
      vertex 2.025 3.5074 3.3
      vertex 1.89613 1.0135 3.3
    endloop
  endfacet
  facet normal 0 0 -1
    outer loop
      vertex 1.66197 1.36395 3.3
      vertex 2.025 3.5074 3.3
      vertex 1.78766 1.19448 3.3
    endloop
  endfacet
  facet normal 0 0 -1
    outer loop
      vertex 1.52028 1.52028 3.3
      vertex 2.025 3.5074 3.3
      vertex 1.66197 1.36395 3.3
    endloop
  endfacet
  facet normal 0 0 -1
    outer loop
      vertex 1.36395 1.66197 3.3
      vertex 2.025 3.5074 3.3
      vertex 1.52028 1.52028 3.3
    endloop
  endfacet
  facet normal 0 0 -1
    outer loop
      vertex 1.19448 1.78766 3.3
      vertex 2.025 3.5074 3.3
      vertex 1.36395 1.66197 3.3
    endloop
  endfacet
  facet normal 0 0 -1
    outer loop
      vertex 1.0135 1.89613 3.3
      vertex 2.025 3.5074 3.3
      vertex 1.19448 1.78766 3.3
    endloop
  endfacet
  facet normal 0 0 -1
    outer loop
      vertex 0.822769 1.98634 3.3
      vertex 2.025 3.5074 3.3
      vertex 1.0135 1.89613 3.3
    endloop
  endfacet
  facet normal 0 0 -1
    outer loop
      vertex 0.624111 2.05742 3.3
      vertex 2.025 3.5074 3.3
      vertex 0.822769 1.98634 3.3
    endloop
  endfacet
  facet normal 0 0 -1
    outer loop
      vertex 0.419444 2.10869 3.3
      vertex 2.025 3.5074 3.3
      vertex 0.624111 2.05742 3.3
    endloop
  endfacet
  facet normal 0 0 -1
    outer loop
      vertex 0.210736 2.13965 3.3
      vertex 2.025 3.5074 3.3
      vertex 0.419444 2.10869 3.3
    endloop
  endfacet
  facet normal 0 0 -1
    outer loop
      vertex 0 2.15 3.3
      vertex 2.025 3.5074 3.3
      vertex 0.210736 2.13965 3.3
    endloop
  endfacet
  facet normal 0 0 -1
    outer loop
      vertex -2.025 3.5074 3.3
      vertex 0 2.15 3.3
      vertex -0.210736 2.13965 3.3
    endloop
  endfacet
  facet normal 0 0 -1
    outer loop
      vertex -2.025 3.5074 3.3
      vertex -0.210736 2.13965 3.3
      vertex -0.419444 2.10869 3.3
    endloop
  endfacet
  facet normal 0 0 -1
    outer loop
      vertex -2.025 3.5074 3.3
      vertex -0.419444 2.10869 3.3
      vertex -0.624111 2.05742 3.3
    endloop
  endfacet
  facet normal 0 0 -1
    outer loop
      vertex -2.025 3.5074 3.3
      vertex -0.624111 2.05742 3.3
      vertex -0.822769 1.98634 3.3
    endloop
  endfacet
  facet normal 0 0 -1
    outer loop
      vertex -2.025 3.5074 3.3
      vertex -0.822769 1.98634 3.3
      vertex -1.0135 1.89613 3.3
    endloop
  endfacet
  facet normal 0 0 -1
    outer loop
      vertex 0 2.15 3.3
      vertex -2.025 3.5074 3.3
      vertex 2.025 3.5074 3.3
    endloop
  endfacet
  facet normal 0 0 -1
    outer loop
      vertex -1.19448 1.78766 3.3
      vertex -2.025 3.5074 3.3
      vertex -1.0135 1.89613 3.3
    endloop
  endfacet
  facet normal 0 0 -1
    outer loop
      vertex -1.36395 1.66197 3.3
      vertex -2.025 3.5074 3.3
      vertex -1.19448 1.78766 3.3
    endloop
  endfacet
  facet normal 0 0 -1
    outer loop
      vertex -1.52028 1.52028 3.3
      vertex -2.025 3.5074 3.3
      vertex -1.36395 1.66197 3.3
    endloop
  endfacet
  facet normal 0 0 -1
    outer loop
      vertex -1.66197 1.36395 3.3
      vertex -2.025 3.5074 3.3
      vertex -1.52028 1.52028 3.3
    endloop
  endfacet
  facet normal 0 0 -1
    outer loop
      vertex -1.78766 1.19448 3.3
      vertex -2.025 3.5074 3.3
      vertex -1.66197 1.36395 3.3
    endloop
  endfacet
  facet normal 0 0 -1
    outer loop
      vertex -1.89613 1.0135 3.3
      vertex -2.025 3.5074 3.3
      vertex -1.78766 1.19448 3.3
    endloop
  endfacet
  facet normal 0 0 -1
    outer loop
      vertex -4.05 0 3.3
      vertex -1.89613 1.0135 3.3
      vertex -1.98634 0.822769 3.3
    endloop
  endfacet
  facet normal 0 0 -1
    outer loop
      vertex -4.05 0 3.3
      vertex -1.98634 0.822769 3.3
      vertex -2.05742 0.624111 3.3
    endloop
  endfacet
  facet normal 0 0 -1
    outer loop
      vertex -4.05 0 3.3
      vertex -2.05742 0.624111 3.3
      vertex -2.10869 0.419444 3.3
    endloop
  endfacet
  facet normal 0 0 -1
    outer loop
      vertex -4.05 0 3.3
      vertex -2.10869 0.419444 3.3
      vertex -2.13965 0.210736 3.3
    endloop
  endfacet
  facet normal 0 0 -1
    outer loop
      vertex -4.05 0 3.3
      vertex -2.13965 0.210736 3.3
      vertex -2.15 0 3.3
    endloop
  endfacet
  facet normal -0 0 -1
    outer loop
      vertex -1.89613 1.0135 3.3
      vertex -4.05 0 3.3
      vertex -2.025 3.5074 3.3
    endloop
  endfacet
  facet normal -0.866025 0.5 0
    outer loop
      vertex 2.025 -3.5074 0
      vertex 4.05 0 3.3
      vertex 4.05 0 0
    endloop
  endfacet
  facet normal -0.866025 0.5 0
    outer loop
      vertex 4.05 0 3.3
      vertex 2.025 -3.5074 0
      vertex 2.025 -3.5074 3.3
    endloop
  endfacet
  facet normal 0 1 -0
    outer loop
      vertex 2.025 -3.5074 0
      vertex -2.025 -3.5074 3.3
      vertex 2.025 -3.5074 3.3
    endloop
  endfacet
  facet normal 0 1 0
    outer loop
      vertex -2.025 -3.5074 3.3
      vertex 2.025 -3.5074 0
      vertex -2.025 -3.5074 0
    endloop
  endfacet
  facet normal 0.866025 0.5 0
    outer loop
      vertex -2.025 -3.5074 3.3
      vertex -4.05 0 0
      vertex -4.05 0 3.3
    endloop
  endfacet
  facet normal 0.866025 0.5 0
    outer loop
      vertex -4.05 0 0
      vertex -2.025 -3.5074 3.3
      vertex -2.025 -3.5074 0
    endloop
  endfacet
endsolid OpenSCAD_Model
