solid OpenSCAD_Model
  facet normal -0.989176 -0.146733 0
    outer loop
      vertex -22.9231 -19.7804 0
      vertex -22.9807 -19.3921 5
      vertex -22.9807 -19.3921 0
    endloop
  endfacet
  facet normal -0.989176 -0.146733 0
    outer loop
      vertex -22.9807 -19.3921 5
      vertex -22.9231 -19.7804 0
      vertex -22.9231 -19.7804 5
    endloop
  endfacet
  facet normal -0.998791 -0.0491626 0
    outer loop
      vertex -22.9807 -19.3921 0
      vertex -23 -19 5
      vertex -23 -19 0
    endloop
  endfacet
  facet normal -0.998791 -0.0491626 0
    outer loop
      vertex -23 -19 5
      vertex -22.9807 -19.3921 0
      vertex -22.9807 -19.3921 5
    endloop
  endfacet
  facet normal 0.0491626 -0.998791 0
    outer loop
      vertex 19 -23 0
      vertex 19.3921 -22.9807 5
      vertex 19 -23 5
    endloop
  endfacet
  facet normal 0.0491626 -0.998791 0
    outer loop
      vertex 19.3921 -22.9807 5
      vertex 19 -23 0
      vertex 19.3921 -22.9807 0
    endloop
  endfacet
  facet normal 0.740908 -0.671607 0
    outer loop
      vertex 21.8284 -21.8284 5
      vertex 22.092 -21.5376 0
      vertex 22.092 -21.5376 5
    endloop
  endfacet
  facet normal 0.740908 -0.671607 0
    outer loop
      vertex 22.092 -21.5376 0
      vertex 21.8284 -21.8284 5
      vertex 21.8284 -21.8284 0
    endloop
  endfacet
  facet normal 0.998791 0.0491626 0
    outer loop
      vertex 23 19 5
      vertex 22.9807 19.3921 0
      vertex 22.9807 19.3921 5
    endloop
  endfacet
  facet normal 0.998791 0.0491626 0
    outer loop
      vertex 22.9807 19.3921 0
      vertex 23 19 5
      vertex 23 19 0
    endloop
  endfacet
  facet normal 0 0 1
    outer loop
      vertex 19 23 5
      vertex 23 19 5
      vertex 22.9807 19.3921 5
    endloop
  endfacet
  facet normal 0 0 1
    outer loop
      vertex 23 19 5
      vertex 19.7482 -13.9966 5
      vertex 23 -19 5
    endloop
  endfacet
  facet normal 0 0 1
    outer loop
      vertex 19 23 5
      vertex 22.9807 19.3921 5
      vertex 22.9231 19.7804 5
    endloop
  endfacet
  facet normal -0 -0 1
    outer loop
      vertex 20.067 -14.7663 5
      vertex 23 -19 5
      vertex 19.9265 -14.3736 5
    endloop
  endfacet
  facet normal 0 0 1
    outer loop
      vertex 19 23 5
      vertex 22.9231 19.7804 5
      vertex 22.8278 20.1611 5
    endloop
  endfacet
  facet normal -0 -0 1
    outer loop
      vertex 20.1683 -15.1709 5
      vertex 23 -19 5
      vertex 20.067 -14.7663 5
    endloop
  endfacet
  facet normal 0 0 1
    outer loop
      vertex 19 23 5
      vertex 22.8278 20.1611 5
      vertex 22.6955 20.5307 5
    endloop
  endfacet
  facet normal -0 -0 1
    outer loop
      vertex 20.2295 -15.5834 5
      vertex 23 -19 5
      vertex 20.1683 -15.1709 5
    endloop
  endfacet
  facet normal 0 0 1
    outer loop
      vertex 19 23 5
      vertex 22.6955 20.5307 5
      vertex 22.5277 20.8856 5
    endloop
  endfacet
  facet normal -0 0 1
    outer loop
      vertex 20.2295 -16.4166 5
      vertex 23 -19 5
      vertex 20.25 -16 5
    endloop
  endfacet
  facet normal 0 0 1
    outer loop
      vertex 19 23 5
      vertex 22.5277 20.8856 5
      vertex 22.3259 21.2223 5
    endloop
  endfacet
  facet normal -0 0 1
    outer loop
      vertex 20.1683 -16.8291 5
      vertex 23 -19 5
      vertex 20.2295 -16.4166 5
    endloop
  endfacet
  facet normal 0 0 1
    outer loop
      vertex 19 23 5
      vertex 22.3259 21.2223 5
      vertex 22.092 21.5376 5
    endloop
  endfacet
  facet normal -0 0 1
    outer loop
      vertex 20.067 -17.2337 5
      vertex 23 -19 5
      vertex 20.1683 -16.8291 5
    endloop
  endfacet
  facet normal 0 0 1
    outer loop
      vertex 19 23 5
      vertex 22.092 21.5376 5
      vertex 21.8284 21.8284 5
    endloop
  endfacet
  facet normal -0 0 1
    outer loop
      vertex 19.7482 -18.0034 5
      vertex 23 -19 5
      vertex 19.9265 -17.6264 5
    endloop
  endfacet
  facet normal 0 0 1
    outer loop
      vertex 19 23 5
      vertex 21.8284 21.8284 5
      vertex 21.5376 22.092 5
    endloop
  endfacet
  facet normal 0 0 1
    outer loop
      vertex 23 -19 5
      vertex 19.7482 -18.0034 5
      vertex 22.9807 -19.3921 5
    endloop
  endfacet
  facet normal 0 0 1
    outer loop
      vertex 19 23 5
      vertex 21.5376 22.092 5
      vertex 21.2223 22.3259 5
    endloop
  endfacet
  facet normal -0 0 1
    outer loop
      vertex 19.5337 -18.3612 5
      vertex 22.9807 -19.3921 5
      vertex 19.7482 -18.0034 5
    endloop
  endfacet
  facet normal 0 0 1
    outer loop
      vertex 19 23 5
      vertex 21.2223 22.3259 5
      vertex 20.8856 22.5277 5
    endloop
  endfacet
  facet normal 0 0 1
    outer loop
      vertex 22.9231 -19.7804 5
      vertex 19.5337 -18.3612 5
      vertex 22.8278 -20.1611 5
    endloop
  endfacet
  facet normal 0 0 1
    outer loop
      vertex 19 23 5
      vertex 20.8856 22.5277 5
      vertex 20.5307 22.6955 5
    endloop
  endfacet
  facet normal -0 0 1
    outer loop
      vertex 19.2853 -18.6962 5
      vertex 22.8278 -20.1611 5
      vertex 19.5337 -18.3612 5
    endloop
  endfacet
  facet normal 0 0 1
    outer loop
      vertex 22.6955 -20.5307 5
      vertex 19.2853 -18.6962 5
      vertex 22.5277 -20.8856 5
    endloop
  endfacet
  facet normal 0 0 1
    outer loop
      vertex 22.8278 -20.1611 5
      vertex 19.2853 -18.6962 5
      vertex 22.6955 -20.5307 5
    endloop
  endfacet
  facet normal 0 0 1
    outer loop
      vertex 22.9807 -19.3921 5
      vertex 19.5337 -18.3612 5
      vertex 22.9231 -19.7804 5
    endloop
  endfacet
  facet normal 0 0 1
    outer loop
      vertex 19 23 5
      vertex 20.5307 22.6955 5
      vertex 20.1611 22.8278 5
    endloop
  endfacet
  facet normal -0 0 1
    outer loop
      vertex 19.9265 -17.6264 5
      vertex 23 -19 5
      vertex 20.067 -17.2337 5
    endloop
  endfacet
  facet normal -0 -0 1
    outer loop
      vertex 20.25 -16 5
      vertex 23 -19 5
      vertex 20.2295 -15.5834 5
    endloop
  endfacet
  facet normal 0 0 1
    outer loop
      vertex 19 23 5
      vertex 20.1611 22.8278 5
      vertex 19.7804 22.9231 5
    endloop
  endfacet
  facet normal 0 0 1
    outer loop
      vertex 23 -19 5
      vertex 19.7482 -13.9966 5
      vertex 19.9265 -14.3736 5
    endloop
  endfacet
  facet normal 0 0 1
    outer loop
      vertex 23 19 5
      vertex 19.5337 -13.6388 5
      vertex 19.7482 -13.9966 5
    endloop
  endfacet
  facet normal 0 0 1
    outer loop
      vertex 19 23 5
      vertex 19.7804 22.9231 5
      vertex 19.3921 22.9807 5
    endloop
  endfacet
  facet normal 0 0 1
    outer loop
      vertex 23 19 5
      vertex 19.2853 -13.3038 5
      vertex 19.5337 -13.6388 5
    endloop
  endfacet
  facet normal 0 0 1
    outer loop
      vertex 23 19 5
      vertex 19.0052 -12.9948 5
      vertex 19.2853 -13.3038 5
    endloop
  endfacet
  facet normal 0 0 1
    outer loop
      vertex 23 19 5
      vertex 19 23 5
      vertex 7.07107 7.07107 5
    endloop
  endfacet
  facet normal 0 0 1
    outer loop
      vertex 23 19 5
      vertex 18.6962 -12.7147 5
      vertex 19.0052 -12.9948 5
    endloop
  endfacet
  facet normal 0 0 1
    outer loop
      vertex 23 19 5
      vertex 18.3612 -12.4663 5
      vertex 18.6962 -12.7147 5
    endloop
  endfacet
  facet normal 0 0 1
    outer loop
      vertex 23 19 5
      vertex 9.80785 1.9509 5
      vertex 9.95185 0.980171 5
    endloop
  endfacet
  facet normal 0 0 1
    outer loop
      vertex 23 19 5
      vertex 9.95185 0.980171 5
      vertex 18.3612 -12.4663 5
    endloop
  endfacet
  facet normal 0 0 1
    outer loop
      vertex 18.3612 -12.4663 5
      vertex 9.95185 0.980171 5
      vertex 18.0034 -12.2518 5
    endloop
  endfacet
  facet normal 0 0 1
    outer loop
      vertex 18.0034 -12.2518 5
      vertex 10 0 5
      vertex 17.6264 -12.0735 5
    endloop
  endfacet
  facet normal -0 0 1
    outer loop
      vertex 9.95185 -0.980171 5
      vertex 17.6264 -12.0735 5
      vertex 10 0 5
    endloop
  endfacet
  facet normal 0 0 1
    outer loop
      vertex 17.6264 -12.0735 5
      vertex 9.95185 -0.980171 5
      vertex 17.2337 -11.933 5
    endloop
  endfacet
  facet normal 0 0 1
    outer loop
      vertex 17.2337 -11.933 5
      vertex 9.95185 -0.980171 5
      vertex 16.8291 -11.8317 5
    endloop
  endfacet
  facet normal -0 0 1
    outer loop
      vertex 9.80785 -1.9509 5
      vertex 16.8291 -11.8317 5
      vertex 9.95185 -0.980171 5
    endloop
  endfacet
  facet normal 0 0 1
    outer loop
      vertex 16.8291 -11.8317 5
      vertex 9.80785 -1.9509 5
      vertex 16.4166 -11.7705 5
    endloop
  endfacet
  facet normal -0 0 1
    outer loop
      vertex 9.5694 -2.90285 5
      vertex 16.4166 -11.7705 5
      vertex 9.80785 -1.9509 5
    endloop
  endfacet
  facet normal 0 0 1
    outer loop
      vertex 16.4166 -11.7705 5
      vertex 9.5694 -2.90285 5
      vertex 16 -11.75 5
    endloop
  endfacet
  facet normal 0 0 1
    outer loop
      vertex 16 -11.75 5
      vertex 9.5694 -2.90285 5
      vertex 15.5834 -11.7705 5
    endloop
  endfacet
  facet normal 0 0 1
    outer loop
      vertex 15.5834 -11.7705 5
      vertex 9.2388 -3.82683 5
      vertex 15.1709 -11.8317 5
    endloop
  endfacet
  facet normal -0 0 1
    outer loop
      vertex 8.81921 -4.71397 5
      vertex 15.1709 -11.8317 5
      vertex 9.2388 -3.82683 5
    endloop
  endfacet
  facet normal 0 0 1
    outer loop
      vertex 15.1709 -11.8317 5
      vertex 8.81921 -4.71397 5
      vertex 14.7663 -11.933 5
    endloop
  endfacet
  facet normal 0 0 1
    outer loop
      vertex 14.7663 -11.933 5
      vertex 8.81921 -4.71397 5
      vertex 14.3736 -12.0735 5
    endloop
  endfacet
  facet normal -0 0 1
    outer loop
      vertex 8.3147 -5.5557 5
      vertex 14.3736 -12.0735 5
      vertex 8.81921 -4.71397 5
    endloop
  endfacet
  facet normal 0 0 1
    outer loop
      vertex 14.3736 -12.0735 5
      vertex 8.3147 -5.5557 5
      vertex 13.9966 -12.2518 5
    endloop
  endfacet
  facet normal 0 0 1
    outer loop
      vertex 13.9966 -12.2518 5
      vertex 8.3147 -5.5557 5
      vertex 13.6388 -12.4663 5
    endloop
  endfacet
  facet normal -0 0 1
    outer loop
      vertex 7.7301 -6.34393 5
      vertex 13.6388 -12.4663 5
      vertex 8.3147 -5.5557 5
    endloop
  endfacet
  facet normal 0 0 1
    outer loop
      vertex 13.3038 -12.7147 5
      vertex 7.07107 -7.07107 5
      vertex 12.9948 -12.9948 5
    endloop
  endfacet
  facet normal -0 0 1
    outer loop
      vertex 7.07107 -7.07107 5
      vertex 13.3038 -12.7147 5
      vertex 7.7301 -6.34393 5
    endloop
  endfacet
  facet normal 0 0 1
    outer loop
      vertex 13.6388 -12.4663 5
      vertex 7.7301 -6.34393 5
      vertex 13.3038 -12.7147 5
    endloop
  endfacet
  facet normal -0 0 1
    outer loop
      vertex 9.2388 -3.82683 5
      vertex 15.5834 -11.7705 5
      vertex 9.5694 -2.90285 5
    endloop
  endfacet
  facet normal -0 -0 1
    outer loop
      vertex 10 0 5
      vertex 18.0034 -12.2518 5
      vertex 9.95185 0.980171 5
    endloop
  endfacet
  facet normal 0 0 1
    outer loop
      vertex 23 19 5
      vertex 9.5694 2.90285 5
      vertex 9.80785 1.9509 5
    endloop
  endfacet
  facet normal 0 0 1
    outer loop
      vertex 23 19 5
      vertex 9.2388 3.82683 5
      vertex 9.5694 2.90285 5
    endloop
  endfacet
  facet normal 0 0 1
    outer loop
      vertex 23 19 5
      vertex 8.81921 4.71397 5
      vertex 9.2388 3.82683 5
    endloop
  endfacet
  facet normal 0 0 1
    outer loop
      vertex 23 19 5
      vertex 8.3147 5.5557 5
      vertex 8.81921 4.71397 5
    endloop
  endfacet
  facet normal 0 0 1
    outer loop
      vertex 23 19 5
      vertex 7.7301 6.34393 5
      vertex 8.3147 5.5557 5
    endloop
  endfacet
  facet normal 0 0 1
    outer loop
      vertex 23 19 5
      vertex 7.07107 7.07107 5
      vertex 7.7301 6.34393 5
    endloop
  endfacet
  facet normal 0 0 1
    outer loop
      vertex 19 23 5
      vertex 6.34393 7.7301 5
      vertex 7.07107 7.07107 5
    endloop
  endfacet
  facet normal 0 0 1
    outer loop
      vertex 19 23 5
      vertex 5.5557 8.3147 5
      vertex 6.34393 7.7301 5
    endloop
  endfacet
  facet normal 0 0 1
    outer loop
      vertex 19 23 5
      vertex 4.71397 8.81921 5
      vertex 5.5557 8.3147 5
    endloop
  endfacet
  facet normal 0 0 1
    outer loop
      vertex 19 23 5
      vertex 3.82683 9.2388 5
      vertex 4.71397 8.81921 5
    endloop
  endfacet
  facet normal 0 0 1
    outer loop
      vertex 19 23 5
      vertex 2.90285 9.5694 5
      vertex 3.82683 9.2388 5
    endloop
  endfacet
  facet normal 0 0 1
    outer loop
      vertex 19 23 5
      vertex 1.9509 9.80785 5
      vertex 2.90285 9.5694 5
    endloop
  endfacet
  facet normal 0 0 1
    outer loop
      vertex 19 23 5
      vertex 0.980171 9.95185 5
      vertex 1.9509 9.80785 5
    endloop
  endfacet
  facet normal 0 0 1
    outer loop
      vertex 19 23 5
      vertex 0 10 5
      vertex 0.980171 9.95185 5
    endloop
  endfacet
  facet normal -0 0 1
    outer loop
      vertex -19 23 5
      vertex 0 10 5
      vertex 19 23 5
    endloop
  endfacet
  facet normal 0 0 1
    outer loop
      vertex 0 10 5
      vertex -19 23 5
      vertex -0.980171 9.95185 5
    endloop
  endfacet
  facet normal 0 0 1
    outer loop
      vertex -0.980171 9.95185 5
      vertex -19 23 5
      vertex -1.9509 9.80785 5
    endloop
  endfacet
  facet normal 0 0 1
    outer loop
      vertex -1.9509 9.80785 5
      vertex -19 23 5
      vertex -2.90285 9.5694 5
    endloop
  endfacet
  facet normal 0 0 1
    outer loop
      vertex -2.90285 9.5694 5
      vertex -19 23 5
      vertex -3.82683 9.2388 5
    endloop
  endfacet
  facet normal 0 0 1
    outer loop
      vertex -18.0034 -12.2518 5
      vertex -10 0 5
      vertex -9.95185 0.980171 5
    endloop
  endfacet
  facet normal 0 0 1
    outer loop
      vertex -10 0 5
      vertex -11.7705 -15.5834 5
      vertex -11.75 -16 5
    endloop
  endfacet
  facet normal 0 0 1
    outer loop
      vertex -10 0 5
      vertex -11.8317 -15.1709 5
      vertex -11.7705 -15.5834 5
    endloop
  endfacet
  facet normal 0 0 1
    outer loop
      vertex -10 0 5
      vertex -11.933 -14.7663 5
      vertex -11.8317 -15.1709 5
    endloop
  endfacet
  facet normal 0 0 1
    outer loop
      vertex -10 0 5
      vertex -12.0735 -14.3736 5
      vertex -11.933 -14.7663 5
    endloop
  endfacet
  facet normal 0 0 1
    outer loop
      vertex -10 0 5
      vertex -12.2518 -13.9966 5
      vertex -12.0735 -14.3736 5
    endloop
  endfacet
  facet normal 0 0 1
    outer loop
      vertex -23 19 5
      vertex -9.95185 0.980171 5
      vertex -9.80785 1.9509 5
    endloop
  endfacet
  facet normal 0 0 1
    outer loop
      vertex -10 0 5
      vertex -12.4663 -13.6388 5
      vertex -12.2518 -13.9966 5
    endloop
  endfacet
  facet normal 0 0 1
    outer loop
      vertex -10 0 5
      vertex -12.7147 -13.3038 5
      vertex -12.4663 -13.6388 5
    endloop
  endfacet
  facet normal 0 0 1
    outer loop
      vertex -10 0 5
      vertex -12.9948 -12.9948 5
      vertex -12.7147 -13.3038 5
    endloop
  endfacet
  facet normal 0 0 1
    outer loop
      vertex -10 0 5
      vertex -13.3038 -12.7147 5
      vertex -12.9948 -12.9948 5
    endloop
  endfacet
  facet normal 0 0 1
    outer loop
      vertex -10 0 5
      vertex -13.6388 -12.4663 5
      vertex -13.3038 -12.7147 5
    endloop
  endfacet
  facet normal 0 0 1
    outer loop
      vertex -23 19 5
      vertex -9.80785 1.9509 5
      vertex -9.5694 2.90285 5
    endloop
  endfacet
  facet normal 0 0 1
    outer loop
      vertex -10 0 5
      vertex -13.9966 -12.2518 5
      vertex -13.6388 -12.4663 5
    endloop
  endfacet
  facet normal 0 0 1
    outer loop
      vertex -10 0 5
      vertex -14.3736 -12.0735 5
      vertex -13.9966 -12.2518 5
    endloop
  endfacet
  facet normal 0 0 1
    outer loop
      vertex -10 0 5
      vertex -14.7663 -11.933 5
      vertex -14.3736 -12.0735 5
    endloop
  endfacet
  facet normal 0 0 1
    outer loop
      vertex -10 0 5
      vertex -15.1709 -11.8317 5
      vertex -14.7663 -11.933 5
    endloop
  endfacet
  facet normal 0 0 1
    outer loop
      vertex -23 19 5
      vertex -9.5694 2.90285 5
      vertex -9.2388 3.82683 5
    endloop
  endfacet
  facet normal 0 0 1
    outer loop
      vertex -10 0 5
      vertex -15.5834 -11.7705 5
      vertex -15.1709 -11.8317 5
    endloop
  endfacet
  facet normal 0 0 1
    outer loop
      vertex -10 0 5
      vertex -16 -11.75 5
      vertex -15.5834 -11.7705 5
    endloop
  endfacet
  facet normal 0 0 1
    outer loop
      vertex -10 0 5
      vertex -16.4166 -11.7705 5
      vertex -16 -11.75 5
    endloop
  endfacet
  facet normal 0 0 1
    outer loop
      vertex -10 0 5
      vertex -16.8291 -11.8317 5
      vertex -16.4166 -11.7705 5
    endloop
  endfacet
  facet normal 0 0 1
    outer loop
      vertex -23 19 5
      vertex -9.2388 3.82683 5
      vertex -8.81921 4.71397 5
    endloop
  endfacet
  facet normal 0 0 1
    outer loop
      vertex -10 0 5
      vertex -17.2337 -11.933 5
      vertex -16.8291 -11.8317 5
    endloop
  endfacet
  facet normal 0 0 1
    outer loop
      vertex -10 0 5
      vertex -17.6264 -12.0735 5
      vertex -17.2337 -11.933 5
    endloop
  endfacet
  facet normal 0 0 1
    outer loop
      vertex -10 0 5
      vertex -18.0034 -12.2518 5
      vertex -17.6264 -12.0735 5
    endloop
  endfacet
  facet normal 0 0 1
    outer loop
      vertex -9.95185 0.980171 5
      vertex -23 19 5
      vertex -18.0034 -12.2518 5
    endloop
  endfacet
  facet normal 0 0 1
    outer loop
      vertex -18.0034 -12.2518 5
      vertex -23 19 5
      vertex -18.3612 -12.4663 5
    endloop
  endfacet
  facet normal 0 0 1
    outer loop
      vertex -3.82683 9.2388 5
      vertex -19 23 5
      vertex -4.71397 8.81921 5
    endloop
  endfacet
  facet normal 0 0 1
    outer loop
      vertex -19 23 5
      vertex -5.5557 8.3147 5
      vertex -4.71397 8.81921 5
    endloop
  endfacet
  facet normal 0 0 1
    outer loop
      vertex -19 23 5
      vertex -6.34393 7.7301 5
      vertex -5.5557 8.3147 5
    endloop
  endfacet
  facet normal 0 0 1
    outer loop
      vertex -19 23 5
      vertex -7.07107 7.07107 5
      vertex -6.34393 7.7301 5
    endloop
  endfacet
  facet normal -0 0 1
    outer loop
      vertex -23 19 5
      vertex -7.07107 7.07107 5
      vertex -19 23 5
    endloop
  endfacet
  facet normal 0 0 1
    outer loop
      vertex -7.07107 7.07107 5
      vertex -23 19 5
      vertex -7.7301 6.34393 5
    endloop
  endfacet
  facet normal 0 0 1
    outer loop
      vertex -7.7301 6.34393 5
      vertex -23 19 5
      vertex -8.3147 5.5557 5
    endloop
  endfacet
  facet normal 0 0 1
    outer loop
      vertex -8.3147 5.5557 5
      vertex -23 19 5
      vertex -8.81921 4.71397 5
    endloop
  endfacet
  facet normal 0 0 1
    outer loop
      vertex -18.3612 -12.4663 5
      vertex -23 19 5
      vertex -18.6962 -12.7147 5
    endloop
  endfacet
  facet normal 0 0 1
    outer loop
      vertex -18.6962 -12.7147 5
      vertex -23 19 5
      vertex -19.0052 -12.9948 5
    endloop
  endfacet
  facet normal 0 0 1
    outer loop
      vertex -23 19 5
      vertex -19 23 5
      vertex -19.3921 22.9807 5
    endloop
  endfacet
  facet normal 0 0 1
    outer loop
      vertex -19.0052 -12.9948 5
      vertex -23 19 5
      vertex -19.2853 -13.3038 5
    endloop
  endfacet
  facet normal 0 0 1
    outer loop
      vertex -19.2853 -13.3038 5
      vertex -23 19 5
      vertex -19.5337 -13.6388 5
    endloop
  endfacet
  facet normal 0 0 1
    outer loop
      vertex -23 19 5
      vertex -19.3921 22.9807 5
      vertex -19.7804 22.9231 5
    endloop
  endfacet
  facet normal 0 0 1
    outer loop
      vertex -19.5337 -13.6388 5
      vertex -23 19 5
      vertex -19.7482 -13.9966 5
    endloop
  endfacet
  facet normal 0 0 1
    outer loop
      vertex -23 -19 5
      vertex -19.7482 -13.9966 5
      vertex -23 19 5
    endloop
  endfacet
  facet normal 0 0 1
    outer loop
      vertex -23 19 5
      vertex -19.7804 22.9231 5
      vertex -20.1611 22.8278 5
    endloop
  endfacet
  facet normal 0 0 1
    outer loop
      vertex -19.7482 -13.9966 5
      vertex -23 -19 5
      vertex -19.9265 -14.3736 5
    endloop
  endfacet
  facet normal 0 0 1
    outer loop
      vertex -19.9265 -14.3736 5
      vertex -23 -19 5
      vertex -20.067 -14.7663 5
    endloop
  endfacet
  facet normal 0 0 1
    outer loop
      vertex -20.067 -14.7663 5
      vertex -23 -19 5
      vertex -20.1683 -15.1709 5
    endloop
  endfacet
  facet normal 0 0 1
    outer loop
      vertex -23 19 5
      vertex -20.1611 22.8278 5
      vertex -20.5307 22.6955 5
    endloop
  endfacet
  facet normal 0 0 1
    outer loop
      vertex 22.5277 -20.8856 5
      vertex 19.2853 -18.6962 5
      vertex 22.3259 -21.2223 5
    endloop
  endfacet
  facet normal 0 0 1
    outer loop
      vertex 22.3259 -21.2223 5
      vertex 19.2853 -18.6962 5
      vertex 22.092 -21.5376 5
    endloop
  endfacet
  facet normal -0 0 1
    outer loop
      vertex 19.0052 -19.0052 5
      vertex 22.092 -21.5376 5
      vertex 19.2853 -18.6962 5
    endloop
  endfacet
  facet normal 0 0 1
    outer loop
      vertex 22.092 -21.5376 5
      vertex 19.0052 -19.0052 5
      vertex 21.8284 -21.8284 5
    endloop
  endfacet
  facet normal 0 0 1
    outer loop
      vertex 21.8284 -21.8284 5
      vertex 19.0052 -19.0052 5
      vertex 21.5376 -22.092 5
    endloop
  endfacet
  facet normal 0 0 1
    outer loop
      vertex 21.5376 -22.092 5
      vertex 19.0052 -19.0052 5
      vertex 21.2223 -22.3259 5
    endloop
  endfacet
  facet normal -0 0 1
    outer loop
      vertex 18.6962 -19.2853 5
      vertex 21.2223 -22.3259 5
      vertex 19.0052 -19.0052 5
    endloop
  endfacet
  facet normal 0 0 1
    outer loop
      vertex 21.2223 -22.3259 5
      vertex 18.6962 -19.2853 5
      vertex 20.8856 -22.5277 5
    endloop
  endfacet
  facet normal 0 0 1
    outer loop
      vertex 20.8856 -22.5277 5
      vertex 18.6962 -19.2853 5
      vertex 20.5307 -22.6955 5
    endloop
  endfacet
  facet normal 0 0 1
    outer loop
      vertex 20.5307 -22.6955 5
      vertex 18.6962 -19.2853 5
      vertex 20.1611 -22.8278 5
    endloop
  endfacet
  facet normal -0 0 1
    outer loop
      vertex 18.3612 -19.5337 5
      vertex 20.1611 -22.8278 5
      vertex 18.6962 -19.2853 5
    endloop
  endfacet
  facet normal 0 0 1
    outer loop
      vertex 20.1611 -22.8278 5
      vertex 18.3612 -19.5337 5
      vertex 19.7804 -22.9231 5
    endloop
  endfacet
  facet normal 0 0 1
    outer loop
      vertex 19.7804 -22.9231 5
      vertex 18.3612 -19.5337 5
      vertex 19.3921 -22.9807 5
    endloop
  endfacet
  facet normal 0 0 1
    outer loop
      vertex 19.3921 -22.9807 5
      vertex 18.3612 -19.5337 5
      vertex 19 -23 5
    endloop
  endfacet
  facet normal -0 0 1
    outer loop
      vertex 18.0034 -19.7482 5
      vertex 19 -23 5
      vertex 18.3612 -19.5337 5
    endloop
  endfacet
  facet normal -0 0 1
    outer loop
      vertex 17.6264 -19.9265 5
      vertex 19 -23 5
      vertex 18.0034 -19.7482 5
    endloop
  endfacet
  facet normal -0 0 1
    outer loop
      vertex 17.2337 -20.067 5
      vertex 19 -23 5
      vertex 17.6264 -19.9265 5
    endloop
  endfacet
  facet normal -0 0 1
    outer loop
      vertex 16.8291 -20.1683 5
      vertex 19 -23 5
      vertex 17.2337 -20.067 5
    endloop
  endfacet
  facet normal -0 0 1
    outer loop
      vertex 16.4166 -20.2295 5
      vertex 19 -23 5
      vertex 16.8291 -20.1683 5
    endloop
  endfacet
  facet normal -0 0 1
    outer loop
      vertex 16 -20.25 5
      vertex 19 -23 5
      vertex 16.4166 -20.2295 5
    endloop
  endfacet
  facet normal 0 0 1
    outer loop
      vertex 15.5834 -20.2295 5
      vertex 19 -23 5
      vertex 16 -20.25 5
    endloop
  endfacet
  facet normal 0 0 1
    outer loop
      vertex 15.1709 -20.1683 5
      vertex 19 -23 5
      vertex 15.5834 -20.2295 5
    endloop
  endfacet
  facet normal 0 0 1
    outer loop
      vertex 14.7663 -20.067 5
      vertex 19 -23 5
      vertex 15.1709 -20.1683 5
    endloop
  endfacet
  facet normal 0 0 1
    outer loop
      vertex 14.3736 -19.9265 5
      vertex 19 -23 5
      vertex 14.7663 -20.067 5
    endloop
  endfacet
  facet normal 0 0 1
    outer loop
      vertex 13.9966 -19.7482 5
      vertex 19 -23 5
      vertex 14.3736 -19.9265 5
    endloop
  endfacet
  facet normal 0 0 1
    outer loop
      vertex -13.9966 -19.7482 5
      vertex 13.9966 -19.7482 5
      vertex 13.6388 -19.5337 5
    endloop
  endfacet
  facet normal 0 0 1
    outer loop
      vertex 12.9948 -12.9948 5
      vertex 7.07107 -7.07107 5
      vertex 12.7147 -13.3038 5
    endloop
  endfacet
  facet normal -0 0 1
    outer loop
      vertex 6.34393 -7.7301 5
      vertex 12.7147 -13.3038 5
      vertex 7.07107 -7.07107 5
    endloop
  endfacet
  facet normal 0 0 1
    outer loop
      vertex 12.7147 -13.3038 5
      vertex 6.34393 -7.7301 5
      vertex 12.4663 -13.6388 5
    endloop
  endfacet
  facet normal 0 0 1
    outer loop
      vertex 12.4663 -13.6388 5
      vertex 6.34393 -7.7301 5
      vertex 12.2518 -13.9966 5
    endloop
  endfacet
  facet normal -0 0 1
    outer loop
      vertex 5.5557 -8.3147 5
      vertex 12.2518 -13.9966 5
      vertex 6.34393 -7.7301 5
    endloop
  endfacet
  facet normal 0 0 1
    outer loop
      vertex 12.2518 -13.9966 5
      vertex 5.5557 -8.3147 5
      vertex 12.0735 -14.3736 5
    endloop
  endfacet
  facet normal -0 0 1
    outer loop
      vertex 4.71397 -8.81921 5
      vertex 12.0735 -14.3736 5
      vertex 5.5557 -8.3147 5
    endloop
  endfacet
  facet normal 0 0 1
    outer loop
      vertex 12.0735 -14.3736 5
      vertex 4.71397 -8.81921 5
      vertex 11.933 -14.7663 5
    endloop
  endfacet
  facet normal 0 0 1
    outer loop
      vertex 11.933 -14.7663 5
      vertex 4.71397 -8.81921 5
      vertex 11.8317 -15.1709 5
    endloop
  endfacet
  facet normal -0 0 1
    outer loop
      vertex 3.82683 -9.2388 5
      vertex 11.8317 -15.1709 5
      vertex 4.71397 -8.81921 5
    endloop
  endfacet
  facet normal 0 0 1
    outer loop
      vertex 11.8317 -15.1709 5
      vertex 3.82683 -9.2388 5
      vertex 11.7705 -15.5834 5
    endloop
  endfacet
  facet normal -0 0 1
    outer loop
      vertex 2.90285 -9.5694 5
      vertex 11.7705 -15.5834 5
      vertex 3.82683 -9.2388 5
    endloop
  endfacet
  facet normal 0 0 1
    outer loop
      vertex 11.7705 -15.5834 5
      vertex 2.90285 -9.5694 5
      vertex 11.75 -16 5
    endloop
  endfacet
  facet normal 0 0 1
    outer loop
      vertex 11.75 -16 5
      vertex 2.90285 -9.5694 5
      vertex 11.7705 -16.4166 5
    endloop
  endfacet
  facet normal -0 0 1
    outer loop
      vertex 1.9509 -9.80785 5
      vertex 11.7705 -16.4166 5
      vertex 2.90285 -9.5694 5
    endloop
  endfacet
  facet normal 0 0 1
    outer loop
      vertex 11.7705 -16.4166 5
      vertex 1.9509 -9.80785 5
      vertex 11.8317 -16.8291 5
    endloop
  endfacet
  facet normal -0 0 1
    outer loop
      vertex 0.980171 -9.95185 5
      vertex 11.8317 -16.8291 5
      vertex 1.9509 -9.80785 5
    endloop
  endfacet
  facet normal 0 0 1
    outer loop
      vertex 11.8317 -16.8291 5
      vertex 0.980171 -9.95185 5
      vertex 11.933 -17.2337 5
    endloop
  endfacet
  facet normal 0 0 1
    outer loop
      vertex 11.933 -17.2337 5
      vertex 0.980171 -9.95185 5
      vertex 12.0735 -17.6264 5
    endloop
  endfacet
  facet normal -0 0 1
    outer loop
      vertex 0 -10 5
      vertex 12.0735 -17.6264 5
      vertex 0.980171 -9.95185 5
    endloop
  endfacet
  facet normal 0 0 1
    outer loop
      vertex -12.0735 -17.6264 5
      vertex 12.0735 -17.6264 5
      vertex 0 -10 5
    endloop
  endfacet
  facet normal 0 0 1
    outer loop
      vertex 12.0735 -17.6264 5
      vertex -12.0735 -17.6264 5
      vertex 12.2518 -18.0034 5
    endloop
  endfacet
  facet normal 0 0 1
    outer loop
      vertex -12.2518 -18.0034 5
      vertex 12.2518 -18.0034 5
      vertex -12.0735 -17.6264 5
    endloop
  endfacet
  facet normal 0 0 1
    outer loop
      vertex -12.4663 -18.3612 5
      vertex 12.4663 -18.3612 5
      vertex -12.2518 -18.0034 5
    endloop
  endfacet
  facet normal 0 0 1
    outer loop
      vertex 12.4663 -18.3612 5
      vertex -12.4663 -18.3612 5
      vertex 12.7147 -18.6962 5
    endloop
  endfacet
  facet normal 0 0 1
    outer loop
      vertex -12.7147 -18.6962 5
      vertex 12.7147 -18.6962 5
      vertex -12.4663 -18.3612 5
    endloop
  endfacet
  facet normal 0 0 1
    outer loop
      vertex -12.0735 -17.6264 5
      vertex 0 -10 5
      vertex -0.980171 -9.95185 5
    endloop
  endfacet
  facet normal 0 0 1
    outer loop
      vertex -11.8317 -16.8291 5
      vertex -0.980171 -9.95185 5
      vertex -1.9509 -9.80785 5
    endloop
  endfacet
  facet normal 0 0 1
    outer loop
      vertex 12.2518 -18.0034 5
      vertex -12.2518 -18.0034 5
      vertex 12.4663 -18.3612 5
    endloop
  endfacet
  facet normal 0 0 1
    outer loop
      vertex -11.7705 -16.4166 5
      vertex -1.9509 -9.80785 5
      vertex -2.90285 -9.5694 5
    endloop
  endfacet
  facet normal 0 0 1
    outer loop
      vertex -11.75 -16 5
      vertex -2.90285 -9.5694 5
      vertex -3.82683 -9.2388 5
    endloop
  endfacet
  facet normal 0 0 1
    outer loop
      vertex -11.75 -16 5
      vertex -3.82683 -9.2388 5
      vertex -4.71397 -8.81921 5
    endloop
  endfacet
  facet normal 0 0 1
    outer loop
      vertex -11.75 -16 5
      vertex -9.95185 -0.980171 5
      vertex -10 0 5
    endloop
  endfacet
  facet normal 0 0 1
    outer loop
      vertex -11.75 -16 5
      vertex -9.80785 -1.9509 5
      vertex -9.95185 -0.980171 5
    endloop
  endfacet
  facet normal 0 0 1
    outer loop
      vertex -11.75 -16 5
      vertex -9.5694 -2.90285 5
      vertex -9.80785 -1.9509 5
    endloop
  endfacet
  facet normal 0 0 1
    outer loop
      vertex -11.75 -16 5
      vertex -9.2388 -3.82683 5
      vertex -9.5694 -2.90285 5
    endloop
  endfacet
  facet normal 0 0 1
    outer loop
      vertex -11.75 -16 5
      vertex -8.81921 -4.71397 5
      vertex -9.2388 -3.82683 5
    endloop
  endfacet
  facet normal 0 0 1
    outer loop
      vertex -11.75 -16 5
      vertex -8.3147 -5.5557 5
      vertex -8.81921 -4.71397 5
    endloop
  endfacet
  facet normal 0 0 1
    outer loop
      vertex -11.75 -16 5
      vertex -7.7301 -6.34393 5
      vertex -8.3147 -5.5557 5
    endloop
  endfacet
  facet normal 0 0 1
    outer loop
      vertex -11.75 -16 5
      vertex -7.07107 -7.07107 5
      vertex -7.7301 -6.34393 5
    endloop
  endfacet
  facet normal 0 0 1
    outer loop
      vertex -11.75 -16 5
      vertex -6.34393 -7.7301 5
      vertex -7.07107 -7.07107 5
    endloop
  endfacet
  facet normal 0 0 1
    outer loop
      vertex -11.75 -16 5
      vertex -5.5557 -8.3147 5
      vertex -6.34393 -7.7301 5
    endloop
  endfacet
  facet normal 0 0 1
    outer loop
      vertex -11.75 -16 5
      vertex -4.71397 -8.81921 5
      vertex -5.5557 -8.3147 5
    endloop
  endfacet
  facet normal 0 0 1
    outer loop
      vertex -2.90285 -9.5694 5
      vertex -11.75 -16 5
      vertex -11.7705 -16.4166 5
    endloop
  endfacet
  facet normal 0 0 1
    outer loop
      vertex -1.9509 -9.80785 5
      vertex -11.7705 -16.4166 5
      vertex -11.8317 -16.8291 5
    endloop
  endfacet
  facet normal 0 0 1
    outer loop
      vertex -0.980171 -9.95185 5
      vertex -11.8317 -16.8291 5
      vertex -11.933 -17.2337 5
    endloop
  endfacet
  facet normal 0 0 1
    outer loop
      vertex -0.980171 -9.95185 5
      vertex -11.933 -17.2337 5
      vertex -12.0735 -17.6264 5
    endloop
  endfacet
  facet normal 0 0 1
    outer loop
      vertex 12.7147 -18.6962 5
      vertex -12.7147 -18.6962 5
      vertex 12.9948 -19.0052 5
    endloop
  endfacet
  facet normal 0 0 1
    outer loop
      vertex -12.9948 -19.0052 5
      vertex 12.9948 -19.0052 5
      vertex -12.7147 -18.6962 5
    endloop
  endfacet
  facet normal 0 0 1
    outer loop
      vertex 12.9948 -19.0052 5
      vertex -12.9948 -19.0052 5
      vertex 13.3038 -19.2853 5
    endloop
  endfacet
  facet normal 0 0 1
    outer loop
      vertex -13.3038 -19.2853 5
      vertex 13.3038 -19.2853 5
      vertex -12.9948 -19.0052 5
    endloop
  endfacet
  facet normal 0 0 1
    outer loop
      vertex 13.3038 -19.2853 5
      vertex -13.3038 -19.2853 5
      vertex 13.6388 -19.5337 5
    endloop
  endfacet
  facet normal 0 0 1
    outer loop
      vertex -13.6388 -19.5337 5
      vertex 13.6388 -19.5337 5
      vertex -13.3038 -19.2853 5
    endloop
  endfacet
  facet normal 0 0 1
    outer loop
      vertex -13.9966 -19.7482 5
      vertex 13.6388 -19.5337 5
      vertex -13.6388 -19.5337 5
    endloop
  endfacet
  facet normal 0 0 1
    outer loop
      vertex 13.9966 -19.7482 5
      vertex -13.9966 -19.7482 5
      vertex 19 -23 5
    endloop
  endfacet
  facet normal 0 0 1
    outer loop
      vertex -19 -23 5
      vertex -13.9966 -19.7482 5
      vertex -14.3736 -19.9265 5
    endloop
  endfacet
  facet normal 0 0 1
    outer loop
      vertex -19 -23 5
      vertex -14.3736 -19.9265 5
      vertex -14.7663 -20.067 5
    endloop
  endfacet
  facet normal 0 0 1
    outer loop
      vertex -19 -23 5
      vertex -14.7663 -20.067 5
      vertex -15.1709 -20.1683 5
    endloop
  endfacet
  facet normal 0 0 1
    outer loop
      vertex -19 -23 5
      vertex -15.1709 -20.1683 5
      vertex -15.5834 -20.2295 5
    endloop
  endfacet
  facet normal 0 0 1
    outer loop
      vertex -19 -23 5
      vertex -15.5834 -20.2295 5
      vertex -16 -20.25 5
    endloop
  endfacet
  facet normal 0 0 1
    outer loop
      vertex -19 -23 5
      vertex -16 -20.25 5
      vertex -16.4166 -20.2295 5
    endloop
  endfacet
  facet normal 0 0 1
    outer loop
      vertex -13.9966 -19.7482 5
      vertex -19 -23 5
      vertex 19 -23 5
    endloop
  endfacet
  facet normal 0 0 1
    outer loop
      vertex -16.8291 -20.1683 5
      vertex -19 -23 5
      vertex -16.4166 -20.2295 5
    endloop
  endfacet
  facet normal 0 0 1
    outer loop
      vertex -17.2337 -20.067 5
      vertex -19 -23 5
      vertex -16.8291 -20.1683 5
    endloop
  endfacet
  facet normal 0 0 1
    outer loop
      vertex -17.6264 -19.9265 5
      vertex -19 -23 5
      vertex -17.2337 -20.067 5
    endloop
  endfacet
  facet normal 0 0 1
    outer loop
      vertex -18.0034 -19.7482 5
      vertex -19 -23 5
      vertex -17.6264 -19.9265 5
    endloop
  endfacet
  facet normal 0 0 1
    outer loop
      vertex -18.3612 -19.5337 5
      vertex -19 -23 5
      vertex -18.0034 -19.7482 5
    endloop
  endfacet
  facet normal 0 0 1
    outer loop
      vertex -20.1611 -22.8278 5
      vertex -18.3612 -19.5337 5
      vertex -18.6962 -19.2853 5
    endloop
  endfacet
  facet normal 0 0 1
    outer loop
      vertex -21.2223 -22.3259 5
      vertex -18.6962 -19.2853 5
      vertex -19.0052 -19.0052 5
    endloop
  endfacet
  facet normal 0 0 1
    outer loop
      vertex -22.092 -21.5376 5
      vertex -19.0052 -19.0052 5
      vertex -19.2853 -18.6962 5
    endloop
  endfacet
  facet normal 0 0 1
    outer loop
      vertex -18.3612 -19.5337 5
      vertex -19.3921 -22.9807 5
      vertex -19 -23 5
    endloop
  endfacet
  facet normal 0 0 1
    outer loop
      vertex -22.8278 -20.1611 5
      vertex -19.2853 -18.6962 5
      vertex -19.5337 -18.3612 5
    endloop
  endfacet
  facet normal 0 0 1
    outer loop
      vertex -22.9807 -19.3921 5
      vertex -19.5337 -18.3612 5
      vertex -19.7482 -18.0034 5
    endloop
  endfacet
  facet normal 0 0 1
    outer loop
      vertex -18.3612 -19.5337 5
      vertex -19.7804 -22.9231 5
      vertex -19.3921 -22.9807 5
    endloop
  endfacet
  facet normal 0 0 1
    outer loop
      vertex -23 -19 5
      vertex -19.7482 -18.0034 5
      vertex -19.9265 -17.6264 5
    endloop
  endfacet
  facet normal 0 0 1
    outer loop
      vertex -23 -19 5
      vertex -19.9265 -17.6264 5
      vertex -20.067 -17.2337 5
    endloop
  endfacet
  facet normal 0 0 1
    outer loop
      vertex -18.3612 -19.5337 5
      vertex -20.1611 -22.8278 5
      vertex -19.7804 -22.9231 5
    endloop
  endfacet
  facet normal 0 0 1
    outer loop
      vertex -23 -19 5
      vertex -20.067 -17.2337 5
      vertex -20.1683 -16.8291 5
    endloop
  endfacet
  facet normal 0 0 1
    outer loop
      vertex -23 -19 5
      vertex -20.1683 -16.8291 5
      vertex -20.2295 -16.4166 5
    endloop
  endfacet
  facet normal 0 0 1
    outer loop
      vertex -23 -19 5
      vertex -20.2295 -16.4166 5
      vertex -20.25 -16 5
    endloop
  endfacet
  facet normal 0 0 1
    outer loop
      vertex -18.6962 -19.2853 5
      vertex -20.5307 -22.6955 5
      vertex -20.1611 -22.8278 5
    endloop
  endfacet
  facet normal 0 0 1
    outer loop
      vertex -20.1683 -15.1709 5
      vertex -23 -19 5
      vertex -20.2295 -15.5834 5
    endloop
  endfacet
  facet normal 0 0 1
    outer loop
      vertex -23 19 5
      vertex -20.5307 22.6955 5
      vertex -20.8856 22.5277 5
    endloop
  endfacet
  facet normal 0 0 1
    outer loop
      vertex -20.2295 -15.5834 5
      vertex -23 -19 5
      vertex -20.25 -16 5
    endloop
  endfacet
  facet normal 0 0 1
    outer loop
      vertex -23 19 5
      vertex -20.8856 22.5277 5
      vertex -21.2223 22.3259 5
    endloop
  endfacet
  facet normal 0 0 1
    outer loop
      vertex -19.7482 -18.0034 5
      vertex -23 -19 5
      vertex -22.9807 -19.3921 5
    endloop
  endfacet
  facet normal 0 0 1
    outer loop
      vertex -23 19 5
      vertex -21.2223 22.3259 5
      vertex -21.5376 22.092 5
    endloop
  endfacet
  facet normal 0 0 1
    outer loop
      vertex -18.6962 -19.2853 5
      vertex -20.8856 -22.5277 5
      vertex -20.5307 -22.6955 5
    endloop
  endfacet
  facet normal 0 0 1
    outer loop
      vertex -23 19 5
      vertex -21.5376 22.092 5
      vertex -21.8284 21.8284 5
    endloop
  endfacet
  facet normal 0 0 1
    outer loop
      vertex -18.6962 -19.2853 5
      vertex -21.2223 -22.3259 5
      vertex -20.8856 -22.5277 5
    endloop
  endfacet
  facet normal 0 0 1
    outer loop
      vertex -23 19 5
      vertex -21.8284 21.8284 5
      vertex -22.092 21.5376 5
    endloop
  endfacet
  facet normal 0 0 1
    outer loop
      vertex -19.0052 -19.0052 5
      vertex -21.5376 -22.092 5
      vertex -21.2223 -22.3259 5
    endloop
  endfacet
  facet normal 0 0 1
    outer loop
      vertex -23 19 5
      vertex -22.092 21.5376 5
      vertex -22.3259 21.2223 5
    endloop
  endfacet
  facet normal 0 0 1
    outer loop
      vertex -19.0052 -19.0052 5
      vertex -21.8284 -21.8284 5
      vertex -21.5376 -22.092 5
    endloop
  endfacet
  facet normal 0 0 1
    outer loop
      vertex -23 19 5
      vertex -22.3259 21.2223 5
      vertex -22.5277 20.8856 5
    endloop
  endfacet
  facet normal 0 0 1
    outer loop
      vertex -19.0052 -19.0052 5
      vertex -22.092 -21.5376 5
      vertex -21.8284 -21.8284 5
    endloop
  endfacet
  facet normal 0 0 1
    outer loop
      vertex -23 19 5
      vertex -22.5277 20.8856 5
      vertex -22.6955 20.5307 5
    endloop
  endfacet
  facet normal 0 0 1
    outer loop
      vertex -19.2853 -18.6962 5
      vertex -22.3259 -21.2223 5
      vertex -22.092 -21.5376 5
    endloop
  endfacet
  facet normal 0 0 1
    outer loop
      vertex -23 19 5
      vertex -22.6955 20.5307 5
      vertex -22.8278 20.1611 5
    endloop
  endfacet
  facet normal 0 0 1
    outer loop
      vertex -19.2853 -18.6962 5
      vertex -22.5277 -20.8856 5
      vertex -22.3259 -21.2223 5
    endloop
  endfacet
  facet normal 0 0 1
    outer loop
      vertex -23 19 5
      vertex -22.8278 20.1611 5
      vertex -22.9231 19.7804 5
    endloop
  endfacet
  facet normal 0 0 1
    outer loop
      vertex -19.2853 -18.6962 5
      vertex -22.6955 -20.5307 5
      vertex -22.5277 -20.8856 5
    endloop
  endfacet
  facet normal 0 0 1
    outer loop
      vertex -23 19 5
      vertex -22.9231 19.7804 5
      vertex -22.9807 19.3921 5
    endloop
  endfacet
  facet normal 0 0 1
    outer loop
      vertex -19.2853 -18.6962 5
      vertex -22.8278 -20.1611 5
      vertex -22.6955 -20.5307 5
    endloop
  endfacet
  facet normal 0 0 1
    outer loop
      vertex -19.5337 -18.3612 5
      vertex -22.9231 -19.7804 5
      vertex -22.8278 -20.1611 5
    endloop
  endfacet
  facet normal 0 0 1
    outer loop
      vertex -19.5337 -18.3612 5
      vertex -22.9807 -19.3921 5
      vertex -22.9231 -19.7804 5
    endloop
  endfacet
  facet normal 1 -0 0
    outer loop
      vertex 23 -19 5
      vertex 23 19 0
      vertex 23 19 5
    endloop
  endfacet
  facet normal 1 0 0
    outer loop
      vertex 23 19 0
      vertex 23 -19 5
      vertex 23 -19 0
    endloop
  endfacet
  facet normal 0.998791 -0.0491626 0
    outer loop
      vertex 22.9807 -19.3921 5
      vertex 23 -19 0
      vertex 23 -19 5
    endloop
  endfacet
  facet normal 0.998791 -0.0491626 0
    outer loop
      vertex 23 -19 0
      vertex 22.9807 -19.3921 5
      vertex 22.9807 -19.3921 0
    endloop
  endfacet
  facet normal -1 0 0
    outer loop
      vertex -23 -19 0
      vertex -23 19 5
      vertex -23 19 0
    endloop
  endfacet
  facet normal -1 -0 0
    outer loop
      vertex -23 19 5
      vertex -23 -19 0
      vertex -23 -19 5
    endloop
  endfacet
  facet normal 0 0 -1
    outer loop
      vertex 17.662 -17.3639 0
      vertex 23 -19 0
      vertex 22.9807 -19.3921 0
    endloop
  endfacet
  facet normal 0 0 -1
    outer loop
      vertex 23 -19 0
      vertex 17.662 -14.6361 0
      vertex 23 19 0
    endloop
  endfacet
  facet normal 0 0 -1
    outer loop
      vertex 17.662 -17.3639 0
      vertex 22.9807 -19.3921 0
      vertex 22.9231 -19.7804 0
    endloop
  endfacet
  facet normal 0 0 -1
    outer loop
      vertex 17.5203 -14.4797 0
      vertex 23 19 0
      vertex 17.662 -14.6361 0
    endloop
  endfacet
  facet normal 0 0 -1
    outer loop
      vertex 17.662 -17.3639 0
      vertex 22.9231 -19.7804 0
      vertex 22.8278 -20.1611 0
    endloop
  endfacet
  facet normal 0 0 -1
    outer loop
      vertex 23 -19 0
      vertex 17.7877 -14.8055 0
      vertex 17.662 -14.6361 0
    endloop
  endfacet
  facet normal 0 0 -1
    outer loop
      vertex 17.662 -17.3639 0
      vertex 22.8278 -20.1611 0
      vertex 22.6955 -20.5307 0
    endloop
  endfacet
  facet normal 0 0 -1
    outer loop
      vertex 17.3639 -14.338 0
      vertex 23 19 0
      vertex 17.5203 -14.4797 0
    endloop
  endfacet
  facet normal 0 0 -1
    outer loop
      vertex 17.662 -17.3639 0
      vertex 22.6955 -20.5307 0
      vertex 22.5277 -20.8856 0
    endloop
  endfacet
  facet normal 0 0 -1
    outer loop
      vertex 23 -19 0
      vertex 17.8961 -14.9865 0
      vertex 17.7877 -14.8055 0
    endloop
  endfacet
  facet normal 0 0 -1
    outer loop
      vertex 17.662 -17.3639 0
      vertex 22.5277 -20.8856 0
      vertex 22.3259 -21.2223 0
    endloop
  endfacet
  facet normal 0 0 -1
    outer loop
      vertex 17.1945 -14.2123 0
      vertex 23 19 0
      vertex 17.3639 -14.338 0
    endloop
  endfacet
  facet normal 0 0 -1
    outer loop
      vertex 17.5203 -17.5203 0
      vertex 22.3259 -21.2223 0
      vertex 22.092 -21.5376 0
    endloop
  endfacet
  facet normal 0 0 -1
    outer loop
      vertex 17.0135 -14.1039 0
      vertex 23 19 0
      vertex 17.1945 -14.2123 0
    endloop
  endfacet
  facet normal 0 0 -1
    outer loop
      vertex 17.5203 -17.5203 0
      vertex 22.092 -21.5376 0
      vertex 21.8284 -21.8284 0
    endloop
  endfacet
  facet normal 0 0 -1
    outer loop
      vertex 23 -19 0
      vertex 17.9863 -15.1772 0
      vertex 17.8961 -14.9865 0
    endloop
  endfacet
  facet normal 0 0 -1
    outer loop
      vertex 17.5203 -17.5203 0
      vertex 21.8284 -21.8284 0
      vertex 21.5376 -22.092 0
    endloop
  endfacet
  facet normal 0 0 -1
    outer loop
      vertex 7.35 0 0
      vertex 23 19 0
      vertex 17.0135 -14.1039 0
    endloop
  endfacet
  facet normal 0 0 -1
    outer loop
      vertex 17.5203 -17.5203 0
      vertex 21.5376 -22.092 0
      vertex 21.2223 -22.3259 0
    endloop
  endfacet
  facet normal 0 0 -1
    outer loop
      vertex 23 -19 0
      vertex 18.0574 -15.3759 0
      vertex 17.9863 -15.1772 0
    endloop
  endfacet
  facet normal 0 0 -1
    outer loop
      vertex 17.5203 -17.5203 0
      vertex 21.2223 -22.3259 0
      vertex 20.8856 -22.5277 0
    endloop
  endfacet
  facet normal 0 0 -1
    outer loop
      vertex 3.675 6.36529 0
      vertex 23 19 0
      vertex 7.35 0 0
    endloop
  endfacet
  facet normal 0 0 -1
    outer loop
      vertex 17.3639 -17.662 0
      vertex 20.8856 -22.5277 0
      vertex 20.5307 -22.6955 0
    endloop
  endfacet
  facet normal 0 -0 -1
    outer loop
      vertex 19 23 0
      vertex 23 19 0
      vertex 3.675 6.36529 0
    endloop
  endfacet
  facet normal 0 0 -1
    outer loop
      vertex 17.3639 -17.662 0
      vertex 20.5307 -22.6955 0
      vertex 20.1611 -22.8278 0
    endloop
  endfacet
  facet normal 0 0 -1
    outer loop
      vertex 23 -19 0
      vertex 18.1087 -15.5806 0
      vertex 18.0574 -15.3759 0
    endloop
  endfacet
  facet normal 0 0 -1
    outer loop
      vertex 17.3639 -17.662 0
      vertex 20.1611 -22.8278 0
      vertex 19.7804 -22.9231 0
    endloop
  endfacet
  facet normal 0 0 -1
    outer loop
      vertex 23 19 0
      vertex 19 23 0
      vertex 22.9807 19.3921 0
    endloop
  endfacet
  facet normal 0 0 -1
    outer loop
      vertex 17.3639 -17.662 0
      vertex 19.7804 -22.9231 0
      vertex 19.3921 -22.9807 0
    endloop
  endfacet
  facet normal 0 0 -1
    outer loop
      vertex 23 -19 0
      vertex 18.1396 -15.7893 0
      vertex 18.1087 -15.5806 0
    endloop
  endfacet
  facet normal 0 0 -1
    outer loop
      vertex 17.3639 -17.662 0
      vertex 19.3921 -22.9807 0
      vertex 19 -23 0
    endloop
  endfacet
  facet normal 0 0 -1
    outer loop
      vertex 22.9807 19.3921 0
      vertex 19 23 0
      vertex 22.9231 19.7804 0
    endloop
  endfacet
  facet normal 0 0 -1
    outer loop
      vertex 23 -19 0
      vertex 18.15 -16 0
      vertex 18.1396 -15.7893 0
    endloop
  endfacet
  facet normal 0 0 -1
    outer loop
      vertex 23 -19 0
      vertex 18.1396 -16.2107 0
      vertex 18.15 -16 0
    endloop
  endfacet
  facet normal 0 0 -1
    outer loop
      vertex 23 -19 0
      vertex 18.1087 -16.4194 0
      vertex 18.1396 -16.2107 0
    endloop
  endfacet
  facet normal 0 0 -1
    outer loop
      vertex 23 -19 0
      vertex 18.0574 -16.6241 0
      vertex 18.1087 -16.4194 0
    endloop
  endfacet
  facet normal 0 0 -1
    outer loop
      vertex 23 -19 0
      vertex 17.9863 -16.8228 0
      vertex 18.0574 -16.6241 0
    endloop
  endfacet
  facet normal 0 0 -1
    outer loop
      vertex 23 -19 0
      vertex 17.8961 -17.0135 0
      vertex 17.9863 -16.8228 0
    endloop
  endfacet
  facet normal 0 0 -1
    outer loop
      vertex 23 -19 0
      vertex 17.7877 -17.1945 0
      vertex 17.8961 -17.0135 0
    endloop
  endfacet
  facet normal 0 0 -1
    outer loop
      vertex 23 -19 0
      vertex 17.662 -17.3639 0
      vertex 17.7877 -17.1945 0
    endloop
  endfacet
  facet normal 0 0 -1
    outer loop
      vertex 22.3259 -21.2223 0
      vertex 17.5203 -17.5203 0
      vertex 17.662 -17.3639 0
    endloop
  endfacet
  facet normal 0 0 -1
    outer loop
      vertex 20.8856 -22.5277 0
      vertex 17.3639 -17.662 0
      vertex 17.5203 -17.5203 0
    endloop
  endfacet
  facet normal 0 0 -1
    outer loop
      vertex 19 -23 0
      vertex 17.1945 -17.7877 0
      vertex 17.3639 -17.662 0
    endloop
  endfacet
  facet normal 0 0 -1
    outer loop
      vertex 19 -23 0
      vertex 17.0135 -17.8961 0
      vertex 17.1945 -17.7877 0
    endloop
  endfacet
  facet normal 0 0 -1
    outer loop
      vertex 19 -23 0
      vertex 16.8228 -17.9863 0
      vertex 17.0135 -17.8961 0
    endloop
  endfacet
  facet normal 0 0 -1
    outer loop
      vertex 19 -23 0
      vertex 16.6241 -18.0574 0
      vertex 16.8228 -17.9863 0
    endloop
  endfacet
  facet normal 0 0 -1
    outer loop
      vertex 19 -23 0
      vertex 16.4194 -18.1087 0
      vertex 16.6241 -18.0574 0
    endloop
  endfacet
  facet normal 0 0 -1
    outer loop
      vertex 19 -23 0
      vertex 16.2107 -18.1396 0
      vertex 16.4194 -18.1087 0
    endloop
  endfacet
  facet normal 0 0 -1
    outer loop
      vertex 19 -23 0
      vertex 16 -18.15 0
      vertex 16.2107 -18.1396 0
    endloop
  endfacet
  facet normal 0 0 -1
    outer loop
      vertex 19 -23 0
      vertex 15.7893 -18.1396 0
      vertex 16 -18.15 0
    endloop
  endfacet
  facet normal 0 0 -1
    outer loop
      vertex 19 -23 0
      vertex 15.5806 -18.1087 0
      vertex 15.7893 -18.1396 0
    endloop
  endfacet
  facet normal 0 0 -1
    outer loop
      vertex 19 -23 0
      vertex 15.3759 -18.0574 0
      vertex 15.5806 -18.1087 0
    endloop
  endfacet
  facet normal 0 0 -1
    outer loop
      vertex 19 -23 0
      vertex 15.1772 -17.9863 0
      vertex 15.3759 -18.0574 0
    endloop
  endfacet
  facet normal 0 0 -1
    outer loop
      vertex 19 -23 0
      vertex 14.9865 -17.8961 0
      vertex 15.1772 -17.9863 0
    endloop
  endfacet
  facet normal 0 0 -1
    outer loop
      vertex 19 -23 0
      vertex 14.8055 -17.7877 0
      vertex 14.9865 -17.8961 0
    endloop
  endfacet
  facet normal 0 0 -1
    outer loop
      vertex 19 -23 0
      vertex 14.6361 -17.662 0
      vertex 14.8055 -17.7877 0
    endloop
  endfacet
  facet normal 0 0 -1
    outer loop
      vertex -14.6361 -17.662 0
      vertex 14.6361 -17.662 0
      vertex 19 -23 0
    endloop
  endfacet
  facet normal 0 0 -1
    outer loop
      vertex 14.6361 -17.662 0
      vertex -14.6361 -17.662 0
      vertex 14.4797 -17.5203 0
    endloop
  endfacet
  facet normal 0 0 -1
    outer loop
      vertex 3.675 -6.36529 0
      vertex 13.85 -16 0
      vertex 13.8604 -16.2107 0
    endloop
  endfacet
  facet normal 0 0 -1
    outer loop
      vertex 3.675 -6.36529 0
      vertex 13.8604 -16.2107 0
      vertex 13.8913 -16.4194 0
    endloop
  endfacet
  facet normal 0 0 -1
    outer loop
      vertex 3.675 -6.36529 0
      vertex 13.8913 -16.4194 0
      vertex 13.9426 -16.6241 0
    endloop
  endfacet
  facet normal 0 0 -1
    outer loop
      vertex -13.9426 -16.6241 0
      vertex 13.9426 -16.6241 0
      vertex 14.0137 -16.8228 0
    endloop
  endfacet
  facet normal 0 0 -1
    outer loop
      vertex 13.85 -16 0
      vertex 3.675 -6.36529 0
      vertex 7.35 0 0
    endloop
  endfacet
  facet normal 0 0 -1
    outer loop
      vertex -14.0137 -16.8228 0
      vertex 14.0137 -16.8228 0
      vertex 14.1039 -17.0135 0
    endloop
  endfacet
  facet normal 0 0 -1
    outer loop
      vertex -14.1039 -17.0135 0
      vertex 14.1039 -17.0135 0
      vertex 14.2123 -17.1945 0
    endloop
  endfacet
  facet normal 0 0 -1
    outer loop
      vertex -14.2123 -17.1945 0
      vertex 14.2123 -17.1945 0
      vertex 14.338 -17.3639 0
    endloop
  endfacet
  facet normal 0 0 -1
    outer loop
      vertex 14.4797 -17.5203 0
      vertex -14.4797 -17.5203 0
      vertex 14.338 -17.3639 0
    endloop
  endfacet
  facet normal 0 0 -1
    outer loop
      vertex 14.0137 -16.8228 0
      vertex -14.0137 -16.8228 0
      vertex -13.9426 -16.6241 0
    endloop
  endfacet
  facet normal 0 0 -1
    outer loop
      vertex -13.8604 -15.7893 0
      vertex -3.675 -6.36529 0
      vertex -13.85 -16 0
    endloop
  endfacet
  facet normal -0 0 -1
    outer loop
      vertex 3.675 -6.36529 0
      vertex -13.9426 -16.6241 0
      vertex -3.675 -6.36529 0
    endloop
  endfacet
  facet normal 0 0 -1
    outer loop
      vertex -3.675 -6.36529 0
      vertex -13.8604 -16.2107 0
      vertex -13.85 -16 0
    endloop
  endfacet
  facet normal 0 0 -1
    outer loop
      vertex -3.675 -6.36529 0
      vertex -13.8913 -16.4194 0
      vertex -13.8604 -16.2107 0
    endloop
  endfacet
  facet normal 0 0 -1
    outer loop
      vertex -3.675 -6.36529 0
      vertex -13.9426 -16.6241 0
      vertex -13.8913 -16.4194 0
    endloop
  endfacet
  facet normal 0 0 -1
    outer loop
      vertex 13.9426 -16.6241 0
      vertex -13.9426 -16.6241 0
      vertex 3.675 -6.36529 0
    endloop
  endfacet
  facet normal 0 0 -1
    outer loop
      vertex 14.1039 -17.0135 0
      vertex -14.1039 -17.0135 0
      vertex -14.0137 -16.8228 0
    endloop
  endfacet
  facet normal 0 0 -1
    outer loop
      vertex 14.2123 -17.1945 0
      vertex -14.2123 -17.1945 0
      vertex -14.1039 -17.0135 0
    endloop
  endfacet
  facet normal 0 0 -1
    outer loop
      vertex 14.338 -17.3639 0
      vertex -14.338 -17.3639 0
      vertex -14.2123 -17.1945 0
    endloop
  endfacet
  facet normal -0 0 -1
    outer loop
      vertex 14.338 -17.3639 0
      vertex -14.4797 -17.5203 0
      vertex -14.338 -17.3639 0
    endloop
  endfacet
  facet normal -0 0 -1
    outer loop
      vertex 14.4797 -17.5203 0
      vertex -14.6361 -17.662 0
      vertex -14.4797 -17.5203 0
    endloop
  endfacet
  facet normal 0 0 -1
    outer loop
      vertex -19 -23 0
      vertex -14.6361 -17.662 0
      vertex 19 -23 0
    endloop
  endfacet
  facet normal 0 0 -1
    outer loop
      vertex -14.6361 -17.662 0
      vertex -19 -23 0
      vertex -14.8055 -17.7877 0
    endloop
  endfacet
  facet normal 0 0 -1
    outer loop
      vertex -14.8055 -17.7877 0
      vertex -19 -23 0
      vertex -14.9865 -17.8961 0
    endloop
  endfacet
  facet normal 0 0 -1
    outer loop
      vertex -14.9865 -17.8961 0
      vertex -19 -23 0
      vertex -15.1772 -17.9863 0
    endloop
  endfacet
  facet normal 0 0 -1
    outer loop
      vertex -15.1772 -17.9863 0
      vertex -19 -23 0
      vertex -15.3759 -18.0574 0
    endloop
  endfacet
  facet normal 0 0 -1
    outer loop
      vertex -15.3759 -18.0574 0
      vertex -19 -23 0
      vertex -15.5806 -18.1087 0
    endloop
  endfacet
  facet normal 0 0 -1
    outer loop
      vertex -15.5806 -18.1087 0
      vertex -19 -23 0
      vertex -15.7893 -18.1396 0
    endloop
  endfacet
  facet normal 0 0 -1
    outer loop
      vertex -15.7893 -18.1396 0
      vertex -19 -23 0
      vertex -16 -18.15 0
    endloop
  endfacet
  facet normal 0 0 -1
    outer loop
      vertex -21.8284 -21.8284 0
      vertex -17.5203 -17.5203 0
      vertex -21.5376 -22.092 0
    endloop
  endfacet
  facet normal 0 0 -1
    outer loop
      vertex -21.5376 -22.092 0
      vertex -17.5203 -17.5203 0
      vertex -21.2223 -22.3259 0
    endloop
  endfacet
  facet normal 0 0 -1
    outer loop
      vertex -21.2223 -22.3259 0
      vertex -17.5203 -17.5203 0
      vertex -20.8856 -22.5277 0
    endloop
  endfacet
  facet normal -0 0 -1
    outer loop
      vertex -17.3639 -17.662 0
      vertex -20.8856 -22.5277 0
      vertex -17.5203 -17.5203 0
    endloop
  endfacet
  facet normal 0 0 -1
    outer loop
      vertex -20.8856 -22.5277 0
      vertex -17.3639 -17.662 0
      vertex -20.5307 -22.6955 0
    endloop
  endfacet
  facet normal 0 0 -1
    outer loop
      vertex -20.5307 -22.6955 0
      vertex -17.3639 -17.662 0
      vertex -20.1611 -22.8278 0
    endloop
  endfacet
  facet normal 0 0 -1
    outer loop
      vertex -20.1611 -22.8278 0
      vertex -17.3639 -17.662 0
      vertex -19.7804 -22.9231 0
    endloop
  endfacet
  facet normal 0 0 -1
    outer loop
      vertex -19.7804 -22.9231 0
      vertex -17.3639 -17.662 0
      vertex -19.3921 -22.9807 0
    endloop
  endfacet
  facet normal 0 0 -1
    outer loop
      vertex -19.3921 -22.9807 0
      vertex -17.3639 -17.662 0
      vertex -19 -23 0
    endloop
  endfacet
  facet normal -0 0 -1
    outer loop
      vertex -17.1945 -17.7877 0
      vertex -19 -23 0
      vertex -17.3639 -17.662 0
    endloop
  endfacet
  facet normal -0 0 -1
    outer loop
      vertex -17.0135 -17.8961 0
      vertex -19 -23 0
      vertex -17.1945 -17.7877 0
    endloop
  endfacet
  facet normal -0 0 -1
    outer loop
      vertex -16.8228 -17.9863 0
      vertex -19 -23 0
      vertex -17.0135 -17.8961 0
    endloop
  endfacet
  facet normal -0 0 -1
    outer loop
      vertex -16.6241 -18.0574 0
      vertex -19 -23 0
      vertex -16.8228 -17.9863 0
    endloop
  endfacet
  facet normal -0 0 -1
    outer loop
      vertex -16.4194 -18.1087 0
      vertex -19 -23 0
      vertex -16.6241 -18.0574 0
    endloop
  endfacet
  facet normal -0 0 -1
    outer loop
      vertex -16.2107 -18.1396 0
      vertex -19 -23 0
      vertex -16.4194 -18.1087 0
    endloop
  endfacet
  facet normal -0 0 -1
    outer loop
      vertex -16 -18.15 0
      vertex -19 -23 0
      vertex -16.2107 -18.1396 0
    endloop
  endfacet
  facet normal 0 0 -1
    outer loop
      vertex 22.9231 19.7804 0
      vertex 19 23 0
      vertex 22.8278 20.1611 0
    endloop
  endfacet
  facet normal 0 0 -1
    outer loop
      vertex 22.8278 20.1611 0
      vertex 19 23 0
      vertex 22.6955 20.5307 0
    endloop
  endfacet
  facet normal 0 0 -1
    outer loop
      vertex 22.6955 20.5307 0
      vertex 19 23 0
      vertex 22.5277 20.8856 0
    endloop
  endfacet
  facet normal 0 0 -1
    outer loop
      vertex 22.5277 20.8856 0
      vertex 19 23 0
      vertex 22.3259 21.2223 0
    endloop
  endfacet
  facet normal 0 0 -1
    outer loop
      vertex 22.3259 21.2223 0
      vertex 19 23 0
      vertex 22.092 21.5376 0
    endloop
  endfacet
  facet normal 0 0 -1
    outer loop
      vertex 22.092 21.5376 0
      vertex 19 23 0
      vertex 21.8284 21.8284 0
    endloop
  endfacet
  facet normal 0 0 -1
    outer loop
      vertex 21.8284 21.8284 0
      vertex 19 23 0
      vertex 21.5376 22.092 0
    endloop
  endfacet
  facet normal 0 0 -1
    outer loop
      vertex 21.2223 22.3259 0
      vertex 19 23 0
      vertex 20.8856 22.5277 0
    endloop
  endfacet
  facet normal 0 0 -1
    outer loop
      vertex 20.8856 22.5277 0
      vertex 19 23 0
      vertex 20.5307 22.6955 0
    endloop
  endfacet
  facet normal 0 0 -1
    outer loop
      vertex 20.5307 22.6955 0
      vertex 19 23 0
      vertex 20.1611 22.8278 0
    endloop
  endfacet
  facet normal 0 0 -1
    outer loop
      vertex 20.1611 22.8278 0
      vertex 19 23 0
      vertex 19.7804 22.9231 0
    endloop
  endfacet
  facet normal 0 0 -1
    outer loop
      vertex 7.35 0 0
      vertex 17.0135 -14.1039 0
      vertex 16.8228 -14.0137 0
    endloop
  endfacet
  facet normal 0 0 -1
    outer loop
      vertex 7.35 0 0
      vertex 16.8228 -14.0137 0
      vertex 16.6241 -13.9426 0
    endloop
  endfacet
  facet normal 0 0 -1
    outer loop
      vertex 7.35 0 0
      vertex 16.6241 -13.9426 0
      vertex 16.4194 -13.8913 0
    endloop
  endfacet
  facet normal 0 0 -1
    outer loop
      vertex 7.35 0 0
      vertex 16.4194 -13.8913 0
      vertex 16.2107 -13.8604 0
    endloop
  endfacet
  facet normal 0 0 -1
    outer loop
      vertex 7.35 0 0
      vertex 16.2107 -13.8604 0
      vertex 16 -13.85 0
    endloop
  endfacet
  facet normal 0 0 -1
    outer loop
      vertex 7.35 0 0
      vertex 16 -13.85 0
      vertex 15.7893 -13.8604 0
    endloop
  endfacet
  facet normal 0 0 -1
    outer loop
      vertex 7.35 0 0
      vertex 15.7893 -13.8604 0
      vertex 15.5806 -13.8913 0
    endloop
  endfacet
  facet normal 0 0 -1
    outer loop
      vertex 7.35 0 0
      vertex 15.5806 -13.8913 0
      vertex 15.3759 -13.9426 0
    endloop
  endfacet
  facet normal 0 0 -1
    outer loop
      vertex 7.35 0 0
      vertex 15.3759 -13.9426 0
      vertex 15.1772 -14.0137 0
    endloop
  endfacet
  facet normal 0 0 -1
    outer loop
      vertex 7.35 0 0
      vertex 15.1772 -14.0137 0
      vertex 14.9865 -14.1039 0
    endloop
  endfacet
  facet normal 0 0 -1
    outer loop
      vertex 7.35 0 0
      vertex 14.9865 -14.1039 0
      vertex 14.8055 -14.2123 0
    endloop
  endfacet
  facet normal 0 0 -1
    outer loop
      vertex 7.35 0 0
      vertex 14.8055 -14.2123 0
      vertex 14.6361 -14.338 0
    endloop
  endfacet
  facet normal 0 0 -1
    outer loop
      vertex 7.35 0 0
      vertex 14.6361 -14.338 0
      vertex 14.4797 -14.4797 0
    endloop
  endfacet
  facet normal 0 0 -1
    outer loop
      vertex 7.35 0 0
      vertex 14.4797 -14.4797 0
      vertex 14.338 -14.6361 0
    endloop
  endfacet
  facet normal 0 0 -1
    outer loop
      vertex 7.35 0 0
      vertex 14.338 -14.6361 0
      vertex 14.2123 -14.8055 0
    endloop
  endfacet
  facet normal 0 0 -1
    outer loop
      vertex 7.35 0 0
      vertex 14.2123 -14.8055 0
      vertex 14.1039 -14.9865 0
    endloop
  endfacet
  facet normal 0 0 -1
    outer loop
      vertex 7.35 0 0
      vertex 14.1039 -14.9865 0
      vertex 14.0137 -15.1772 0
    endloop
  endfacet
  facet normal 0 0 -1
    outer loop
      vertex 7.35 0 0
      vertex 14.0137 -15.1772 0
      vertex 13.9426 -15.3759 0
    endloop
  endfacet
  facet normal 0 0 -1
    outer loop
      vertex 7.35 0 0
      vertex 13.9426 -15.3759 0
      vertex 13.8913 -15.5806 0
    endloop
  endfacet
  facet normal 0 0 -1
    outer loop
      vertex 7.35 0 0
      vertex 13.8913 -15.5806 0
      vertex 13.8604 -15.7893 0
    endloop
  endfacet
  facet normal 0 0 -1
    outer loop
      vertex 7.35 0 0
      vertex 13.8604 -15.7893 0
      vertex 13.85 -16 0
    endloop
  endfacet
  facet normal 0 0 -1
    outer loop
      vertex 19.7804 22.9231 0
      vertex 19 23 0
      vertex 19.3921 22.9807 0
    endloop
  endfacet
  facet normal 0 0 -1
    outer loop
      vertex 21.5376 22.092 0
      vertex 19 23 0
      vertex 21.2223 22.3259 0
    endloop
  endfacet
  facet normal 0 0 -1
    outer loop
      vertex -3.675 6.36529 0
      vertex 19 23 0
      vertex 3.675 6.36529 0
    endloop
  endfacet
  facet normal 0 0 -1
    outer loop
      vertex -13.8913 -15.5806 0
      vertex -3.675 -6.36529 0
      vertex -13.8604 -15.7893 0
    endloop
  endfacet
  facet normal 0 0 -1
    outer loop
      vertex -13.9426 -15.3759 0
      vertex -3.675 -6.36529 0
      vertex -13.8913 -15.5806 0
    endloop
  endfacet
  facet normal 0 0 -1
    outer loop
      vertex -14.0137 -15.1772 0
      vertex -3.675 -6.36529 0
      vertex -13.9426 -15.3759 0
    endloop
  endfacet
  facet normal 0 0 -1
    outer loop
      vertex -14.1039 -14.9865 0
      vertex -3.675 -6.36529 0
      vertex -14.0137 -15.1772 0
    endloop
  endfacet
  facet normal 0 0 -1
    outer loop
      vertex -14.2123 -14.8055 0
      vertex -3.675 -6.36529 0
      vertex -14.1039 -14.9865 0
    endloop
  endfacet
  facet normal 0 0 -1
    outer loop
      vertex -14.338 -14.6361 0
      vertex -3.675 -6.36529 0
      vertex -14.2123 -14.8055 0
    endloop
  endfacet
  facet normal 0 0 -1
    outer loop
      vertex -14.4797 -14.4797 0
      vertex -3.675 -6.36529 0
      vertex -14.338 -14.6361 0
    endloop
  endfacet
  facet normal 0 0 -1
    outer loop
      vertex -14.6361 -14.338 0
      vertex -3.675 -6.36529 0
      vertex -14.4797 -14.4797 0
    endloop
  endfacet
  facet normal 0 0 -1
    outer loop
      vertex -14.8055 -14.2123 0
      vertex -3.675 -6.36529 0
      vertex -14.6361 -14.338 0
    endloop
  endfacet
  facet normal 0 0 -1
    outer loop
      vertex -14.9865 -14.1039 0
      vertex -3.675 -6.36529 0
      vertex -14.8055 -14.2123 0
    endloop
  endfacet
  facet normal -0 0 -1
    outer loop
      vertex -3.675 -6.36529 0
      vertex -14.9865 -14.1039 0
      vertex -7.35 0 0
    endloop
  endfacet
  facet normal 0 0 -1
    outer loop
      vertex -15.1772 -14.0137 0
      vertex -7.35 0 0
      vertex -14.9865 -14.1039 0
    endloop
  endfacet
  facet normal 0 0 -1
    outer loop
      vertex -15.3759 -13.9426 0
      vertex -7.35 0 0
      vertex -15.1772 -14.0137 0
    endloop
  endfacet
  facet normal 0 0 -1
    outer loop
      vertex -15.5806 -13.8913 0
      vertex -7.35 0 0
      vertex -15.3759 -13.9426 0
    endloop
  endfacet
  facet normal 0 0 -1
    outer loop
      vertex -15.7893 -13.8604 0
      vertex -7.35 0 0
      vertex -15.5806 -13.8913 0
    endloop
  endfacet
  facet normal 0 0 -1
    outer loop
      vertex -16 -13.85 0
      vertex -7.35 0 0
      vertex -15.7893 -13.8604 0
    endloop
  endfacet
  facet normal 0 0 -1
    outer loop
      vertex -16.2107 -13.8604 0
      vertex -7.35 0 0
      vertex -16 -13.85 0
    endloop
  endfacet
  facet normal 0 0 -1
    outer loop
      vertex -16.4194 -13.8913 0
      vertex -7.35 0 0
      vertex -16.2107 -13.8604 0
    endloop
  endfacet
  facet normal 0 0 -1
    outer loop
      vertex -16.6241 -13.9426 0
      vertex -7.35 0 0
      vertex -16.4194 -13.8913 0
    endloop
  endfacet
  facet normal 0 0 -1
    outer loop
      vertex -16.8228 -14.0137 0
      vertex -7.35 0 0
      vertex -16.6241 -13.9426 0
    endloop
  endfacet
  facet normal 0 0 -1
    outer loop
      vertex -17.0135 -14.1039 0
      vertex -7.35 0 0
      vertex -16.8228 -14.0137 0
    endloop
  endfacet
  facet normal -0 0 -1
    outer loop
      vertex -7.35 0 0
      vertex -17.0135 -14.1039 0
      vertex -23 19 0
    endloop
  endfacet
  facet normal 0 0 -1
    outer loop
      vertex -23 19 0
      vertex -17.0135 -14.1039 0
      vertex -17.1945 -14.2123 0
    endloop
  endfacet
  facet normal 0 0 -1
    outer loop
      vertex -23 19 0
      vertex -17.1945 -14.2123 0
      vertex -17.3639 -14.338 0
    endloop
  endfacet
  facet normal 0 0 -1
    outer loop
      vertex -23 19 0
      vertex -17.3639 -14.338 0
      vertex -17.5203 -14.4797 0
    endloop
  endfacet
  facet normal 0 0 -1
    outer loop
      vertex -23 19 0
      vertex -17.5203 -14.4797 0
      vertex -17.662 -14.6361 0
    endloop
  endfacet
  facet normal 0 0 -1
    outer loop
      vertex -23 -19 0
      vertex -17.662 -14.6361 0
      vertex -17.7877 -14.8055 0
    endloop
  endfacet
  facet normal 0 0 -1
    outer loop
      vertex -22.092 -21.5376 0
      vertex -17.5203 -17.5203 0
      vertex -21.8284 -21.8284 0
    endloop
  endfacet
  facet normal 0 0 -1
    outer loop
      vertex -3.675 6.36529 0
      vertex -19 23 0
      vertex 19 23 0
    endloop
  endfacet
  facet normal 0 0 -1
    outer loop
      vertex -7.35 0 0
      vertex -23 19 0
      vertex -3.675 6.36529 0
    endloop
  endfacet
  facet normal 0 0 -1
    outer loop
      vertex -23 -19 0
      vertex -17.7877 -14.8055 0
      vertex -17.8961 -14.9865 0
    endloop
  endfacet
  facet normal 0 0 -1
    outer loop
      vertex -23 -19 0
      vertex -17.8961 -14.9865 0
      vertex -17.9863 -15.1772 0
    endloop
  endfacet
  facet normal 0 0 -1
    outer loop
      vertex -23 -19 0
      vertex -17.9863 -15.1772 0
      vertex -18.0574 -15.3759 0
    endloop
  endfacet
  facet normal 0 0 -1
    outer loop
      vertex -23 -19 0
      vertex -18.0574 -15.3759 0
      vertex -18.1087 -15.5806 0
    endloop
  endfacet
  facet normal 0 0 -1
    outer loop
      vertex -23 -19 0
      vertex -18.1087 -15.5806 0
      vertex -18.1396 -15.7893 0
    endloop
  endfacet
  facet normal 0 0 -1
    outer loop
      vertex -22.3259 -21.2223 0
      vertex -17.5203 -17.5203 0
      vertex -22.092 -21.5376 0
    endloop
  endfacet
  facet normal -0 0 -1
    outer loop
      vertex -17.5203 -17.5203 0
      vertex -22.3259 -21.2223 0
      vertex -17.662 -17.3639 0
    endloop
  endfacet
  facet normal -0 0 -1
    outer loop
      vertex -17.662 -14.6361 0
      vertex -23 -19 0
      vertex -23 19 0
    endloop
  endfacet
  facet normal 0 0 -1
    outer loop
      vertex -22.5277 -20.8856 0
      vertex -17.662 -17.3639 0
      vertex -22.3259 -21.2223 0
    endloop
  endfacet
  facet normal 0 0 -1
    outer loop
      vertex -3.675 6.36529 0
      vertex -23 19 0
      vertex -19 23 0
    endloop
  endfacet
  facet normal 0 0 -1
    outer loop
      vertex -22.6955 -20.5307 0
      vertex -17.662 -17.3639 0
      vertex -22.5277 -20.8856 0
    endloop
  endfacet
  facet normal 0 0 -1
    outer loop
      vertex -19 23 0
      vertex -23 19 0
      vertex -19.3921 22.9807 0
    endloop
  endfacet
  facet normal 0 0 -1
    outer loop
      vertex -22.8278 -20.1611 0
      vertex -17.662 -17.3639 0
      vertex -22.6955 -20.5307 0
    endloop
  endfacet
  facet normal 0 0 -1
    outer loop
      vertex -19.3921 22.9807 0
      vertex -23 19 0
      vertex -19.7804 22.9231 0
    endloop
  endfacet
  facet normal 0 0 -1
    outer loop
      vertex -22.9231 -19.7804 0
      vertex -17.662 -17.3639 0
      vertex -22.8278 -20.1611 0
    endloop
  endfacet
  facet normal 0 0 -1
    outer loop
      vertex -19.7804 22.9231 0
      vertex -23 19 0
      vertex -20.1611 22.8278 0
    endloop
  endfacet
  facet normal 0 0 -1
    outer loop
      vertex -22.9807 -19.3921 0
      vertex -17.662 -17.3639 0
      vertex -22.9231 -19.7804 0
    endloop
  endfacet
  facet normal 0 0 -1
    outer loop
      vertex -20.1611 22.8278 0
      vertex -23 19 0
      vertex -20.5307 22.6955 0
    endloop
  endfacet
  facet normal 0 0 -1
    outer loop
      vertex -23 -19 0
      vertex -17.662 -17.3639 0
      vertex -22.9807 -19.3921 0
    endloop
  endfacet
  facet normal 0 0 -1
    outer loop
      vertex -20.5307 22.6955 0
      vertex -23 19 0
      vertex -20.8856 22.5277 0
    endloop
  endfacet
  facet normal -0 0 -1
    outer loop
      vertex -17.662 -17.3639 0
      vertex -23 -19 0
      vertex -17.7877 -17.1945 0
    endloop
  endfacet
  facet normal 0 0 -1
    outer loop
      vertex -20.8856 22.5277 0
      vertex -23 19 0
      vertex -21.2223 22.3259 0
    endloop
  endfacet
  facet normal -0 0 -1
    outer loop
      vertex -17.7877 -17.1945 0
      vertex -23 -19 0
      vertex -17.8961 -17.0135 0
    endloop
  endfacet
  facet normal 0 0 -1
    outer loop
      vertex -21.2223 22.3259 0
      vertex -23 19 0
      vertex -21.5376 22.092 0
    endloop
  endfacet
  facet normal -0 0 -1
    outer loop
      vertex -17.8961 -17.0135 0
      vertex -23 -19 0
      vertex -17.9863 -16.8228 0
    endloop
  endfacet
  facet normal 0 0 -1
    outer loop
      vertex -21.5376 22.092 0
      vertex -23 19 0
      vertex -21.8284 21.8284 0
    endloop
  endfacet
  facet normal -0 0 -1
    outer loop
      vertex -17.9863 -16.8228 0
      vertex -23 -19 0
      vertex -18.0574 -16.6241 0
    endloop
  endfacet
  facet normal 0 0 -1
    outer loop
      vertex -21.8284 21.8284 0
      vertex -23 19 0
      vertex -22.092 21.5376 0
    endloop
  endfacet
  facet normal -0 0 -1
    outer loop
      vertex -18.0574 -16.6241 0
      vertex -23 -19 0
      vertex -18.1087 -16.4194 0
    endloop
  endfacet
  facet normal 0 0 -1
    outer loop
      vertex -22.092 21.5376 0
      vertex -23 19 0
      vertex -22.3259 21.2223 0
    endloop
  endfacet
  facet normal -0 0 -1
    outer loop
      vertex -18.1087 -16.4194 0
      vertex -23 -19 0
      vertex -18.1396 -16.2107 0
    endloop
  endfacet
  facet normal 0 0 -1
    outer loop
      vertex -22.3259 21.2223 0
      vertex -23 19 0
      vertex -22.5277 20.8856 0
    endloop
  endfacet
  facet normal -0 0 -1
    outer loop
      vertex -18.1396 -16.2107 0
      vertex -23 -19 0
      vertex -18.15 -16 0
    endloop
  endfacet
  facet normal 0 0 -1
    outer loop
      vertex -22.5277 20.8856 0
      vertex -23 19 0
      vertex -22.6955 20.5307 0
    endloop
  endfacet
  facet normal -0 0 -1
    outer loop
      vertex -18.15 -16 0
      vertex -23 -19 0
      vertex -18.1396 -15.7893 0
    endloop
  endfacet
  facet normal 0 0 -1
    outer loop
      vertex -22.6955 20.5307 0
      vertex -23 19 0
      vertex -22.8278 20.1611 0
    endloop
  endfacet
  facet normal 0 0 -1
    outer loop
      vertex -22.8278 20.1611 0
      vertex -23 19 0
      vertex -22.9231 19.7804 0
    endloop
  endfacet
  facet normal 0 0 -1
    outer loop
      vertex -22.9231 19.7804 0
      vertex -23 19 0
      vertex -22.9807 19.3921 0
    endloop
  endfacet
  facet normal -0.740908 0.671607 0
    outer loop
      vertex -22.092 21.5376 0
      vertex -21.8284 21.8284 5
      vertex -21.8284 21.8284 0
    endloop
  endfacet
  facet normal -0.740908 0.671607 0
    outer loop
      vertex -21.8284 21.8284 5
      vertex -22.092 21.5376 0
      vertex -22.092 21.5376 5
    endloop
  endfacet
  facet normal -0.998791 0.0491626 0
    outer loop
      vertex -23 19 0
      vertex -22.9807 19.3921 5
      vertex -22.9807 19.3921 0
    endloop
  endfacet
  facet normal -0.998791 0.0491626 0
    outer loop
      vertex -22.9807 19.3921 5
      vertex -23 19 0
      vertex -23 19 5
    endloop
  endfacet
  facet normal -0.970068 0.242835 0
    outer loop
      vertex -22.9231 19.7804 0
      vertex -22.8278 20.1611 5
      vertex -22.8278 20.1611 0
    endloop
  endfacet
  facet normal -0.970068 0.242835 0
    outer loop
      vertex -22.8278 20.1611 5
      vertex -22.9231 19.7804 0
      vertex -22.9231 19.7804 5
    endloop
  endfacet
  facet normal -0.9415 0.337014 0
    outer loop
      vertex -22.8278 20.1611 0
      vertex -22.6955 20.5307 5
      vertex -22.6955 20.5307 0
    endloop
  endfacet
  facet normal -0.9415 0.337014 0
    outer loop
      vertex -22.6955 20.5307 5
      vertex -22.8278 20.1611 0
      vertex -22.8278 20.1611 5
    endloop
  endfacet
  facet normal -0.85774 0.514084 0
    outer loop
      vertex -22.5277 20.8856 0
      vertex -22.3259 21.2223 5
      vertex -22.3259 21.2223 0
    endloop
  endfacet
  facet normal -0.85774 0.514084 0
    outer loop
      vertex -22.3259 21.2223 5
      vertex -22.5277 20.8856 0
      vertex -22.5277 20.8856 5
    endloop
  endfacet
  facet normal -0.803137 0.595794 0
    outer loop
      vertex -22.3259 21.2223 0
      vertex -22.092 21.5376 5
      vertex -22.092 21.5376 0
    endloop
  endfacet
  facet normal -0.803137 0.595794 0
    outer loop
      vertex -22.092 21.5376 5
      vertex -22.3259 21.2223 0
      vertex -22.3259 21.2223 5
    endloop
  endfacet
  facet normal 0.514084 -0.85774 0
    outer loop
      vertex 20.8856 -22.5277 0
      vertex 21.2223 -22.3259 5
      vertex 20.8856 -22.5277 5
    endloop
  endfacet
  facet normal 0.514084 -0.85774 0
    outer loop
      vertex 21.2223 -22.3259 5
      vertex 20.8856 -22.5277 0
      vertex 21.2223 -22.3259 0
    endloop
  endfacet
  facet normal 0 -1 0
    outer loop
      vertex -19 -23 0
      vertex 19 -23 5
      vertex -19 -23 5
    endloop
  endfacet
  facet normal 0 -1 -0
    outer loop
      vertex 19 -23 5
      vertex -19 -23 0
      vertex 19 -23 0
    endloop
  endfacet
  facet normal -0.671607 -0.740908 0
    outer loop
      vertex -21.8284 -21.8284 0
      vertex -21.5376 -22.092 5
      vertex -21.8284 -21.8284 5
    endloop
  endfacet
  facet normal -0.671607 -0.740908 -0
    outer loop
      vertex -21.5376 -22.092 5
      vertex -21.8284 -21.8284 0
      vertex -21.5376 -22.092 0
    endloop
  endfacet
  facet normal -0.595794 0.803137 0
    outer loop
      vertex -21.2223 22.3259 0
      vertex -21.5376 22.092 5
      vertex -21.2223 22.3259 5
    endloop
  endfacet
  facet normal -0.595794 0.803137 0
    outer loop
      vertex -21.5376 22.092 5
      vertex -21.2223 22.3259 0
      vertex -21.5376 22.092 0
    endloop
  endfacet
  facet normal 0.514084 0.85774 -0
    outer loop
      vertex 21.2223 22.3259 0
      vertex 20.8856 22.5277 5
      vertex 21.2223 22.3259 5
    endloop
  endfacet
  facet normal 0.514084 0.85774 0
    outer loop
      vertex 20.8856 22.5277 5
      vertex 21.2223 22.3259 0
      vertex 20.8856 22.5277 0
    endloop
  endfacet
  facet normal 0 1 -0
    outer loop
      vertex 19 23 0
      vertex -19 23 5
      vertex 19 23 5
    endloop
  endfacet
  facet normal 0 1 0
    outer loop
      vertex -19 23 5
      vertex 19 23 0
      vertex -19 23 0
    endloop
  endfacet
  facet normal 0.0491626 0.998791 -0
    outer loop
      vertex 19.3921 22.9807 0
      vertex 19 23 5
      vertex 19.3921 22.9807 5
    endloop
  endfacet
  facet normal 0.0491626 0.998791 0
    outer loop
      vertex 19 23 5
      vertex 19.3921 22.9807 0
      vertex 19 23 0
    endloop
  endfacet
  facet normal 0.85774 -0.514084 0
    outer loop
      vertex 22.3259 -21.2223 5
      vertex 22.5277 -20.8856 0
      vertex 22.5277 -20.8856 5
    endloop
  endfacet
  facet normal 0.85774 -0.514084 0
    outer loop
      vertex 22.5277 -20.8856 0
      vertex 22.3259 -21.2223 5
      vertex 22.3259 -21.2223 0
    endloop
  endfacet
  facet normal 0.9415 -0.337014 0
    outer loop
      vertex 22.6955 -20.5307 5
      vertex 22.8278 -20.1611 0
      vertex 22.8278 -20.1611 5
    endloop
  endfacet
  facet normal 0.9415 -0.337014 0
    outer loop
      vertex 22.8278 -20.1611 0
      vertex 22.6955 -20.5307 5
      vertex 22.6955 -20.5307 0
    endloop
  endfacet
  facet normal -0.989176 0.146733 0
    outer loop
      vertex -22.9807 19.3921 0
      vertex -22.9231 19.7804 5
      vertex -22.9231 19.7804 0
    endloop
  endfacet
  facet normal -0.989176 0.146733 0
    outer loop
      vertex -22.9231 19.7804 5
      vertex -22.9807 19.3921 0
      vertex -22.9807 19.3921 5
    endloop
  endfacet
  facet normal -0.904044 0.42744 0
    outer loop
      vertex -22.6955 20.5307 0
      vertex -22.5277 20.8856 5
      vertex -22.5277 20.8856 0
    endloop
  endfacet
  facet normal -0.904044 0.42744 0
    outer loop
      vertex -22.5277 20.8856 5
      vertex -22.6955 20.5307 0
      vertex -22.6955 20.5307 5
    endloop
  endfacet
  facet normal -0.671607 0.740908 0
    outer loop
      vertex -21.5376 22.092 0
      vertex -21.8284 21.8284 5
      vertex -21.5376 22.092 5
    endloop
  endfacet
  facet normal -0.671607 0.740908 0
    outer loop
      vertex -21.8284 21.8284 5
      vertex -21.5376 22.092 0
      vertex -21.8284 21.8284 0
    endloop
  endfacet
  facet normal 0.42744 -0.904044 0
    outer loop
      vertex 20.5307 -22.6955 0
      vertex 20.8856 -22.5277 5
      vertex 20.5307 -22.6955 5
    endloop
  endfacet
  facet normal 0.42744 -0.904044 0
    outer loop
      vertex 20.8856 -22.5277 5
      vertex 20.5307 -22.6955 0
      vertex 20.8856 -22.5277 0
    endloop
  endfacet
  facet normal 0.595794 -0.803137 0
    outer loop
      vertex 21.2223 -22.3259 0
      vertex 21.5376 -22.092 5
      vertex 21.2223 -22.3259 5
    endloop
  endfacet
  facet normal 0.595794 -0.803137 0
    outer loop
      vertex 21.5376 -22.092 5
      vertex 21.2223 -22.3259 0
      vertex 21.5376 -22.092 0
    endloop
  endfacet
  facet normal 0.671607 -0.740908 0
    outer loop
      vertex 21.5376 -22.092 0
      vertex 21.8284 -21.8284 5
      vertex 21.5376 -22.092 5
    endloop
  endfacet
  facet normal 0.671607 -0.740908 0
    outer loop
      vertex 21.8284 -21.8284 5
      vertex 21.5376 -22.092 0
      vertex 21.8284 -21.8284 0
    endloop
  endfacet
  facet normal 0.671607 0.740908 -0
    outer loop
      vertex 21.8284 21.8284 0
      vertex 21.5376 22.092 5
      vertex 21.8284 21.8284 5
    endloop
  endfacet
  facet normal 0.671607 0.740908 0
    outer loop
      vertex 21.5376 22.092 5
      vertex 21.8284 21.8284 0
      vertex 21.5376 22.092 0
    endloop
  endfacet
  facet normal -0.0491626 0.998791 0
    outer loop
      vertex -19 23 0
      vertex -19.3921 22.9807 5
      vertex -19 23 5
    endloop
  endfacet
  facet normal -0.0491626 0.998791 0
    outer loop
      vertex -19.3921 22.9807 5
      vertex -19 23 0
      vertex -19.3921 22.9807 0
    endloop
  endfacet
  facet normal 0.740908 0.671607 0
    outer loop
      vertex 22.092 21.5376 5
      vertex 21.8284 21.8284 0
      vertex 21.8284 21.8284 5
    endloop
  endfacet
  facet normal 0.740908 0.671607 0
    outer loop
      vertex 21.8284 21.8284 0
      vertex 22.092 21.5376 5
      vertex 22.092 21.5376 0
    endloop
  endfacet
  facet normal 0.85774 0.514084 0
    outer loop
      vertex 22.5277 20.8856 5
      vertex 22.3259 21.2223 0
      vertex 22.3259 21.2223 5
    endloop
  endfacet
  facet normal 0.85774 0.514084 0
    outer loop
      vertex 22.3259 21.2223 0
      vertex 22.5277 20.8856 5
      vertex 22.5277 20.8856 0
    endloop
  endfacet
  facet normal 0.989176 0.146733 0
    outer loop
      vertex 22.9807 19.3921 5
      vertex 22.9231 19.7804 0
      vertex 22.9231 19.7804 5
    endloop
  endfacet
  facet normal 0.989176 0.146733 0
    outer loop
      vertex 22.9231 19.7804 0
      vertex 22.9807 19.3921 5
      vertex 22.9807 19.3921 0
    endloop
  endfacet
  facet normal 0.904044 0.42744 0
    outer loop
      vertex 22.6955 20.5307 5
      vertex 22.5277 20.8856 0
      vertex 22.5277 20.8856 5
    endloop
  endfacet
  facet normal 0.904044 0.42744 0
    outer loop
      vertex 22.5277 20.8856 0
      vertex 22.6955 20.5307 5
      vertex 22.6955 20.5307 0
    endloop
  endfacet
  facet normal 0.803137 -0.595794 0
    outer loop
      vertex 22.092 -21.5376 5
      vertex 22.3259 -21.2223 0
      vertex 22.3259 -21.2223 5
    endloop
  endfacet
  facet normal 0.803137 -0.595794 0
    outer loop
      vertex 22.3259 -21.2223 0
      vertex 22.092 -21.5376 5
      vertex 22.092 -21.5376 0
    endloop
  endfacet
  facet normal 0.904044 -0.42744 0
    outer loop
      vertex 22.5277 -20.8856 5
      vertex 22.6955 -20.5307 0
      vertex 22.6955 -20.5307 5
    endloop
  endfacet
  facet normal 0.904044 -0.42744 0
    outer loop
      vertex 22.6955 -20.5307 0
      vertex 22.5277 -20.8856 5
      vertex 22.5277 -20.8856 0
    endloop
  endfacet
  facet normal 0.989176 -0.146733 0
    outer loop
      vertex 22.9231 -19.7804 5
      vertex 22.9807 -19.3921 0
      vertex 22.9807 -19.3921 5
    endloop
  endfacet
  facet normal 0.989176 -0.146733 0
    outer loop
      vertex 22.9807 -19.3921 0
      vertex 22.9231 -19.7804 5
      vertex 22.9231 -19.7804 0
    endloop
  endfacet
  facet normal 0.970068 -0.242835 0
    outer loop
      vertex 22.8278 -20.1611 5
      vertex 22.9231 -19.7804 0
      vertex 22.9231 -19.7804 5
    endloop
  endfacet
  facet normal 0.970068 -0.242835 0
    outer loop
      vertex 22.9231 -19.7804 0
      vertex 22.8278 -20.1611 5
      vertex 22.8278 -20.1611 0
    endloop
  endfacet
  facet normal 0.146733 -0.989176 0
    outer loop
      vertex 19.3921 -22.9807 0
      vertex 19.7804 -22.9231 5
      vertex 19.3921 -22.9807 5
    endloop
  endfacet
  facet normal 0.146733 -0.989176 0
    outer loop
      vertex 19.7804 -22.9231 5
      vertex 19.3921 -22.9807 0
      vertex 19.7804 -22.9231 0
    endloop
  endfacet
  facet normal -0.740908 -0.671607 0
    outer loop
      vertex -21.8284 -21.8284 0
      vertex -22.092 -21.5376 5
      vertex -22.092 -21.5376 0
    endloop
  endfacet
  facet normal -0.740908 -0.671607 0
    outer loop
      vertex -22.092 -21.5376 5
      vertex -21.8284 -21.8284 0
      vertex -21.8284 -21.8284 5
    endloop
  endfacet
  facet normal -0.514084 -0.85774 0
    outer loop
      vertex -21.2223 -22.3259 0
      vertex -20.8856 -22.5277 5
      vertex -21.2223 -22.3259 5
    endloop
  endfacet
  facet normal -0.514084 -0.85774 -0
    outer loop
      vertex -20.8856 -22.5277 5
      vertex -21.2223 -22.3259 0
      vertex -20.8856 -22.5277 0
    endloop
  endfacet
  facet normal -0.0491626 -0.998791 0
    outer loop
      vertex -19.3921 -22.9807 0
      vertex -19 -23 5
      vertex -19.3921 -22.9807 5
    endloop
  endfacet
  facet normal -0.0491626 -0.998791 -0
    outer loop
      vertex -19 -23 5
      vertex -19.3921 -22.9807 0
      vertex -19 -23 0
    endloop
  endfacet
  facet normal 0.595794 0.803137 -0
    outer loop
      vertex 21.5376 22.092 0
      vertex 21.2223 22.3259 5
      vertex 21.5376 22.092 5
    endloop
  endfacet
  facet normal 0.595794 0.803137 0
    outer loop
      vertex 21.2223 22.3259 5
      vertex 21.5376 22.092 0
      vertex 21.2223 22.3259 0
    endloop
  endfacet
  facet normal 0.146733 0.989176 -0
    outer loop
      vertex 19.7804 22.9231 0
      vertex 19.3921 22.9807 5
      vertex 19.7804 22.9231 5
    endloop
  endfacet
  facet normal 0.146733 0.989176 0
    outer loop
      vertex 19.3921 22.9807 5
      vertex 19.7804 22.9231 0
      vertex 19.3921 22.9807 0
    endloop
  endfacet
  facet normal 0.242835 0.970068 -0
    outer loop
      vertex 20.1611 22.8278 0
      vertex 19.7804 22.9231 5
      vertex 20.1611 22.8278 5
    endloop
  endfacet
  facet normal 0.242835 0.970068 0
    outer loop
      vertex 19.7804 22.9231 5
      vertex 20.1611 22.8278 0
      vertex 19.7804 22.9231 0
    endloop
  endfacet
  facet normal 0.337014 0.9415 -0
    outer loop
      vertex 20.5307 22.6955 0
      vertex 20.1611 22.8278 5
      vertex 20.5307 22.6955 5
    endloop
  endfacet
  facet normal 0.337014 0.9415 0
    outer loop
      vertex 20.1611 22.8278 5
      vertex 20.5307 22.6955 0
      vertex 20.1611 22.8278 0
    endloop
  endfacet
  facet normal 0.42744 0.904044 -0
    outer loop
      vertex 20.8856 22.5277 0
      vertex 20.5307 22.6955 5
      vertex 20.8856 22.5277 5
    endloop
  endfacet
  facet normal 0.42744 0.904044 0
    outer loop
      vertex 20.5307 22.6955 5
      vertex 20.8856 22.5277 0
      vertex 20.5307 22.6955 0
    endloop
  endfacet
  facet normal -0.337014 0.9415 0
    outer loop
      vertex -20.1611 22.8278 0
      vertex -20.5307 22.6955 5
      vertex -20.1611 22.8278 5
    endloop
  endfacet
  facet normal -0.337014 0.9415 0
    outer loop
      vertex -20.5307 22.6955 5
      vertex -20.1611 22.8278 0
      vertex -20.5307 22.6955 0
    endloop
  endfacet
  facet normal -0.242835 0.970068 0
    outer loop
      vertex -19.7804 22.9231 0
      vertex -20.1611 22.8278 5
      vertex -19.7804 22.9231 5
    endloop
  endfacet
  facet normal -0.242835 0.970068 0
    outer loop
      vertex -20.1611 22.8278 5
      vertex -19.7804 22.9231 0
      vertex -20.1611 22.8278 0
    endloop
  endfacet
  facet normal -0.42744 0.904044 0
    outer loop
      vertex -20.5307 22.6955 0
      vertex -20.8856 22.5277 5
      vertex -20.5307 22.6955 5
    endloop
  endfacet
  facet normal -0.42744 0.904044 0
    outer loop
      vertex -20.8856 22.5277 5
      vertex -20.5307 22.6955 0
      vertex -20.8856 22.5277 0
    endloop
  endfacet
  facet normal -0.146733 0.989176 0
    outer loop
      vertex -19.3921 22.9807 0
      vertex -19.7804 22.9231 5
      vertex -19.3921 22.9807 5
    endloop
  endfacet
  facet normal -0.146733 0.989176 0
    outer loop
      vertex -19.7804 22.9231 5
      vertex -19.3921 22.9807 0
      vertex -19.7804 22.9231 0
    endloop
  endfacet
  facet normal 0.803137 0.595794 0
    outer loop
      vertex 22.3259 21.2223 5
      vertex 22.092 21.5376 0
      vertex 22.092 21.5376 5
    endloop
  endfacet
  facet normal 0.803137 0.595794 0
    outer loop
      vertex 22.092 21.5376 0
      vertex 22.3259 21.2223 5
      vertex 22.3259 21.2223 0
    endloop
  endfacet
  facet normal 0.337014 -0.9415 0
    outer loop
      vertex 20.1611 -22.8278 0
      vertex 20.5307 -22.6955 5
      vertex 20.1611 -22.8278 5
    endloop
  endfacet
  facet normal 0.337014 -0.9415 0
    outer loop
      vertex 20.5307 -22.6955 5
      vertex 20.1611 -22.8278 0
      vertex 20.5307 -22.6955 0
    endloop
  endfacet
  facet normal -0.337014 -0.9415 0
    outer loop
      vertex -20.5307 -22.6955 0
      vertex -20.1611 -22.8278 5
      vertex -20.5307 -22.6955 5
    endloop
  endfacet
  facet normal -0.337014 -0.9415 -0
    outer loop
      vertex -20.1611 -22.8278 5
      vertex -20.5307 -22.6955 0
      vertex -20.1611 -22.8278 0
    endloop
  endfacet
  facet normal -0.146733 -0.989176 0
    outer loop
      vertex -19.7804 -22.9231 0
      vertex -19.3921 -22.9807 5
      vertex -19.7804 -22.9231 5
    endloop
  endfacet
  facet normal -0.146733 -0.989176 -0
    outer loop
      vertex -19.3921 -22.9807 5
      vertex -19.7804 -22.9231 0
      vertex -19.3921 -22.9807 0
    endloop
  endfacet
  facet normal -0.242835 -0.970068 0
    outer loop
      vertex -20.1611 -22.8278 0
      vertex -19.7804 -22.9231 5
      vertex -20.1611 -22.8278 5
    endloop
  endfacet
  facet normal -0.242835 -0.970068 -0
    outer loop
      vertex -19.7804 -22.9231 5
      vertex -20.1611 -22.8278 0
      vertex -19.7804 -22.9231 0
    endloop
  endfacet
  facet normal -0.42744 -0.904044 0
    outer loop
      vertex -20.8856 -22.5277 0
      vertex -20.5307 -22.6955 5
      vertex -20.8856 -22.5277 5
    endloop
  endfacet
  facet normal -0.42744 -0.904044 -0
    outer loop
      vertex -20.5307 -22.6955 5
      vertex -20.8856 -22.5277 0
      vertex -20.5307 -22.6955 0
    endloop
  endfacet
  facet normal -0.514084 0.85774 0
    outer loop
      vertex -20.8856 22.5277 0
      vertex -21.2223 22.3259 5
      vertex -20.8856 22.5277 5
    endloop
  endfacet
  facet normal -0.514084 0.85774 0
    outer loop
      vertex -21.2223 22.3259 5
      vertex -20.8856 22.5277 0
      vertex -21.2223 22.3259 0
    endloop
  endfacet
  facet normal 0.9415 0.337014 0
    outer loop
      vertex 22.8278 20.1611 5
      vertex 22.6955 20.5307 0
      vertex 22.6955 20.5307 5
    endloop
  endfacet
  facet normal 0.9415 0.337014 0
    outer loop
      vertex 22.6955 20.5307 0
      vertex 22.8278 20.1611 5
      vertex 22.8278 20.1611 0
    endloop
  endfacet
  facet normal 0.242835 -0.970068 0
    outer loop
      vertex 19.7804 -22.9231 0
      vertex 20.1611 -22.8278 5
      vertex 19.7804 -22.9231 5
    endloop
  endfacet
  facet normal 0.242835 -0.970068 0
    outer loop
      vertex 20.1611 -22.8278 5
      vertex 19.7804 -22.9231 0
      vertex 20.1611 -22.8278 0
    endloop
  endfacet
  facet normal -0.803137 -0.595794 0
    outer loop
      vertex -22.092 -21.5376 0
      vertex -22.3259 -21.2223 5
      vertex -22.3259 -21.2223 0
    endloop
  endfacet
  facet normal -0.803137 -0.595794 0
    outer loop
      vertex -22.3259 -21.2223 5
      vertex -22.092 -21.5376 0
      vertex -22.092 -21.5376 5
    endloop
  endfacet
  facet normal -0.9415 -0.337014 0
    outer loop
      vertex -22.6955 -20.5307 0
      vertex -22.8278 -20.1611 5
      vertex -22.8278 -20.1611 0
    endloop
  endfacet
  facet normal -0.9415 -0.337014 0
    outer loop
      vertex -22.8278 -20.1611 5
      vertex -22.6955 -20.5307 0
      vertex -22.6955 -20.5307 5
    endloop
  endfacet
  facet normal -0.970068 -0.242835 0
    outer loop
      vertex -22.8278 -20.1611 0
      vertex -22.9231 -19.7804 5
      vertex -22.9231 -19.7804 0
    endloop
  endfacet
  facet normal -0.970068 -0.242835 0
    outer loop
      vertex -22.9231 -19.7804 5
      vertex -22.8278 -20.1611 0
      vertex -22.8278 -20.1611 5
    endloop
  endfacet
  facet normal -0.595794 -0.803137 0
    outer loop
      vertex -21.5376 -22.092 0
      vertex -21.2223 -22.3259 5
      vertex -21.5376 -22.092 5
    endloop
  endfacet
  facet normal -0.595794 -0.803137 -0
    outer loop
      vertex -21.2223 -22.3259 5
      vertex -21.5376 -22.092 0
      vertex -21.2223 -22.3259 0
    endloop
  endfacet
  facet normal 0.970068 0.242835 0
    outer loop
      vertex 22.9231 19.7804 5
      vertex 22.8278 20.1611 0
      vertex 22.8278 20.1611 5
    endloop
  endfacet
  facet normal 0.970068 0.242835 0
    outer loop
      vertex 22.8278 20.1611 0
      vertex 22.9231 19.7804 5
      vertex 22.9231 19.7804 0
    endloop
  endfacet
  facet normal -0.85774 -0.514084 0
    outer loop
      vertex -22.3259 -21.2223 0
      vertex -22.5277 -20.8856 5
      vertex -22.5277 -20.8856 0
    endloop
  endfacet
  facet normal -0.85774 -0.514084 0
    outer loop
      vertex -22.5277 -20.8856 5
      vertex -22.3259 -21.2223 0
      vertex -22.3259 -21.2223 5
    endloop
  endfacet
  facet normal -0.904044 -0.42744 0
    outer loop
      vertex -22.5277 -20.8856 0
      vertex -22.6955 -20.5307 5
      vertex -22.6955 -20.5307 0
    endloop
  endfacet
  facet normal -0.904044 -0.42744 0
    outer loop
      vertex -22.6955 -20.5307 5
      vertex -22.5277 -20.8856 0
      vertex -22.5277 -20.8856 5
    endloop
  endfacet
  facet normal 0.998796 0.0490502 -0
    outer loop
      vertex 9.97052 0.599999 7.6
      vertex 9.95185 0.980171 9
      vertex 9.97052 0.599999 9
    endloop
  endfacet
  facet normal 0.998796 0.0490502 0
    outer loop
      vertex 9.95185 0.980171 9
      vertex 9.97052 0.599999 7.6
      vertex 9.95185 0.980171 5
    endloop
  endfacet
  facet normal 0.998795 0.0490742 -0
    outer loop
      vertex 10 0 5
      vertex 9.97052 0.599999 7.6
      vertex 10 0 7.6
    endloop
  endfacet
  facet normal 0.998796 0.0490649 2.15136e-06
    outer loop
      vertex 9.97052 0.599999 7.6
      vertex 10 0 5
      vertex 9.95185 0.980171 5
    endloop
  endfacet
  facet normal -0.998796 0.0490502 0
    outer loop
      vertex -9.95185 0.980171 5
      vertex -9.97052 0.599999 7.6
      vertex -9.95185 0.980171 9
    endloop
  endfacet
  facet normal -0.998796 0.0490649 2.15136e-06
    outer loop
      vertex -10 0 5
      vertex -9.97052 0.599999 7.6
      vertex -9.95185 0.980171 5
    endloop
  endfacet
  facet normal -0.998795 0.0490742 0
    outer loop
      vertex -9.97052 0.599999 7.6
      vertex -10 0 5
      vertex -10 0 7.6
    endloop
  endfacet
  facet normal -0.998796 0.0490502 0
    outer loop
      vertex -9.95185 0.980171 9
      vertex -9.97052 0.599999 7.6
      vertex -9.97052 0.599999 9
    endloop
  endfacet
  facet normal 0.0490502 0.998796 0
    outer loop
      vertex 0.980171 9.95185 9
      vertex 0.599999 9.97052 7.6
      vertex 0.599999 9.97052 9
    endloop
  endfacet
  facet normal 0.0490502 0.998796 -0
    outer loop
      vertex 0.980171 9.95185 5
      vertex 0.599999 9.97052 7.6
      vertex 0.980171 9.95185 9
    endloop
  endfacet
  facet normal 0.0490649 0.998796 2.15136e-06
    outer loop
      vertex 0 10 5
      vertex 0.599999 9.97052 7.6
      vertex 0.980171 9.95185 5
    endloop
  endfacet
  facet normal 0.0490742 0.998795 0
    outer loop
      vertex 0.599999 9.97052 7.6
      vertex 0 10 5
      vertex 0 10 7.6
    endloop
  endfacet
  facet normal -0.74096 -0.671549 0
    outer loop
      vertex -7.7301 -6.34393 5
      vertex -7.47449 -6.62596 7.6
      vertex -7.7301 -6.34393 9
    endloop
  endfacet
  facet normal -0.740957 -0.671553 -7.74245e-07
    outer loop
      vertex -7.07107 -7.07107 5
      vertex -7.47449 -6.62596 7.6
      vertex -7.7301 -6.34393 5
    endloop
  endfacet
  facet normal -0.740955 -0.671555 0
    outer loop
      vertex -7.47449 -6.62596 7.6
      vertex -7.07107 -7.07107 5
      vertex -7.07107 -7.07107 7.6
    endloop
  endfacet
  facet normal -0.74096 -0.671549 0
    outer loop
      vertex -7.7301 -6.34393 9
      vertex -7.47449 -6.62596 7.6
      vertex -7.47449 -6.62596 9
    endloop
  endfacet
  facet normal 0.74096 0.671549 0
    outer loop
      vertex 7.47449 6.62596 9
      vertex 7.7301 6.34393 9
      vertex 7.47449 6.62596 7.6
    endloop
  endfacet
  facet normal 0.740955 0.671555 0
    outer loop
      vertex 7.47449 6.62596 7.6
      vertex 7.07107 7.07107 5
      vertex 7.07107 7.07107 7.6
    endloop
  endfacet
  facet normal 0.74096 0.671549 -0
    outer loop
      vertex 7.7301 6.34393 5
      vertex 7.47449 6.62596 7.6
      vertex 7.7301 6.34393 9
    endloop
  endfacet
  facet normal 0.740957 0.671553 -7.74245e-07
    outer loop
      vertex 7.47449 6.62596 7.6
      vertex 7.7301 6.34393 5
      vertex 7.07107 7.07107 5
    endloop
  endfacet
  facet normal -0.671549 0.74096 0
    outer loop
      vertex -6.34393 7.7301 9
      vertex -6.62596 7.47449 7.6
      vertex -6.62596 7.47449 9
    endloop
  endfacet
  facet normal -0.671549 0.74096 0
    outer loop
      vertex -6.34393 7.7301 5
      vertex -6.62596 7.47449 7.6
      vertex -6.34393 7.7301 9
    endloop
  endfacet
  facet normal -0.671553 0.740957 -7.74245e-07
    outer loop
      vertex -7.07107 7.07107 5
      vertex -6.62596 7.47449 7.6
      vertex -6.34393 7.7301 5
    endloop
  endfacet
  facet normal -0.671555 0.740955 0
    outer loop
      vertex -6.62596 7.47449 7.6
      vertex -7.07107 7.07107 5
      vertex -7.07107 7.07107 7.6
    endloop
  endfacet
  facet normal -0.336878 0.941548 0
    outer loop
      vertex -2.90285 9.5694 7.6
      vertex -2.90285 9.5694 5
      vertex -3.16057 9.47719 7.6
    endloop
  endfacet
  facet normal -0.336888 0.941545 0
    outer loop
      vertex -3.16057 9.47719 7.6
      vertex -3.82683 9.2388 9
      vertex -3.16057 9.47719 9
    endloop
  endfacet
  facet normal -0.336885 0.941546 -7.98042e-07
    outer loop
      vertex -3.82683 9.2388 5
      vertex -3.16057 9.47719 7.6
      vertex -2.90285 9.5694 5
    endloop
  endfacet
  facet normal -0.336888 0.941545 0
    outer loop
      vertex -3.16057 9.47719 7.6
      vertex -3.82683 9.2388 5
      vertex -3.82683 9.2388 9
    endloop
  endfacet
  facet normal 0.941545 0.336888 -0
    outer loop
      vertex 9.47719 3.16057 7.6
      vertex 9.2388 3.82683 9
      vertex 9.47719 3.16057 9
    endloop
  endfacet
  facet normal 0.941545 0.336888 0
    outer loop
      vertex 9.2388 3.82683 9
      vertex 9.47719 3.16057 7.6
      vertex 9.2388 3.82683 5
    endloop
  endfacet
  facet normal 0.941548 0.336878 -0
    outer loop
      vertex 9.5694 2.90285 5
      vertex 9.47719 3.16057 7.6
      vertex 9.5694 2.90285 7.6
    endloop
  endfacet
  facet normal 0.941546 0.336885 -7.98042e-07
    outer loop
      vertex 9.47719 3.16057 7.6
      vertex 9.5694 2.90285 5
      vertex 9.2388 3.82683 5
    endloop
  endfacet
  facet normal 0.989176 0.146736 0
    outer loop
      vertex 9.95185 0.980171 9
      vertex 9.80785 1.9509 5
      vertex 9.80785 1.9509 9
    endloop
  endfacet
  facet normal 0.989176 0.146736 0
    outer loop
      vertex 9.80785 1.9509 5
      vertex 9.95185 0.980171 9
      vertex 9.95185 0.980171 5
    endloop
  endfacet
  facet normal 0.42754 0.903997 0
    outer loop
      vertex 4.71397 8.81921 7.6
      vertex 4.71397 8.81921 5
      vertex 4.46652 8.93624 7.6
    endloop
  endfacet
  facet normal 0.427566 0.903984 -0
    outer loop
      vertex 4.46652 8.93624 7.6
      vertex 3.82683 9.2388 9
      vertex 4.46652 8.93624 9
    endloop
  endfacet
  facet normal 0.427558 0.903988 2.17566e-06
    outer loop
      vertex 3.82683 9.2388 5
      vertex 4.46652 8.93624 7.6
      vertex 4.71397 8.81921 5
    endloop
  endfacet
  facet normal 0.427566 0.903984 0
    outer loop
      vertex 4.46652 8.93624 7.6
      vertex 3.82683 9.2388 5
      vertex 3.82683 9.2388 9
    endloop
  endfacet
  facet normal 0.595705 0.803203 -0
    outer loop
      vertex 6.34393 7.7301 5
      vertex 5.5557 8.3147 9
      vertex 6.34393 7.7301 9
    endloop
  endfacet
  facet normal 0.595705 0.803203 0
    outer loop
      vertex 5.5557 8.3147 9
      vertex 6.34393 7.7301 5
      vertex 5.5557 8.3147 5
    endloop
  endfacet
  facet normal -0.903997 0.42754 0
    outer loop
      vertex -8.81921 4.71397 5
      vertex -8.93624 4.46652 7.6
      vertex -8.81921 4.71397 7.6
    endloop
  endfacet
  facet normal -0.903988 0.427558 2.17566e-06
    outer loop
      vertex -9.2388 3.82683 5
      vertex -8.93624 4.46652 7.6
      vertex -8.81921 4.71397 5
    endloop
  endfacet
  facet normal -0.903984 0.427566 0
    outer loop
      vertex -9.2388 3.82683 9
      vertex -8.93624 4.46652 7.6
      vertex -9.2388 3.82683 5
    endloop
  endfacet
  facet normal -0.903984 0.427566 0
    outer loop
      vertex -8.93624 4.46652 7.6
      vertex -9.2388 3.82683 9
      vertex -8.93624 4.46652 9
    endloop
  endfacet
  facet normal -0.146736 0.989176 0
    outer loop
      vertex -0.980171 9.95185 5
      vertex -1.9509 9.80785 9
      vertex -0.980171 9.95185 9
    endloop
  endfacet
  facet normal -0.146736 0.989176 0
    outer loop
      vertex -1.9509 9.80785 9
      vertex -0.980171 9.95185 5
      vertex -1.9509 9.80785 5
    endloop
  endfacet
  facet normal 0.903984 -0.427566 0
    outer loop
      vertex 8.93624 -4.46652 7.6
      vertex 9.2388 -3.82683 9
      vertex 8.93624 -4.46652 9
    endloop
  endfacet
  facet normal 0.903984 -0.427566 0
    outer loop
      vertex 9.2388 -3.82683 9
      vertex 8.93624 -4.46652 7.6
      vertex 9.2388 -3.82683 5
    endloop
  endfacet
  facet normal 0.903997 -0.42754 0
    outer loop
      vertex 8.81921 -4.71397 5
      vertex 8.93624 -4.46652 7.6
      vertex 8.81921 -4.71397 7.6
    endloop
  endfacet
  facet normal 0.903988 -0.427558 2.17566e-06
    outer loop
      vertex 8.93624 -4.46652 7.6
      vertex 8.81921 -4.71397 5
      vertex 9.2388 -3.82683 5
    endloop
  endfacet
  facet normal 0.970034 0.242971 0
    outer loop
      vertex 9.79472 2.00332 9
      vertex 9.80785 1.9509 9
      vertex 9.79472 2.00332 7.6
    endloop
  endfacet
  facet normal 0.970031 0.24298 0
    outer loop
      vertex 9.79472 2.00332 7.6
      vertex 9.5694 2.90285 5
      vertex 9.5694 2.90285 7.6
    endloop
  endfacet
  facet normal 0.970032 0.242979 -1.74601e-07
    outer loop
      vertex 9.79472 2.00332 7.6
      vertex 9.80785 1.9509 5
      vertex 9.5694 2.90285 5
    endloop
  endfacet
  facet normal 0.970034 0.242971 -0
    outer loop
      vertex 9.80785 1.9509 5
      vertex 9.79472 2.00332 7.6
      vertex 9.80785 1.9509 9
    endloop
  endfacet
  facet normal 0.857738 0.514087 -0
    outer loop
      vertex 8.34248 5.50935 7.6
      vertex 8.3147 5.5557 9
      vertex 8.34248 5.50935 9
    endloop
  endfacet
  facet normal 0.857738 0.514087 0
    outer loop
      vertex 8.3147 5.5557 9
      vertex 8.34248 5.50935 7.6
      vertex 8.3147 5.5557 5
    endloop
  endfacet
  facet normal 0.85773 0.514101 -0
    outer loop
      vertex 8.81921 4.71397 5
      vertex 8.34248 5.50935 7.6
      vertex 8.81921 4.71397 7.6
    endloop
  endfacet
  facet normal 0.85773 0.5141 3.0535e-07
    outer loop
      vertex 8.34248 5.50935 7.6
      vertex 8.81921 4.71397 5
      vertex 8.3147 5.5557 5
    endloop
  endfacet
  facet normal 0.803203 0.595705 0
    outer loop
      vertex 8.3147 5.5557 9
      vertex 7.7301 6.34393 5
      vertex 7.7301 6.34393 9
    endloop
  endfacet
  facet normal 0.803203 0.595705 0
    outer loop
      vertex 7.7301 6.34393 5
      vertex 8.3147 5.5557 9
      vertex 8.3147 5.5557 5
    endloop
  endfacet
  facet normal 0.903984 0.427566 0
    outer loop
      vertex 8.93624 4.46652 9
      vertex 9.2388 3.82683 9
      vertex 8.93624 4.46652 7.6
    endloop
  endfacet
  facet normal 0.903997 0.42754 0
    outer loop
      vertex 8.93624 4.46652 7.6
      vertex 8.81921 4.71397 5
      vertex 8.81921 4.71397 7.6
    endloop
  endfacet
  facet normal 0.903984 0.427566 -0
    outer loop
      vertex 9.2388 3.82683 5
      vertex 8.93624 4.46652 7.6
      vertex 9.2388 3.82683 9
    endloop
  endfacet
  facet normal 0.903988 0.427558 2.17566e-06
    outer loop
      vertex 8.93624 4.46652 7.6
      vertex 9.2388 3.82683 5
      vertex 8.81921 4.71397 5
    endloop
  endfacet
  facet normal 0.24298 0.970031 0
    outer loop
      vertex 2.90285 9.5694 7.6
      vertex 2.90285 9.5694 5
      vertex 2.00332 9.79472 7.6
    endloop
  endfacet
  facet normal 0.242971 0.970034 -0
    outer loop
      vertex 2.00332 9.79472 7.6
      vertex 1.9509 9.80785 9
      vertex 2.00332 9.79472 9
    endloop
  endfacet
  facet normal 0.242971 0.970034 0
    outer loop
      vertex 2.00332 9.79472 7.6
      vertex 1.9509 9.80785 5
      vertex 1.9509 9.80785 9
    endloop
  endfacet
  facet normal 0.242979 0.970032 -1.74601e-07
    outer loop
      vertex 1.9509 9.80785 5
      vertex 2.00332 9.79472 7.6
      vertex 2.90285 9.5694 5
    endloop
  endfacet
  facet normal 0.336888 0.941545 0
    outer loop
      vertex 3.82683 9.2388 9
      vertex 3.16057 9.47719 7.6
      vertex 3.16057 9.47719 9
    endloop
  endfacet
  facet normal 0.336888 0.941545 -0
    outer loop
      vertex 3.82683 9.2388 5
      vertex 3.16057 9.47719 7.6
      vertex 3.82683 9.2388 9
    endloop
  endfacet
  facet normal 0.336885 0.941546 -7.98042e-07
    outer loop
      vertex 2.90285 9.5694 5
      vertex 3.16057 9.47719 7.6
      vertex 3.82683 9.2388 5
    endloop
  endfacet
  facet normal 0.336878 0.941548 0
    outer loop
      vertex 3.16057 9.47719 7.6
      vertex 2.90285 9.5694 5
      vertex 2.90285 9.5694 7.6
    endloop
  endfacet
  facet normal 0.146736 0.989176 -0
    outer loop
      vertex 1.9509 9.80785 5
      vertex 0.980171 9.95185 9
      vertex 1.9509 9.80785 9
    endloop
  endfacet
  facet normal 0.146736 0.989176 0
    outer loop
      vertex 0.980171 9.95185 9
      vertex 1.9509 9.80785 5
      vertex 0.980171 9.95185 5
    endloop
  endfacet
  facet normal 0.514087 0.857738 0
    outer loop
      vertex 5.5557 8.3147 9
      vertex 5.50935 8.34248 7.6
      vertex 5.50935 8.34248 9
    endloop
  endfacet
  facet normal 0.514087 0.857738 -0
    outer loop
      vertex 5.5557 8.3147 5
      vertex 5.50935 8.34248 7.6
      vertex 5.5557 8.3147 9
    endloop
  endfacet
  facet normal 0.5141 0.85773 3.0535e-07
    outer loop
      vertex 4.71397 8.81921 5
      vertex 5.50935 8.34248 7.6
      vertex 5.5557 8.3147 5
    endloop
  endfacet
  facet normal 0.514101 0.85773 0
    outer loop
      vertex 5.50935 8.34248 7.6
      vertex 4.71397 8.81921 5
      vertex 4.71397 8.81921 7.6
    endloop
  endfacet
  facet normal 0.671555 0.740955 0
    outer loop
      vertex 7.07107 7.07107 7.6
      vertex 7.07107 7.07107 5
      vertex 6.62596 7.47449 7.6
    endloop
  endfacet
  facet normal 0.671549 0.74096 -0
    outer loop
      vertex 6.62596 7.47449 7.6
      vertex 6.34393 7.7301 9
      vertex 6.62596 7.47449 9
    endloop
  endfacet
  facet normal 0.671553 0.740957 -7.74245e-07
    outer loop
      vertex 6.34393 7.7301 5
      vertex 6.62596 7.47449 7.6
      vertex 7.07107 7.07107 5
    endloop
  endfacet
  facet normal 0.671549 0.74096 0
    outer loop
      vertex 6.62596 7.47449 7.6
      vertex 6.34393 7.7301 5
      vertex 6.34393 7.7301 9
    endloop
  endfacet
  facet normal -0.970031 0.24298 0
    outer loop
      vertex -9.5694 2.90285 5
      vertex -9.79472 2.00332 7.6
      vertex -9.5694 2.90285 7.6
    endloop
  endfacet
  facet normal -0.970032 0.242979 -1.74601e-07
    outer loop
      vertex -9.80785 1.9509 5
      vertex -9.79472 2.00332 7.6
      vertex -9.5694 2.90285 5
    endloop
  endfacet
  facet normal -0.970034 0.242971 0
    outer loop
      vertex -9.80785 1.9509 9
      vertex -9.79472 2.00332 7.6
      vertex -9.80785 1.9509 5
    endloop
  endfacet
  facet normal -0.970034 0.242971 0
    outer loop
      vertex -9.79472 2.00332 7.6
      vertex -9.80785 1.9509 9
      vertex -9.79472 2.00332 9
    endloop
  endfacet
  facet normal -0.803203 0.595705 0
    outer loop
      vertex -8.3147 5.5557 5
      vertex -7.7301 6.34393 9
      vertex -7.7301 6.34393 5
    endloop
  endfacet
  facet normal -0.803203 0.595705 0
    outer loop
      vertex -7.7301 6.34393 9
      vertex -8.3147 5.5557 5
      vertex -8.3147 5.5557 9
    endloop
  endfacet
  facet normal -0.740955 0.671555 0
    outer loop
      vertex -7.07107 7.07107 5
      vertex -7.47449 6.62596 7.6
      vertex -7.07107 7.07107 7.6
    endloop
  endfacet
  facet normal -0.740957 0.671553 -7.74245e-07
    outer loop
      vertex -7.7301 6.34393 5
      vertex -7.47449 6.62596 7.6
      vertex -7.07107 7.07107 5
    endloop
  endfacet
  facet normal -0.74096 0.671549 0
    outer loop
      vertex -7.7301 6.34393 9
      vertex -7.47449 6.62596 7.6
      vertex -7.7301 6.34393 5
    endloop
  endfacet
  facet normal -0.74096 0.671549 0
    outer loop
      vertex -7.47449 6.62596 7.6
      vertex -7.7301 6.34393 9
      vertex -7.47449 6.62596 9
    endloop
  endfacet
  facet normal -0.857738 0.514087 0
    outer loop
      vertex -8.3147 5.5557 5
      vertex -8.34248 5.50935 7.6
      vertex -8.3147 5.5557 9
    endloop
  endfacet
  facet normal -0.85773 0.5141 3.0535e-07
    outer loop
      vertex -8.81921 4.71397 5
      vertex -8.34248 5.50935 7.6
      vertex -8.3147 5.5557 5
    endloop
  endfacet
  facet normal -0.85773 0.514101 0
    outer loop
      vertex -8.34248 5.50935 7.6
      vertex -8.81921 4.71397 5
      vertex -8.81921 4.71397 7.6
    endloop
  endfacet
  facet normal -0.857738 0.514087 0
    outer loop
      vertex -8.3147 5.5557 9
      vertex -8.34248 5.50935 7.6
      vertex -8.34248 5.50935 9
    endloop
  endfacet
  facet normal -0.941545 0.336888 0
    outer loop
      vertex -9.2388 3.82683 5
      vertex -9.47719 3.16057 7.6
      vertex -9.2388 3.82683 9
    endloop
  endfacet
  facet normal -0.941546 0.336885 -7.98042e-07
    outer loop
      vertex -9.5694 2.90285 5
      vertex -9.47719 3.16057 7.6
      vertex -9.2388 3.82683 5
    endloop
  endfacet
  facet normal -0.941548 0.336878 0
    outer loop
      vertex -9.47719 3.16057 7.6
      vertex -9.5694 2.90285 5
      vertex -9.5694 2.90285 7.6
    endloop
  endfacet
  facet normal -0.941545 0.336888 0
    outer loop
      vertex -9.2388 3.82683 9
      vertex -9.47719 3.16057 7.6
      vertex -9.47719 3.16057 9
    endloop
  endfacet
  facet normal -0.989176 0.146736 0
    outer loop
      vertex -9.95185 0.980171 5
      vertex -9.80785 1.9509 9
      vertex -9.80785 1.9509 5
    endloop
  endfacet
  facet normal -0.989176 0.146736 0
    outer loop
      vertex -9.80785 1.9509 9
      vertex -9.95185 0.980171 5
      vertex -9.95185 0.980171 9
    endloop
  endfacet
  facet normal 0 0 1
    outer loop
      vertex 1.9509 9.80785 9
      vertex 1.36159 7.39973 9
      vertex 2.00332 9.79472 9
    endloop
  endfacet
  facet normal 0 0 1
    outer loop
      vertex 3.23038 6.79519 9
      vertex 1.0135 1.89613 9
      vertex 1.19448 1.78766 9
    endloop
  endfacet
  facet normal 0 0 1
    outer loop
      vertex 0.980171 9.95185 9
      vertex 1.36159 7.39973 9
      vertex 1.9509 9.80785 9
    endloop
  endfacet
  facet normal -0 0 1
    outer loop
      vertex 0.599999 7.5 9
      vertex 1.36159 7.39973 9
      vertex 0.980171 9.95185 9
    endloop
  endfacet
  facet normal 0 0 1
    outer loop
      vertex 0.210736 2.13965 9
      vertex 1.36159 7.39973 9
      vertex 0.599999 7.5 9
    endloop
  endfacet
  facet normal 0 0 1
    outer loop
      vertex 2.5207 7.08915 9
      vertex 0.822769 1.98634 9
      vertex 1.0135 1.89613 9
    endloop
  endfacet
  facet normal 0 0 1
    outer loop
      vertex 0.599999 7.5 9
      vertex 0.980171 9.95185 9
      vertex 0.599999 9.97052 9
    endloop
  endfacet
  facet normal 0 0 1
    outer loop
      vertex 2.5207 7.08915 9
      vertex 0.624111 2.05742 9
      vertex 0.822769 1.98634 9
    endloop
  endfacet
  facet normal 0 0 1
    outer loop
      vertex 1.36159 7.39973 9
      vertex 0.419444 2.10869 9
      vertex 0.624111 2.05742 9
    endloop
  endfacet
  facet normal 0 0 1
    outer loop
      vertex 1.36159 7.39973 9
      vertex 0.210736 2.13965 9
      vertex 0.419444 2.10869 9
    endloop
  endfacet
  facet normal 0 0 1
    outer loop
      vertex 0.599999 7.5 9
      vertex 0 2.15 9
      vertex 0.210736 2.13965 9
    endloop
  endfacet
  facet normal -0 0 1
    outer loop
      vertex -0.599999 7.5 9
      vertex 0 2.15 9
      vertex 0.599999 7.5 9
    endloop
  endfacet
  facet normal 0 0 1
    outer loop
      vertex 0 2.15 9
      vertex -0.599999 7.5 9
      vertex -0.210736 2.13965 9
    endloop
  endfacet
  facet normal -0 0 1
    outer loop
      vertex -1.36159 7.39973 9
      vertex -0.210736 2.13965 9
      vertex -0.599999 7.5 9
    endloop
  endfacet
  facet normal 0 0 1
    outer loop
      vertex -0.210736 2.13965 9
      vertex -1.36159 7.39973 9
      vertex -0.419444 2.10869 9
    endloop
  endfacet
  facet normal -0 0 1
    outer loop
      vertex 2.10869 -0.419444 9
      vertex 3.23038 -6.79519 9
      vertex 2.13965 -0.210736 9
    endloop
  endfacet
  facet normal -0 0 1
    outer loop
      vertex 2.05742 -0.624111 9
      vertex 3.23038 -6.79519 9
      vertex 2.10869 -0.419444 9
    endloop
  endfacet
  facet normal -0 0 1
    outer loop
      vertex 1.98634 -0.822769 9
      vertex 3.23038 -6.79519 9
      vertex 2.05742 -0.624111 9
    endloop
  endfacet
  facet normal -0 0 1
    outer loop
      vertex 1.89613 -1.0135 9
      vertex 3.23038 -6.79519 9
      vertex 1.98634 -0.822769 9
    endloop
  endfacet
  facet normal -0 0 1
    outer loop
      vertex 1.78766 -1.19448 9
      vertex 3.23038 -6.79519 9
      vertex 1.89613 -1.0135 9
    endloop
  endfacet
  facet normal -0 0 1
    outer loop
      vertex 1.66197 -1.36395 9
      vertex 3.23038 -6.79519 9
      vertex 1.78766 -1.19448 9
    endloop
  endfacet
  facet normal -0 0 1
    outer loop
      vertex 1.52028 -1.52028 9
      vertex 3.23038 -6.79519 9
      vertex 1.66197 -1.36395 9
    endloop
  endfacet
  facet normal -0 0 1
    outer loop
      vertex 1.36395 -1.66197 9
      vertex 3.23038 -6.79519 9
      vertex 1.52028 -1.52028 9
    endloop
  endfacet
  facet normal -0 0 1
    outer loop
      vertex 1.19448 -1.78766 9
      vertex 3.23038 -6.79519 9
      vertex 1.36395 -1.66197 9
    endloop
  endfacet
  facet normal -0 0 1
    outer loop
      vertex 1.0135 -1.89613 9
      vertex 3.23038 -6.79519 9
      vertex 1.19448 -1.78766 9
    endloop
  endfacet
  facet normal -0 0 1
    outer loop
      vertex 0.822769 -1.98634 9
      vertex 3.23038 -6.79519 9
      vertex 1.0135 -1.89613 9
    endloop
  endfacet
  facet normal 0 0 1
    outer loop
      vertex 3.82683 9.2388 9
      vertex 3.23038 6.79519 9
      vertex 4.46652 8.93624 9
    endloop
  endfacet
  facet normal 0 0 1
    outer loop
      vertex 3.82683 9.2388 9
      vertex 2.5207 7.08915 9
      vertex 3.23038 6.79519 9
    endloop
  endfacet
  facet normal 0 0 1
    outer loop
      vertex 2.5207 7.08915 9
      vertex 3.82683 9.2388 9
      vertex 3.16057 9.47719 9
    endloop
  endfacet
  facet normal 0 0 1
    outer loop
      vertex 4.26962 6.19519 9
      vertex 6.34393 7.7301 9
      vertex 5.5557 8.3147 9
    endloop
  endfacet
  facet normal 0 0 1
    outer loop
      vertex 4.26962 6.19519 9
      vertex 5.5557 8.3147 9
      vertex 5.50935 8.34248 9
    endloop
  endfacet
  facet normal 0 0 1
    outer loop
      vertex 6.34393 7.7301 9
      vertex 4.87904 5.72756 9
      vertex 6.62596 7.47449 9
    endloop
  endfacet
  facet normal 0 0 1
    outer loop
      vertex 4.87904 5.72756 9
      vertex 4.26962 6.19519 9
      vertex 4.87904 -5.72756 9
    endloop
  endfacet
  facet normal 0 0 1
    outer loop
      vertex 6.34393 7.7301 9
      vertex 4.26962 6.19519 9
      vertex 4.87904 5.72756 9
    endloop
  endfacet
  facet normal 0 0 1
    outer loop
      vertex 6.19519 4.26962 9
      vertex 8.3147 5.5557 9
      vertex 7.7301 6.34393 9
    endloop
  endfacet
  facet normal 0 0 1
    outer loop
      vertex 5.72756 4.87904 9
      vertex 7.7301 6.34393 9
      vertex 7.47449 6.62596 9
    endloop
  endfacet
  facet normal 0 0 1
    outer loop
      vertex 8.3147 5.5557 9
      vertex 6.19519 4.26962 9
      vertex 8.34248 5.50935 9
    endloop
  endfacet
  facet normal 0 0 1
    outer loop
      vertex 6.19519 4.26962 9
      vertex 5.72756 4.87904 9
      vertex 6.19519 -4.26962 9
    endloop
  endfacet
  facet normal 0 0 1
    outer loop
      vertex 7.7301 6.34393 9
      vertex 5.72756 4.87904 9
      vertex 6.19519 4.26962 9
    endloop
  endfacet
  facet normal 0 0 1
    outer loop
      vertex 6.79519 3.23038 9
      vertex 9.2388 3.82683 9
      vertex 8.93624 4.46652 9
    endloop
  endfacet
  facet normal 0 0 1
    outer loop
      vertex 9.2388 3.82683 9
      vertex 7.08915 2.5207 9
      vertex 9.47719 3.16057 9
    endloop
  endfacet
  facet normal 0 0 1
    outer loop
      vertex 7.08915 2.5207 9
      vertex 6.79519 3.23038 9
      vertex 7.08915 -2.5207 9
    endloop
  endfacet
  facet normal 0 0 1
    outer loop
      vertex 9.2388 3.82683 9
      vertex 6.79519 3.23038 9
      vertex 7.08915 2.5207 9
    endloop
  endfacet
  facet normal -0 0 1
    outer loop
      vertex 7.39973 1.36159 9
      vertex 9.95185 0.980171 9
      vertex 9.80785 1.9509 9
    endloop
  endfacet
  facet normal 0 0 1
    outer loop
      vertex 7.39973 1.36159 9
      vertex 9.80785 1.9509 9
      vertex 9.79472 2.00332 9
    endloop
  endfacet
  facet normal 0 0 1
    outer loop
      vertex 9.95185 0.980171 9
      vertex 7.5 0.599999 9
      vertex 9.97052 0.599999 9
    endloop
  endfacet
  facet normal 0 0 1
    outer loop
      vertex 7.5 0.599999 9
      vertex 7.39973 1.36159 9
      vertex 7.5 -0.599999 9
    endloop
  endfacet
  facet normal 0 0 1
    outer loop
      vertex 9.95185 0.980171 9
      vertex 7.39973 1.36159 9
      vertex 7.5 0.599999 9
    endloop
  endfacet
  facet normal -0 0 1
    outer loop
      vertex 7.5 -0.599999 9
      vertex 9.95185 -0.980171 9
      vertex 9.97052 -0.599999 9
    endloop
  endfacet
  facet normal 0 0 1
    outer loop
      vertex 7.39973 -1.36159 9
      vertex 9.95185 -0.980171 9
      vertex 7.5 -0.599999 9
    endloop
  endfacet
  facet normal 0 0 1
    outer loop
      vertex 9.95185 -0.980171 9
      vertex 7.39973 -1.36159 9
      vertex 9.80785 -1.9509 9
    endloop
  endfacet
  facet normal 0 0 1
    outer loop
      vertex 9.80785 -1.9509 9
      vertex 7.39973 -1.36159 9
      vertex 9.79472 -2.00332 9
    endloop
  endfacet
  facet normal 0 0 1
    outer loop
      vertex 7.39973 1.36159 9
      vertex 7.39973 -1.36159 9
      vertex 7.5 -0.599999 9
    endloop
  endfacet
  facet normal 0 0 1
    outer loop
      vertex 7.08915 2.5207 9
      vertex 7.39973 -1.36159 9
      vertex 7.39973 1.36159 9
    endloop
  endfacet
  facet normal 0 0 1
    outer loop
      vertex 7.39973 -1.36159 9
      vertex 7.08915 2.5207 9
      vertex 7.08915 -2.5207 9
    endloop
  endfacet
  facet normal 0 0 1
    outer loop
      vertex 7.08915 -2.5207 9
      vertex 9.2388 -3.82683 9
      vertex 9.47719 -3.16057 9
    endloop
  endfacet
  facet normal -0 0 1
    outer loop
      vertex 6.79519 -3.23038 9
      vertex 9.2388 -3.82683 9
      vertex 7.08915 -2.5207 9
    endloop
  endfacet
  facet normal 0 0 1
    outer loop
      vertex 9.2388 -3.82683 9
      vertex 6.79519 -3.23038 9
      vertex 8.93624 -4.46652 9
    endloop
  endfacet
  facet normal 0 0 1
    outer loop
      vertex 6.79519 3.23038 9
      vertex 6.79519 -3.23038 9
      vertex 7.08915 -2.5207 9
    endloop
  endfacet
  facet normal 0 0 1
    outer loop
      vertex 6.19519 4.26962 9
      vertex 6.79519 -3.23038 9
      vertex 6.79519 3.23038 9
    endloop
  endfacet
  facet normal 0 0 1
    outer loop
      vertex 6.79519 -3.23038 9
      vertex 6.19519 4.26962 9
      vertex 6.19519 -4.26962 9
    endloop
  endfacet
  facet normal 0 0 1
    outer loop
      vertex 6.19519 -4.26962 9
      vertex 8.3147 -5.5557 9
      vertex 8.34248 -5.50935 9
    endloop
  endfacet
  facet normal 0 0 1
    outer loop
      vertex 8.3147 -5.5557 9
      vertex 6.19519 -4.26962 9
      vertex 7.7301 -6.34393 9
    endloop
  endfacet
  facet normal -0 0 1
    outer loop
      vertex 5.72756 -4.87904 9
      vertex 7.7301 -6.34393 9
      vertex 6.19519 -4.26962 9
    endloop
  endfacet
  facet normal 0 0 1
    outer loop
      vertex 7.7301 -6.34393 9
      vertex 5.72756 -4.87904 9
      vertex 7.47449 -6.62596 9
    endloop
  endfacet
  facet normal 0 0 1
    outer loop
      vertex 5.72756 4.87904 9
      vertex 5.72756 -4.87904 9
      vertex 6.19519 -4.26962 9
    endloop
  endfacet
  facet normal 0 0 1
    outer loop
      vertex 4.87904 5.72756 9
      vertex 5.72756 -4.87904 9
      vertex 5.72756 4.87904 9
    endloop
  endfacet
  facet normal 0 0 1
    outer loop
      vertex 5.72756 -4.87904 9
      vertex 4.87904 5.72756 9
      vertex 4.87904 -5.72756 9
    endloop
  endfacet
  facet normal 0 0 1
    outer loop
      vertex 4.87904 -5.72756 9
      vertex 6.34393 -7.7301 9
      vertex 6.62596 -7.47449 9
    endloop
  endfacet
  facet normal -0 0 1
    outer loop
      vertex 4.26962 -6.19519 9
      vertex 6.34393 -7.7301 9
      vertex 4.87904 -5.72756 9
    endloop
  endfacet
  facet normal 0 0 1
    outer loop
      vertex 6.34393 -7.7301 9
      vertex 4.26962 -6.19519 9
      vertex 5.5557 -8.3147 9
    endloop
  endfacet
  facet normal 0 0 1
    outer loop
      vertex 5.5557 -8.3147 9
      vertex 4.26962 -6.19519 9
      vertex 5.50935 -8.34248 9
    endloop
  endfacet
  facet normal 0 0 1
    outer loop
      vertex 4.26962 6.19519 9
      vertex 4.26962 -6.19519 9
      vertex 4.87904 -5.72756 9
    endloop
  endfacet
  facet normal 0 0 1
    outer loop
      vertex 3.23038 6.79519 9
      vertex 4.26962 -6.19519 9
      vertex 4.26962 6.19519 9
    endloop
  endfacet
  facet normal 0 0 1
    outer loop
      vertex 4.26962 -6.19519 9
      vertex 3.23038 6.79519 9
      vertex 3.23038 -6.79519 9
    endloop
  endfacet
  facet normal 0 0 1
    outer loop
      vertex 3.23038 -6.79519 9
      vertex 3.82683 -9.2388 9
      vertex 4.46652 -8.93624 9
    endloop
  endfacet
  facet normal -0 0 1
    outer loop
      vertex 2.5207 -7.08915 9
      vertex 3.82683 -9.2388 9
      vertex 3.23038 -6.79519 9
    endloop
  endfacet
  facet normal 0 0 1
    outer loop
      vertex 3.23038 6.79519 9
      vertex 2.15 0 9
      vertex 3.23038 -6.79519 9
    endloop
  endfacet
  facet normal 0 0 1
    outer loop
      vertex 1.0135 1.89613 9
      vertex 3.23038 6.79519 9
      vertex 2.5207 7.08915 9
    endloop
  endfacet
  facet normal -0 0 1
    outer loop
      vertex 2.13965 -0.210736 9
      vertex 3.23038 -6.79519 9
      vertex 2.15 0 9
    endloop
  endfacet
  facet normal 0 0 1
    outer loop
      vertex 3.82683 -9.2388 9
      vertex 2.5207 -7.08915 9
      vertex 3.16057 -9.47719 9
    endloop
  endfacet
  facet normal 0 0 1
    outer loop
      vertex 3.23038 6.79519 9
      vertex 2.13965 0.210736 9
      vertex 2.15 0 9
    endloop
  endfacet
  facet normal 0 0 1
    outer loop
      vertex 3.23038 6.79519 9
      vertex 2.10869 0.419444 9
      vertex 2.13965 0.210736 9
    endloop
  endfacet
  facet normal 0 0 1
    outer loop
      vertex 3.23038 6.79519 9
      vertex 2.05742 0.624111 9
      vertex 2.10869 0.419444 9
    endloop
  endfacet
  facet normal 0 0 1
    outer loop
      vertex 3.23038 6.79519 9
      vertex 1.98634 0.822769 9
      vertex 2.05742 0.624111 9
    endloop
  endfacet
  facet normal 0 0 1
    outer loop
      vertex 3.23038 6.79519 9
      vertex 1.89613 1.0135 9
      vertex 1.98634 0.822769 9
    endloop
  endfacet
  facet normal 0 0 1
    outer loop
      vertex 3.23038 6.79519 9
      vertex 1.78766 1.19448 9
      vertex 1.89613 1.0135 9
    endloop
  endfacet
  facet normal 0 0 1
    outer loop
      vertex 3.23038 6.79519 9
      vertex 1.66197 1.36395 9
      vertex 1.78766 1.19448 9
    endloop
  endfacet
  facet normal 0 0 1
    outer loop
      vertex 3.23038 6.79519 9
      vertex 1.52028 1.52028 9
      vertex 1.66197 1.36395 9
    endloop
  endfacet
  facet normal 0 0 1
    outer loop
      vertex 3.23038 6.79519 9
      vertex 1.36395 1.66197 9
      vertex 1.52028 1.52028 9
    endloop
  endfacet
  facet normal 0 0 1
    outer loop
      vertex 0.624111 2.05742 9
      vertex 2.5207 7.08915 9
      vertex 1.36159 7.39973 9
    endloop
  endfacet
  facet normal 0 0 1
    outer loop
      vertex 3.23038 6.79519 9
      vertex 1.19448 1.78766 9
      vertex 1.36395 1.66197 9
    endloop
  endfacet
  facet normal 0 0 1
    outer loop
      vertex 1.36159 -7.39973 9
      vertex 1.9509 -9.80785 9
      vertex 2.00332 -9.79472 9
    endloop
  endfacet
  facet normal 0 0 1
    outer loop
      vertex 3.23038 -6.79519 9
      vertex 0.822769 -1.98634 9
      vertex 2.5207 -7.08915 9
    endloop
  endfacet
  facet normal 0 0 1
    outer loop
      vertex 1.36159 -7.39973 9
      vertex 0.980171 -9.95185 9
      vertex 1.9509 -9.80785 9
    endloop
  endfacet
  facet normal -0 0 1
    outer loop
      vertex 0.624111 -2.05742 9
      vertex 2.5207 -7.08915 9
      vertex 0.822769 -1.98634 9
    endloop
  endfacet
  facet normal 0 0 1
    outer loop
      vertex 2.5207 -7.08915 9
      vertex 0.624111 -2.05742 9
      vertex 1.36159 -7.39973 9
    endloop
  endfacet
  facet normal -0 0 1
    outer loop
      vertex 0.419444 -2.10869 9
      vertex 1.36159 -7.39973 9
      vertex 0.624111 -2.05742 9
    endloop
  endfacet
  facet normal 0 0 1
    outer loop
      vertex 1.36159 -7.39973 9
      vertex 0.599999 -7.5 9
      vertex 0.980171 -9.95185 9
    endloop
  endfacet
  facet normal 0 0 1
    outer loop
      vertex 0.980171 -9.95185 9
      vertex 0.599999 -7.5 9
      vertex 0.599999 -9.97052 9
    endloop
  endfacet
  facet normal 0 0 1
    outer loop
      vertex -7.5 -0.599999 9
      vertex -2.15 0 9
      vertex -7.5 0.599999 9
    endloop
  endfacet
  facet normal 0 0 1
    outer loop
      vertex -2.13965 -0.210736 9
      vertex -7.39973 -1.36159 9
      vertex -7.08915 -2.5207 9
    endloop
  endfacet
  facet normal 0 0 1
    outer loop
      vertex -2.15 0 9
      vertex -7.5 -0.599999 9
      vertex -2.13965 -0.210736 9
    endloop
  endfacet
  facet normal -0 0 1
    outer loop
      vertex -9.80785 1.9509 9
      vertex -7.39973 1.36159 9
      vertex -9.79472 2.00332 9
    endloop
  endfacet
  facet normal 0 0 1
    outer loop
      vertex -9.95185 0.980171 9
      vertex -7.39973 1.36159 9
      vertex -9.80785 1.9509 9
    endloop
  endfacet
  facet normal 0 0 1
    outer loop
      vertex -7.39973 1.36159 9
      vertex -9.95185 0.980171 9
      vertex -7.5 0.599999 9
    endloop
  endfacet
  facet normal 0 0 1
    outer loop
      vertex -7.5 0.599999 9
      vertex -9.95185 0.980171 9
      vertex -9.97052 0.599999 9
    endloop
  endfacet
  facet normal -0 0 1
    outer loop
      vertex -7.5 0.599999 9
      vertex -2.13965 0.210736 9
      vertex -7.39973 1.36159 9
    endloop
  endfacet
  facet normal 0 0 1
    outer loop
      vertex -2.13965 -0.210736 9
      vertex -6.79519 -3.23038 9
      vertex -6.19519 -4.26962 9
    endloop
  endfacet
  facet normal 0 0 1
    outer loop
      vertex -2.13965 0.210736 9
      vertex -7.5 0.599999 9
      vertex -2.15 0 9
    endloop
  endfacet
  facet normal -0 0 1
    outer loop
      vertex -9.2388 3.82683 9
      vertex -6.79519 3.23038 9
      vertex -8.93624 4.46652 9
    endloop
  endfacet
  facet normal 0 0 1
    outer loop
      vertex -6.79519 3.23038 9
      vertex -9.2388 3.82683 9
      vertex -7.08915 2.5207 9
    endloop
  endfacet
  facet normal 0 0 1
    outer loop
      vertex -7.08915 2.5207 9
      vertex -9.2388 3.82683 9
      vertex -9.47719 3.16057 9
    endloop
  endfacet
  facet normal 0 0 1
    outer loop
      vertex -2.05742 0.624111 9
      vertex -7.39973 1.36159 9
      vertex -2.10869 0.419444 9
    endloop
  endfacet
  facet normal 0 0 1
    outer loop
      vertex -2.13965 -0.210736 9
      vertex -5.72756 -4.87904 9
      vertex -4.87904 -5.72756 9
    endloop
  endfacet
  facet normal 0 0 1
    outer loop
      vertex -2.10869 0.419444 9
      vertex -7.39973 1.36159 9
      vertex -2.13965 0.210736 9
    endloop
  endfacet
  facet normal -0 0 1
    outer loop
      vertex -7.7301 6.34393 9
      vertex -5.72756 4.87904 9
      vertex -7.47449 6.62596 9
    endloop
  endfacet
  facet normal 0 0 1
    outer loop
      vertex -5.72756 4.87904 9
      vertex -7.7301 6.34393 9
      vertex -6.19519 4.26962 9
    endloop
  endfacet
  facet normal -0 0 1
    outer loop
      vertex -8.3147 5.5557 9
      vertex -6.19519 4.26962 9
      vertex -7.7301 6.34393 9
    endloop
  endfacet
  facet normal 0 0 1
    outer loop
      vertex -6.19519 4.26962 9
      vertex -8.3147 5.5557 9
      vertex -8.34248 5.50935 9
    endloop
  endfacet
  facet normal 0 0 1
    outer loop
      vertex -1.98634 0.822769 9
      vertex -7.08915 2.5207 9
      vertex -2.05742 0.624111 9
    endloop
  endfacet
  facet normal 0 0 1
    outer loop
      vertex -2.13965 -0.210736 9
      vertex -4.26962 -6.19519 9
      vertex -3.23038 -6.79519 9
    endloop
  endfacet
  facet normal -0 0 1
    outer loop
      vertex -7.39973 1.36159 9
      vertex -2.05742 0.624111 9
      vertex -7.08915 2.5207 9
    endloop
  endfacet
  facet normal -0 0 1
    outer loop
      vertex -5.5557 8.3147 9
      vertex -4.26962 6.19519 9
      vertex -5.50935 8.34248 9
    endloop
  endfacet
  facet normal -0 0 1
    outer loop
      vertex -6.34393 7.7301 9
      vertex -4.26962 6.19519 9
      vertex -5.5557 8.3147 9
    endloop
  endfacet
  facet normal 0 0 1
    outer loop
      vertex -4.26962 6.19519 9
      vertex -6.34393 7.7301 9
      vertex -4.87904 5.72756 9
    endloop
  endfacet
  facet normal 0 0 1
    outer loop
      vertex -4.87904 5.72756 9
      vertex -6.34393 7.7301 9
      vertex -6.62596 7.47449 9
    endloop
  endfacet
  facet normal 0 0 1
    outer loop
      vertex -3.82683 -9.2388 9
      vertex -2.5207 -7.08915 9
      vertex -3.23038 -6.79519 9
    endloop
  endfacet
  facet normal 0 0 1
    outer loop
      vertex -2.5207 -7.08915 9
      vertex -3.82683 -9.2388 9
      vertex -3.16057 -9.47719 9
    endloop
  endfacet
  facet normal 0 -0 1
    outer loop
      vertex -3.82683 -9.2388 9
      vertex -3.23038 -6.79519 9
      vertex -4.46652 -8.93624 9
    endloop
  endfacet
  facet normal 0 0 1
    outer loop
      vertex -2.13965 -0.210736 9
      vertex -4.87904 -5.72756 9
      vertex -4.26962 -6.19519 9
    endloop
  endfacet
  facet normal 0 0 1
    outer loop
      vertex -6.34393 -7.7301 9
      vertex -4.26962 -6.19519 9
      vertex -4.87904 -5.72756 9
    endloop
  endfacet
  facet normal 0 0 1
    outer loop
      vertex -4.26962 -6.19519 9
      vertex -5.5557 -8.3147 9
      vertex -5.50935 -8.34248 9
    endloop
  endfacet
  facet normal 0 0 1
    outer loop
      vertex -4.26962 -6.19519 9
      vertex -6.34393 -7.7301 9
      vertex -5.5557 -8.3147 9
    endloop
  endfacet
  facet normal 0 -0 1
    outer loop
      vertex -6.34393 -7.7301 9
      vertex -4.87904 -5.72756 9
      vertex -6.62596 -7.47449 9
    endloop
  endfacet
  facet normal 0 0 1
    outer loop
      vertex -2.13965 -0.210736 9
      vertex -6.19519 -4.26962 9
      vertex -5.72756 -4.87904 9
    endloop
  endfacet
  facet normal 0 0 1
    outer loop
      vertex -7.7301 -6.34393 9
      vertex -5.72756 -4.87904 9
      vertex -6.19519 -4.26962 9
    endloop
  endfacet
  facet normal 0 0 1
    outer loop
      vertex -5.72756 -4.87904 9
      vertex -7.7301 -6.34393 9
      vertex -7.47449 -6.62596 9
    endloop
  endfacet
  facet normal 0 0 1
    outer loop
      vertex -6.19519 -4.26962 9
      vertex -8.3147 -5.5557 9
      vertex -7.7301 -6.34393 9
    endloop
  endfacet
  facet normal 0 -0 1
    outer loop
      vertex -8.3147 -5.5557 9
      vertex -6.19519 -4.26962 9
      vertex -8.34248 -5.50935 9
    endloop
  endfacet
  facet normal 0 0 1
    outer loop
      vertex -2.13965 -0.210736 9
      vertex -7.08915 -2.5207 9
      vertex -6.79519 -3.23038 9
    endloop
  endfacet
  facet normal 0 0 1
    outer loop
      vertex -9.2388 -3.82683 9
      vertex -6.79519 -3.23038 9
      vertex -7.08915 -2.5207 9
    endloop
  endfacet
  facet normal 0 0 1
    outer loop
      vertex -6.79519 -3.23038 9
      vertex -9.2388 -3.82683 9
      vertex -8.93624 -4.46652 9
    endloop
  endfacet
  facet normal 0 -0 1
    outer loop
      vertex -9.2388 -3.82683 9
      vertex -7.08915 -2.5207 9
      vertex -9.47719 -3.16057 9
    endloop
  endfacet
  facet normal 0 0 1
    outer loop
      vertex -2.13965 -0.210736 9
      vertex -7.5 -0.599999 9
      vertex -7.39973 -1.36159 9
    endloop
  endfacet
  facet normal -0 0 1
    outer loop
      vertex -9.95185 -0.980171 9
      vertex -7.39973 -1.36159 9
      vertex -7.5 -0.599999 9
    endloop
  endfacet
  facet normal 0 0 1
    outer loop
      vertex -7.39973 -1.36159 9
      vertex -9.80785 -1.9509 9
      vertex -9.79472 -2.00332 9
    endloop
  endfacet
  facet normal 0 0 1
    outer loop
      vertex -7.39973 -1.36159 9
      vertex -9.95185 -0.980171 9
      vertex -9.80785 -1.9509 9
    endloop
  endfacet
  facet normal 0 -0 1
    outer loop
      vertex -9.95185 -0.980171 9
      vertex -7.5 -0.599999 9
      vertex -9.97052 -0.599999 9
    endloop
  endfacet
  facet normal 0 0 1
    outer loop
      vertex -3.23038 -6.79519 9
      vertex -1.19448 -1.78766 9
      vertex -1.36395 -1.66197 9
    endloop
  endfacet
  facet normal 0 0 1
    outer loop
      vertex -3.23038 -6.79519 9
      vertex -1.36395 -1.66197 9
      vertex -1.52028 -1.52028 9
    endloop
  endfacet
  facet normal 0 0 1
    outer loop
      vertex -3.23038 -6.79519 9
      vertex -1.52028 -1.52028 9
      vertex -1.66197 -1.36395 9
    endloop
  endfacet
  facet normal 0 0 1
    outer loop
      vertex -3.23038 -6.79519 9
      vertex -1.66197 -1.36395 9
      vertex -1.78766 -1.19448 9
    endloop
  endfacet
  facet normal 0 0 1
    outer loop
      vertex -3.23038 -6.79519 9
      vertex -1.78766 -1.19448 9
      vertex -1.89613 -1.0135 9
    endloop
  endfacet
  facet normal 0 0 1
    outer loop
      vertex -3.23038 -6.79519 9
      vertex -1.89613 -1.0135 9
      vertex -1.98634 -0.822769 9
    endloop
  endfacet
  facet normal 0 0 1
    outer loop
      vertex -3.23038 -6.79519 9
      vertex -1.98634 -0.822769 9
      vertex -2.05742 -0.624111 9
    endloop
  endfacet
  facet normal 0 0 1
    outer loop
      vertex -3.23038 -6.79519 9
      vertex -2.05742 -0.624111 9
      vertex -2.10869 -0.419444 9
    endloop
  endfacet
  facet normal 0 0 1
    outer loop
      vertex -3.23038 -6.79519 9
      vertex -2.10869 -0.419444 9
      vertex -2.13965 -0.210736 9
    endloop
  endfacet
  facet normal -0 0 1
    outer loop
      vertex -6.79519 3.23038 9
      vertex -1.89613 1.0135 9
      vertex -6.19519 4.26962 9
    endloop
  endfacet
  facet normal 0 0 1
    outer loop
      vertex -1.19448 -1.78766 9
      vertex -2.5207 -7.08915 9
      vertex -1.36159 -7.39973 9
    endloop
  endfacet
  facet normal 0 0 1
    outer loop
      vertex -1.89613 1.0135 9
      vertex -6.79519 3.23038 9
      vertex -1.98634 0.822769 9
    endloop
  endfacet
  facet normal -0 0 1
    outer loop
      vertex -3.82683 9.2388 9
      vertex -2.5207 7.08915 9
      vertex -3.16057 9.47719 9
    endloop
  endfacet
  facet normal -0 0 1
    outer loop
      vertex -7.08915 2.5207 9
      vertex -1.98634 0.822769 9
      vertex -6.79519 3.23038 9
    endloop
  endfacet
  facet normal 0 0 1
    outer loop
      vertex -1.19448 -1.78766 9
      vertex -3.23038 -6.79519 9
      vertex -2.5207 -7.08915 9
    endloop
  endfacet
  facet normal 0 0 1
    outer loop
      vertex -2.5207 7.08915 9
      vertex -3.82683 9.2388 9
      vertex -3.23038 6.79519 9
    endloop
  endfacet
  facet normal 0 0 1
    outer loop
      vertex -3.23038 6.79519 9
      vertex -3.82683 9.2388 9
      vertex -4.46652 8.93624 9
    endloop
  endfacet
  facet normal -0 0 1
    outer loop
      vertex -0.980171 9.95185 9
      vertex -0.599999 7.5 9
      vertex -0.599999 9.97052 9
    endloop
  endfacet
  facet normal 0 0 1
    outer loop
      vertex -0.419444 2.10869 9
      vertex -1.36159 7.39973 9
      vertex -0.624111 2.05742 9
    endloop
  endfacet
  facet normal 0 0 1
    outer loop
      vertex -0.599999 7.5 9
      vertex -0.980171 9.95185 9
      vertex -1.36159 7.39973 9
    endloop
  endfacet
  facet normal -0 0 1
    outer loop
      vertex -2.5207 7.08915 9
      vertex -0.624111 2.05742 9
      vertex -1.36159 7.39973 9
    endloop
  endfacet
  facet normal 0 0 1
    outer loop
      vertex -0.624111 2.05742 9
      vertex -2.5207 7.08915 9
      vertex -0.822769 1.98634 9
    endloop
  endfacet
  facet normal -0 0 1
    outer loop
      vertex -3.23038 6.79519 9
      vertex -0.822769 1.98634 9
      vertex -2.5207 7.08915 9
    endloop
  endfacet
  facet normal -0 0 1
    outer loop
      vertex -1.9509 9.80785 9
      vertex -1.36159 7.39973 9
      vertex -0.980171 9.95185 9
    endloop
  endfacet
  facet normal 0 0 1
    outer loop
      vertex -1.36159 7.39973 9
      vertex -1.9509 9.80785 9
      vertex -2.00332 9.79472 9
    endloop
  endfacet
  facet normal -0 0 1
    outer loop
      vertex 0.210736 -2.13965 9
      vertex 1.36159 -7.39973 9
      vertex 0.419444 -2.10869 9
    endloop
  endfacet
  facet normal 0 0 1
    outer loop
      vertex 1.36159 -7.39973 9
      vertex 0.210736 -2.13965 9
      vertex 0.599999 -7.5 9
    endloop
  endfacet
  facet normal -0 0 1
    outer loop
      vertex 0 -2.15 9
      vertex 0.599999 -7.5 9
      vertex 0.210736 -2.13965 9
    endloop
  endfacet
  facet normal 0 0 1
    outer loop
      vertex -0.599999 -7.5 9
      vertex 0 -2.15 9
      vertex -0.210736 -2.13965 9
    endloop
  endfacet
  facet normal 0 0 1
    outer loop
      vertex -1.36159 -7.39973 9
      vertex -0.210736 -2.13965 9
      vertex -0.419444 -2.10869 9
    endloop
  endfacet
  facet normal 0 0 1
    outer loop
      vertex 0 -2.15 9
      vertex -0.599999 -7.5 9
      vertex 0.599999 -7.5 9
    endloop
  endfacet
  facet normal 0 0 1
    outer loop
      vertex -1.36159 -7.39973 9
      vertex -0.419444 -2.10869 9
      vertex -0.624111 -2.05742 9
    endloop
  endfacet
  facet normal 0 0 1
    outer loop
      vertex -0.210736 -2.13965 9
      vertex -1.36159 -7.39973 9
      vertex -0.599999 -7.5 9
    endloop
  endfacet
  facet normal 0 0 1
    outer loop
      vertex -1.36159 -7.39973 9
      vertex -0.624111 -2.05742 9
      vertex -0.822769 -1.98634 9
    endloop
  endfacet
  facet normal 0 -0 1
    outer loop
      vertex -0.980171 -9.95185 9
      vertex -0.599999 -7.5 9
      vertex -1.36159 -7.39973 9
    endloop
  endfacet
  facet normal 0 0 1
    outer loop
      vertex -1.36159 -7.39973 9
      vertex -0.822769 -1.98634 9
      vertex -1.0135 -1.89613 9
    endloop
  endfacet
  facet normal 0 0 1
    outer loop
      vertex -1.36159 -7.39973 9
      vertex -1.0135 -1.89613 9
      vertex -1.19448 -1.78766 9
    endloop
  endfacet
  facet normal 0 0 1
    outer loop
      vertex -0.599999 -7.5 9
      vertex -0.980171 -9.95185 9
      vertex -0.599999 -9.97052 9
    endloop
  endfacet
  facet normal 0 0 1
    outer loop
      vertex -1.36159 -7.39973 9
      vertex -1.9509 -9.80785 9
      vertex -0.980171 -9.95185 9
    endloop
  endfacet
  facet normal 0 -0 1
    outer loop
      vertex -1.9509 -9.80785 9
      vertex -1.36159 -7.39973 9
      vertex -2.00332 -9.79472 9
    endloop
  endfacet
  facet normal 0 0 1
    outer loop
      vertex -0.822769 1.98634 9
      vertex -3.23038 6.79519 9
      vertex -1.0135 1.89613 9
    endloop
  endfacet
  facet normal -0 0 1
    outer loop
      vertex -4.26962 6.19519 9
      vertex -1.0135 1.89613 9
      vertex -3.23038 6.79519 9
    endloop
  endfacet
  facet normal 0 0 1
    outer loop
      vertex -1.0135 1.89613 9
      vertex -4.26962 6.19519 9
      vertex -1.19448 1.78766 9
    endloop
  endfacet
  facet normal 0 0 1
    outer loop
      vertex -1.19448 1.78766 9
      vertex -4.26962 6.19519 9
      vertex -1.36395 1.66197 9
    endloop
  endfacet
  facet normal -0 0 1
    outer loop
      vertex -4.87904 5.72756 9
      vertex -1.36395 1.66197 9
      vertex -4.26962 6.19519 9
    endloop
  endfacet
  facet normal 0 0 1
    outer loop
      vertex -1.36395 1.66197 9
      vertex -4.87904 5.72756 9
      vertex -1.52028 1.52028 9
    endloop
  endfacet
  facet normal -0 0 1
    outer loop
      vertex -5.72756 4.87904 9
      vertex -1.52028 1.52028 9
      vertex -4.87904 5.72756 9
    endloop
  endfacet
  facet normal 0 0 1
    outer loop
      vertex -1.52028 1.52028 9
      vertex -5.72756 4.87904 9
      vertex -1.66197 1.36395 9
    endloop
  endfacet
  facet normal -0 0 1
    outer loop
      vertex -6.19519 4.26962 9
      vertex -1.66197 1.36395 9
      vertex -5.72756 4.87904 9
    endloop
  endfacet
  facet normal 0 0 1
    outer loop
      vertex -1.78766 1.19448 9
      vertex -6.19519 4.26962 9
      vertex -1.89613 1.0135 9
    endloop
  endfacet
  facet normal 0 0 1
    outer loop
      vertex -1.66197 1.36395 9
      vertex -6.19519 4.26962 9
      vertex -1.78766 1.19448 9
    endloop
  endfacet
  facet normal -0.514101 0.85773 0
    outer loop
      vertex -4.71397 8.81921 7.6
      vertex -4.71397 8.81921 5
      vertex -5.50935 8.34248 7.6
    endloop
  endfacet
  facet normal -0.514087 0.857738 0
    outer loop
      vertex -5.50935 8.34248 7.6
      vertex -5.5557 8.3147 9
      vertex -5.50935 8.34248 9
    endloop
  endfacet
  facet normal -0.514087 0.857738 0
    outer loop
      vertex -5.50935 8.34248 7.6
      vertex -5.5557 8.3147 5
      vertex -5.5557 8.3147 9
    endloop
  endfacet
  facet normal -0.5141 0.85773 3.0535e-07
    outer loop
      vertex -5.5557 8.3147 5
      vertex -5.50935 8.34248 7.6
      vertex -4.71397 8.81921 5
    endloop
  endfacet
  facet normal -0.427566 0.903984 0
    outer loop
      vertex -3.82683 9.2388 9
      vertex -4.46652 8.93624 7.6
      vertex -4.46652 8.93624 9
    endloop
  endfacet
  facet normal -0.427566 0.903984 0
    outer loop
      vertex -3.82683 9.2388 5
      vertex -4.46652 8.93624 7.6
      vertex -3.82683 9.2388 9
    endloop
  endfacet
  facet normal -0.427558 0.903988 2.17566e-06
    outer loop
      vertex -4.71397 8.81921 5
      vertex -4.46652 8.93624 7.6
      vertex -3.82683 9.2388 5
    endloop
  endfacet
  facet normal -0.42754 0.903997 0
    outer loop
      vertex -4.46652 8.93624 7.6
      vertex -4.71397 8.81921 5
      vertex -4.71397 8.81921 7.6
    endloop
  endfacet
  facet normal -0.595705 0.803203 0
    outer loop
      vertex -5.5557 8.3147 5
      vertex -6.34393 7.7301 9
      vertex -5.5557 8.3147 9
    endloop
  endfacet
  facet normal -0.595705 0.803203 0
    outer loop
      vertex -6.34393 7.7301 9
      vertex -5.5557 8.3147 5
      vertex -6.34393 7.7301 5
    endloop
  endfacet
  facet normal -0.242971 0.970034 0
    outer loop
      vertex -1.9509 9.80785 9
      vertex -2.00332 9.79472 7.6
      vertex -2.00332 9.79472 9
    endloop
  endfacet
  facet normal -0.242971 0.970034 0
    outer loop
      vertex -1.9509 9.80785 5
      vertex -2.00332 9.79472 7.6
      vertex -1.9509 9.80785 9
    endloop
  endfacet
  facet normal -0.242979 0.970032 -1.74601e-07
    outer loop
      vertex -2.90285 9.5694 5
      vertex -2.00332 9.79472 7.6
      vertex -1.9509 9.80785 5
    endloop
  endfacet
  facet normal -0.24298 0.970031 0
    outer loop
      vertex -2.00332 9.79472 7.6
      vertex -2.90285 9.5694 5
      vertex -2.90285 9.5694 7.6
    endloop
  endfacet
  facet normal -0.0490742 0.998795 0
    outer loop
      vertex 0 10 7.6
      vertex 0 10 5
      vertex -0.599999 9.97052 7.6
    endloop
  endfacet
  facet normal -0.0490502 0.998796 0
    outer loop
      vertex -0.599999 9.97052 7.6
      vertex -0.980171 9.95185 9
      vertex -0.599999 9.97052 9
    endloop
  endfacet
  facet normal -0.0490649 0.998796 2.15136e-06
    outer loop
      vertex -0.980171 9.95185 5
      vertex -0.599999 9.97052 7.6
      vertex 0 10 5
    endloop
  endfacet
  facet normal -0.0490502 0.998796 0
    outer loop
      vertex -0.599999 9.97052 7.6
      vertex -0.980171 9.95185 5
      vertex -0.980171 9.95185 9
    endloop
  endfacet
  facet normal 0.0490742 -0.998795 0
    outer loop
      vertex 0 -10 7.6
      vertex 0 -10 5
      vertex 0.599999 -9.97052 7.6
    endloop
  endfacet
  facet normal 0.0490502 -0.998796 0
    outer loop
      vertex 0.599999 -9.97052 7.6
      vertex 0.980171 -9.95185 9
      vertex 0.599999 -9.97052 9
    endloop
  endfacet
  facet normal 0.0490649 -0.998796 2.15136e-06
    outer loop
      vertex 0.980171 -9.95185 5
      vertex 0.599999 -9.97052 7.6
      vertex 0 -10 5
    endloop
  endfacet
  facet normal 0.0490502 -0.998796 0
    outer loop
      vertex 0.599999 -9.97052 7.6
      vertex 0.980171 -9.95185 5
      vertex 0.980171 -9.95185 9
    endloop
  endfacet
  facet normal 0.242971 -0.970034 0
    outer loop
      vertex 1.9509 -9.80785 9
      vertex 2.00332 -9.79472 7.6
      vertex 2.00332 -9.79472 9
    endloop
  endfacet
  facet normal 0.242971 -0.970034 0
    outer loop
      vertex 1.9509 -9.80785 5
      vertex 2.00332 -9.79472 7.6
      vertex 1.9509 -9.80785 9
    endloop
  endfacet
  facet normal 0.242979 -0.970032 -1.74601e-07
    outer loop
      vertex 2.90285 -9.5694 5
      vertex 2.00332 -9.79472 7.6
      vertex 1.9509 -9.80785 5
    endloop
  endfacet
  facet normal 0.24298 -0.970031 0
    outer loop
      vertex 2.00332 -9.79472 7.6
      vertex 2.90285 -9.5694 5
      vertex 2.90285 -9.5694 7.6
    endloop
  endfacet
  facet normal 0.595705 -0.803203 0
    outer loop
      vertex 5.5557 -8.3147 5
      vertex 6.34393 -7.7301 9
      vertex 5.5557 -8.3147 9
    endloop
  endfacet
  facet normal 0.595705 -0.803203 0
    outer loop
      vertex 6.34393 -7.7301 9
      vertex 5.5557 -8.3147 5
      vertex 6.34393 -7.7301 5
    endloop
  endfacet
  facet normal 0.427566 -0.903984 0
    outer loop
      vertex 3.82683 -9.2388 9
      vertex 4.46652 -8.93624 7.6
      vertex 4.46652 -8.93624 9
    endloop
  endfacet
  facet normal 0.427566 -0.903984 0
    outer loop
      vertex 3.82683 -9.2388 5
      vertex 4.46652 -8.93624 7.6
      vertex 3.82683 -9.2388 9
    endloop
  endfacet
  facet normal 0.427558 -0.903988 2.17566e-06
    outer loop
      vertex 4.71397 -8.81921 5
      vertex 4.46652 -8.93624 7.6
      vertex 3.82683 -9.2388 5
    endloop
  endfacet
  facet normal 0.42754 -0.903997 0
    outer loop
      vertex 4.46652 -8.93624 7.6
      vertex 4.71397 -8.81921 5
      vertex 4.71397 -8.81921 7.6
    endloop
  endfacet
  facet normal 0.74096 -0.671549 0
    outer loop
      vertex 7.47449 -6.62596 7.6
      vertex 7.7301 -6.34393 9
      vertex 7.47449 -6.62596 9
    endloop
  endfacet
  facet normal 0.74096 -0.671549 0
    outer loop
      vertex 7.7301 -6.34393 9
      vertex 7.47449 -6.62596 7.6
      vertex 7.7301 -6.34393 5
    endloop
  endfacet
  facet normal 0.740955 -0.671555 0
    outer loop
      vertex 7.07107 -7.07107 5
      vertex 7.47449 -6.62596 7.6
      vertex 7.07107 -7.07107 7.6
    endloop
  endfacet
  facet normal 0.740957 -0.671553 -7.74245e-07
    outer loop
      vertex 7.47449 -6.62596 7.6
      vertex 7.07107 -7.07107 5
      vertex 7.7301 -6.34393 5
    endloop
  endfacet
  facet normal 0.857738 -0.514087 0
    outer loop
      vertex 8.34248 -5.50935 9
      vertex 8.3147 -5.5557 9
      vertex 8.34248 -5.50935 7.6
    endloop
  endfacet
  facet normal 0.85773 -0.514101 0
    outer loop
      vertex 8.34248 -5.50935 7.6
      vertex 8.81921 -4.71397 5
      vertex 8.81921 -4.71397 7.6
    endloop
  endfacet
  facet normal 0.85773 -0.5141 3.0535e-07
    outer loop
      vertex 8.34248 -5.50935 7.6
      vertex 8.3147 -5.5557 5
      vertex 8.81921 -4.71397 5
    endloop
  endfacet
  facet normal 0.857738 -0.514087 0
    outer loop
      vertex 8.3147 -5.5557 5
      vertex 8.34248 -5.50935 7.6
      vertex 8.3147 -5.5557 9
    endloop
  endfacet
  facet normal -0.671555 -0.740955 -0
    outer loop
      vertex -7.07107 -7.07107 7.6
      vertex -7.07107 -7.07107 5
      vertex -6.62596 -7.47449 7.6
    endloop
  endfacet
  facet normal -0.671549 -0.74096 0
    outer loop
      vertex -6.62596 -7.47449 7.6
      vertex -6.34393 -7.7301 9
      vertex -6.62596 -7.47449 9
    endloop
  endfacet
  facet normal -0.671553 -0.740957 -7.74245e-07
    outer loop
      vertex -6.34393 -7.7301 5
      vertex -6.62596 -7.47449 7.6
      vertex -7.07107 -7.07107 5
    endloop
  endfacet
  facet normal -0.671549 -0.74096 0
    outer loop
      vertex -6.62596 -7.47449 7.6
      vertex -6.34393 -7.7301 5
      vertex -6.34393 -7.7301 9
    endloop
  endfacet
  facet normal -0.514087 -0.857738 0
    outer loop
      vertex -5.5557 -8.3147 9
      vertex -5.50935 -8.34248 7.6
      vertex -5.50935 -8.34248 9
    endloop
  endfacet
  facet normal -0.514087 -0.857738 0
    outer loop
      vertex -5.5557 -8.3147 5
      vertex -5.50935 -8.34248 7.6
      vertex -5.5557 -8.3147 9
    endloop
  endfacet
  facet normal -0.5141 -0.85773 3.0535e-07
    outer loop
      vertex -4.71397 -8.81921 5
      vertex -5.50935 -8.34248 7.6
      vertex -5.5557 -8.3147 5
    endloop
  endfacet
  facet normal -0.514101 -0.85773 0
    outer loop
      vertex -5.50935 -8.34248 7.6
      vertex -4.71397 -8.81921 5
      vertex -4.71397 -8.81921 7.6
    endloop
  endfacet
  facet normal -0.336888 -0.941545 0
    outer loop
      vertex -3.82683 -9.2388 9
      vertex -3.16057 -9.47719 7.6
      vertex -3.16057 -9.47719 9
    endloop
  endfacet
  facet normal -0.336888 -0.941545 0
    outer loop
      vertex -3.82683 -9.2388 5
      vertex -3.16057 -9.47719 7.6
      vertex -3.82683 -9.2388 9
    endloop
  endfacet
  facet normal -0.336885 -0.941546 -7.98042e-07
    outer loop
      vertex -2.90285 -9.5694 5
      vertex -3.16057 -9.47719 7.6
      vertex -3.82683 -9.2388 5
    endloop
  endfacet
  facet normal -0.336878 -0.941548 0
    outer loop
      vertex -3.16057 -9.47719 7.6
      vertex -2.90285 -9.5694 5
      vertex -2.90285 -9.5694 7.6
    endloop
  endfacet
  facet normal -0.146736 -0.989176 0
    outer loop
      vertex -1.9509 -9.80785 5
      vertex -0.980171 -9.95185 9
      vertex -1.9509 -9.80785 9
    endloop
  endfacet
  facet normal -0.146736 -0.989176 -0
    outer loop
      vertex -0.980171 -9.95185 9
      vertex -1.9509 -9.80785 5
      vertex -0.980171 -9.95185 5
    endloop
  endfacet
  facet normal -0.85773 -0.514101 0
    outer loop
      vertex -8.81921 -4.71397 5
      vertex -8.34248 -5.50935 7.6
      vertex -8.81921 -4.71397 7.6
    endloop
  endfacet
  facet normal -0.85773 -0.5141 3.0535e-07
    outer loop
      vertex -8.3147 -5.5557 5
      vertex -8.34248 -5.50935 7.6
      vertex -8.81921 -4.71397 5
    endloop
  endfacet
  facet normal -0.857738 -0.514087 -0
    outer loop
      vertex -8.3147 -5.5557 9
      vertex -8.34248 -5.50935 7.6
      vertex -8.3147 -5.5557 5
    endloop
  endfacet
  facet normal -0.857738 -0.514087 0
    outer loop
      vertex -8.34248 -5.50935 7.6
      vertex -8.3147 -5.5557 9
      vertex -8.34248 -5.50935 9
    endloop
  endfacet
  facet normal -0.903984 -0.427566 0
    outer loop
      vertex -9.2388 -3.82683 5
      vertex -8.93624 -4.46652 7.6
      vertex -9.2388 -3.82683 9
    endloop
  endfacet
  facet normal -0.903988 -0.427558 2.17566e-06
    outer loop
      vertex -8.81921 -4.71397 5
      vertex -8.93624 -4.46652 7.6
      vertex -9.2388 -3.82683 5
    endloop
  endfacet
  facet normal -0.903997 -0.42754 0
    outer loop
      vertex -8.93624 -4.46652 7.6
      vertex -8.81921 -4.71397 5
      vertex -8.81921 -4.71397 7.6
    endloop
  endfacet
  facet normal -0.903984 -0.427566 0
    outer loop
      vertex -9.2388 -3.82683 9
      vertex -8.93624 -4.46652 7.6
      vertex -8.93624 -4.46652 9
    endloop
  endfacet
  facet normal -0.803203 -0.595705 0
    outer loop
      vertex -7.7301 -6.34393 5
      vertex -8.3147 -5.5557 9
      vertex -8.3147 -5.5557 5
    endloop
  endfacet
  facet normal -0.803203 -0.595705 0
    outer loop
      vertex -8.3147 -5.5557 9
      vertex -7.7301 -6.34393 5
      vertex -7.7301 -6.34393 9
    endloop
  endfacet
  facet normal -0.970034 -0.242971 0
    outer loop
      vertex -9.80785 -1.9509 5
      vertex -9.79472 -2.00332 7.6
      vertex -9.80785 -1.9509 9
    endloop
  endfacet
  facet normal -0.970032 -0.242979 -1.74601e-07
    outer loop
      vertex -9.5694 -2.90285 5
      vertex -9.79472 -2.00332 7.6
      vertex -9.80785 -1.9509 5
    endloop
  endfacet
  facet normal -0.970031 -0.24298 0
    outer loop
      vertex -9.79472 -2.00332 7.6
      vertex -9.5694 -2.90285 5
      vertex -9.5694 -2.90285 7.6
    endloop
  endfacet
  facet normal -0.970034 -0.242971 0
    outer loop
      vertex -9.80785 -1.9509 9
      vertex -9.79472 -2.00332 7.6
      vertex -9.79472 -2.00332 9
    endloop
  endfacet
  facet normal -0.941548 -0.336878 0
    outer loop
      vertex -9.5694 -2.90285 5
      vertex -9.47719 -3.16057 7.6
      vertex -9.5694 -2.90285 7.6
    endloop
  endfacet
  facet normal -0.941546 -0.336885 -7.98042e-07
    outer loop
      vertex -9.2388 -3.82683 5
      vertex -9.47719 -3.16057 7.6
      vertex -9.5694 -2.90285 5
    endloop
  endfacet
  facet normal -0.941545 -0.336888 -0
    outer loop
      vertex -9.2388 -3.82683 9
      vertex -9.47719 -3.16057 7.6
      vertex -9.2388 -3.82683 5
    endloop
  endfacet
  facet normal -0.941545 -0.336888 0
    outer loop
      vertex -9.47719 -3.16057 7.6
      vertex -9.2388 -3.82683 9
      vertex -9.47719 -3.16057 9
    endloop
  endfacet
  facet normal -0.998795 -0.0490742 0
    outer loop
      vertex -10 0 5
      vertex -9.97052 -0.599999 7.6
      vertex -10 0 7.6
    endloop
  endfacet
  facet normal -0.998796 -0.0490649 2.15136e-06
    outer loop
      vertex -9.95185 -0.980171 5
      vertex -9.97052 -0.599999 7.6
      vertex -10 0 5
    endloop
  endfacet
  facet normal -0.998796 -0.0490502 -0
    outer loop
      vertex -9.95185 -0.980171 9
      vertex -9.97052 -0.599999 7.6
      vertex -9.95185 -0.980171 5
    endloop
  endfacet
  facet normal -0.998796 -0.0490502 0
    outer loop
      vertex -9.97052 -0.599999 7.6
      vertex -9.95185 -0.980171 9
      vertex -9.97052 -0.599999 9
    endloop
  endfacet
  facet normal 0.998796 -0.0490502 0
    outer loop
      vertex 9.97052 -0.599999 9
      vertex 9.95185 -0.980171 9
      vertex 9.97052 -0.599999 7.6
    endloop
  endfacet
  facet normal 0.998795 -0.0490742 0
    outer loop
      vertex 9.97052 -0.599999 7.6
      vertex 10 0 5
      vertex 10 0 7.6
    endloop
  endfacet
  facet normal 0.998796 -0.0490502 0
    outer loop
      vertex 9.95185 -0.980171 5
      vertex 9.97052 -0.599999 7.6
      vertex 9.95185 -0.980171 9
    endloop
  endfacet
  facet normal 0.998796 -0.0490649 2.15136e-06
    outer loop
      vertex 9.97052 -0.599999 7.6
      vertex 9.95185 -0.980171 5
      vertex 10 0 5
    endloop
  endfacet
  facet normal 0.146736 -0.989176 0
    outer loop
      vertex 0.980171 -9.95185 5
      vertex 1.9509 -9.80785 9
      vertex 0.980171 -9.95185 9
    endloop
  endfacet
  facet normal 0.146736 -0.989176 0
    outer loop
      vertex 1.9509 -9.80785 9
      vertex 0.980171 -9.95185 5
      vertex 1.9509 -9.80785 5
    endloop
  endfacet
  facet normal 0.336878 -0.941548 0
    outer loop
      vertex 2.90285 -9.5694 7.6
      vertex 2.90285 -9.5694 5
      vertex 3.16057 -9.47719 7.6
    endloop
  endfacet
  facet normal 0.336888 -0.941545 0
    outer loop
      vertex 3.16057 -9.47719 7.6
      vertex 3.82683 -9.2388 9
      vertex 3.16057 -9.47719 9
    endloop
  endfacet
  facet normal 0.336885 -0.941546 -7.98042e-07
    outer loop
      vertex 3.82683 -9.2388 5
      vertex 3.16057 -9.47719 7.6
      vertex 2.90285 -9.5694 5
    endloop
  endfacet
  facet normal 0.336888 -0.941545 0
    outer loop
      vertex 3.16057 -9.47719 7.6
      vertex 3.82683 -9.2388 5
      vertex 3.82683 -9.2388 9
    endloop
  endfacet
  facet normal 0.671549 -0.74096 0
    outer loop
      vertex 6.34393 -7.7301 9
      vertex 6.62596 -7.47449 7.6
      vertex 6.62596 -7.47449 9
    endloop
  endfacet
  facet normal 0.671549 -0.74096 0
    outer loop
      vertex 6.34393 -7.7301 5
      vertex 6.62596 -7.47449 7.6
      vertex 6.34393 -7.7301 9
    endloop
  endfacet
  facet normal 0.671553 -0.740957 -7.74245e-07
    outer loop
      vertex 7.07107 -7.07107 5
      vertex 6.62596 -7.47449 7.6
      vertex 6.34393 -7.7301 5
    endloop
  endfacet
  facet normal 0.671555 -0.740955 0
    outer loop
      vertex 6.62596 -7.47449 7.6
      vertex 7.07107 -7.07107 5
      vertex 7.07107 -7.07107 7.6
    endloop
  endfacet
  facet normal 0.514101 -0.85773 0
    outer loop
      vertex 4.71397 -8.81921 7.6
      vertex 4.71397 -8.81921 5
      vertex 5.50935 -8.34248 7.6
    endloop
  endfacet
  facet normal 0.514087 -0.857738 0
    outer loop
      vertex 5.50935 -8.34248 7.6
      vertex 5.5557 -8.3147 9
      vertex 5.50935 -8.34248 9
    endloop
  endfacet
  facet normal 0.514087 -0.857738 0
    outer loop
      vertex 5.50935 -8.34248 7.6
      vertex 5.5557 -8.3147 5
      vertex 5.5557 -8.3147 9
    endloop
  endfacet
  facet normal 0.5141 -0.85773 3.0535e-07
    outer loop
      vertex 5.5557 -8.3147 5
      vertex 5.50935 -8.34248 7.6
      vertex 4.71397 -8.81921 5
    endloop
  endfacet
  facet normal 0.803203 -0.595705 0
    outer loop
      vertex 7.7301 -6.34393 9
      vertex 8.3147 -5.5557 5
      vertex 8.3147 -5.5557 9
    endloop
  endfacet
  facet normal 0.803203 -0.595705 0
    outer loop
      vertex 8.3147 -5.5557 5
      vertex 7.7301 -6.34393 9
      vertex 7.7301 -6.34393 5
    endloop
  endfacet
  facet normal 0.970034 -0.242971 0
    outer loop
      vertex 9.79472 -2.00332 7.6
      vertex 9.80785 -1.9509 9
      vertex 9.79472 -2.00332 9
    endloop
  endfacet
  facet normal 0.970034 -0.242971 0
    outer loop
      vertex 9.80785 -1.9509 9
      vertex 9.79472 -2.00332 7.6
      vertex 9.80785 -1.9509 5
    endloop
  endfacet
  facet normal 0.970031 -0.24298 0
    outer loop
      vertex 9.5694 -2.90285 5
      vertex 9.79472 -2.00332 7.6
      vertex 9.5694 -2.90285 7.6
    endloop
  endfacet
  facet normal 0.970032 -0.242979 -1.74601e-07
    outer loop
      vertex 9.79472 -2.00332 7.6
      vertex 9.5694 -2.90285 5
      vertex 9.80785 -1.9509 5
    endloop
  endfacet
  facet normal 0.941545 -0.336888 0
    outer loop
      vertex 9.47719 -3.16057 9
      vertex 9.2388 -3.82683 9
      vertex 9.47719 -3.16057 7.6
    endloop
  endfacet
  facet normal 0.941548 -0.336878 0
    outer loop
      vertex 9.47719 -3.16057 7.6
      vertex 9.5694 -2.90285 5
      vertex 9.5694 -2.90285 7.6
    endloop
  endfacet
  facet normal 0.941545 -0.336888 0
    outer loop
      vertex 9.2388 -3.82683 5
      vertex 9.47719 -3.16057 7.6
      vertex 9.2388 -3.82683 9
    endloop
  endfacet
  facet normal 0.941546 -0.336885 -7.98042e-07
    outer loop
      vertex 9.47719 -3.16057 7.6
      vertex 9.2388 -3.82683 5
      vertex 9.5694 -2.90285 5
    endloop
  endfacet
  facet normal 0.989176 -0.146736 0
    outer loop
      vertex 9.80785 -1.9509 9
      vertex 9.95185 -0.980171 5
      vertex 9.95185 -0.980171 9
    endloop
  endfacet
  facet normal 0.989176 -0.146736 0
    outer loop
      vertex 9.95185 -0.980171 5
      vertex 9.80785 -1.9509 9
      vertex 9.80785 -1.9509 5
    endloop
  endfacet
  facet normal -0.595705 -0.803203 0
    outer loop
      vertex -6.34393 -7.7301 5
      vertex -5.5557 -8.3147 9
      vertex -6.34393 -7.7301 9
    endloop
  endfacet
  facet normal -0.595705 -0.803203 -0
    outer loop
      vertex -5.5557 -8.3147 9
      vertex -6.34393 -7.7301 5
      vertex -5.5557 -8.3147 5
    endloop
  endfacet
  facet normal -0.42754 -0.903997 -0
    outer loop
      vertex -4.71397 -8.81921 7.6
      vertex -4.71397 -8.81921 5
      vertex -4.46652 -8.93624 7.6
    endloop
  endfacet
  facet normal -0.427566 -0.903984 0
    outer loop
      vertex -4.46652 -8.93624 7.6
      vertex -3.82683 -9.2388 9
      vertex -4.46652 -8.93624 9
    endloop
  endfacet
  facet normal -0.427558 -0.903988 2.17566e-06
    outer loop
      vertex -3.82683 -9.2388 5
      vertex -4.46652 -8.93624 7.6
      vertex -4.71397 -8.81921 5
    endloop
  endfacet
  facet normal -0.427566 -0.903984 0
    outer loop
      vertex -4.46652 -8.93624 7.6
      vertex -3.82683 -9.2388 5
      vertex -3.82683 -9.2388 9
    endloop
  endfacet
  facet normal -0.24298 -0.970031 -0
    outer loop
      vertex -2.90285 -9.5694 7.6
      vertex -2.90285 -9.5694 5
      vertex -2.00332 -9.79472 7.6
    endloop
  endfacet
  facet normal -0.242971 -0.970034 0
    outer loop
      vertex -2.00332 -9.79472 7.6
      vertex -1.9509 -9.80785 9
      vertex -2.00332 -9.79472 9
    endloop
  endfacet
  facet normal -0.242971 -0.970034 0
    outer loop
      vertex -2.00332 -9.79472 7.6
      vertex -1.9509 -9.80785 5
      vertex -1.9509 -9.80785 9
    endloop
  endfacet
  facet normal -0.242979 -0.970032 -1.74601e-07
    outer loop
      vertex -1.9509 -9.80785 5
      vertex -2.00332 -9.79472 7.6
      vertex -2.90285 -9.5694 5
    endloop
  endfacet
  facet normal -0.0490502 -0.998796 0
    outer loop
      vertex -0.980171 -9.95185 9
      vertex -0.599999 -9.97052 7.6
      vertex -0.599999 -9.97052 9
    endloop
  endfacet
  facet normal -0.0490502 -0.998796 0
    outer loop
      vertex -0.980171 -9.95185 5
      vertex -0.599999 -9.97052 7.6
      vertex -0.980171 -9.95185 9
    endloop
  endfacet
  facet normal -0.0490649 -0.998796 2.15136e-06
    outer loop
      vertex 0 -10 5
      vertex -0.599999 -9.97052 7.6
      vertex -0.980171 -9.95185 5
    endloop
  endfacet
  facet normal -0.0490742 -0.998795 0
    outer loop
      vertex -0.599999 -9.97052 7.6
      vertex 0 -10 5
      vertex 0 -10 7.6
    endloop
  endfacet
  facet normal -0.989176 -0.146736 0
    outer loop
      vertex -9.80785 -1.9509 5
      vertex -9.95185 -0.980171 9
      vertex -9.95185 -0.980171 5
    endloop
  endfacet
  facet normal -0.989176 -0.146736 0
    outer loop
      vertex -9.95185 -0.980171 9
      vertex -9.80785 -1.9509 5
      vertex -9.80785 -1.9509 9
    endloop
  endfacet
  facet normal -0.595896 -0.803061 0
    outer loop
      vertex -14.8055 -14.2123 0
      vertex -14.6361 -14.338 3.2
      vertex -14.8055 -14.2123 3.2
    endloop
  endfacet
  facet normal -0.595896 -0.803061 -0
    outer loop
      vertex -14.6361 -14.338 3.2
      vertex -14.8055 -14.2123 0
      vertex -14.6361 -14.338 0
    endloop
  endfacet
  facet normal 0.336907 -0.941538 0
    outer loop
      vertex -16.8228 -14.0137 0
      vertex -16.6241 -13.9426 3.2
      vertex -16.8228 -14.0137 3.2
    endloop
  endfacet
  facet normal 0.336907 -0.941538 0
    outer loop
      vertex -16.6241 -13.9426 3.2
      vertex -16.8228 -14.0137 0
      vertex -16.6241 -13.9426 0
    endloop
  endfacet
  facet normal 0.903979 -0.427577 0
    outer loop
      vertex -17.9863 -15.1772 3.2
      vertex -17.8961 -14.9865 0
      vertex -17.8961 -14.9865 3.2
    endloop
  endfacet
  facet normal 0.903979 -0.427577 0
    outer loop
      vertex -17.8961 -14.9865 0
      vertex -17.9863 -15.1772 3.2
      vertex -17.9863 -15.1772 0
    endloop
  endfacet
  facet normal -0.941538 0.336907 0
    outer loop
      vertex -14.0137 -16.8228 0
      vertex -13.9426 -16.6241 3.2
      vertex -13.9426 -16.6241 0
    endloop
  endfacet
  facet normal -0.941538 0.336907 0
    outer loop
      vertex -13.9426 -16.6241 3.2
      vertex -14.0137 -16.8228 0
      vertex -14.0137 -16.8228 3.2
    endloop
  endfacet
  facet normal 0.427577 0.903979 -0
    outer loop
      vertex -16.8228 -17.9863 0
      vertex -17.0135 -17.8961 3.2
      vertex -16.8228 -17.9863 3.2
    endloop
  endfacet
  facet normal 0.427577 0.903979 0
    outer loop
      vertex -17.0135 -17.8961 3.2
      vertex -16.8228 -17.9863 0
      vertex -17.0135 -17.8961 0
    endloop
  endfacet
  facet normal -0.903979 -0.427577 0
    outer loop
      vertex -14.0137 -15.1772 0
      vertex -14.1039 -14.9865 3.2
      vertex -14.1039 -14.9865 0
    endloop
  endfacet
  facet normal -0.903979 -0.427577 0
    outer loop
      vertex -14.1039 -14.9865 3.2
      vertex -14.0137 -15.1772 0
      vertex -14.0137 -15.1772 3.2
    endloop
  endfacet
  facet normal -0.857911 -0.513799 0
    outer loop
      vertex -14.1039 -14.9865 0
      vertex -14.2123 -14.8055 3.2
      vertex -14.2123 -14.8055 0
    endloop
  endfacet
  facet normal -0.857911 -0.513799 0
    outer loop
      vertex -14.2123 -14.8055 3.2
      vertex -14.1039 -14.9865 0
      vertex -14.1039 -14.9865 3.2
    endloop
  endfacet
  facet normal -0.336907 -0.941538 0
    outer loop
      vertex -15.3759 -13.9426 0
      vertex -15.1772 -14.0137 3.2
      vertex -15.3759 -13.9426 3.2
    endloop
  endfacet
  facet normal -0.336907 -0.941538 -0
    outer loop
      vertex -15.1772 -14.0137 3.2
      vertex -15.3759 -13.9426 0
      vertex -15.1772 -14.0137 0
    endloop
  endfacet
  facet normal -0.0492993 -0.998784 0
    outer loop
      vertex -16 -13.85 0
      vertex -15.7893 -13.8604 3.2
      vertex -16 -13.85 3.2
    endloop
  endfacet
  facet normal -0.0492993 -0.998784 -0
    outer loop
      vertex -15.7893 -13.8604 3.2
      vertex -16 -13.85 0
      vertex -15.7893 -13.8604 0
    endloop
  endfacet
  facet normal 0.741075 -0.671422 0
    outer loop
      vertex -17.662 -14.6361 3.2
      vertex -17.5203 -14.4797 0
      vertex -17.5203 -14.4797 3.2
    endloop
  endfacet
  facet normal 0.741075 -0.671422 0
    outer loop
      vertex -17.5203 -14.4797 0
      vertex -17.662 -14.6361 3.2
      vertex -17.662 -14.6361 0
    endloop
  endfacet
  facet normal 0.146463 -0.989216 0
    outer loop
      vertex -16.4194 -13.8913 0
      vertex -16.2107 -13.8604 3.2
      vertex -16.4194 -13.8913 3.2
    endloop
  endfacet
  facet normal 0.146463 -0.989216 0
    outer loop
      vertex -16.2107 -13.8604 3.2
      vertex -16.4194 -13.8913 0
      vertex -16.2107 -13.8604 0
    endloop
  endfacet
  facet normal -0.998784 0.0492993 0
    outer loop
      vertex -13.8604 -16.2107 0
      vertex -13.85 -16 3.2
      vertex -13.85 -16 0
    endloop
  endfacet
  facet normal -0.998784 0.0492993 0
    outer loop
      vertex -13.85 -16 3.2
      vertex -13.8604 -16.2107 0
      vertex -13.8604 -16.2107 3.2
    endloop
  endfacet
  facet normal -0.803061 0.595896 0
    outer loop
      vertex -14.338 -17.3639 0
      vertex -14.2123 -17.1945 3.2
      vertex -14.2123 -17.1945 0
    endloop
  endfacet
  facet normal -0.803061 0.595896 0
    outer loop
      vertex -14.2123 -17.1945 3.2
      vertex -14.338 -17.3639 0
      vertex -14.338 -17.3639 3.2
    endloop
  endfacet
  facet normal 0.146463 0.989216 -0
    outer loop
      vertex -16.2107 -18.1396 0
      vertex -16.4194 -18.1087 3.2
      vertex -16.2107 -18.1396 3.2
    endloop
  endfacet
  facet normal 0.146463 0.989216 0
    outer loop
      vertex -16.4194 -18.1087 3.2
      vertex -16.2107 -18.1396 0
      vertex -16.4194 -18.1087 0
    endloop
  endfacet
  facet normal 0.671422 0.741075 -0
    outer loop
      vertex -17.3639 -17.662 0
      vertex -17.5203 -17.5203 3.2
      vertex -17.3639 -17.662 3.2
    endloop
  endfacet
  facet normal 0.671422 0.741075 0
    outer loop
      vertex -17.5203 -17.5203 3.2
      vertex -17.3639 -17.662 0
      vertex -17.5203 -17.5203 0
    endloop
  endfacet
  facet normal -0.989216 -0.146463 0
    outer loop
      vertex -13.8604 -15.7893 0
      vertex -13.8913 -15.5806 3.2
      vertex -13.8913 -15.5806 0
    endloop
  endfacet
  facet normal -0.989216 -0.146463 0
    outer loop
      vertex -13.8913 -15.5806 3.2
      vertex -13.8604 -15.7893 0
      vertex -13.8604 -15.7893 3.2
    endloop
  endfacet
  facet normal -0.970003 -0.243093 0
    outer loop
      vertex -13.8913 -15.5806 0
      vertex -13.9426 -15.3759 3.2
      vertex -13.9426 -15.3759 0
    endloop
  endfacet
  facet normal -0.970003 -0.243093 0
    outer loop
      vertex -13.9426 -15.3759 3.2
      vertex -13.8913 -15.5806 0
      vertex -13.8913 -15.5806 3.2
    endloop
  endfacet
  facet normal -0.941538 -0.336907 0
    outer loop
      vertex -13.9426 -15.3759 0
      vertex -14.0137 -15.1772 3.2
      vertex -14.0137 -15.1772 0
    endloop
  endfacet
  facet normal -0.941538 -0.336907 0
    outer loop
      vertex -14.0137 -15.1772 3.2
      vertex -13.9426 -15.3759 0
      vertex -13.9426 -15.3759 3.2
    endloop
  endfacet
  facet normal -0.741075 -0.671422 0
    outer loop
      vertex -14.338 -14.6361 0
      vertex -14.4797 -14.4797 3.2
      vertex -14.4797 -14.4797 0
    endloop
  endfacet
  facet normal -0.741075 -0.671422 0
    outer loop
      vertex -14.4797 -14.4797 3.2
      vertex -14.338 -14.6361 0
      vertex -14.338 -14.6361 3.2
    endloop
  endfacet
  facet normal -0.803061 -0.595896 0
    outer loop
      vertex -14.2123 -14.8055 0
      vertex -14.338 -14.6361 3.2
      vertex -14.338 -14.6361 0
    endloop
  endfacet
  facet normal -0.803061 -0.595896 0
    outer loop
      vertex -14.338 -14.6361 3.2
      vertex -14.2123 -14.8055 0
      vertex -14.2123 -14.8055 3.2
    endloop
  endfacet
  facet normal -0.671422 -0.741075 0
    outer loop
      vertex -14.6361 -14.338 0
      vertex -14.4797 -14.4797 3.2
      vertex -14.6361 -14.338 3.2
    endloop
  endfacet
  facet normal -0.671422 -0.741075 -0
    outer loop
      vertex -14.4797 -14.4797 3.2
      vertex -14.6361 -14.338 0
      vertex -14.4797 -14.4797 0
    endloop
  endfacet
  facet normal -0.513799 -0.857911 0
    outer loop
      vertex -14.9865 -14.1039 0
      vertex -14.8055 -14.2123 3.2
      vertex -14.9865 -14.1039 3.2
    endloop
  endfacet
  facet normal -0.513799 -0.857911 -0
    outer loop
      vertex -14.8055 -14.2123 3.2
      vertex -14.9865 -14.1039 0
      vertex -14.8055 -14.2123 0
    endloop
  endfacet
  facet normal -0.427577 -0.903979 0
    outer loop
      vertex -15.1772 -14.0137 0
      vertex -14.9865 -14.1039 3.2
      vertex -15.1772 -14.0137 3.2
    endloop
  endfacet
  facet normal -0.427577 -0.903979 -0
    outer loop
      vertex -14.9865 -14.1039 3.2
      vertex -15.1772 -14.0137 0
      vertex -14.9865 -14.1039 0
    endloop
  endfacet
  facet normal -0.243093 -0.970003 0
    outer loop
      vertex -15.5806 -13.8913 0
      vertex -15.3759 -13.9426 3.2
      vertex -15.5806 -13.8913 3.2
    endloop
  endfacet
  facet normal -0.243093 -0.970003 -0
    outer loop
      vertex -15.3759 -13.9426 3.2
      vertex -15.5806 -13.8913 0
      vertex -15.3759 -13.9426 0
    endloop
  endfacet
  facet normal -0.146463 -0.989216 0
    outer loop
      vertex -15.7893 -13.8604 0
      vertex -15.5806 -13.8913 3.2
      vertex -15.7893 -13.8604 3.2
    endloop
  endfacet
  facet normal -0.146463 -0.989216 -0
    outer loop
      vertex -15.5806 -13.8913 3.2
      vertex -15.7893 -13.8604 0
      vertex -15.5806 -13.8913 0
    endloop
  endfacet
  facet normal 0.998784 -0.0492993 0
    outer loop
      vertex -18.15 -16 3.2
      vertex -18.1396 -15.7893 0
      vertex -18.1396 -15.7893 3.2
    endloop
  endfacet
  facet normal 0.998784 -0.0492993 0
    outer loop
      vertex -18.1396 -15.7893 0
      vertex -18.15 -16 3.2
      vertex -18.15 -16 0
    endloop
  endfacet
  facet normal 0.941538 -0.336907 0
    outer loop
      vertex -18.0574 -15.3759 3.2
      vertex -17.9863 -15.1772 0
      vertex -17.9863 -15.1772 3.2
    endloop
  endfacet
  facet normal 0.941538 -0.336907 0
    outer loop
      vertex -17.9863 -15.1772 0
      vertex -18.0574 -15.3759 3.2
      vertex -18.0574 -15.3759 0
    endloop
  endfacet
  facet normal 0.970003 -0.243093 0
    outer loop
      vertex -18.1087 -15.5806 3.2
      vertex -18.0574 -15.3759 0
      vertex -18.0574 -15.3759 3.2
    endloop
  endfacet
  facet normal 0.970003 -0.243093 0
    outer loop
      vertex -18.0574 -15.3759 0
      vertex -18.1087 -15.5806 3.2
      vertex -18.1087 -15.5806 0
    endloop
  endfacet
  facet normal 0.857911 -0.513799 0
    outer loop
      vertex -17.8961 -14.9865 3.2
      vertex -17.7877 -14.8055 0
      vertex -17.7877 -14.8055 3.2
    endloop
  endfacet
  facet normal 0.857911 -0.513799 0
    outer loop
      vertex -17.7877 -14.8055 0
      vertex -17.8961 -14.9865 3.2
      vertex -17.8961 -14.9865 0
    endloop
  endfacet
  facet normal 0.803061 -0.595896 0
    outer loop
      vertex -17.7877 -14.8055 3.2
      vertex -17.662 -14.6361 0
      vertex -17.662 -14.6361 3.2
    endloop
  endfacet
  facet normal 0.803061 -0.595896 0
    outer loop
      vertex -17.662 -14.6361 0
      vertex -17.7877 -14.8055 3.2
      vertex -17.7877 -14.8055 0
    endloop
  endfacet
  facet normal 0.243093 -0.970003 0
    outer loop
      vertex -16.6241 -13.9426 0
      vertex -16.4194 -13.8913 3.2
      vertex -16.6241 -13.9426 3.2
    endloop
  endfacet
  facet normal 0.243093 -0.970003 0
    outer loop
      vertex -16.4194 -13.8913 3.2
      vertex -16.6241 -13.9426 0
      vertex -16.4194 -13.8913 0
    endloop
  endfacet
  facet normal 0.0492993 -0.998784 0
    outer loop
      vertex -16.2107 -13.8604 0
      vertex -16 -13.85 3.2
      vertex -16.2107 -13.8604 3.2
    endloop
  endfacet
  facet normal 0.0492993 -0.998784 0
    outer loop
      vertex -16 -13.85 3.2
      vertex -16.2107 -13.8604 0
      vertex -16 -13.85 0
    endloop
  endfacet
  facet normal 0.513799 -0.857911 0
    outer loop
      vertex -17.1945 -14.2123 0
      vertex -17.0135 -14.1039 3.2
      vertex -17.1945 -14.2123 3.2
    endloop
  endfacet
  facet normal 0.513799 -0.857911 0
    outer loop
      vertex -17.0135 -14.1039 3.2
      vertex -17.1945 -14.2123 0
      vertex -17.0135 -14.1039 0
    endloop
  endfacet
  facet normal 0.595896 -0.803061 0
    outer loop
      vertex -17.3639 -14.338 0
      vertex -17.1945 -14.2123 3.2
      vertex -17.3639 -14.338 3.2
    endloop
  endfacet
  facet normal 0.595896 -0.803061 0
    outer loop
      vertex -17.1945 -14.2123 3.2
      vertex -17.3639 -14.338 0
      vertex -17.1945 -14.2123 0
    endloop
  endfacet
  facet normal 0.427577 -0.903979 0
    outer loop
      vertex -17.0135 -14.1039 0
      vertex -16.8228 -14.0137 3.2
      vertex -17.0135 -14.1039 3.2
    endloop
  endfacet
  facet normal 0.427577 -0.903979 0
    outer loop
      vertex -16.8228 -14.0137 3.2
      vertex -17.0135 -14.1039 0
      vertex -16.8228 -14.0137 0
    endloop
  endfacet
  facet normal 0.671422 -0.741075 0
    outer loop
      vertex -17.5203 -14.4797 0
      vertex -17.3639 -14.338 3.2
      vertex -17.5203 -14.4797 3.2
    endloop
  endfacet
  facet normal 0.671422 -0.741075 0
    outer loop
      vertex -17.3639 -14.338 3.2
      vertex -17.5203 -14.4797 0
      vertex -17.3639 -14.338 0
    endloop
  endfacet
  facet normal -0.998784 -0.0492993 0
    outer loop
      vertex -13.85 -16 0
      vertex -13.8604 -15.7893 3.2
      vertex -13.8604 -15.7893 0
    endloop
  endfacet
  facet normal -0.998784 -0.0492993 0
    outer loop
      vertex -13.8604 -15.7893 3.2
      vertex -13.85 -16 0
      vertex -13.85 -16 3.2
    endloop
  endfacet
  facet normal -0.0492993 0.998784 0
    outer loop
      vertex -15.7893 -18.1396 0
      vertex -16 -18.15 3.2
      vertex -15.7893 -18.1396 3.2
    endloop
  endfacet
  facet normal -0.0492993 0.998784 0
    outer loop
      vertex -16 -18.15 3.2
      vertex -15.7893 -18.1396 0
      vertex -16 -18.15 0
    endloop
  endfacet
  facet normal -0.336907 0.941538 0
    outer loop
      vertex -15.1772 -17.9863 0
      vertex -15.3759 -18.0574 3.2
      vertex -15.1772 -17.9863 3.2
    endloop
  endfacet
  facet normal -0.336907 0.941538 0
    outer loop
      vertex -15.3759 -18.0574 3.2
      vertex -15.1772 -17.9863 0
      vertex -15.3759 -18.0574 0
    endloop
  endfacet
  facet normal -0.671422 0.741075 0
    outer loop
      vertex -14.4797 -17.5203 0
      vertex -14.6361 -17.662 3.2
      vertex -14.4797 -17.5203 3.2
    endloop
  endfacet
  facet normal -0.671422 0.741075 0
    outer loop
      vertex -14.6361 -17.662 3.2
      vertex -14.4797 -17.5203 0
      vertex -14.6361 -17.662 0
    endloop
  endfacet
  facet normal -0.513799 0.857911 0
    outer loop
      vertex -14.8055 -17.7877 0
      vertex -14.9865 -17.8961 3.2
      vertex -14.8055 -17.7877 3.2
    endloop
  endfacet
  facet normal -0.513799 0.857911 0
    outer loop
      vertex -14.9865 -17.8961 3.2
      vertex -14.8055 -17.7877 0
      vertex -14.9865 -17.8961 0
    endloop
  endfacet
  facet normal -0.903979 0.427577 0
    outer loop
      vertex -14.1039 -17.0135 0
      vertex -14.0137 -16.8228 3.2
      vertex -14.0137 -16.8228 0
    endloop
  endfacet
  facet normal -0.903979 0.427577 0
    outer loop
      vertex -14.0137 -16.8228 3.2
      vertex -14.1039 -17.0135 0
      vertex -14.1039 -17.0135 3.2
    endloop
  endfacet
  facet normal 0.0492993 0.998784 -0
    outer loop
      vertex -16 -18.15 0
      vertex -16.2107 -18.1396 3.2
      vertex -16 -18.15 3.2
    endloop
  endfacet
  facet normal 0.0492993 0.998784 0
    outer loop
      vertex -16.2107 -18.1396 3.2
      vertex -16 -18.15 0
      vertex -16.2107 -18.1396 0
    endloop
  endfacet
  facet normal 0.336907 0.941538 -0
    outer loop
      vertex -16.6241 -18.0574 0
      vertex -16.8228 -17.9863 3.2
      vertex -16.6241 -18.0574 3.2
    endloop
  endfacet
  facet normal 0.336907 0.941538 0
    outer loop
      vertex -16.8228 -17.9863 3.2
      vertex -16.6241 -18.0574 0
      vertex -16.8228 -17.9863 0
    endloop
  endfacet
  facet normal 0.513799 0.857911 -0
    outer loop
      vertex -17.0135 -17.8961 0
      vertex -17.1945 -17.7877 3.2
      vertex -17.0135 -17.8961 3.2
    endloop
  endfacet
  facet normal 0.513799 0.857911 0
    outer loop
      vertex -17.1945 -17.7877 3.2
      vertex -17.0135 -17.8961 0
      vertex -17.1945 -17.7877 0
    endloop
  endfacet
  facet normal 0.998784 0.0492993 0
    outer loop
      vertex -18.1396 -16.2107 3.2
      vertex -18.15 -16 0
      vertex -18.15 -16 3.2
    endloop
  endfacet
  facet normal 0.998784 0.0492993 0
    outer loop
      vertex -18.15 -16 0
      vertex -18.1396 -16.2107 3.2
      vertex -18.1396 -16.2107 0
    endloop
  endfacet
  facet normal 0.970003 0.243093 0
    outer loop
      vertex -18.0574 -16.6241 3.2
      vertex -18.1087 -16.4194 0
      vertex -18.1087 -16.4194 3.2
    endloop
  endfacet
  facet normal 0.970003 0.243093 0
    outer loop
      vertex -18.1087 -16.4194 0
      vertex -18.0574 -16.6241 3.2
      vertex -18.0574 -16.6241 0
    endloop
  endfacet
  facet normal 0.803061 0.595896 0
    outer loop
      vertex -17.662 -17.3639 3.2
      vertex -17.7877 -17.1945 0
      vertex -17.7877 -17.1945 3.2
    endloop
  endfacet
  facet normal 0.803061 0.595896 0
    outer loop
      vertex -17.7877 -17.1945 0
      vertex -17.662 -17.3639 3.2
      vertex -17.662 -17.3639 0
    endloop
  endfacet
  facet normal 0.903979 0.427577 0
    outer loop
      vertex -17.8961 -17.0135 3.2
      vertex -17.9863 -16.8228 0
      vertex -17.9863 -16.8228 3.2
    endloop
  endfacet
  facet normal 0.903979 0.427577 0
    outer loop
      vertex -17.9863 -16.8228 0
      vertex -17.8961 -17.0135 3.2
      vertex -17.8961 -17.0135 0
    endloop
  endfacet
  facet normal 0.989216 -0.146463 0
    outer loop
      vertex -18.1396 -15.7893 3.2
      vertex -18.1087 -15.5806 0
      vertex -18.1087 -15.5806 3.2
    endloop
  endfacet
  facet normal 0.989216 -0.146463 0
    outer loop
      vertex -18.1087 -15.5806 0
      vertex -18.1396 -15.7893 3.2
      vertex -18.1396 -15.7893 0
    endloop
  endfacet
  facet normal -0.989216 0.146463 0
    outer loop
      vertex -13.8913 -16.4194 0
      vertex -13.8604 -16.2107 3.2
      vertex -13.8604 -16.2107 0
    endloop
  endfacet
  facet normal -0.989216 0.146463 0
    outer loop
      vertex -13.8604 -16.2107 3.2
      vertex -13.8913 -16.4194 0
      vertex -13.8913 -16.4194 3.2
    endloop
  endfacet
  facet normal -0.970003 0.243093 0
    outer loop
      vertex -13.9426 -16.6241 0
      vertex -13.8913 -16.4194 3.2
      vertex -13.8913 -16.4194 0
    endloop
  endfacet
  facet normal -0.970003 0.243093 0
    outer loop
      vertex -13.8913 -16.4194 3.2
      vertex -13.9426 -16.6241 0
      vertex -13.9426 -16.6241 3.2
    endloop
  endfacet
  facet normal -0.146463 0.989216 0
    outer loop
      vertex -15.5806 -18.1087 0
      vertex -15.7893 -18.1396 3.2
      vertex -15.5806 -18.1087 3.2
    endloop
  endfacet
  facet normal -0.146463 0.989216 0
    outer loop
      vertex -15.7893 -18.1396 3.2
      vertex -15.5806 -18.1087 0
      vertex -15.7893 -18.1396 0
    endloop
  endfacet
  facet normal -0.427577 0.903979 0
    outer loop
      vertex -14.9865 -17.8961 0
      vertex -15.1772 -17.9863 3.2
      vertex -14.9865 -17.8961 3.2
    endloop
  endfacet
  facet normal -0.427577 0.903979 0
    outer loop
      vertex -15.1772 -17.9863 3.2
      vertex -14.9865 -17.8961 0
      vertex -15.1772 -17.9863 0
    endloop
  endfacet
  facet normal -0.741075 0.671422 0
    outer loop
      vertex -14.4797 -17.5203 0
      vertex -14.338 -17.3639 3.2
      vertex -14.338 -17.3639 0
    endloop
  endfacet
  facet normal -0.741075 0.671422 0
    outer loop
      vertex -14.338 -17.3639 3.2
      vertex -14.4797 -17.5203 0
      vertex -14.4797 -17.5203 3.2
    endloop
  endfacet
  facet normal -0.595896 0.803061 0
    outer loop
      vertex -14.6361 -17.662 0
      vertex -14.8055 -17.7877 3.2
      vertex -14.6361 -17.662 3.2
    endloop
  endfacet
  facet normal -0.595896 0.803061 0
    outer loop
      vertex -14.8055 -17.7877 3.2
      vertex -14.6361 -17.662 0
      vertex -14.8055 -17.7877 0
    endloop
  endfacet
  facet normal -0.857911 0.513799 0
    outer loop
      vertex -14.2123 -17.1945 0
      vertex -14.1039 -17.0135 3.2
      vertex -14.1039 -17.0135 0
    endloop
  endfacet
  facet normal -0.857911 0.513799 0
    outer loop
      vertex -14.1039 -17.0135 3.2
      vertex -14.2123 -17.1945 0
      vertex -14.2123 -17.1945 3.2
    endloop
  endfacet
  facet normal 0.243093 0.970003 -0
    outer loop
      vertex -16.4194 -18.1087 0
      vertex -16.6241 -18.0574 3.2
      vertex -16.4194 -18.1087 3.2
    endloop
  endfacet
  facet normal 0.243093 0.970003 0
    outer loop
      vertex -16.6241 -18.0574 3.2
      vertex -16.4194 -18.1087 0
      vertex -16.6241 -18.0574 0
    endloop
  endfacet
  facet normal 0.595896 0.803061 -0
    outer loop
      vertex -17.1945 -17.7877 0
      vertex -17.3639 -17.662 3.2
      vertex -17.1945 -17.7877 3.2
    endloop
  endfacet
  facet normal 0.595896 0.803061 0
    outer loop
      vertex -17.3639 -17.662 3.2
      vertex -17.1945 -17.7877 0
      vertex -17.3639 -17.662 0
    endloop
  endfacet
  facet normal 0.941538 0.336907 0
    outer loop
      vertex -17.9863 -16.8228 3.2
      vertex -18.0574 -16.6241 0
      vertex -18.0574 -16.6241 3.2
    endloop
  endfacet
  facet normal 0.941538 0.336907 0
    outer loop
      vertex -18.0574 -16.6241 0
      vertex -17.9863 -16.8228 3.2
      vertex -17.9863 -16.8228 0
    endloop
  endfacet
  facet normal 0.989216 0.146463 0
    outer loop
      vertex -18.1087 -16.4194 3.2
      vertex -18.1396 -16.2107 0
      vertex -18.1396 -16.2107 3.2
    endloop
  endfacet
  facet normal 0.989216 0.146463 0
    outer loop
      vertex -18.1396 -16.2107 0
      vertex -18.1087 -16.4194 3.2
      vertex -18.1087 -16.4194 0
    endloop
  endfacet
  facet normal 0.857911 0.513799 0
    outer loop
      vertex -17.7877 -17.1945 3.2
      vertex -17.8961 -17.0135 0
      vertex -17.8961 -17.0135 3.2
    endloop
  endfacet
  facet normal 0.857911 0.513799 0
    outer loop
      vertex -17.8961 -17.0135 0
      vertex -17.7877 -17.1945 3.2
      vertex -17.7877 -17.1945 0
    endloop
  endfacet
  facet normal 0.741075 0.671422 0
    outer loop
      vertex -17.5203 -17.5203 3.2
      vertex -17.662 -17.3639 0
      vertex -17.662 -17.3639 3.2
    endloop
  endfacet
  facet normal 0.741075 0.671422 0
    outer loop
      vertex -17.662 -17.3639 0
      vertex -17.5203 -17.5203 3.2
      vertex -17.5203 -17.5203 0
    endloop
  endfacet
  facet normal -0.243093 0.970003 0
    outer loop
      vertex -15.3759 -18.0574 0
      vertex -15.5806 -18.1087 3.2
      vertex -15.3759 -18.0574 3.2
    endloop
  endfacet
  facet normal -0.243093 0.970003 0
    outer loop
      vertex -15.5806 -18.1087 3.2
      vertex -15.3759 -18.0574 0
      vertex -15.5806 -18.1087 0
    endloop
  endfacet
  facet normal -0.67161 -0.740905 0
    outer loop
      vertex -13.3038 -12.7147 3.2
      vertex -12.9948 -12.9948 5
      vertex -13.3038 -12.7147 5
    endloop
  endfacet
  facet normal -0.67161 -0.740905 -0
    outer loop
      vertex -12.9948 -12.9948 5
      vertex -13.3038 -12.7147 3.2
      vertex -12.9948 -12.9948 3.2
    endloop
  endfacet
  facet normal 0.336868 -0.941552 0
    outer loop
      vertex -17.6264 -12.0735 3.2
      vertex -17.2337 -11.933 5
      vertex -17.6264 -12.0735 5
    endloop
  endfacet
  facet normal 0.336868 -0.941552 0
    outer loop
      vertex -17.2337 -11.933 5
      vertex -17.6264 -12.0735 3.2
      vertex -17.2337 -11.933 3.2
    endloop
  endfacet
  facet normal 0.903996 -0.42754 0
    outer loop
      vertex -19.9265 -14.3736 5
      vertex -19.7482 -13.9966 3.2
      vertex -19.7482 -13.9966 5
    endloop
  endfacet
  facet normal 0.903996 -0.42754 0
    outer loop
      vertex -19.7482 -13.9966 3.2
      vertex -19.9265 -14.3736 5
      vertex -19.9265 -14.3736 3.2
    endloop
  endfacet
  facet normal -0.903996 0.42754 0
    outer loop
      vertex -12.2518 -18.0034 3.2
      vertex -12.0735 -17.6264 5
      vertex -12.0735 -17.6264 3.2
    endloop
  endfacet
  facet normal -0.903996 0.42754 0
    outer loop
      vertex -12.0735 -17.6264 5
      vertex -12.2518 -18.0034 3.2
      vertex -12.2518 -18.0034 5
    endloop
  endfacet
  facet normal 0.42754 0.903996 -0
    outer loop
      vertex -17.6264 -19.9265 3.2
      vertex -18.0034 -19.7482 5
      vertex -17.6264 -19.9265 5
    endloop
  endfacet
  facet normal 0.42754 0.903996 0
    outer loop
      vertex -18.0034 -19.7482 5
      vertex -17.6264 -19.9265 3.2
      vertex -18.0034 -19.7482 3.2
    endloop
  endfacet
  facet normal -0.903996 -0.42754 0
    outer loop
      vertex -12.0735 -14.3736 3.2
      vertex -12.2518 -13.9966 5
      vertex -12.2518 -13.9966 3.2
    endloop
  endfacet
  facet normal -0.903996 -0.42754 0
    outer loop
      vertex -12.2518 -13.9966 5
      vertex -12.0735 -14.3736 3.2
      vertex -12.0735 -14.3736 5
    endloop
  endfacet
  facet normal -0.857683 -0.514178 0
    outer loop
      vertex -12.2518 -13.9966 3.2
      vertex -12.4663 -13.6388 5
      vertex -12.4663 -13.6388 3.2
    endloop
  endfacet
  facet normal -0.857683 -0.514178 0
    outer loop
      vertex -12.4663 -13.6388 5
      vertex -12.2518 -13.9966 3.2
      vertex -12.2518 -13.9966 5
    endloop
  endfacet
  facet normal -0.42754 -0.903996 0
    outer loop
      vertex -14.3736 -12.0735 3.2
      vertex -13.9966 -12.2518 5
      vertex -14.3736 -12.0735 5
    endloop
  endfacet
  facet normal -0.42754 -0.903996 -0
    outer loop
      vertex -13.9966 -12.2518 5
      vertex -14.3736 -12.0735 3.2
      vertex -13.9966 -12.2518 3.2
    endloop
  endfacet
  facet normal -0.146757 -0.989173 0
    outer loop
      vertex -15.5834 -11.7705 3.2
      vertex -15.1709 -11.8317 5
      vertex -15.5834 -11.7705 5
    endloop
  endfacet
  facet normal -0.146757 -0.989173 -0
    outer loop
      vertex -15.1709 -11.8317 5
      vertex -15.5834 -11.7705 3.2
      vertex -15.1709 -11.8317 3.2
    endloop
  endfacet
  facet normal 0.989173 -0.146757 0
    outer loop
      vertex -20.2295 -15.5834 5
      vertex -20.1683 -15.1709 3.2
      vertex -20.1683 -15.1709 5
    endloop
  endfacet
  facet normal 0.989173 -0.146757 0
    outer loop
      vertex -20.1683 -15.1709 3.2
      vertex -20.2295 -15.5834 5
      vertex -20.2295 -15.5834 3.2
    endloop
  endfacet
  facet normal 0.740905 -0.67161 0
    outer loop
      vertex -19.2853 -13.3038 5
      vertex -19.0052 -12.9948 3.2
      vertex -19.0052 -12.9948 5
    endloop
  endfacet
  facet normal 0.740905 -0.67161 0
    outer loop
      vertex -19.0052 -12.9948 3.2
      vertex -19.2853 -13.3038 5
      vertex -19.2853 -13.3038 3.2
    endloop
  endfacet
  facet normal 0.146757 -0.989173 0
    outer loop
      vertex -16.8291 -11.8317 3.2
      vertex -16.4166 -11.7705 5
      vertex -16.8291 -11.8317 5
    endloop
  endfacet
  facet normal 0.146757 -0.989173 0
    outer loop
      vertex -16.4166 -11.7705 5
      vertex -16.8291 -11.8317 3.2
      vertex -16.4166 -11.7705 3.2
    endloop
  endfacet
  facet normal -0.998791 0.0491484 0
    outer loop
      vertex -11.7705 -16.4166 3.2
      vertex -11.75 -16 5
      vertex -11.75 -16 3.2
    endloop
  endfacet
  facet normal -0.998791 0.0491484 0
    outer loop
      vertex -11.75 -16 5
      vertex -11.7705 -16.4166 3.2
      vertex -11.7705 -16.4166 5
    endloop
  endfacet
  facet normal -0.740905 0.67161 0
    outer loop
      vertex -12.9948 -19.0052 3.2
      vertex -12.7147 -18.6962 5
      vertex -12.7147 -18.6962 3.2
    endloop
  endfacet
  facet normal -0.740905 0.67161 0
    outer loop
      vertex -12.7147 -18.6962 5
      vertex -12.9948 -19.0052 3.2
      vertex -12.9948 -19.0052 5
    endloop
  endfacet
  facet normal 0.146757 0.989173 -0
    outer loop
      vertex -16.4166 -20.2295 3.2
      vertex -16.8291 -20.1683 5
      vertex -16.4166 -20.2295 5
    endloop
  endfacet
  facet normal 0.146757 0.989173 0
    outer loop
      vertex -16.8291 -20.1683 5
      vertex -16.4166 -20.2295 3.2
      vertex -16.8291 -20.1683 3.2
    endloop
  endfacet
  facet normal 0.67161 0.740905 -0
    outer loop
      vertex -18.6962 -19.2853 3.2
      vertex -19.0052 -19.0052 5
      vertex -18.6962 -19.2853 5
    endloop
  endfacet
  facet normal 0.67161 0.740905 0
    outer loop
      vertex -19.0052 -19.0052 5
      vertex -18.6962 -19.2853 3.2
      vertex -19.0052 -19.0052 3.2
    endloop
  endfacet
  facet normal 0.803268 0.595617 0
    outer loop
      vertex -19.2853 -18.6962 5
      vertex -19.5337 -18.3612 3.2
      vertex -19.5337 -18.3612 5
    endloop
  endfacet
  facet normal 0.803268 0.595617 0
    outer loop
      vertex -19.5337 -18.3612 3.2
      vertex -19.2853 -18.6962 5
      vertex -19.2853 -18.6962 3.2
    endloop
  endfacet
  facet normal -0.989173 -0.146757 0
    outer loop
      vertex -11.7705 -15.5834 3.2
      vertex -11.8317 -15.1709 5
      vertex -11.8317 -15.1709 3.2
    endloop
  endfacet
  facet normal -0.989173 -0.146757 0
    outer loop
      vertex -11.8317 -15.1709 5
      vertex -11.7705 -15.5834 3.2
      vertex -11.7705 -15.5834 5
    endloop
  endfacet
  facet normal -0.970058 -0.242874 0
    outer loop
      vertex -11.8317 -15.1709 3.2
      vertex -11.933 -14.7663 5
      vertex -11.933 -14.7663 3.2
    endloop
  endfacet
  facet normal -0.970058 -0.242874 0
    outer loop
      vertex -11.933 -14.7663 5
      vertex -11.8317 -15.1709 3.2
      vertex -11.8317 -15.1709 5
    endloop
  endfacet
  facet normal -0.941552 -0.336868 0
    outer loop
      vertex -11.933 -14.7663 3.2
      vertex -12.0735 -14.3736 5
      vertex -12.0735 -14.3736 3.2
    endloop
  endfacet
  facet normal -0.941552 -0.336868 0
    outer loop
      vertex -12.0735 -14.3736 5
      vertex -11.933 -14.7663 3.2
      vertex -11.933 -14.7663 5
    endloop
  endfacet
  facet normal -0.803268 -0.595617 0
    outer loop
      vertex -12.4663 -13.6388 3.2
      vertex -12.7147 -13.3038 5
      vertex -12.7147 -13.3038 3.2
    endloop
  endfacet
  facet normal -0.803268 -0.595617 0
    outer loop
      vertex -12.7147 -13.3038 5
      vertex -12.4663 -13.6388 3.2
      vertex -12.4663 -13.6388 5
    endloop
  endfacet
  facet normal -0.740905 -0.67161 0
    outer loop
      vertex -12.7147 -13.3038 3.2
      vertex -12.9948 -12.9948 5
      vertex -12.9948 -12.9948 3.2
    endloop
  endfacet
  facet normal -0.740905 -0.67161 0
    outer loop
      vertex -12.9948 -12.9948 5
      vertex -12.7147 -13.3038 3.2
      vertex -12.7147 -13.3038 5
    endloop
  endfacet
  facet normal -0.595617 -0.803268 0
    outer loop
      vertex -13.6388 -12.4663 3.2
      vertex -13.3038 -12.7147 5
      vertex -13.6388 -12.4663 5
    endloop
  endfacet
  facet normal -0.595617 -0.803268 -0
    outer loop
      vertex -13.3038 -12.7147 5
      vertex -13.6388 -12.4663 3.2
      vertex -13.3038 -12.7147 3.2
    endloop
  endfacet
  facet normal -0.0491484 -0.998791 0
    outer loop
      vertex -16 -11.75 3.2
      vertex -15.5834 -11.7705 5
      vertex -16 -11.75 5
    endloop
  endfacet
  facet normal -0.0491484 -0.998791 -0
    outer loop
      vertex -15.5834 -11.7705 5
      vertex -16 -11.75 3.2
      vertex -15.5834 -11.7705 3.2
    endloop
  endfacet
  facet normal -0.514178 -0.857683 0
    outer loop
      vertex -13.9966 -12.2518 3.2
      vertex -13.6388 -12.4663 5
      vertex -13.9966 -12.2518 5
    endloop
  endfacet
  facet normal -0.514178 -0.857683 -0
    outer loop
      vertex -13.6388 -12.4663 5
      vertex -13.9966 -12.2518 3.2
      vertex -13.6388 -12.4663 3.2
    endloop
  endfacet
  facet normal -0.336868 -0.941552 0
    outer loop
      vertex -14.7663 -11.933 3.2
      vertex -14.3736 -12.0735 5
      vertex -14.7663 -11.933 5
    endloop
  endfacet
  facet normal -0.336868 -0.941552 -0
    outer loop
      vertex -14.3736 -12.0735 5
      vertex -14.7663 -11.933 3.2
      vertex -14.3736 -12.0735 3.2
    endloop
  endfacet
  facet normal -0.242874 -0.970058 0
    outer loop
      vertex -15.1709 -11.8317 3.2
      vertex -14.7663 -11.933 5
      vertex -15.1709 -11.8317 5
    endloop
  endfacet
  facet normal -0.242874 -0.970058 -0
    outer loop
      vertex -14.7663 -11.933 5
      vertex -15.1709 -11.8317 3.2
      vertex -14.7663 -11.933 3.2
    endloop
  endfacet
  facet normal 0.998791 -0.0491484 0
    outer loop
      vertex -20.25 -16 5
      vertex -20.2295 -15.5834 3.2
      vertex -20.2295 -15.5834 5
    endloop
  endfacet
  facet normal 0.998791 -0.0491484 0
    outer loop
      vertex -20.2295 -15.5834 3.2
      vertex -20.25 -16 5
      vertex -20.25 -16 3.2
    endloop
  endfacet
  facet normal 0.941552 -0.336868 0
    outer loop
      vertex -20.067 -14.7663 5
      vertex -19.9265 -14.3736 3.2
      vertex -19.9265 -14.3736 5
    endloop
  endfacet
  facet normal 0.941552 -0.336868 0
    outer loop
      vertex -19.9265 -14.3736 3.2
      vertex -20.067 -14.7663 5
      vertex -20.067 -14.7663 3.2
    endloop
  endfacet
  facet normal 0.970058 -0.242874 0
    outer loop
      vertex -20.1683 -15.1709 5
      vertex -20.067 -14.7663 3.2
      vertex -20.067 -14.7663 5
    endloop
  endfacet
  facet normal 0.970058 -0.242874 0
    outer loop
      vertex -20.067 -14.7663 3.2
      vertex -20.1683 -15.1709 5
      vertex -20.1683 -15.1709 3.2
    endloop
  endfacet
  facet normal 0.857683 -0.514178 0
    outer loop
      vertex -19.7482 -13.9966 5
      vertex -19.5337 -13.6388 3.2
      vertex -19.5337 -13.6388 5
    endloop
  endfacet
  facet normal 0.857683 -0.514178 0
    outer loop
      vertex -19.5337 -13.6388 3.2
      vertex -19.7482 -13.9966 5
      vertex -19.7482 -13.9966 3.2
    endloop
  endfacet
  facet normal 0.803268 -0.595617 0
    outer loop
      vertex -19.5337 -13.6388 5
      vertex -19.2853 -13.3038 3.2
      vertex -19.2853 -13.3038 5
    endloop
  endfacet
  facet normal 0.803268 -0.595617 0
    outer loop
      vertex -19.2853 -13.3038 3.2
      vertex -19.5337 -13.6388 5
      vertex -19.5337 -13.6388 3.2
    endloop
  endfacet
  facet normal 0.242874 -0.970058 0
    outer loop
      vertex -17.2337 -11.933 3.2
      vertex -16.8291 -11.8317 5
      vertex -17.2337 -11.933 5
    endloop
  endfacet
  facet normal 0.242874 -0.970058 0
    outer loop
      vertex -16.8291 -11.8317 5
      vertex -17.2337 -11.933 3.2
      vertex -16.8291 -11.8317 3.2
    endloop
  endfacet
  facet normal 0.0491484 -0.998791 0
    outer loop
      vertex -16.4166 -11.7705 3.2
      vertex -16 -11.75 5
      vertex -16.4166 -11.7705 5
    endloop
  endfacet
  facet normal 0.0491484 -0.998791 0
    outer loop
      vertex -16 -11.75 5
      vertex -16.4166 -11.7705 3.2
      vertex -16 -11.75 3.2
    endloop
  endfacet
  facet normal 0.514178 -0.857683 0
    outer loop
      vertex -18.3612 -12.4663 3.2
      vertex -18.0034 -12.2518 5
      vertex -18.3612 -12.4663 5
    endloop
  endfacet
  facet normal 0.514178 -0.857683 0
    outer loop
      vertex -18.0034 -12.2518 5
      vertex -18.3612 -12.4663 3.2
      vertex -18.0034 -12.2518 3.2
    endloop
  endfacet
  facet normal 0.595617 -0.803268 0
    outer loop
      vertex -18.6962 -12.7147 3.2
      vertex -18.3612 -12.4663 5
      vertex -18.6962 -12.7147 5
    endloop
  endfacet
  facet normal 0.595617 -0.803268 0
    outer loop
      vertex -18.3612 -12.4663 5
      vertex -18.6962 -12.7147 3.2
      vertex -18.3612 -12.4663 3.2
    endloop
  endfacet
  facet normal 0.42754 -0.903996 0
    outer loop
      vertex -18.0034 -12.2518 3.2
      vertex -17.6264 -12.0735 5
      vertex -18.0034 -12.2518 5
    endloop
  endfacet
  facet normal 0.42754 -0.903996 0
    outer loop
      vertex -17.6264 -12.0735 5
      vertex -18.0034 -12.2518 3.2
      vertex -17.6264 -12.0735 3.2
    endloop
  endfacet
  facet normal 0.67161 -0.740905 0
    outer loop
      vertex -19.0052 -12.9948 3.2
      vertex -18.6962 -12.7147 5
      vertex -19.0052 -12.9948 5
    endloop
  endfacet
  facet normal 0.67161 -0.740905 0
    outer loop
      vertex -18.6962 -12.7147 5
      vertex -19.0052 -12.9948 3.2
      vertex -18.6962 -12.7147 3.2
    endloop
  endfacet
  facet normal -0.998791 -0.0491484 0
    outer loop
      vertex -11.75 -16 3.2
      vertex -11.7705 -15.5834 5
      vertex -11.7705 -15.5834 3.2
    endloop
  endfacet
  facet normal -0.998791 -0.0491484 0
    outer loop
      vertex -11.7705 -15.5834 5
      vertex -11.75 -16 3.2
      vertex -11.75 -16 5
    endloop
  endfacet
  facet normal -0.0491484 0.998791 0
    outer loop
      vertex -15.5834 -20.2295 3.2
      vertex -16 -20.25 5
      vertex -15.5834 -20.2295 5
    endloop
  endfacet
  facet normal -0.0491484 0.998791 0
    outer loop
      vertex -16 -20.25 5
      vertex -15.5834 -20.2295 3.2
      vertex -16 -20.25 3.2
    endloop
  endfacet
  facet normal -0.146757 0.989173 0
    outer loop
      vertex -15.1709 -20.1683 3.2
      vertex -15.5834 -20.2295 5
      vertex -15.1709 -20.1683 5
    endloop
  endfacet
  facet normal -0.146757 0.989173 0
    outer loop
      vertex -15.5834 -20.2295 5
      vertex -15.1709 -20.1683 3.2
      vertex -15.5834 -20.2295 3.2
    endloop
  endfacet
  facet normal -0.242874 0.970058 0
    outer loop
      vertex -14.7663 -20.067 3.2
      vertex -15.1709 -20.1683 5
      vertex -14.7663 -20.067 5
    endloop
  endfacet
  facet normal -0.242874 0.970058 0
    outer loop
      vertex -15.1709 -20.1683 5
      vertex -14.7663 -20.067 3.2
      vertex -15.1709 -20.1683 3.2
    endloop
  endfacet
  facet normal -0.595617 0.803268 0
    outer loop
      vertex -13.3038 -19.2853 3.2
      vertex -13.6388 -19.5337 5
      vertex -13.3038 -19.2853 5
    endloop
  endfacet
  facet normal -0.595617 0.803268 0
    outer loop
      vertex -13.6388 -19.5337 5
      vertex -13.3038 -19.2853 3.2
      vertex -13.6388 -19.5337 3.2
    endloop
  endfacet
  facet normal -0.42754 0.903996 0
    outer loop
      vertex -13.9966 -19.7482 3.2
      vertex -14.3736 -19.9265 5
      vertex -13.9966 -19.7482 5
    endloop
  endfacet
  facet normal -0.42754 0.903996 0
    outer loop
      vertex -14.3736 -19.9265 5
      vertex -13.9966 -19.7482 3.2
      vertex -14.3736 -19.9265 3.2
    endloop
  endfacet
  facet normal -0.857683 0.514178 0
    outer loop
      vertex -12.4663 -18.3612 3.2
      vertex -12.2518 -18.0034 5
      vertex -12.2518 -18.0034 3.2
    endloop
  endfacet
  facet normal -0.857683 0.514178 0
    outer loop
      vertex -12.2518 -18.0034 5
      vertex -12.4663 -18.3612 3.2
      vertex -12.4663 -18.3612 5
    endloop
  endfacet
  facet normal 0.0491484 0.998791 -0
    outer loop
      vertex -16 -20.25 3.2
      vertex -16.4166 -20.2295 5
      vertex -16 -20.25 5
    endloop
  endfacet
  facet normal 0.0491484 0.998791 0
    outer loop
      vertex -16.4166 -20.2295 5
      vertex -16 -20.25 3.2
      vertex -16.4166 -20.2295 3.2
    endloop
  endfacet
  facet normal 0.336868 0.941552 -0
    outer loop
      vertex -17.2337 -20.067 3.2
      vertex -17.6264 -19.9265 5
      vertex -17.2337 -20.067 5
    endloop
  endfacet
  facet normal 0.336868 0.941552 0
    outer loop
      vertex -17.6264 -19.9265 5
      vertex -17.2337 -20.067 3.2
      vertex -17.6264 -19.9265 3.2
    endloop
  endfacet
  facet normal 0.514178 0.857683 -0
    outer loop
      vertex -18.0034 -19.7482 3.2
      vertex -18.3612 -19.5337 5
      vertex -18.0034 -19.7482 5
    endloop
  endfacet
  facet normal 0.514178 0.857683 0
    outer loop
      vertex -18.3612 -19.5337 5
      vertex -18.0034 -19.7482 3.2
      vertex -18.3612 -19.5337 3.2
    endloop
  endfacet
  facet normal 0.998791 0.0491484 0
    outer loop
      vertex -20.2295 -16.4166 5
      vertex -20.25 -16 3.2
      vertex -20.25 -16 5
    endloop
  endfacet
  facet normal 0.998791 0.0491484 0
    outer loop
      vertex -20.25 -16 3.2
      vertex -20.2295 -16.4166 5
      vertex -20.2295 -16.4166 3.2
    endloop
  endfacet
  facet normal 0.970058 0.242874 0
    outer loop
      vertex -20.067 -17.2337 5
      vertex -20.1683 -16.8291 3.2
      vertex -20.1683 -16.8291 5
    endloop
  endfacet
  facet normal 0.970058 0.242874 0
    outer loop
      vertex -20.1683 -16.8291 3.2
      vertex -20.067 -17.2337 5
      vertex -20.067 -17.2337 3.2
    endloop
  endfacet
  facet normal 0 0 1
    outer loop
      vertex -13.85 -16 3.2
      vertex -11.75 -16 3.2
      vertex -11.7705 -15.5834 3.2
    endloop
  endfacet
  facet normal 0 0 1
    outer loop
      vertex -13.8604 -15.7893 3.2
      vertex -11.7705 -15.5834 3.2
      vertex -11.8317 -15.1709 3.2
    endloop
  endfacet
  facet normal 0 0 1
    outer loop
      vertex -11.75 -16 3.2
      vertex -13.85 -16 3.2
      vertex -11.7705 -16.4166 3.2
    endloop
  endfacet
  facet normal 0 0 1
    outer loop
      vertex -13.8913 -15.5806 3.2
      vertex -11.8317 -15.1709 3.2
      vertex -11.933 -14.7663 3.2
    endloop
  endfacet
  facet normal -0 0 1
    outer loop
      vertex -13.8604 -16.2107 3.2
      vertex -11.7705 -16.4166 3.2
      vertex -13.85 -16 3.2
    endloop
  endfacet
  facet normal 0 0 1
    outer loop
      vertex -13.9426 -15.3759 3.2
      vertex -11.933 -14.7663 3.2
      vertex -12.0735 -14.3736 3.2
    endloop
  endfacet
  facet normal 0 0 1
    outer loop
      vertex -11.7705 -16.4166 3.2
      vertex -13.8604 -16.2107 3.2
      vertex -11.8317 -16.8291 3.2
    endloop
  endfacet
  facet normal 0 0 1
    outer loop
      vertex -14.0137 -15.1772 3.2
      vertex -12.0735 -14.3736 3.2
      vertex -12.2518 -13.9966 3.2
    endloop
  endfacet
  facet normal -0 0 1
    outer loop
      vertex -13.8913 -16.4194 3.2
      vertex -11.8317 -16.8291 3.2
      vertex -13.8604 -16.2107 3.2
    endloop
  endfacet
  facet normal 0 0 1
    outer loop
      vertex -14.1039 -14.9865 3.2
      vertex -12.2518 -13.9966 3.2
      vertex -12.4663 -13.6388 3.2
    endloop
  endfacet
  facet normal 0 0 1
    outer loop
      vertex -11.8317 -16.8291 3.2
      vertex -13.8913 -16.4194 3.2
      vertex -11.933 -17.2337 3.2
    endloop
  endfacet
  facet normal 0 0 1
    outer loop
      vertex -14.2123 -14.8055 3.2
      vertex -12.4663 -13.6388 3.2
      vertex -12.7147 -13.3038 3.2
    endloop
  endfacet
  facet normal -0 0 1
    outer loop
      vertex -13.9426 -16.6241 3.2
      vertex -11.933 -17.2337 3.2
      vertex -13.8913 -16.4194 3.2
    endloop
  endfacet
  facet normal 0 0 1
    outer loop
      vertex -14.338 -14.6361 3.2
      vertex -12.7147 -13.3038 3.2
      vertex -12.9948 -12.9948 3.2
    endloop
  endfacet
  facet normal 0 0 1
    outer loop
      vertex -11.933 -17.2337 3.2
      vertex -13.9426 -16.6241 3.2
      vertex -12.0735 -17.6264 3.2
    endloop
  endfacet
  facet normal 0 0 1
    outer loop
      vertex -14.4797 -14.4797 3.2
      vertex -12.9948 -12.9948 3.2
      vertex -13.3038 -12.7147 3.2
    endloop
  endfacet
  facet normal -0 0 1
    outer loop
      vertex -14.0137 -16.8228 3.2
      vertex -12.0735 -17.6264 3.2
      vertex -13.9426 -16.6241 3.2
    endloop
  endfacet
  facet normal 0 0 1
    outer loop
      vertex -14.6361 -14.338 3.2
      vertex -13.3038 -12.7147 3.2
      vertex -13.6388 -12.4663 3.2
    endloop
  endfacet
  facet normal 0 0 1
    outer loop
      vertex -12.0735 -17.6264 3.2
      vertex -14.0137 -16.8228 3.2
      vertex -12.2518 -18.0034 3.2
    endloop
  endfacet
  facet normal -0 0 1
    outer loop
      vertex -14.1039 -17.0135 3.2
      vertex -12.2518 -18.0034 3.2
      vertex -14.0137 -16.8228 3.2
    endloop
  endfacet
  facet normal 0 0 1
    outer loop
      vertex -11.7705 -15.5834 3.2
      vertex -13.8604 -15.7893 3.2
      vertex -13.85 -16 3.2
    endloop
  endfacet
  facet normal 0 0 1
    outer loop
      vertex -11.8317 -15.1709 3.2
      vertex -13.8913 -15.5806 3.2
      vertex -13.8604 -15.7893 3.2
    endloop
  endfacet
  facet normal 0 0 1
    outer loop
      vertex -11.933 -14.7663 3.2
      vertex -13.9426 -15.3759 3.2
      vertex -13.8913 -15.5806 3.2
    endloop
  endfacet
  facet normal 0 0 1
    outer loop
      vertex -14.8055 -14.2123 3.2
      vertex -13.6388 -12.4663 3.2
      vertex -13.9966 -12.2518 3.2
    endloop
  endfacet
  facet normal 0 0 1
    outer loop
      vertex -12.0735 -14.3736 3.2
      vertex -14.0137 -15.1772 3.2
      vertex -13.9426 -15.3759 3.2
    endloop
  endfacet
  facet normal 0 0 1
    outer loop
      vertex -12.2518 -13.9966 3.2
      vertex -14.1039 -14.9865 3.2
      vertex -14.0137 -15.1772 3.2
    endloop
  endfacet
  facet normal 0 0 1
    outer loop
      vertex -12.4663 -13.6388 3.2
      vertex -14.2123 -14.8055 3.2
      vertex -14.1039 -14.9865 3.2
    endloop
  endfacet
  facet normal 0 0 1
    outer loop
      vertex -12.7147 -13.3038 3.2
      vertex -14.338 -14.6361 3.2
      vertex -14.2123 -14.8055 3.2
    endloop
  endfacet
  facet normal 0 0 1
    outer loop
      vertex -14.9865 -14.1039 3.2
      vertex -13.9966 -12.2518 3.2
      vertex -14.3736 -12.0735 3.2
    endloop
  endfacet
  facet normal 0 0 1
    outer loop
      vertex -12.9948 -12.9948 3.2
      vertex -14.4797 -14.4797 3.2
      vertex -14.338 -14.6361 3.2
    endloop
  endfacet
  facet normal 0 0 1
    outer loop
      vertex -13.3038 -12.7147 3.2
      vertex -14.6361 -14.338 3.2
      vertex -14.4797 -14.4797 3.2
    endloop
  endfacet
  facet normal 0 0 1
    outer loop
      vertex -15.1772 -14.0137 3.2
      vertex -14.3736 -12.0735 3.2
      vertex -14.7663 -11.933 3.2
    endloop
  endfacet
  facet normal 0 0 1
    outer loop
      vertex -13.6388 -12.4663 3.2
      vertex -14.8055 -14.2123 3.2
      vertex -14.6361 -14.338 3.2
    endloop
  endfacet
  facet normal 0 0 1
    outer loop
      vertex -13.9966 -12.2518 3.2
      vertex -14.9865 -14.1039 3.2
      vertex -14.8055 -14.2123 3.2
    endloop
  endfacet
  facet normal 0 0 1
    outer loop
      vertex -15.3759 -13.9426 3.2
      vertex -14.7663 -11.933 3.2
      vertex -15.1709 -11.8317 3.2
    endloop
  endfacet
  facet normal 0 0 1
    outer loop
      vertex -14.3736 -12.0735 3.2
      vertex -15.1772 -14.0137 3.2
      vertex -14.9865 -14.1039 3.2
    endloop
  endfacet
  facet normal 0 0 1
    outer loop
      vertex -14.7663 -11.933 3.2
      vertex -15.3759 -13.9426 3.2
      vertex -15.1772 -14.0137 3.2
    endloop
  endfacet
  facet normal 0 0 1
    outer loop
      vertex -15.1709 -11.8317 3.2
      vertex -15.5806 -13.8913 3.2
      vertex -15.3759 -13.9426 3.2
    endloop
  endfacet
  facet normal 0 0 1
    outer loop
      vertex -15.5834 -11.7705 3.2
      vertex -15.5806 -13.8913 3.2
      vertex -15.1709 -11.8317 3.2
    endloop
  endfacet
  facet normal 0 0 1
    outer loop
      vertex -15.5834 -11.7705 3.2
      vertex -15.7893 -13.8604 3.2
      vertex -15.5806 -13.8913 3.2
    endloop
  endfacet
  facet normal 0 0 1
    outer loop
      vertex -16 -11.75 3.2
      vertex -15.7893 -13.8604 3.2
      vertex -15.5834 -11.7705 3.2
    endloop
  endfacet
  facet normal 0 0 1
    outer loop
      vertex -16 -11.75 3.2
      vertex -16 -13.85 3.2
      vertex -15.7893 -13.8604 3.2
    endloop
  endfacet
  facet normal 0 0 1
    outer loop
      vertex -16 -11.75 3.2
      vertex -16.2107 -13.8604 3.2
      vertex -16 -13.85 3.2
    endloop
  endfacet
  facet normal -0 0 1
    outer loop
      vertex -16.4166 -11.7705 3.2
      vertex -16.2107 -13.8604 3.2
      vertex -16 -11.75 3.2
    endloop
  endfacet
  facet normal 0 0 1
    outer loop
      vertex -16.4166 -11.7705 3.2
      vertex -16.4194 -13.8913 3.2
      vertex -16.2107 -13.8604 3.2
    endloop
  endfacet
  facet normal -0 0 1
    outer loop
      vertex -16.8291 -11.8317 3.2
      vertex -16.4194 -13.8913 3.2
      vertex -16.4166 -11.7705 3.2
    endloop
  endfacet
  facet normal 0 0 1
    outer loop
      vertex -16.4194 -13.8913 3.2
      vertex -16.8291 -11.8317 3.2
      vertex -16.6241 -13.9426 3.2
    endloop
  endfacet
  facet normal -0 0 1
    outer loop
      vertex -17.2337 -11.933 3.2
      vertex -16.6241 -13.9426 3.2
      vertex -16.8291 -11.8317 3.2
    endloop
  endfacet
  facet normal 0 0 1
    outer loop
      vertex -16.6241 -13.9426 3.2
      vertex -17.2337 -11.933 3.2
      vertex -16.8228 -14.0137 3.2
    endloop
  endfacet
  facet normal -0 0 1
    outer loop
      vertex -17.6264 -12.0735 3.2
      vertex -16.8228 -14.0137 3.2
      vertex -17.2337 -11.933 3.2
    endloop
  endfacet
  facet normal 0 0 1
    outer loop
      vertex -16.8228 -14.0137 3.2
      vertex -17.6264 -12.0735 3.2
      vertex -17.0135 -14.1039 3.2
    endloop
  endfacet
  facet normal -0 0 1
    outer loop
      vertex -18.0034 -12.2518 3.2
      vertex -17.0135 -14.1039 3.2
      vertex -17.6264 -12.0735 3.2
    endloop
  endfacet
  facet normal 0 0 1
    outer loop
      vertex -17.0135 -14.1039 3.2
      vertex -18.0034 -12.2518 3.2
      vertex -17.1945 -14.2123 3.2
    endloop
  endfacet
  facet normal -0 0 1
    outer loop
      vertex -18.3612 -12.4663 3.2
      vertex -17.1945 -14.2123 3.2
      vertex -18.0034 -12.2518 3.2
    endloop
  endfacet
  facet normal 0 0 1
    outer loop
      vertex -17.1945 -14.2123 3.2
      vertex -18.3612 -12.4663 3.2
      vertex -17.3639 -14.338 3.2
    endloop
  endfacet
  facet normal -0 0 1
    outer loop
      vertex -18.6962 -12.7147 3.2
      vertex -17.3639 -14.338 3.2
      vertex -18.3612 -12.4663 3.2
    endloop
  endfacet
  facet normal 0 0 1
    outer loop
      vertex -17.3639 -14.338 3.2
      vertex -18.6962 -12.7147 3.2
      vertex -17.5203 -14.4797 3.2
    endloop
  endfacet
  facet normal -0 0 1
    outer loop
      vertex -19.0052 -12.9948 3.2
      vertex -17.5203 -14.4797 3.2
      vertex -18.6962 -12.7147 3.2
    endloop
  endfacet
  facet normal 0 0 1
    outer loop
      vertex -17.5203 -14.4797 3.2
      vertex -19.0052 -12.9948 3.2
      vertex -17.662 -14.6361 3.2
    endloop
  endfacet
  facet normal -0 0 1
    outer loop
      vertex -19.2853 -13.3038 3.2
      vertex -17.662 -14.6361 3.2
      vertex -19.0052 -12.9948 3.2
    endloop
  endfacet
  facet normal 0 0 1
    outer loop
      vertex -17.662 -14.6361 3.2
      vertex -19.2853 -13.3038 3.2
      vertex -17.7877 -14.8055 3.2
    endloop
  endfacet
  facet normal -0 0 1
    outer loop
      vertex -19.5337 -13.6388 3.2
      vertex -17.7877 -14.8055 3.2
      vertex -19.2853 -13.3038 3.2
    endloop
  endfacet
  facet normal 0 0 1
    outer loop
      vertex -17.7877 -14.8055 3.2
      vertex -19.5337 -13.6388 3.2
      vertex -17.8961 -14.9865 3.2
    endloop
  endfacet
  facet normal -0 0 1
    outer loop
      vertex -19.7482 -13.9966 3.2
      vertex -17.8961 -14.9865 3.2
      vertex -19.5337 -13.6388 3.2
    endloop
  endfacet
  facet normal 0 0 1
    outer loop
      vertex -12.2518 -18.0034 3.2
      vertex -14.1039 -17.0135 3.2
      vertex -12.4663 -18.3612 3.2
    endloop
  endfacet
  facet normal -0 0 1
    outer loop
      vertex -14.2123 -17.1945 3.2
      vertex -12.4663 -18.3612 3.2
      vertex -14.1039 -17.0135 3.2
    endloop
  endfacet
  facet normal 0 0 1
    outer loop
      vertex -12.4663 -18.3612 3.2
      vertex -14.2123 -17.1945 3.2
      vertex -12.7147 -18.6962 3.2
    endloop
  endfacet
  facet normal -0 0 1
    outer loop
      vertex -14.338 -17.3639 3.2
      vertex -12.7147 -18.6962 3.2
      vertex -14.2123 -17.1945 3.2
    endloop
  endfacet
  facet normal 0 0 1
    outer loop
      vertex -12.7147 -18.6962 3.2
      vertex -14.338 -17.3639 3.2
      vertex -12.9948 -19.0052 3.2
    endloop
  endfacet
  facet normal -0 0 1
    outer loop
      vertex -14.4797 -17.5203 3.2
      vertex -12.9948 -19.0052 3.2
      vertex -14.338 -17.3639 3.2
    endloop
  endfacet
  facet normal 0 0 1
    outer loop
      vertex -12.9948 -19.0052 3.2
      vertex -14.4797 -17.5203 3.2
      vertex -13.3038 -19.2853 3.2
    endloop
  endfacet
  facet normal -0 0 1
    outer loop
      vertex -14.6361 -17.662 3.2
      vertex -13.3038 -19.2853 3.2
      vertex -14.4797 -17.5203 3.2
    endloop
  endfacet
  facet normal 0 0 1
    outer loop
      vertex -13.3038 -19.2853 3.2
      vertex -14.6361 -17.662 3.2
      vertex -13.6388 -19.5337 3.2
    endloop
  endfacet
  facet normal -0 0 1
    outer loop
      vertex -14.8055 -17.7877 3.2
      vertex -13.6388 -19.5337 3.2
      vertex -14.6361 -17.662 3.2
    endloop
  endfacet
  facet normal 0 0 1
    outer loop
      vertex -13.6388 -19.5337 3.2
      vertex -14.8055 -17.7877 3.2
      vertex -13.9966 -19.7482 3.2
    endloop
  endfacet
  facet normal -0 0 1
    outer loop
      vertex -14.9865 -17.8961 3.2
      vertex -13.9966 -19.7482 3.2
      vertex -14.8055 -17.7877 3.2
    endloop
  endfacet
  facet normal 0 0 1
    outer loop
      vertex -13.9966 -19.7482 3.2
      vertex -14.9865 -17.8961 3.2
      vertex -14.3736 -19.9265 3.2
    endloop
  endfacet
  facet normal -0 0 1
    outer loop
      vertex -15.1772 -17.9863 3.2
      vertex -14.3736 -19.9265 3.2
      vertex -14.9865 -17.8961 3.2
    endloop
  endfacet
  facet normal 0 0 1
    outer loop
      vertex -14.3736 -19.9265 3.2
      vertex -15.1772 -17.9863 3.2
      vertex -14.7663 -20.067 3.2
    endloop
  endfacet
  facet normal -0 0 1
    outer loop
      vertex -15.3759 -18.0574 3.2
      vertex -14.7663 -20.067 3.2
      vertex -15.1772 -17.9863 3.2
    endloop
  endfacet
  facet normal 0 0 1
    outer loop
      vertex -14.7663 -20.067 3.2
      vertex -15.3759 -18.0574 3.2
      vertex -15.1709 -20.1683 3.2
    endloop
  endfacet
  facet normal -0 0 1
    outer loop
      vertex -15.5806 -18.1087 3.2
      vertex -15.1709 -20.1683 3.2
      vertex -15.3759 -18.0574 3.2
    endloop
  endfacet
  facet normal 0 0 1
    outer loop
      vertex -15.5806 -18.1087 3.2
      vertex -15.5834 -20.2295 3.2
      vertex -15.1709 -20.1683 3.2
    endloop
  endfacet
  facet normal -0 0 1
    outer loop
      vertex -15.7893 -18.1396 3.2
      vertex -15.5834 -20.2295 3.2
      vertex -15.5806 -18.1087 3.2
    endloop
  endfacet
  facet normal -0 0 1
    outer loop
      vertex -16 -18.15 3.2
      vertex -15.5834 -20.2295 3.2
      vertex -15.7893 -18.1396 3.2
    endloop
  endfacet
  facet normal 0 0 1
    outer loop
      vertex -16 -18.15 3.2
      vertex -16 -20.25 3.2
      vertex -15.5834 -20.2295 3.2
    endloop
  endfacet
  facet normal 0 0 1
    outer loop
      vertex -16.2107 -18.1396 3.2
      vertex -16 -20.25 3.2
      vertex -16 -18.15 3.2
    endloop
  endfacet
  facet normal 0 0 1
    outer loop
      vertex -16.2107 -18.1396 3.2
      vertex -16.4166 -20.2295 3.2
      vertex -16 -20.25 3.2
    endloop
  endfacet
  facet normal 0 0 1
    outer loop
      vertex -16.4194 -18.1087 3.2
      vertex -16.4166 -20.2295 3.2
      vertex -16.2107 -18.1396 3.2
    endloop
  endfacet
  facet normal 0 0 1
    outer loop
      vertex -16.8291 -20.1683 3.2
      vertex -16.4194 -18.1087 3.2
      vertex -16.6241 -18.0574 3.2
    endloop
  endfacet
  facet normal 0 0 1
    outer loop
      vertex -17.2337 -20.067 3.2
      vertex -16.6241 -18.0574 3.2
      vertex -16.8228 -17.9863 3.2
    endloop
  endfacet
  facet normal 0 0 1
    outer loop
      vertex -16.4194 -18.1087 3.2
      vertex -16.8291 -20.1683 3.2
      vertex -16.4166 -20.2295 3.2
    endloop
  endfacet
  facet normal 0 0 1
    outer loop
      vertex -17.6264 -19.9265 3.2
      vertex -16.8228 -17.9863 3.2
      vertex -17.0135 -17.8961 3.2
    endloop
  endfacet
  facet normal 0 0 1
    outer loop
      vertex -18.0034 -19.7482 3.2
      vertex -17.0135 -17.8961 3.2
      vertex -17.1945 -17.7877 3.2
    endloop
  endfacet
  facet normal 0 0 1
    outer loop
      vertex -16.6241 -18.0574 3.2
      vertex -17.2337 -20.067 3.2
      vertex -16.8291 -20.1683 3.2
    endloop
  endfacet
  facet normal 0 0 1
    outer loop
      vertex -18.3612 -19.5337 3.2
      vertex -17.1945 -17.7877 3.2
      vertex -17.3639 -17.662 3.2
    endloop
  endfacet
  facet normal 0 0 1
    outer loop
      vertex -18.6962 -19.2853 3.2
      vertex -17.3639 -17.662 3.2
      vertex -17.5203 -17.5203 3.2
    endloop
  endfacet
  facet normal 0 0 1
    outer loop
      vertex -16.8228 -17.9863 3.2
      vertex -17.6264 -19.9265 3.2
      vertex -17.2337 -20.067 3.2
    endloop
  endfacet
  facet normal 0 0 1
    outer loop
      vertex -19.0052 -19.0052 3.2
      vertex -17.5203 -17.5203 3.2
      vertex -17.662 -17.3639 3.2
    endloop
  endfacet
  facet normal 0 0 1
    outer loop
      vertex -19.2853 -18.6962 3.2
      vertex -17.662 -17.3639 3.2
      vertex -17.7877 -17.1945 3.2
    endloop
  endfacet
  facet normal 0 0 1
    outer loop
      vertex -19.5337 -18.3612 3.2
      vertex -17.7877 -17.1945 3.2
      vertex -17.8961 -17.0135 3.2
    endloop
  endfacet
  facet normal 0 0 1
    outer loop
      vertex -19.7482 -18.0034 3.2
      vertex -17.8961 -17.0135 3.2
      vertex -17.9863 -16.8228 3.2
    endloop
  endfacet
  facet normal 0 0 1
    outer loop
      vertex -17.0135 -17.8961 3.2
      vertex -18.0034 -19.7482 3.2
      vertex -17.6264 -19.9265 3.2
    endloop
  endfacet
  facet normal 0 0 1
    outer loop
      vertex -19.9265 -17.6264 3.2
      vertex -17.9863 -16.8228 3.2
      vertex -18.0574 -16.6241 3.2
    endloop
  endfacet
  facet normal 0 0 1
    outer loop
      vertex -20.067 -17.2337 3.2
      vertex -18.0574 -16.6241 3.2
      vertex -18.1087 -16.4194 3.2
    endloop
  endfacet
  facet normal 0 0 1
    outer loop
      vertex -20.1683 -16.8291 3.2
      vertex -18.1087 -16.4194 3.2
      vertex -18.1396 -16.2107 3.2
    endloop
  endfacet
  facet normal 0 0 1
    outer loop
      vertex -20.2295 -16.4166 3.2
      vertex -18.1396 -16.2107 3.2
      vertex -18.15 -16 3.2
    endloop
  endfacet
  facet normal 0 0 1
    outer loop
      vertex -17.8961 -14.9865 3.2
      vertex -19.7482 -13.9966 3.2
      vertex -17.9863 -15.1772 3.2
    endloop
  endfacet
  facet normal 0 0 1
    outer loop
      vertex -17.1945 -17.7877 3.2
      vertex -18.3612 -19.5337 3.2
      vertex -18.0034 -19.7482 3.2
    endloop
  endfacet
  facet normal -0 0 1
    outer loop
      vertex -19.9265 -14.3736 3.2
      vertex -17.9863 -15.1772 3.2
      vertex -19.7482 -13.9966 3.2
    endloop
  endfacet
  facet normal 0 0 1
    outer loop
      vertex -17.3639 -17.662 3.2
      vertex -18.6962 -19.2853 3.2
      vertex -18.3612 -19.5337 3.2
    endloop
  endfacet
  facet normal 0 0 1
    outer loop
      vertex -17.9863 -15.1772 3.2
      vertex -19.9265 -14.3736 3.2
      vertex -18.0574 -15.3759 3.2
    endloop
  endfacet
  facet normal 0 0 1
    outer loop
      vertex -17.5203 -17.5203 3.2
      vertex -19.0052 -19.0052 3.2
      vertex -18.6962 -19.2853 3.2
    endloop
  endfacet
  facet normal -0 0 1
    outer loop
      vertex -20.067 -14.7663 3.2
      vertex -18.0574 -15.3759 3.2
      vertex -19.9265 -14.3736 3.2
    endloop
  endfacet
  facet normal 0 0 1
    outer loop
      vertex -17.662 -17.3639 3.2
      vertex -19.2853 -18.6962 3.2
      vertex -19.0052 -19.0052 3.2
    endloop
  endfacet
  facet normal 0 0 1
    outer loop
      vertex -18.0574 -15.3759 3.2
      vertex -20.067 -14.7663 3.2
      vertex -18.1087 -15.5806 3.2
    endloop
  endfacet
  facet normal 0 0 1
    outer loop
      vertex -17.7877 -17.1945 3.2
      vertex -19.5337 -18.3612 3.2
      vertex -19.2853 -18.6962 3.2
    endloop
  endfacet
  facet normal -0 0 1
    outer loop
      vertex -20.1683 -15.1709 3.2
      vertex -18.1087 -15.5806 3.2
      vertex -20.067 -14.7663 3.2
    endloop
  endfacet
  facet normal 0 0 1
    outer loop
      vertex -17.8961 -17.0135 3.2
      vertex -19.7482 -18.0034 3.2
      vertex -19.5337 -18.3612 3.2
    endloop
  endfacet
  facet normal 0 0 1
    outer loop
      vertex -18.1087 -15.5806 3.2
      vertex -20.1683 -15.1709 3.2
      vertex -18.1396 -15.7893 3.2
    endloop
  endfacet
  facet normal 0 0 1
    outer loop
      vertex -17.9863 -16.8228 3.2
      vertex -19.9265 -17.6264 3.2
      vertex -19.7482 -18.0034 3.2
    endloop
  endfacet
  facet normal -0 0 1
    outer loop
      vertex -20.2295 -15.5834 3.2
      vertex -18.1396 -15.7893 3.2
      vertex -20.1683 -15.1709 3.2
    endloop
  endfacet
  facet normal 0 0 1
    outer loop
      vertex -18.0574 -16.6241 3.2
      vertex -20.067 -17.2337 3.2
      vertex -19.9265 -17.6264 3.2
    endloop
  endfacet
  facet normal 0 0 1
    outer loop
      vertex -18.1396 -15.7893 3.2
      vertex -20.2295 -15.5834 3.2
      vertex -18.15 -16 3.2
    endloop
  endfacet
  facet normal 0 0 1
    outer loop
      vertex -18.1087 -16.4194 3.2
      vertex -20.1683 -16.8291 3.2
      vertex -20.067 -17.2337 3.2
    endloop
  endfacet
  facet normal 0 0 1
    outer loop
      vertex -20.25 -16 3.2
      vertex -18.15 -16 3.2
      vertex -20.2295 -15.5834 3.2
    endloop
  endfacet
  facet normal 0 0 1
    outer loop
      vertex -18.1396 -16.2107 3.2
      vertex -20.2295 -16.4166 3.2
      vertex -20.1683 -16.8291 3.2
    endloop
  endfacet
  facet normal 0 0 1
    outer loop
      vertex -18.15 -16 3.2
      vertex -20.25 -16 3.2
      vertex -20.2295 -16.4166 3.2
    endloop
  endfacet
  facet normal 0.903996 0.42754 0
    outer loop
      vertex -19.7482 -18.0034 5
      vertex -19.9265 -17.6264 3.2
      vertex -19.9265 -17.6264 5
    endloop
  endfacet
  facet normal 0.903996 0.42754 0
    outer loop
      vertex -19.9265 -17.6264 3.2
      vertex -19.7482 -18.0034 5
      vertex -19.7482 -18.0034 3.2
    endloop
  endfacet
  facet normal -0.970058 0.242874 0
    outer loop
      vertex -11.933 -17.2337 3.2
      vertex -11.8317 -16.8291 5
      vertex -11.8317 -16.8291 3.2
    endloop
  endfacet
  facet normal -0.970058 0.242874 0
    outer loop
      vertex -11.8317 -16.8291 5
      vertex -11.933 -17.2337 3.2
      vertex -11.933 -17.2337 5
    endloop
  endfacet
  facet normal -0.941552 0.336868 0
    outer loop
      vertex -12.0735 -17.6264 3.2
      vertex -11.933 -17.2337 5
      vertex -11.933 -17.2337 3.2
    endloop
  endfacet
  facet normal -0.941552 0.336868 0
    outer loop
      vertex -11.933 -17.2337 5
      vertex -12.0735 -17.6264 3.2
      vertex -12.0735 -17.6264 5
    endloop
  endfacet
  facet normal -0.989173 0.146757 0
    outer loop
      vertex -11.8317 -16.8291 3.2
      vertex -11.7705 -16.4166 5
      vertex -11.7705 -16.4166 3.2
    endloop
  endfacet
  facet normal -0.989173 0.146757 0
    outer loop
      vertex -11.7705 -16.4166 5
      vertex -11.8317 -16.8291 3.2
      vertex -11.8317 -16.8291 5
    endloop
  endfacet
  facet normal -0.336868 0.941552 0
    outer loop
      vertex -14.3736 -19.9265 3.2
      vertex -14.7663 -20.067 5
      vertex -14.3736 -19.9265 5
    endloop
  endfacet
  facet normal -0.336868 0.941552 0
    outer loop
      vertex -14.7663 -20.067 5
      vertex -14.3736 -19.9265 3.2
      vertex -14.7663 -20.067 3.2
    endloop
  endfacet
  facet normal -0.67161 0.740905 0
    outer loop
      vertex -12.9948 -19.0052 3.2
      vertex -13.3038 -19.2853 5
      vertex -12.9948 -19.0052 5
    endloop
  endfacet
  facet normal -0.67161 0.740905 0
    outer loop
      vertex -13.3038 -19.2853 5
      vertex -12.9948 -19.0052 3.2
      vertex -13.3038 -19.2853 3.2
    endloop
  endfacet
  facet normal -0.514178 0.857683 0
    outer loop
      vertex -13.6388 -19.5337 3.2
      vertex -13.9966 -19.7482 5
      vertex -13.6388 -19.5337 5
    endloop
  endfacet
  facet normal -0.514178 0.857683 0
    outer loop
      vertex -13.9966 -19.7482 5
      vertex -13.6388 -19.5337 3.2
      vertex -13.9966 -19.7482 3.2
    endloop
  endfacet
  facet normal -0.803268 0.595617 0
    outer loop
      vertex -12.7147 -18.6962 3.2
      vertex -12.4663 -18.3612 5
      vertex -12.4663 -18.3612 3.2
    endloop
  endfacet
  facet normal -0.803268 0.595617 0
    outer loop
      vertex -12.4663 -18.3612 5
      vertex -12.7147 -18.6962 3.2
      vertex -12.7147 -18.6962 5
    endloop
  endfacet
  facet normal 0.242874 0.970058 -0
    outer loop
      vertex -16.8291 -20.1683 3.2
      vertex -17.2337 -20.067 5
      vertex -16.8291 -20.1683 5
    endloop
  endfacet
  facet normal 0.242874 0.970058 0
    outer loop
      vertex -17.2337 -20.067 5
      vertex -16.8291 -20.1683 3.2
      vertex -17.2337 -20.067 3.2
    endloop
  endfacet
  facet normal 0.595617 0.803268 -0
    outer loop
      vertex -18.3612 -19.5337 3.2
      vertex -18.6962 -19.2853 5
      vertex -18.3612 -19.5337 5
    endloop
  endfacet
  facet normal 0.595617 0.803268 0
    outer loop
      vertex -18.6962 -19.2853 5
      vertex -18.3612 -19.5337 3.2
      vertex -18.6962 -19.2853 3.2
    endloop
  endfacet
  facet normal 0.941552 0.336868 0
    outer loop
      vertex -19.9265 -17.6264 5
      vertex -20.067 -17.2337 3.2
      vertex -20.067 -17.2337 5
    endloop
  endfacet
  facet normal 0.941552 0.336868 0
    outer loop
      vertex -20.067 -17.2337 3.2
      vertex -19.9265 -17.6264 5
      vertex -19.9265 -17.6264 3.2
    endloop
  endfacet
  facet normal 0.989173 0.146757 0
    outer loop
      vertex -20.1683 -16.8291 5
      vertex -20.2295 -16.4166 3.2
      vertex -20.2295 -16.4166 5
    endloop
  endfacet
  facet normal 0.989173 0.146757 0
    outer loop
      vertex -20.2295 -16.4166 3.2
      vertex -20.1683 -16.8291 5
      vertex -20.1683 -16.8291 3.2
    endloop
  endfacet
  facet normal 0.857683 0.514178 0
    outer loop
      vertex -19.5337 -18.3612 5
      vertex -19.7482 -18.0034 3.2
      vertex -19.7482 -18.0034 5
    endloop
  endfacet
  facet normal 0.857683 0.514178 0
    outer loop
      vertex -19.7482 -18.0034 3.2
      vertex -19.5337 -18.3612 5
      vertex -19.5337 -18.3612 3.2
    endloop
  endfacet
  facet normal 0.740905 0.67161 0
    outer loop
      vertex -19.0052 -19.0052 5
      vertex -19.2853 -18.6962 3.2
      vertex -19.2853 -18.6962 5
    endloop
  endfacet
  facet normal 0.740905 0.67161 0
    outer loop
      vertex -19.2853 -18.6962 3.2
      vertex -19.0052 -19.0052 5
      vertex -19.0052 -19.0052 3.2
    endloop
  endfacet
  facet normal -0.998784 -0.0492993 0
    outer loop
      vertex 18.15 -16 0
      vertex 18.1396 -15.7893 3.2
      vertex 18.1396 -15.7893 0
    endloop
  endfacet
  facet normal -0.998784 -0.0492993 0
    outer loop
      vertex 18.1396 -15.7893 3.2
      vertex 18.15 -16 0
      vertex 18.15 -16 3.2
    endloop
  endfacet
  facet normal 0.998784 -0.0492993 0
    outer loop
      vertex 13.85 -16 3.2
      vertex 13.8604 -15.7893 0
      vertex 13.8604 -15.7893 3.2
    endloop
  endfacet
  facet normal 0.998784 -0.0492993 0
    outer loop
      vertex 13.8604 -15.7893 0
      vertex 13.85 -16 3.2
      vertex 13.85 -16 0
    endloop
  endfacet
  facet normal -0.0492993 -0.998784 0
    outer loop
      vertex 16 -13.85 0
      vertex 16.2107 -13.8604 3.2
      vertex 16 -13.85 3.2
    endloop
  endfacet
  facet normal -0.0492993 -0.998784 -0
    outer loop
      vertex 16.2107 -13.8604 3.2
      vertex 16 -13.85 0
      vertex 16.2107 -13.8604 0
    endloop
  endfacet
  facet normal 0.0492993 0.998784 -0
    outer loop
      vertex 16 -18.15 0
      vertex 15.7893 -18.1396 3.2
      vertex 16 -18.15 3.2
    endloop
  endfacet
  facet normal 0.0492993 0.998784 0
    outer loop
      vertex 15.7893 -18.1396 3.2
      vertex 16 -18.15 0
      vertex 15.7893 -18.1396 0
    endloop
  endfacet
  facet normal -0.671422 -0.741075 0
    outer loop
      vertex 17.3639 -14.338 0
      vertex 17.5203 -14.4797 3.2
      vertex 17.3639 -14.338 3.2
    endloop
  endfacet
  facet normal -0.671422 -0.741075 -0
    outer loop
      vertex 17.5203 -14.4797 3.2
      vertex 17.3639 -14.338 0
      vertex 17.5203 -14.4797 0
    endloop
  endfacet
  facet normal 0.671422 -0.741075 0
    outer loop
      vertex 14.4797 -14.4797 0
      vertex 14.6361 -14.338 3.2
      vertex 14.4797 -14.4797 3.2
    endloop
  endfacet
  facet normal 0.671422 -0.741075 0
    outer loop
      vertex 14.6361 -14.338 3.2
      vertex 14.4797 -14.4797 0
      vertex 14.6361 -14.338 0
    endloop
  endfacet
  facet normal 0.336907 -0.941538 0
    outer loop
      vertex 15.1772 -14.0137 0
      vertex 15.3759 -13.9426 3.2
      vertex 15.1772 -14.0137 3.2
    endloop
  endfacet
  facet normal 0.336907 -0.941538 0
    outer loop
      vertex 15.3759 -13.9426 3.2
      vertex 15.1772 -14.0137 0
      vertex 15.3759 -13.9426 0
    endloop
  endfacet
  facet normal 0.970003 0.243093 0
    outer loop
      vertex 13.9426 -16.6241 3.2
      vertex 13.8913 -16.4194 0
      vertex 13.8913 -16.4194 3.2
    endloop
  endfacet
  facet normal 0.970003 0.243093 0
    outer loop
      vertex 13.8913 -16.4194 0
      vertex 13.9426 -16.6241 3.2
      vertex 13.9426 -16.6241 0
    endloop
  endfacet
  facet normal -0.903979 -0.427577 0
    outer loop
      vertex 17.9863 -15.1772 0
      vertex 17.8961 -14.9865 3.2
      vertex 17.8961 -14.9865 0
    endloop
  endfacet
  facet normal -0.903979 -0.427577 0
    outer loop
      vertex 17.8961 -14.9865 3.2
      vertex 17.9863 -15.1772 0
      vertex 17.9863 -15.1772 3.2
    endloop
  endfacet
  facet normal -0.336907 -0.941538 0
    outer loop
      vertex 16.6241 -13.9426 0
      vertex 16.8228 -14.0137 3.2
      vertex 16.6241 -13.9426 3.2
    endloop
  endfacet
  facet normal -0.336907 -0.941538 -0
    outer loop
      vertex 16.8228 -14.0137 3.2
      vertex 16.6241 -13.9426 0
      vertex 16.8228 -14.0137 0
    endloop
  endfacet
  facet normal 0.857911 -0.513799 0
    outer loop
      vertex 14.1039 -14.9865 3.2
      vertex 14.2123 -14.8055 0
      vertex 14.2123 -14.8055 3.2
    endloop
  endfacet
  facet normal 0.857911 -0.513799 0
    outer loop
      vertex 14.2123 -14.8055 0
      vertex 14.1039 -14.9865 3.2
      vertex 14.1039 -14.9865 0
    endloop
  endfacet
  facet normal 0.803061 -0.595896 0
    outer loop
      vertex 14.2123 -14.8055 3.2
      vertex 14.338 -14.6361 0
      vertex 14.338 -14.6361 3.2
    endloop
  endfacet
  facet normal 0.803061 -0.595896 0
    outer loop
      vertex 14.338 -14.6361 0
      vertex 14.2123 -14.8055 3.2
      vertex 14.2123 -14.8055 0
    endloop
  endfacet
  facet normal 0.146463 -0.989216 0
    outer loop
      vertex 15.5806 -13.8913 0
      vertex 15.7893 -13.8604 3.2
      vertex 15.5806 -13.8913 3.2
    endloop
  endfacet
  facet normal 0.146463 -0.989216 0
    outer loop
      vertex 15.7893 -13.8604 3.2
      vertex 15.5806 -13.8913 0
      vertex 15.7893 -13.8604 0
    endloop
  endfacet
  facet normal -0.903979 0.427577 0
    outer loop
      vertex 17.8961 -17.0135 0
      vertex 17.9863 -16.8228 3.2
      vertex 17.9863 -16.8228 0
    endloop
  endfacet
  facet normal -0.903979 0.427577 0
    outer loop
      vertex 17.9863 -16.8228 3.2
      vertex 17.8961 -17.0135 0
      vertex 17.8961 -17.0135 3.2
    endloop
  endfacet
  facet normal -0.336907 0.941538 0
    outer loop
      vertex 16.8228 -17.9863 0
      vertex 16.6241 -18.0574 3.2
      vertex 16.8228 -17.9863 3.2
    endloop
  endfacet
  facet normal -0.336907 0.941538 0
    outer loop
      vertex 16.6241 -18.0574 3.2
      vertex 16.8228 -17.9863 0
      vertex 16.6241 -18.0574 0
    endloop
  endfacet
  facet normal -0.741075 0.671422 0
    outer loop
      vertex 17.5203 -17.5203 0
      vertex 17.662 -17.3639 3.2
      vertex 17.662 -17.3639 0
    endloop
  endfacet
  facet normal -0.741075 0.671422 0
    outer loop
      vertex 17.662 -17.3639 3.2
      vertex 17.5203 -17.5203 0
      vertex 17.5203 -17.5203 3.2
    endloop
  endfacet
  facet normal -0.970003 0.243093 0
    outer loop
      vertex 18.0574 -16.6241 0
      vertex 18.1087 -16.4194 3.2
      vertex 18.1087 -16.4194 0
    endloop
  endfacet
  facet normal -0.970003 0.243093 0
    outer loop
      vertex 18.1087 -16.4194 3.2
      vertex 18.0574 -16.6241 0
      vertex 18.0574 -16.6241 3.2
    endloop
  endfacet
  facet normal 0.336907 0.941538 -0
    outer loop
      vertex 15.3759 -18.0574 0
      vertex 15.1772 -17.9863 3.2
      vertex 15.3759 -18.0574 3.2
    endloop
  endfacet
  facet normal 0.336907 0.941538 0
    outer loop
      vertex 15.1772 -17.9863 3.2
      vertex 15.3759 -18.0574 0
      vertex 15.1772 -17.9863 0
    endloop
  endfacet
  facet normal 0.741075 0.671422 0
    outer loop
      vertex 14.4797 -17.5203 3.2
      vertex 14.338 -17.3639 0
      vertex 14.338 -17.3639 3.2
    endloop
  endfacet
  facet normal 0.741075 0.671422 0
    outer loop
      vertex 14.338 -17.3639 0
      vertex 14.4797 -17.5203 3.2
      vertex 14.4797 -17.5203 0
    endloop
  endfacet
  facet normal 0.803061 0.595896 0
    outer loop
      vertex 14.338 -17.3639 3.2
      vertex 14.2123 -17.1945 0
      vertex 14.2123 -17.1945 3.2
    endloop
  endfacet
  facet normal 0.803061 0.595896 0
    outer loop
      vertex 14.2123 -17.1945 0
      vertex 14.338 -17.3639 3.2
      vertex 14.338 -17.3639 0
    endloop
  endfacet
  facet normal -0.970003 -0.243093 0
    outer loop
      vertex 18.1087 -15.5806 0
      vertex 18.0574 -15.3759 3.2
      vertex 18.0574 -15.3759 0
    endloop
  endfacet
  facet normal -0.970003 -0.243093 0
    outer loop
      vertex 18.0574 -15.3759 3.2
      vertex 18.1087 -15.5806 0
      vertex 18.1087 -15.5806 3.2
    endloop
  endfacet
  facet normal -0.989216 -0.146463 0
    outer loop
      vertex 18.1396 -15.7893 0
      vertex 18.1087 -15.5806 3.2
      vertex 18.1087 -15.5806 0
    endloop
  endfacet
  facet normal -0.989216 -0.146463 0
    outer loop
      vertex 18.1087 -15.5806 3.2
      vertex 18.1396 -15.7893 0
      vertex 18.1396 -15.7893 3.2
    endloop
  endfacet
  facet normal -0.941538 -0.336907 0
    outer loop
      vertex 18.0574 -15.3759 0
      vertex 17.9863 -15.1772 3.2
      vertex 17.9863 -15.1772 0
    endloop
  endfacet
  facet normal -0.941538 -0.336907 0
    outer loop
      vertex 17.9863 -15.1772 3.2
      vertex 18.0574 -15.3759 0
      vertex 18.0574 -15.3759 3.2
    endloop
  endfacet
  facet normal -0.803061 -0.595896 0
    outer loop
      vertex 17.7877 -14.8055 0
      vertex 17.662 -14.6361 3.2
      vertex 17.662 -14.6361 0
    endloop
  endfacet
  facet normal -0.803061 -0.595896 0
    outer loop
      vertex 17.662 -14.6361 3.2
      vertex 17.7877 -14.8055 0
      vertex 17.7877 -14.8055 3.2
    endloop
  endfacet
  facet normal -0.857911 -0.513799 0
    outer loop
      vertex 17.8961 -14.9865 0
      vertex 17.7877 -14.8055 3.2
      vertex 17.7877 -14.8055 0
    endloop
  endfacet
  facet normal -0.857911 -0.513799 0
    outer loop
      vertex 17.7877 -14.8055 3.2
      vertex 17.8961 -14.9865 0
      vertex 17.8961 -14.9865 3.2
    endloop
  endfacet
  facet normal -0.146463 -0.989216 0
    outer loop
      vertex 16.2107 -13.8604 0
      vertex 16.4194 -13.8913 3.2
      vertex 16.2107 -13.8604 3.2
    endloop
  endfacet
  facet normal -0.146463 -0.989216 -0
    outer loop
      vertex 16.4194 -13.8913 3.2
      vertex 16.2107 -13.8604 0
      vertex 16.4194 -13.8913 0
    endloop
  endfacet
  facet normal -0.513799 -0.857911 0
    outer loop
      vertex 17.0135 -14.1039 0
      vertex 17.1945 -14.2123 3.2
      vertex 17.0135 -14.1039 3.2
    endloop
  endfacet
  facet normal -0.513799 -0.857911 -0
    outer loop
      vertex 17.1945 -14.2123 3.2
      vertex 17.0135 -14.1039 0
      vertex 17.1945 -14.2123 0
    endloop
  endfacet
  facet normal -0.595896 -0.803061 0
    outer loop
      vertex 17.1945 -14.2123 0
      vertex 17.3639 -14.338 3.2
      vertex 17.1945 -14.2123 3.2
    endloop
  endfacet
  facet normal -0.595896 -0.803061 -0
    outer loop
      vertex 17.3639 -14.338 3.2
      vertex 17.1945 -14.2123 0
      vertex 17.3639 -14.338 0
    endloop
  endfacet
  facet normal 0.970003 -0.243093 0
    outer loop
      vertex 13.8913 -15.5806 3.2
      vertex 13.9426 -15.3759 0
      vertex 13.9426 -15.3759 3.2
    endloop
  endfacet
  facet normal 0.970003 -0.243093 0
    outer loop
      vertex 13.9426 -15.3759 0
      vertex 13.8913 -15.5806 3.2
      vertex 13.8913 -15.5806 0
    endloop
  endfacet
  facet normal 0.903979 -0.427577 0
    outer loop
      vertex 14.0137 -15.1772 3.2
      vertex 14.1039 -14.9865 0
      vertex 14.1039 -14.9865 3.2
    endloop
  endfacet
  facet normal 0.903979 -0.427577 0
    outer loop
      vertex 14.1039 -14.9865 0
      vertex 14.0137 -15.1772 3.2
      vertex 14.0137 -15.1772 0
    endloop
  endfacet
  facet normal 0.989216 -0.146463 0
    outer loop
      vertex 13.8604 -15.7893 3.2
      vertex 13.8913 -15.5806 0
      vertex 13.8913 -15.5806 3.2
    endloop
  endfacet
  facet normal 0.989216 -0.146463 0
    outer loop
      vertex 13.8913 -15.5806 0
      vertex 13.8604 -15.7893 3.2
      vertex 13.8604 -15.7893 0
    endloop
  endfacet
  facet normal 0.513799 -0.857911 0
    outer loop
      vertex 14.8055 -14.2123 0
      vertex 14.9865 -14.1039 3.2
      vertex 14.8055 -14.2123 3.2
    endloop
  endfacet
  facet normal 0.513799 -0.857911 0
    outer loop
      vertex 14.9865 -14.1039 3.2
      vertex 14.8055 -14.2123 0
      vertex 14.9865 -14.1039 0
    endloop
  endfacet
  facet normal 0.0492993 -0.998784 0
    outer loop
      vertex 15.7893 -13.8604 0
      vertex 16 -13.85 3.2
      vertex 15.7893 -13.8604 3.2
    endloop
  endfacet
  facet normal 0.0492993 -0.998784 0
    outer loop
      vertex 16 -13.85 3.2
      vertex 15.7893 -13.8604 0
      vertex 16 -13.85 0
    endloop
  endfacet
  facet normal -0.998784 0.0492993 0
    outer loop
      vertex 18.1396 -16.2107 0
      vertex 18.15 -16 3.2
      vertex 18.15 -16 0
    endloop
  endfacet
  facet normal -0.998784 0.0492993 0
    outer loop
      vertex 18.15 -16 3.2
      vertex 18.1396 -16.2107 0
      vertex 18.1396 -16.2107 3.2
    endloop
  endfacet
  facet normal -0.0492993 0.998784 0
    outer loop
      vertex 16.2107 -18.1396 0
      vertex 16 -18.15 3.2
      vertex 16.2107 -18.1396 3.2
    endloop
  endfacet
  facet normal -0.0492993 0.998784 0
    outer loop
      vertex 16 -18.15 3.2
      vertex 16.2107 -18.1396 0
      vertex 16 -18.15 0
    endloop
  endfacet
  facet normal -0.513799 0.857911 0
    outer loop
      vertex 17.1945 -17.7877 0
      vertex 17.0135 -17.8961 3.2
      vertex 17.1945 -17.7877 3.2
    endloop
  endfacet
  facet normal -0.513799 0.857911 0
    outer loop
      vertex 17.0135 -17.8961 3.2
      vertex 17.1945 -17.7877 0
      vertex 17.0135 -17.8961 0
    endloop
  endfacet
  facet normal -0.671422 0.741075 0
    outer loop
      vertex 17.5203 -17.5203 0
      vertex 17.3639 -17.662 3.2
      vertex 17.5203 -17.5203 3.2
    endloop
  endfacet
  facet normal -0.671422 0.741075 0
    outer loop
      vertex 17.3639 -17.662 3.2
      vertex 17.5203 -17.5203 0
      vertex 17.3639 -17.662 0
    endloop
  endfacet
  facet normal -0.595896 0.803061 0
    outer loop
      vertex 17.3639 -17.662 0
      vertex 17.1945 -17.7877 3.2
      vertex 17.3639 -17.662 3.2
    endloop
  endfacet
  facet normal -0.595896 0.803061 0
    outer loop
      vertex 17.1945 -17.7877 3.2
      vertex 17.3639 -17.662 0
      vertex 17.1945 -17.7877 0
    endloop
  endfacet
  facet normal -0.803061 0.595896 0
    outer loop
      vertex 17.662 -17.3639 0
      vertex 17.7877 -17.1945 3.2
      vertex 17.7877 -17.1945 0
    endloop
  endfacet
  facet normal -0.803061 0.595896 0
    outer loop
      vertex 17.7877 -17.1945 3.2
      vertex 17.662 -17.3639 0
      vertex 17.662 -17.3639 3.2
    endloop
  endfacet
  facet normal -0.857911 0.513799 0
    outer loop
      vertex 17.7877 -17.1945 0
      vertex 17.8961 -17.0135 3.2
      vertex 17.8961 -17.0135 0
    endloop
  endfacet
  facet normal -0.857911 0.513799 0
    outer loop
      vertex 17.8961 -17.0135 3.2
      vertex 17.7877 -17.1945 0
      vertex 17.7877 -17.1945 3.2
    endloop
  endfacet
  facet normal 0.671422 0.741075 -0
    outer loop
      vertex 14.6361 -17.662 0
      vertex 14.4797 -17.5203 3.2
      vertex 14.6361 -17.662 3.2
    endloop
  endfacet
  facet normal 0.671422 0.741075 0
    outer loop
      vertex 14.4797 -17.5203 3.2
      vertex 14.6361 -17.662 0
      vertex 14.4797 -17.5203 0
    endloop
  endfacet
  facet normal 0.595896 0.803061 -0
    outer loop
      vertex 14.8055 -17.7877 0
      vertex 14.6361 -17.662 3.2
      vertex 14.8055 -17.7877 3.2
    endloop
  endfacet
  facet normal 0.595896 0.803061 0
    outer loop
      vertex 14.6361 -17.662 3.2
      vertex 14.8055 -17.7877 0
      vertex 14.6361 -17.662 0
    endloop
  endfacet
  facet normal 0.513799 0.857911 -0
    outer loop
      vertex 14.9865 -17.8961 0
      vertex 14.8055 -17.7877 3.2
      vertex 14.9865 -17.8961 3.2
    endloop
  endfacet
  facet normal 0.513799 0.857911 0
    outer loop
      vertex 14.8055 -17.7877 3.2
      vertex 14.9865 -17.8961 0
      vertex 14.8055 -17.7877 0
    endloop
  endfacet
  facet normal 0.146463 0.989216 -0
    outer loop
      vertex 15.7893 -18.1396 0
      vertex 15.5806 -18.1087 3.2
      vertex 15.7893 -18.1396 3.2
    endloop
  endfacet
  facet normal 0.146463 0.989216 0
    outer loop
      vertex 15.5806 -18.1087 3.2
      vertex 15.7893 -18.1396 0
      vertex 15.5806 -18.1087 0
    endloop
  endfacet
  facet normal 0.903979 0.427577 0
    outer loop
      vertex 14.1039 -17.0135 3.2
      vertex 14.0137 -16.8228 0
      vertex 14.0137 -16.8228 3.2
    endloop
  endfacet
  facet normal 0.903979 0.427577 0
    outer loop
      vertex 14.0137 -16.8228 0
      vertex 14.1039 -17.0135 3.2
      vertex 14.1039 -17.0135 0
    endloop
  endfacet
  facet normal 0.998784 0.0492993 0
    outer loop
      vertex 13.8604 -16.2107 3.2
      vertex 13.85 -16 0
      vertex 13.85 -16 3.2
    endloop
  endfacet
  facet normal 0.998784 0.0492993 0
    outer loop
      vertex 13.85 -16 0
      vertex 13.8604 -16.2107 3.2
      vertex 13.8604 -16.2107 0
    endloop
  endfacet
  facet normal -0.741075 -0.671422 0
    outer loop
      vertex 17.662 -14.6361 0
      vertex 17.5203 -14.4797 3.2
      vertex 17.5203 -14.4797 0
    endloop
  endfacet
  facet normal -0.741075 -0.671422 0
    outer loop
      vertex 17.5203 -14.4797 3.2
      vertex 17.662 -14.6361 0
      vertex 17.662 -14.6361 3.2
    endloop
  endfacet
  facet normal -0.243093 -0.970003 0
    outer loop
      vertex 16.4194 -13.8913 0
      vertex 16.6241 -13.9426 3.2
      vertex 16.4194 -13.8913 3.2
    endloop
  endfacet
  facet normal -0.243093 -0.970003 -0
    outer loop
      vertex 16.6241 -13.9426 3.2
      vertex 16.4194 -13.8913 0
      vertex 16.6241 -13.9426 0
    endloop
  endfacet
  facet normal -0.427577 -0.903979 0
    outer loop
      vertex 16.8228 -14.0137 0
      vertex 17.0135 -14.1039 3.2
      vertex 16.8228 -14.0137 3.2
    endloop
  endfacet
  facet normal -0.427577 -0.903979 -0
    outer loop
      vertex 17.0135 -14.1039 3.2
      vertex 16.8228 -14.0137 0
      vertex 17.0135 -14.1039 0
    endloop
  endfacet
  facet normal 0.741075 -0.671422 0
    outer loop
      vertex 14.338 -14.6361 3.2
      vertex 14.4797 -14.4797 0
      vertex 14.4797 -14.4797 3.2
    endloop
  endfacet
  facet normal 0.741075 -0.671422 0
    outer loop
      vertex 14.4797 -14.4797 0
      vertex 14.338 -14.6361 3.2
      vertex 14.338 -14.6361 0
    endloop
  endfacet
  facet normal 0.941538 -0.336907 0
    outer loop
      vertex 13.9426 -15.3759 3.2
      vertex 14.0137 -15.1772 0
      vertex 14.0137 -15.1772 3.2
    endloop
  endfacet
  facet normal 0.941538 -0.336907 0
    outer loop
      vertex 14.0137 -15.1772 0
      vertex 13.9426 -15.3759 3.2
      vertex 13.9426 -15.3759 0
    endloop
  endfacet
  facet normal 0.595896 -0.803061 0
    outer loop
      vertex 14.6361 -14.338 0
      vertex 14.8055 -14.2123 3.2
      vertex 14.6361 -14.338 3.2
    endloop
  endfacet
  facet normal 0.595896 -0.803061 0
    outer loop
      vertex 14.8055 -14.2123 3.2
      vertex 14.6361 -14.338 0
      vertex 14.8055 -14.2123 0
    endloop
  endfacet
  facet normal 0.427577 -0.903979 0
    outer loop
      vertex 14.9865 -14.1039 0
      vertex 15.1772 -14.0137 3.2
      vertex 14.9865 -14.1039 3.2
    endloop
  endfacet
  facet normal 0.427577 -0.903979 0
    outer loop
      vertex 15.1772 -14.0137 3.2
      vertex 14.9865 -14.1039 0
      vertex 15.1772 -14.0137 0
    endloop
  endfacet
  facet normal 0.243093 -0.970003 0
    outer loop
      vertex 15.3759 -13.9426 0
      vertex 15.5806 -13.8913 3.2
      vertex 15.3759 -13.9426 3.2
    endloop
  endfacet
  facet normal 0.243093 -0.970003 0
    outer loop
      vertex 15.5806 -13.8913 3.2
      vertex 15.3759 -13.9426 0
      vertex 15.5806 -13.8913 0
    endloop
  endfacet
  facet normal -0.146463 0.989216 0
    outer loop
      vertex 16.4194 -18.1087 0
      vertex 16.2107 -18.1396 3.2
      vertex 16.4194 -18.1087 3.2
    endloop
  endfacet
  facet normal -0.146463 0.989216 0
    outer loop
      vertex 16.2107 -18.1396 3.2
      vertex 16.4194 -18.1087 0
      vertex 16.2107 -18.1396 0
    endloop
  endfacet
  facet normal -0.427577 0.903979 0
    outer loop
      vertex 17.0135 -17.8961 0
      vertex 16.8228 -17.9863 3.2
      vertex 17.0135 -17.8961 3.2
    endloop
  endfacet
  facet normal -0.427577 0.903979 0
    outer loop
      vertex 16.8228 -17.9863 3.2
      vertex 17.0135 -17.8961 0
      vertex 16.8228 -17.9863 0
    endloop
  endfacet
  facet normal -0.941538 0.336907 0
    outer loop
      vertex 17.9863 -16.8228 0
      vertex 18.0574 -16.6241 3.2
      vertex 18.0574 -16.6241 0
    endloop
  endfacet
  facet normal -0.941538 0.336907 0
    outer loop
      vertex 18.0574 -16.6241 3.2
      vertex 17.9863 -16.8228 0
      vertex 17.9863 -16.8228 3.2
    endloop
  endfacet
  facet normal -0.989216 0.146463 0
    outer loop
      vertex 18.1087 -16.4194 0
      vertex 18.1396 -16.2107 3.2
      vertex 18.1396 -16.2107 0
    endloop
  endfacet
  facet normal -0.989216 0.146463 0
    outer loop
      vertex 18.1396 -16.2107 3.2
      vertex 18.1087 -16.4194 0
      vertex 18.1087 -16.4194 3.2
    endloop
  endfacet
  facet normal 0.427577 0.903979 -0
    outer loop
      vertex 15.1772 -17.9863 0
      vertex 14.9865 -17.8961 3.2
      vertex 15.1772 -17.9863 3.2
    endloop
  endfacet
  facet normal 0.427577 0.903979 0
    outer loop
      vertex 14.9865 -17.8961 3.2
      vertex 15.1772 -17.9863 0
      vertex 14.9865 -17.8961 0
    endloop
  endfacet
  facet normal 0.243093 0.970003 -0
    outer loop
      vertex 15.5806 -18.1087 0
      vertex 15.3759 -18.0574 3.2
      vertex 15.5806 -18.1087 3.2
    endloop
  endfacet
  facet normal 0.243093 0.970003 0
    outer loop
      vertex 15.3759 -18.0574 3.2
      vertex 15.5806 -18.1087 0
      vertex 15.3759 -18.0574 0
    endloop
  endfacet
  facet normal 0.857911 0.513799 0
    outer loop
      vertex 14.2123 -17.1945 3.2
      vertex 14.1039 -17.0135 0
      vertex 14.1039 -17.0135 3.2
    endloop
  endfacet
  facet normal 0.857911 0.513799 0
    outer loop
      vertex 14.1039 -17.0135 0
      vertex 14.2123 -17.1945 3.2
      vertex 14.2123 -17.1945 0
    endloop
  endfacet
  facet normal 0.941538 0.336907 0
    outer loop
      vertex 14.0137 -16.8228 3.2
      vertex 13.9426 -16.6241 0
      vertex 13.9426 -16.6241 3.2
    endloop
  endfacet
  facet normal 0.941538 0.336907 0
    outer loop
      vertex 13.9426 -16.6241 0
      vertex 14.0137 -16.8228 3.2
      vertex 14.0137 -16.8228 0
    endloop
  endfacet
  facet normal 0.989216 0.146463 0
    outer loop
      vertex 13.8913 -16.4194 3.2
      vertex 13.8604 -16.2107 0
      vertex 13.8604 -16.2107 3.2
    endloop
  endfacet
  facet normal 0.989216 0.146463 0
    outer loop
      vertex 13.8604 -16.2107 0
      vertex 13.8913 -16.4194 3.2
      vertex 13.8913 -16.4194 0
    endloop
  endfacet
  facet normal -0.243093 0.970003 0
    outer loop
      vertex 16.6241 -18.0574 0
      vertex 16.4194 -18.1087 3.2
      vertex 16.6241 -18.0574 3.2
    endloop
  endfacet
  facet normal -0.243093 0.970003 0
    outer loop
      vertex 16.4194 -18.1087 3.2
      vertex 16.6241 -18.0574 0
      vertex 16.4194 -18.1087 0
    endloop
  endfacet
  facet normal -0.998791 -0.0491484 0
    outer loop
      vertex 20.25 -16 3.2
      vertex 20.2295 -15.5834 5
      vertex 20.2295 -15.5834 3.2
    endloop
  endfacet
  facet normal -0.998791 -0.0491484 0
    outer loop
      vertex 20.2295 -15.5834 5
      vertex 20.25 -16 3.2
      vertex 20.25 -16 5
    endloop
  endfacet
  facet normal 0.998791 -0.0491484 0
    outer loop
      vertex 11.75 -16 5
      vertex 11.7705 -15.5834 3.2
      vertex 11.7705 -15.5834 5
    endloop
  endfacet
  facet normal 0.998791 -0.0491484 0
    outer loop
      vertex 11.7705 -15.5834 3.2
      vertex 11.75 -16 5
      vertex 11.75 -16 3.2
    endloop
  endfacet
  facet normal -0.0491484 -0.998791 0
    outer loop
      vertex 16 -11.75 3.2
      vertex 16.4166 -11.7705 5
      vertex 16 -11.75 5
    endloop
  endfacet
  facet normal -0.0491484 -0.998791 -0
    outer loop
      vertex 16.4166 -11.7705 5
      vertex 16 -11.75 3.2
      vertex 16.4166 -11.7705 3.2
    endloop
  endfacet
  facet normal -0.740905 -0.67161 0
    outer loop
      vertex 19.2853 -13.3038 3.2
      vertex 19.0052 -12.9948 5
      vertex 19.0052 -12.9948 3.2
    endloop
  endfacet
  facet normal -0.740905 -0.67161 0
    outer loop
      vertex 19.0052 -12.9948 5
      vertex 19.2853 -13.3038 3.2
      vertex 19.2853 -13.3038 5
    endloop
  endfacet
  facet normal 0.67161 -0.740905 0
    outer loop
      vertex 12.9948 -12.9948 3.2
      vertex 13.3038 -12.7147 5
      vertex 12.9948 -12.9948 5
    endloop
  endfacet
  facet normal 0.67161 -0.740905 0
    outer loop
      vertex 13.3038 -12.7147 5
      vertex 12.9948 -12.9948 3.2
      vertex 13.3038 -12.7147 3.2
    endloop
  endfacet
  facet normal 0.336868 -0.941552 0
    outer loop
      vertex 14.3736 -12.0735 3.2
      vertex 14.7663 -11.933 5
      vertex 14.3736 -12.0735 5
    endloop
  endfacet
  facet normal 0.336868 -0.941552 0
    outer loop
      vertex 14.7663 -11.933 5
      vertex 14.3736 -12.0735 3.2
      vertex 14.7663 -11.933 3.2
    endloop
  endfacet
  facet normal 0.970058 0.242874 0
    outer loop
      vertex 11.933 -17.2337 5
      vertex 11.8317 -16.8291 3.2
      vertex 11.8317 -16.8291 5
    endloop
  endfacet
  facet normal 0.970058 0.242874 0
    outer loop
      vertex 11.8317 -16.8291 3.2
      vertex 11.933 -17.2337 5
      vertex 11.933 -17.2337 3.2
    endloop
  endfacet
  facet normal -0.903996 -0.42754 0
    outer loop
      vertex 19.9265 -14.3736 3.2
      vertex 19.7482 -13.9966 5
      vertex 19.7482 -13.9966 3.2
    endloop
  endfacet
  facet normal -0.903996 -0.42754 0
    outer loop
      vertex 19.7482 -13.9966 5
      vertex 19.9265 -14.3736 3.2
      vertex 19.9265 -14.3736 5
    endloop
  endfacet
  facet normal -0.857683 -0.514178 0
    outer loop
      vertex 19.7482 -13.9966 3.2
      vertex 19.5337 -13.6388 5
      vertex 19.5337 -13.6388 3.2
    endloop
  endfacet
  facet normal -0.857683 -0.514178 0
    outer loop
      vertex 19.5337 -13.6388 5
      vertex 19.7482 -13.9966 3.2
      vertex 19.7482 -13.9966 5
    endloop
  endfacet
  facet normal -0.42754 -0.903996 0
    outer loop
      vertex 17.6264 -12.0735 3.2
      vertex 18.0034 -12.2518 5
      vertex 17.6264 -12.0735 5
    endloop
  endfacet
  facet normal -0.42754 -0.903996 -0
    outer loop
      vertex 18.0034 -12.2518 5
      vertex 17.6264 -12.0735 3.2
      vertex 18.0034 -12.2518 3.2
    endloop
  endfacet
  facet normal 0.857683 -0.514178 0
    outer loop
      vertex 12.2518 -13.9966 5
      vertex 12.4663 -13.6388 3.2
      vertex 12.4663 -13.6388 5
    endloop
  endfacet
  facet normal 0.857683 -0.514178 0
    outer loop
      vertex 12.4663 -13.6388 3.2
      vertex 12.2518 -13.9966 5
      vertex 12.2518 -13.9966 3.2
    endloop
  endfacet
  facet normal 0.803268 -0.595617 0
    outer loop
      vertex 12.4663 -13.6388 5
      vertex 12.7147 -13.3038 3.2
      vertex 12.7147 -13.3038 5
    endloop
  endfacet
  facet normal 0.803268 -0.595617 0
    outer loop
      vertex 12.7147 -13.3038 3.2
      vertex 12.4663 -13.6388 5
      vertex 12.4663 -13.6388 3.2
    endloop
  endfacet
  facet normal 0.146757 -0.989173 0
    outer loop
      vertex 15.1709 -11.8317 3.2
      vertex 15.5834 -11.7705 5
      vertex 15.1709 -11.8317 5
    endloop
  endfacet
  facet normal 0.146757 -0.989173 0
    outer loop
      vertex 15.5834 -11.7705 5
      vertex 15.1709 -11.8317 3.2
      vertex 15.5834 -11.7705 3.2
    endloop
  endfacet
  facet normal -0.857683 0.514178 0
    outer loop
      vertex 19.5337 -18.3612 3.2
      vertex 19.7482 -18.0034 5
      vertex 19.7482 -18.0034 3.2
    endloop
  endfacet
  facet normal -0.857683 0.514178 0
    outer loop
      vertex 19.7482 -18.0034 5
      vertex 19.5337 -18.3612 3.2
      vertex 19.5337 -18.3612 5
    endloop
  endfacet
  facet normal -0.242874 0.970058 0
    outer loop
      vertex 17.2337 -20.067 3.2
      vertex 16.8291 -20.1683 5
      vertex 17.2337 -20.067 5
    endloop
  endfacet
  facet normal -0.242874 0.970058 0
    outer loop
      vertex 16.8291 -20.1683 5
      vertex 17.2337 -20.067 3.2
      vertex 16.8291 -20.1683 3.2
    endloop
  endfacet
  facet normal -0.67161 0.740905 0
    outer loop
      vertex 19.0052 -19.0052 3.2
      vertex 18.6962 -19.2853 5
      vertex 19.0052 -19.0052 5
    endloop
  endfacet
  facet normal -0.67161 0.740905 0
    outer loop
      vertex 18.6962 -19.2853 5
      vertex 19.0052 -19.0052 3.2
      vertex 18.6962 -19.2853 3.2
    endloop
  endfacet
  facet normal -0.941552 0.336868 0
    outer loop
      vertex 19.9265 -17.6264 3.2
      vertex 20.067 -17.2337 5
      vertex 20.067 -17.2337 3.2
    endloop
  endfacet
  facet normal -0.941552 0.336868 0
    outer loop
      vertex 20.067 -17.2337 5
      vertex 19.9265 -17.6264 3.2
      vertex 19.9265 -17.6264 5
    endloop
  endfacet
  facet normal 0.336868 0.941552 -0
    outer loop
      vertex 14.7663 -20.067 3.2
      vertex 14.3736 -19.9265 5
      vertex 14.7663 -20.067 5
    endloop
  endfacet
  facet normal 0.336868 0.941552 0
    outer loop
      vertex 14.3736 -19.9265 5
      vertex 14.7663 -20.067 3.2
      vertex 14.3736 -19.9265 3.2
    endloop
  endfacet
  facet normal 0.740905 0.67161 0
    outer loop
      vertex 12.9948 -19.0052 5
      vertex 12.7147 -18.6962 3.2
      vertex 12.7147 -18.6962 5
    endloop
  endfacet
  facet normal 0.740905 0.67161 0
    outer loop
      vertex 12.7147 -18.6962 3.2
      vertex 12.9948 -19.0052 5
      vertex 12.9948 -19.0052 3.2
    endloop
  endfacet
  facet normal 0.803268 0.595617 0
    outer loop
      vertex 12.7147 -18.6962 5
      vertex 12.4663 -18.3612 3.2
      vertex 12.4663 -18.3612 5
    endloop
  endfacet
  facet normal 0.803268 0.595617 0
    outer loop
      vertex 12.4663 -18.3612 3.2
      vertex 12.7147 -18.6962 5
      vertex 12.7147 -18.6962 3.2
    endloop
  endfacet
  facet normal 0 0 1
    outer loop
      vertex 18.15 -16 3.2
      vertex 20.25 -16 3.2
      vertex 20.2295 -15.5834 3.2
    endloop
  endfacet
  facet normal 0 0 1
    outer loop
      vertex 18.1396 -15.7893 3.2
      vertex 20.2295 -15.5834 3.2
      vertex 20.1683 -15.1709 3.2
    endloop
  endfacet
  facet normal 0 0 1
    outer loop
      vertex 20.25 -16 3.2
      vertex 18.15 -16 3.2
      vertex 20.2295 -16.4166 3.2
    endloop
  endfacet
  facet normal 0 0 1
    outer loop
      vertex 18.1087 -15.5806 3.2
      vertex 20.1683 -15.1709 3.2
      vertex 20.067 -14.7663 3.2
    endloop
  endfacet
  facet normal -0 0 1
    outer loop
      vertex 18.1396 -16.2107 3.2
      vertex 20.2295 -16.4166 3.2
      vertex 18.15 -16 3.2
    endloop
  endfacet
  facet normal 0 0 1
    outer loop
      vertex 18.0574 -15.3759 3.2
      vertex 20.067 -14.7663 3.2
      vertex 19.9265 -14.3736 3.2
    endloop
  endfacet
  facet normal 0 0 1
    outer loop
      vertex 20.2295 -16.4166 3.2
      vertex 18.1396 -16.2107 3.2
      vertex 20.1683 -16.8291 3.2
    endloop
  endfacet
  facet normal 0 0 1
    outer loop
      vertex 17.9863 -15.1772 3.2
      vertex 19.9265 -14.3736 3.2
      vertex 19.7482 -13.9966 3.2
    endloop
  endfacet
  facet normal -0 0 1
    outer loop
      vertex 18.1087 -16.4194 3.2
      vertex 20.1683 -16.8291 3.2
      vertex 18.1396 -16.2107 3.2
    endloop
  endfacet
  facet normal 0 0 1
    outer loop
      vertex 17.8961 -14.9865 3.2
      vertex 19.7482 -13.9966 3.2
      vertex 19.5337 -13.6388 3.2
    endloop
  endfacet
  facet normal 0 0 1
    outer loop
      vertex 20.1683 -16.8291 3.2
      vertex 18.1087 -16.4194 3.2
      vertex 20.067 -17.2337 3.2
    endloop
  endfacet
  facet normal 0 0 1
    outer loop
      vertex 17.7877 -14.8055 3.2
      vertex 19.5337 -13.6388 3.2
      vertex 19.2853 -13.3038 3.2
    endloop
  endfacet
  facet normal -0 0 1
    outer loop
      vertex 18.0574 -16.6241 3.2
      vertex 20.067 -17.2337 3.2
      vertex 18.1087 -16.4194 3.2
    endloop
  endfacet
  facet normal 0 0 1
    outer loop
      vertex 17.662 -14.6361 3.2
      vertex 19.2853 -13.3038 3.2
      vertex 19.0052 -12.9948 3.2
    endloop
  endfacet
  facet normal 0 0 1
    outer loop
      vertex 20.067 -17.2337 3.2
      vertex 18.0574 -16.6241 3.2
      vertex 19.9265 -17.6264 3.2
    endloop
  endfacet
  facet normal 0 0 1
    outer loop
      vertex 17.5203 -14.4797 3.2
      vertex 19.0052 -12.9948 3.2
      vertex 18.6962 -12.7147 3.2
    endloop
  endfacet
  facet normal -0 0 1
    outer loop
      vertex 17.9863 -16.8228 3.2
      vertex 19.9265 -17.6264 3.2
      vertex 18.0574 -16.6241 3.2
    endloop
  endfacet
  facet normal 0 0 1
    outer loop
      vertex 17.3639 -14.338 3.2
      vertex 18.6962 -12.7147 3.2
      vertex 18.3612 -12.4663 3.2
    endloop
  endfacet
  facet normal 0 0 1
    outer loop
      vertex 19.9265 -17.6264 3.2
      vertex 17.9863 -16.8228 3.2
      vertex 19.7482 -18.0034 3.2
    endloop
  endfacet
  facet normal -0 0 1
    outer loop
      vertex 17.8961 -17.0135 3.2
      vertex 19.7482 -18.0034 3.2
      vertex 17.9863 -16.8228 3.2
    endloop
  endfacet
  facet normal 0 0 1
    outer loop
      vertex 20.2295 -15.5834 3.2
      vertex 18.1396 -15.7893 3.2
      vertex 18.15 -16 3.2
    endloop
  endfacet
  facet normal 0 0 1
    outer loop
      vertex 20.1683 -15.1709 3.2
      vertex 18.1087 -15.5806 3.2
      vertex 18.1396 -15.7893 3.2
    endloop
  endfacet
  facet normal 0 0 1
    outer loop
      vertex 20.067 -14.7663 3.2
      vertex 18.0574 -15.3759 3.2
      vertex 18.1087 -15.5806 3.2
    endloop
  endfacet
  facet normal 0 0 1
    outer loop
      vertex 17.1945 -14.2123 3.2
      vertex 18.3612 -12.4663 3.2
      vertex 18.0034 -12.2518 3.2
    endloop
  endfacet
  facet normal 0 0 1
    outer loop
      vertex 19.9265 -14.3736 3.2
      vertex 17.9863 -15.1772 3.2
      vertex 18.0574 -15.3759 3.2
    endloop
  endfacet
  facet normal 0 0 1
    outer loop
      vertex 19.7482 -13.9966 3.2
      vertex 17.8961 -14.9865 3.2
      vertex 17.9863 -15.1772 3.2
    endloop
  endfacet
  facet normal 0 0 1
    outer loop
      vertex 19.5337 -13.6388 3.2
      vertex 17.7877 -14.8055 3.2
      vertex 17.8961 -14.9865 3.2
    endloop
  endfacet
  facet normal 0 0 1
    outer loop
      vertex 19.2853 -13.3038 3.2
      vertex 17.662 -14.6361 3.2
      vertex 17.7877 -14.8055 3.2
    endloop
  endfacet
  facet normal 0 0 1
    outer loop
      vertex 17.0135 -14.1039 3.2
      vertex 18.0034 -12.2518 3.2
      vertex 17.6264 -12.0735 3.2
    endloop
  endfacet
  facet normal 0 0 1
    outer loop
      vertex 19.0052 -12.9948 3.2
      vertex 17.5203 -14.4797 3.2
      vertex 17.662 -14.6361 3.2
    endloop
  endfacet
  facet normal 0 0 1
    outer loop
      vertex 18.6962 -12.7147 3.2
      vertex 17.3639 -14.338 3.2
      vertex 17.5203 -14.4797 3.2
    endloop
  endfacet
  facet normal 0 0 1
    outer loop
      vertex 16.8228 -14.0137 3.2
      vertex 17.6264 -12.0735 3.2
      vertex 17.2337 -11.933 3.2
    endloop
  endfacet
  facet normal 0 0 1
    outer loop
      vertex 18.3612 -12.4663 3.2
      vertex 17.1945 -14.2123 3.2
      vertex 17.3639 -14.338 3.2
    endloop
  endfacet
  facet normal 0 0 1
    outer loop
      vertex 18.0034 -12.2518 3.2
      vertex 17.0135 -14.1039 3.2
      vertex 17.1945 -14.2123 3.2
    endloop
  endfacet
  facet normal 0 0 1
    outer loop
      vertex 16.6241 -13.9426 3.2
      vertex 17.2337 -11.933 3.2
      vertex 16.8291 -11.8317 3.2
    endloop
  endfacet
  facet normal 0 0 1
    outer loop
      vertex 17.6264 -12.0735 3.2
      vertex 16.8228 -14.0137 3.2
      vertex 17.0135 -14.1039 3.2
    endloop
  endfacet
  facet normal 0 0 1
    outer loop
      vertex 17.2337 -11.933 3.2
      vertex 16.6241 -13.9426 3.2
      vertex 16.8228 -14.0137 3.2
    endloop
  endfacet
  facet normal 0 0 1
    outer loop
      vertex 16.8291 -11.8317 3.2
      vertex 16.4194 -13.8913 3.2
      vertex 16.6241 -13.9426 3.2
    endloop
  endfacet
  facet normal 0 0 1
    outer loop
      vertex 16.4166 -11.7705 3.2
      vertex 16.4194 -13.8913 3.2
      vertex 16.8291 -11.8317 3.2
    endloop
  endfacet
  facet normal 0 0 1
    outer loop
      vertex 16.4166 -11.7705 3.2
      vertex 16.2107 -13.8604 3.2
      vertex 16.4194 -13.8913 3.2
    endloop
  endfacet
  facet normal 0 0 1
    outer loop
      vertex 16 -11.75 3.2
      vertex 16.2107 -13.8604 3.2
      vertex 16.4166 -11.7705 3.2
    endloop
  endfacet
  facet normal 0 0 1
    outer loop
      vertex 16 -11.75 3.2
      vertex 16 -13.85 3.2
      vertex 16.2107 -13.8604 3.2
    endloop
  endfacet
  facet normal 0 0 1
    outer loop
      vertex 16 -11.75 3.2
      vertex 15.7893 -13.8604 3.2
      vertex 16 -13.85 3.2
    endloop
  endfacet
  facet normal -0 0 1
    outer loop
      vertex 15.5834 -11.7705 3.2
      vertex 15.7893 -13.8604 3.2
      vertex 16 -11.75 3.2
    endloop
  endfacet
  facet normal 0 0 1
    outer loop
      vertex 15.5834 -11.7705 3.2
      vertex 15.5806 -13.8913 3.2
      vertex 15.7893 -13.8604 3.2
    endloop
  endfacet
  facet normal -0 0 1
    outer loop
      vertex 15.1709 -11.8317 3.2
      vertex 15.5806 -13.8913 3.2
      vertex 15.5834 -11.7705 3.2
    endloop
  endfacet
  facet normal 0 0 1
    outer loop
      vertex 15.5806 -13.8913 3.2
      vertex 15.1709 -11.8317 3.2
      vertex 15.3759 -13.9426 3.2
    endloop
  endfacet
  facet normal -0 0 1
    outer loop
      vertex 14.7663 -11.933 3.2
      vertex 15.3759 -13.9426 3.2
      vertex 15.1709 -11.8317 3.2
    endloop
  endfacet
  facet normal 0 0 1
    outer loop
      vertex 15.3759 -13.9426 3.2
      vertex 14.7663 -11.933 3.2
      vertex 15.1772 -14.0137 3.2
    endloop
  endfacet
  facet normal -0 0 1
    outer loop
      vertex 14.3736 -12.0735 3.2
      vertex 15.1772 -14.0137 3.2
      vertex 14.7663 -11.933 3.2
    endloop
  endfacet
  facet normal 0 0 1
    outer loop
      vertex 15.1772 -14.0137 3.2
      vertex 14.3736 -12.0735 3.2
      vertex 14.9865 -14.1039 3.2
    endloop
  endfacet
  facet normal -0 0 1
    outer loop
      vertex 13.9966 -12.2518 3.2
      vertex 14.9865 -14.1039 3.2
      vertex 14.3736 -12.0735 3.2
    endloop
  endfacet
  facet normal 0 0 1
    outer loop
      vertex 14.9865 -14.1039 3.2
      vertex 13.9966 -12.2518 3.2
      vertex 14.8055 -14.2123 3.2
    endloop
  endfacet
  facet normal -0 0 1
    outer loop
      vertex 13.6388 -12.4663 3.2
      vertex 14.8055 -14.2123 3.2
      vertex 13.9966 -12.2518 3.2
    endloop
  endfacet
  facet normal 0 0 1
    outer loop
      vertex 14.8055 -14.2123 3.2
      vertex 13.6388 -12.4663 3.2
      vertex 14.6361 -14.338 3.2
    endloop
  endfacet
  facet normal -0 0 1
    outer loop
      vertex 13.3038 -12.7147 3.2
      vertex 14.6361 -14.338 3.2
      vertex 13.6388 -12.4663 3.2
    endloop
  endfacet
  facet normal 0 0 1
    outer loop
      vertex 14.6361 -14.338 3.2
      vertex 13.3038 -12.7147 3.2
      vertex 14.4797 -14.4797 3.2
    endloop
  endfacet
  facet normal -0 0 1
    outer loop
      vertex 12.9948 -12.9948 3.2
      vertex 14.4797 -14.4797 3.2
      vertex 13.3038 -12.7147 3.2
    endloop
  endfacet
  facet normal 0 0 1
    outer loop
      vertex 14.4797 -14.4797 3.2
      vertex 12.9948 -12.9948 3.2
      vertex 14.338 -14.6361 3.2
    endloop
  endfacet
  facet normal -0 0 1
    outer loop
      vertex 12.7147 -13.3038 3.2
      vertex 14.338 -14.6361 3.2
      vertex 12.9948 -12.9948 3.2
    endloop
  endfacet
  facet normal 0 0 1
    outer loop
      vertex 14.338 -14.6361 3.2
      vertex 12.7147 -13.3038 3.2
      vertex 14.2123 -14.8055 3.2
    endloop
  endfacet
  facet normal -0 0 1
    outer loop
      vertex 12.4663 -13.6388 3.2
      vertex 14.2123 -14.8055 3.2
      vertex 12.7147 -13.3038 3.2
    endloop
  endfacet
  facet normal 0 0 1
    outer loop
      vertex 14.2123 -14.8055 3.2
      vertex 12.4663 -13.6388 3.2
      vertex 14.1039 -14.9865 3.2
    endloop
  endfacet
  facet normal -0 0 1
    outer loop
      vertex 12.2518 -13.9966 3.2
      vertex 14.1039 -14.9865 3.2
      vertex 12.4663 -13.6388 3.2
    endloop
  endfacet
  facet normal 0 0 1
    outer loop
      vertex 19.7482 -18.0034 3.2
      vertex 17.8961 -17.0135 3.2
      vertex 19.5337 -18.3612 3.2
    endloop
  endfacet
  facet normal -0 0 1
    outer loop
      vertex 17.7877 -17.1945 3.2
      vertex 19.5337 -18.3612 3.2
      vertex 17.8961 -17.0135 3.2
    endloop
  endfacet
  facet normal 0 0 1
    outer loop
      vertex 19.5337 -18.3612 3.2
      vertex 17.7877 -17.1945 3.2
      vertex 19.2853 -18.6962 3.2
    endloop
  endfacet
  facet normal -0 0 1
    outer loop
      vertex 17.662 -17.3639 3.2
      vertex 19.2853 -18.6962 3.2
      vertex 17.7877 -17.1945 3.2
    endloop
  endfacet
  facet normal 0 0 1
    outer loop
      vertex 19.2853 -18.6962 3.2
      vertex 17.662 -17.3639 3.2
      vertex 19.0052 -19.0052 3.2
    endloop
  endfacet
  facet normal -0 0 1
    outer loop
      vertex 17.5203 -17.5203 3.2
      vertex 19.0052 -19.0052 3.2
      vertex 17.662 -17.3639 3.2
    endloop
  endfacet
  facet normal 0 0 1
    outer loop
      vertex 19.0052 -19.0052 3.2
      vertex 17.5203 -17.5203 3.2
      vertex 18.6962 -19.2853 3.2
    endloop
  endfacet
  facet normal -0 0 1
    outer loop
      vertex 17.3639 -17.662 3.2
      vertex 18.6962 -19.2853 3.2
      vertex 17.5203 -17.5203 3.2
    endloop
  endfacet
  facet normal 0 0 1
    outer loop
      vertex 18.6962 -19.2853 3.2
      vertex 17.3639 -17.662 3.2
      vertex 18.3612 -19.5337 3.2
    endloop
  endfacet
  facet normal -0 0 1
    outer loop
      vertex 17.1945 -17.7877 3.2
      vertex 18.3612 -19.5337 3.2
      vertex 17.3639 -17.662 3.2
    endloop
  endfacet
  facet normal 0 0 1
    outer loop
      vertex 18.3612 -19.5337 3.2
      vertex 17.1945 -17.7877 3.2
      vertex 18.0034 -19.7482 3.2
    endloop
  endfacet
  facet normal -0 0 1
    outer loop
      vertex 17.0135 -17.8961 3.2
      vertex 18.0034 -19.7482 3.2
      vertex 17.1945 -17.7877 3.2
    endloop
  endfacet
  facet normal 0 0 1
    outer loop
      vertex 18.0034 -19.7482 3.2
      vertex 17.0135 -17.8961 3.2
      vertex 17.6264 -19.9265 3.2
    endloop
  endfacet
  facet normal -0 0 1
    outer loop
      vertex 16.8228 -17.9863 3.2
      vertex 17.6264 -19.9265 3.2
      vertex 17.0135 -17.8961 3.2
    endloop
  endfacet
  facet normal 0 0 1
    outer loop
      vertex 17.6264 -19.9265 3.2
      vertex 16.8228 -17.9863 3.2
      vertex 17.2337 -20.067 3.2
    endloop
  endfacet
  facet normal -0 0 1
    outer loop
      vertex 16.6241 -18.0574 3.2
      vertex 17.2337 -20.067 3.2
      vertex 16.8228 -17.9863 3.2
    endloop
  endfacet
  facet normal 0 0 1
    outer loop
      vertex 17.2337 -20.067 3.2
      vertex 16.6241 -18.0574 3.2
      vertex 16.8291 -20.1683 3.2
    endloop
  endfacet
  facet normal -0 0 1
    outer loop
      vertex 16.4194 -18.1087 3.2
      vertex 16.8291 -20.1683 3.2
      vertex 16.6241 -18.0574 3.2
    endloop
  endfacet
  facet normal 0 0 1
    outer loop
      vertex 16.4194 -18.1087 3.2
      vertex 16.4166 -20.2295 3.2
      vertex 16.8291 -20.1683 3.2
    endloop
  endfacet
  facet normal -0 0 1
    outer loop
      vertex 16.2107 -18.1396 3.2
      vertex 16.4166 -20.2295 3.2
      vertex 16.4194 -18.1087 3.2
    endloop
  endfacet
  facet normal -0 0 1
    outer loop
      vertex 16 -18.15 3.2
      vertex 16.4166 -20.2295 3.2
      vertex 16.2107 -18.1396 3.2
    endloop
  endfacet
  facet normal 0 0 1
    outer loop
      vertex 16 -18.15 3.2
      vertex 16 -20.25 3.2
      vertex 16.4166 -20.2295 3.2
    endloop
  endfacet
  facet normal 0 0 1
    outer loop
      vertex 15.7893 -18.1396 3.2
      vertex 16 -20.25 3.2
      vertex 16 -18.15 3.2
    endloop
  endfacet
  facet normal 0 0 1
    outer loop
      vertex 15.7893 -18.1396 3.2
      vertex 15.5834 -20.2295 3.2
      vertex 16 -20.25 3.2
    endloop
  endfacet
  facet normal 0 0 1
    outer loop
      vertex 15.5806 -18.1087 3.2
      vertex 15.5834 -20.2295 3.2
      vertex 15.7893 -18.1396 3.2
    endloop
  endfacet
  facet normal 0 0 1
    outer loop
      vertex 15.1709 -20.1683 3.2
      vertex 15.5806 -18.1087 3.2
      vertex 15.3759 -18.0574 3.2
    endloop
  endfacet
  facet normal 0 0 1
    outer loop
      vertex 14.7663 -20.067 3.2
      vertex 15.3759 -18.0574 3.2
      vertex 15.1772 -17.9863 3.2
    endloop
  endfacet
  facet normal 0 0 1
    outer loop
      vertex 15.5806 -18.1087 3.2
      vertex 15.1709 -20.1683 3.2
      vertex 15.5834 -20.2295 3.2
    endloop
  endfacet
  facet normal 0 0 1
    outer loop
      vertex 14.3736 -19.9265 3.2
      vertex 15.1772 -17.9863 3.2
      vertex 14.9865 -17.8961 3.2
    endloop
  endfacet
  facet normal 0 0 1
    outer loop
      vertex 13.9966 -19.7482 3.2
      vertex 14.9865 -17.8961 3.2
      vertex 14.8055 -17.7877 3.2
    endloop
  endfacet
  facet normal 0 0 1
    outer loop
      vertex 15.3759 -18.0574 3.2
      vertex 14.7663 -20.067 3.2
      vertex 15.1709 -20.1683 3.2
    endloop
  endfacet
  facet normal 0 0 1
    outer loop
      vertex 13.6388 -19.5337 3.2
      vertex 14.8055 -17.7877 3.2
      vertex 14.6361 -17.662 3.2
    endloop
  endfacet
  facet normal 0 0 1
    outer loop
      vertex 13.3038 -19.2853 3.2
      vertex 14.6361 -17.662 3.2
      vertex 14.4797 -17.5203 3.2
    endloop
  endfacet
  facet normal 0 0 1
    outer loop
      vertex 15.1772 -17.9863 3.2
      vertex 14.3736 -19.9265 3.2
      vertex 14.7663 -20.067 3.2
    endloop
  endfacet
  facet normal 0 0 1
    outer loop
      vertex 12.9948 -19.0052 3.2
      vertex 14.4797 -17.5203 3.2
      vertex 14.338 -17.3639 3.2
    endloop
  endfacet
  facet normal 0 0 1
    outer loop
      vertex 12.7147 -18.6962 3.2
      vertex 14.338 -17.3639 3.2
      vertex 14.2123 -17.1945 3.2
    endloop
  endfacet
  facet normal 0 0 1
    outer loop
      vertex 12.4663 -18.3612 3.2
      vertex 14.2123 -17.1945 3.2
      vertex 14.1039 -17.0135 3.2
    endloop
  endfacet
  facet normal 0 0 1
    outer loop
      vertex 12.2518 -18.0034 3.2
      vertex 14.1039 -17.0135 3.2
      vertex 14.0137 -16.8228 3.2
    endloop
  endfacet
  facet normal 0 0 1
    outer loop
      vertex 14.9865 -17.8961 3.2
      vertex 13.9966 -19.7482 3.2
      vertex 14.3736 -19.9265 3.2
    endloop
  endfacet
  facet normal 0 0 1
    outer loop
      vertex 12.0735 -17.6264 3.2
      vertex 14.0137 -16.8228 3.2
      vertex 13.9426 -16.6241 3.2
    endloop
  endfacet
  facet normal 0 0 1
    outer loop
      vertex 11.933 -17.2337 3.2
      vertex 13.9426 -16.6241 3.2
      vertex 13.8913 -16.4194 3.2
    endloop
  endfacet
  facet normal 0 0 1
    outer loop
      vertex 11.8317 -16.8291 3.2
      vertex 13.8913 -16.4194 3.2
      vertex 13.8604 -16.2107 3.2
    endloop
  endfacet
  facet normal 0 0 1
    outer loop
      vertex 11.7705 -16.4166 3.2
      vertex 13.8604 -16.2107 3.2
      vertex 13.85 -16 3.2
    endloop
  endfacet
  facet normal 0 0 1
    outer loop
      vertex 14.1039 -14.9865 3.2
      vertex 12.2518 -13.9966 3.2
      vertex 14.0137 -15.1772 3.2
    endloop
  endfacet
  facet normal 0 0 1
    outer loop
      vertex 14.8055 -17.7877 3.2
      vertex 13.6388 -19.5337 3.2
      vertex 13.9966 -19.7482 3.2
    endloop
  endfacet
  facet normal -0 0 1
    outer loop
      vertex 12.0735 -14.3736 3.2
      vertex 14.0137 -15.1772 3.2
      vertex 12.2518 -13.9966 3.2
    endloop
  endfacet
  facet normal 0 0 1
    outer loop
      vertex 14.6361 -17.662 3.2
      vertex 13.3038 -19.2853 3.2
      vertex 13.6388 -19.5337 3.2
    endloop
  endfacet
  facet normal 0 0 1
    outer loop
      vertex 14.0137 -15.1772 3.2
      vertex 12.0735 -14.3736 3.2
      vertex 13.9426 -15.3759 3.2
    endloop
  endfacet
  facet normal 0 0 1
    outer loop
      vertex 14.4797 -17.5203 3.2
      vertex 12.9948 -19.0052 3.2
      vertex 13.3038 -19.2853 3.2
    endloop
  endfacet
  facet normal -0 0 1
    outer loop
      vertex 11.933 -14.7663 3.2
      vertex 13.9426 -15.3759 3.2
      vertex 12.0735 -14.3736 3.2
    endloop
  endfacet
  facet normal 0 0 1
    outer loop
      vertex 14.338 -17.3639 3.2
      vertex 12.7147 -18.6962 3.2
      vertex 12.9948 -19.0052 3.2
    endloop
  endfacet
  facet normal 0 0 1
    outer loop
      vertex 13.9426 -15.3759 3.2
      vertex 11.933 -14.7663 3.2
      vertex 13.8913 -15.5806 3.2
    endloop
  endfacet
  facet normal 0 0 1
    outer loop
      vertex 14.2123 -17.1945 3.2
      vertex 12.4663 -18.3612 3.2
      vertex 12.7147 -18.6962 3.2
    endloop
  endfacet
  facet normal -0 0 1
    outer loop
      vertex 11.8317 -15.1709 3.2
      vertex 13.8913 -15.5806 3.2
      vertex 11.933 -14.7663 3.2
    endloop
  endfacet
  facet normal 0 0 1
    outer loop
      vertex 14.1039 -17.0135 3.2
      vertex 12.2518 -18.0034 3.2
      vertex 12.4663 -18.3612 3.2
    endloop
  endfacet
  facet normal 0 0 1
    outer loop
      vertex 13.8913 -15.5806 3.2
      vertex 11.8317 -15.1709 3.2
      vertex 13.8604 -15.7893 3.2
    endloop
  endfacet
  facet normal 0 0 1
    outer loop
      vertex 14.0137 -16.8228 3.2
      vertex 12.0735 -17.6264 3.2
      vertex 12.2518 -18.0034 3.2
    endloop
  endfacet
  facet normal -0 0 1
    outer loop
      vertex 11.7705 -15.5834 3.2
      vertex 13.8604 -15.7893 3.2
      vertex 11.8317 -15.1709 3.2
    endloop
  endfacet
  facet normal 0 0 1
    outer loop
      vertex 13.9426 -16.6241 3.2
      vertex 11.933 -17.2337 3.2
      vertex 12.0735 -17.6264 3.2
    endloop
  endfacet
  facet normal 0 0 1
    outer loop
      vertex 13.8604 -15.7893 3.2
      vertex 11.7705 -15.5834 3.2
      vertex 13.85 -16 3.2
    endloop
  endfacet
  facet normal 0 0 1
    outer loop
      vertex 13.8913 -16.4194 3.2
      vertex 11.8317 -16.8291 3.2
      vertex 11.933 -17.2337 3.2
    endloop
  endfacet
  facet normal 0 0 1
    outer loop
      vertex 11.75 -16 3.2
      vertex 13.85 -16 3.2
      vertex 11.7705 -15.5834 3.2
    endloop
  endfacet
  facet normal 0 0 1
    outer loop
      vertex 13.8604 -16.2107 3.2
      vertex 11.7705 -16.4166 3.2
      vertex 11.8317 -16.8291 3.2
    endloop
  endfacet
  facet normal 0 0 1
    outer loop
      vertex 13.85 -16 3.2
      vertex 11.75 -16 3.2
      vertex 11.7705 -16.4166 3.2
    endloop
  endfacet
  facet normal -0.970058 -0.242874 0
    outer loop
      vertex 20.1683 -15.1709 3.2
      vertex 20.067 -14.7663 5
      vertex 20.067 -14.7663 3.2
    endloop
  endfacet
  facet normal -0.970058 -0.242874 0
    outer loop
      vertex 20.067 -14.7663 5
      vertex 20.1683 -15.1709 3.2
      vertex 20.1683 -15.1709 5
    endloop
  endfacet
  facet normal -0.989173 -0.146757 0
    outer loop
      vertex 20.2295 -15.5834 3.2
      vertex 20.1683 -15.1709 5
      vertex 20.1683 -15.1709 3.2
    endloop
  endfacet
  facet normal -0.989173 -0.146757 0
    outer loop
      vertex 20.1683 -15.1709 5
      vertex 20.2295 -15.5834 3.2
      vertex 20.2295 -15.5834 5
    endloop
  endfacet
  facet normal -0.941552 -0.336868 0
    outer loop
      vertex 20.067 -14.7663 3.2
      vertex 19.9265 -14.3736 5
      vertex 19.9265 -14.3736 3.2
    endloop
  endfacet
  facet normal -0.941552 -0.336868 0
    outer loop
      vertex 19.9265 -14.3736 5
      vertex 20.067 -14.7663 3.2
      vertex 20.067 -14.7663 5
    endloop
  endfacet
  facet normal -0.242874 -0.970058 0
    outer loop
      vertex 16.8291 -11.8317 3.2
      vertex 17.2337 -11.933 5
      vertex 16.8291 -11.8317 5
    endloop
  endfacet
  facet normal -0.242874 -0.970058 -0
    outer loop
      vertex 17.2337 -11.933 5
      vertex 16.8291 -11.8317 3.2
      vertex 17.2337 -11.933 3.2
    endloop
  endfacet
  facet normal -0.336868 -0.941552 0
    outer loop
      vertex 17.2337 -11.933 3.2
      vertex 17.6264 -12.0735 5
      vertex 17.2337 -11.933 5
    endloop
  endfacet
  facet normal -0.336868 -0.941552 -0
    outer loop
      vertex 17.6264 -12.0735 5
      vertex 17.2337 -11.933 3.2
      vertex 17.6264 -12.0735 3.2
    endloop
  endfacet
  facet normal -0.146757 -0.989173 0
    outer loop
      vertex 16.4166 -11.7705 3.2
      vertex 16.8291 -11.8317 5
      vertex 16.4166 -11.7705 5
    endloop
  endfacet
  facet normal -0.146757 -0.989173 -0
    outer loop
      vertex 16.8291 -11.8317 5
      vertex 16.4166 -11.7705 3.2
      vertex 16.8291 -11.8317 3.2
    endloop
  endfacet
  facet normal -0.595617 -0.803268 0
    outer loop
      vertex 18.3612 -12.4663 3.2
      vertex 18.6962 -12.7147 5
      vertex 18.3612 -12.4663 5
    endloop
  endfacet
  facet normal -0.595617 -0.803268 -0
    outer loop
      vertex 18.6962 -12.7147 5
      vertex 18.3612 -12.4663 3.2
      vertex 18.6962 -12.7147 3.2
    endloop
  endfacet
  facet normal -0.514178 -0.857683 0
    outer loop
      vertex 18.0034 -12.2518 3.2
      vertex 18.3612 -12.4663 5
      vertex 18.0034 -12.2518 5
    endloop
  endfacet
  facet normal -0.514178 -0.857683 -0
    outer loop
      vertex 18.3612 -12.4663 5
      vertex 18.0034 -12.2518 3.2
      vertex 18.3612 -12.4663 3.2
    endloop
  endfacet
  facet normal -0.67161 -0.740905 0
    outer loop
      vertex 18.6962 -12.7147 3.2
      vertex 19.0052 -12.9948 5
      vertex 18.6962 -12.7147 5
    endloop
  endfacet
  facet normal -0.67161 -0.740905 -0
    outer loop
      vertex 19.0052 -12.9948 5
      vertex 18.6962 -12.7147 3.2
      vertex 19.0052 -12.9948 3.2
    endloop
  endfacet
  facet normal 0.970058 -0.242874 0
    outer loop
      vertex 11.8317 -15.1709 5
      vertex 11.933 -14.7663 3.2
      vertex 11.933 -14.7663 5
    endloop
  endfacet
  facet normal 0.970058 -0.242874 0
    outer loop
      vertex 11.933 -14.7663 3.2
      vertex 11.8317 -15.1709 5
      vertex 11.8317 -15.1709 3.2
    endloop
  endfacet
  facet normal 0.740905 -0.67161 0
    outer loop
      vertex 12.7147 -13.3038 5
      vertex 12.9948 -12.9948 3.2
      vertex 12.9948 -12.9948 5
    endloop
  endfacet
  facet normal 0.740905 -0.67161 0
    outer loop
      vertex 12.9948 -12.9948 3.2
      vertex 12.7147 -13.3038 5
      vertex 12.7147 -13.3038 3.2
    endloop
  endfacet
  facet normal 0.903996 -0.42754 0
    outer loop
      vertex 12.0735 -14.3736 5
      vertex 12.2518 -13.9966 3.2
      vertex 12.2518 -13.9966 5
    endloop
  endfacet
  facet normal 0.903996 -0.42754 0
    outer loop
      vertex 12.2518 -13.9966 3.2
      vertex 12.0735 -14.3736 5
      vertex 12.0735 -14.3736 3.2
    endloop
  endfacet
  facet normal 0.989173 -0.146757 0
    outer loop
      vertex 11.7705 -15.5834 5
      vertex 11.8317 -15.1709 3.2
      vertex 11.8317 -15.1709 5
    endloop
  endfacet
  facet normal 0.989173 -0.146757 0
    outer loop
      vertex 11.8317 -15.1709 3.2
      vertex 11.7705 -15.5834 5
      vertex 11.7705 -15.5834 3.2
    endloop
  endfacet
  facet normal 0.42754 -0.903996 0
    outer loop
      vertex 13.9966 -12.2518 3.2
      vertex 14.3736 -12.0735 5
      vertex 13.9966 -12.2518 5
    endloop
  endfacet
  facet normal 0.42754 -0.903996 0
    outer loop
      vertex 14.3736 -12.0735 5
      vertex 13.9966 -12.2518 3.2
      vertex 14.3736 -12.0735 3.2
    endloop
  endfacet
  facet normal 0.514178 -0.857683 0
    outer loop
      vertex 13.6388 -12.4663 3.2
      vertex 13.9966 -12.2518 5
      vertex 13.6388 -12.4663 5
    endloop
  endfacet
  facet normal 0.514178 -0.857683 0
    outer loop
      vertex 13.9966 -12.2518 5
      vertex 13.6388 -12.4663 3.2
      vertex 13.9966 -12.2518 3.2
    endloop
  endfacet
  facet normal 0.595617 -0.803268 0
    outer loop
      vertex 13.3038 -12.7147 3.2
      vertex 13.6388 -12.4663 5
      vertex 13.3038 -12.7147 5
    endloop
  endfacet
  facet normal 0.595617 -0.803268 0
    outer loop
      vertex 13.6388 -12.4663 5
      vertex 13.3038 -12.7147 3.2
      vertex 13.6388 -12.4663 3.2
    endloop
  endfacet
  facet normal 0.242874 -0.970058 0
    outer loop
      vertex 14.7663 -11.933 3.2
      vertex 15.1709 -11.8317 5
      vertex 14.7663 -11.933 5
    endloop
  endfacet
  facet normal 0.242874 -0.970058 0
    outer loop
      vertex 15.1709 -11.8317 5
      vertex 14.7663 -11.933 3.2
      vertex 15.1709 -11.8317 3.2
    endloop
  endfacet
  facet normal 0.0491484 -0.998791 0
    outer loop
      vertex 15.5834 -11.7705 3.2
      vertex 16 -11.75 5
      vertex 15.5834 -11.7705 5
    endloop
  endfacet
  facet normal 0.0491484 -0.998791 0
    outer loop
      vertex 16 -11.75 5
      vertex 15.5834 -11.7705 3.2
      vertex 16 -11.75 3.2
    endloop
  endfacet
  facet normal -0.0491484 0.998791 0
    outer loop
      vertex 16.4166 -20.2295 3.2
      vertex 16 -20.25 5
      vertex 16.4166 -20.2295 5
    endloop
  endfacet
  facet normal -0.0491484 0.998791 0
    outer loop
      vertex 16 -20.25 5
      vertex 16.4166 -20.2295 3.2
      vertex 16 -20.25 3.2
    endloop
  endfacet
  facet normal -0.42754 0.903996 0
    outer loop
      vertex 18.0034 -19.7482 3.2
      vertex 17.6264 -19.9265 5
      vertex 18.0034 -19.7482 5
    endloop
  endfacet
  facet normal -0.42754 0.903996 0
    outer loop
      vertex 17.6264 -19.9265 5
      vertex 18.0034 -19.7482 3.2
      vertex 17.6264 -19.9265 3.2
    endloop
  endfacet
  facet normal -0.595617 0.803268 0
    outer loop
      vertex 18.6962 -19.2853 3.2
      vertex 18.3612 -19.5337 5
      vertex 18.6962 -19.2853 5
    endloop
  endfacet
  facet normal -0.595617 0.803268 0
    outer loop
      vertex 18.3612 -19.5337 5
      vertex 18.6962 -19.2853 3.2
      vertex 18.3612 -19.5337 3.2
    endloop
  endfacet
  facet normal -0.740905 0.67161 0
    outer loop
      vertex 19.0052 -19.0052 3.2
      vertex 19.2853 -18.6962 5
      vertex 19.2853 -18.6962 3.2
    endloop
  endfacet
  facet normal -0.740905 0.67161 0
    outer loop
      vertex 19.2853 -18.6962 5
      vertex 19.0052 -19.0052 3.2
      vertex 19.0052 -19.0052 5
    endloop
  endfacet
  facet normal -0.803268 0.595617 0
    outer loop
      vertex 19.2853 -18.6962 3.2
      vertex 19.5337 -18.3612 5
      vertex 19.5337 -18.3612 3.2
    endloop
  endfacet
  facet normal -0.803268 0.595617 0
    outer loop
      vertex 19.5337 -18.3612 5
      vertex 19.2853 -18.6962 3.2
      vertex 19.2853 -18.6962 5
    endloop
  endfacet
  facet normal 0.67161 0.740905 -0
    outer loop
      vertex 13.3038 -19.2853 3.2
      vertex 12.9948 -19.0052 5
      vertex 13.3038 -19.2853 5
    endloop
  endfacet
  facet normal 0.67161 0.740905 0
    outer loop
      vertex 12.9948 -19.0052 5
      vertex 13.3038 -19.2853 3.2
      vertex 12.9948 -19.0052 3.2
    endloop
  endfacet
  facet normal 0.595617 0.803268 -0
    outer loop
      vertex 13.6388 -19.5337 3.2
      vertex 13.3038 -19.2853 5
      vertex 13.6388 -19.5337 5
    endloop
  endfacet
  facet normal 0.595617 0.803268 0
    outer loop
      vertex 13.3038 -19.2853 5
      vertex 13.6388 -19.5337 3.2
      vertex 13.3038 -19.2853 3.2
    endloop
  endfacet
  facet normal 0.514178 0.857683 -0
    outer loop
      vertex 13.9966 -19.7482 3.2
      vertex 13.6388 -19.5337 5
      vertex 13.9966 -19.7482 5
    endloop
  endfacet
  facet normal 0.514178 0.857683 0
    outer loop
      vertex 13.6388 -19.5337 5
      vertex 13.9966 -19.7482 3.2
      vertex 13.6388 -19.5337 3.2
    endloop
  endfacet
  facet normal 0.146757 0.989173 -0
    outer loop
      vertex 15.5834 -20.2295 3.2
      vertex 15.1709 -20.1683 5
      vertex 15.5834 -20.2295 5
    endloop
  endfacet
  facet normal 0.146757 0.989173 0
    outer loop
      vertex 15.1709 -20.1683 5
      vertex 15.5834 -20.2295 3.2
      vertex 15.1709 -20.1683 3.2
    endloop
  endfacet
  facet normal 0.903996 0.42754 0
    outer loop
      vertex 12.2518 -18.0034 5
      vertex 12.0735 -17.6264 3.2
      vertex 12.0735 -17.6264 5
    endloop
  endfacet
  facet normal 0.903996 0.42754 0
    outer loop
      vertex 12.0735 -17.6264 3.2
      vertex 12.2518 -18.0034 5
      vertex 12.2518 -18.0034 3.2
    endloop
  endfacet
  facet normal 0.941552 0.336868 0
    outer loop
      vertex 12.0735 -17.6264 5
      vertex 11.933 -17.2337 3.2
      vertex 11.933 -17.2337 5
    endloop
  endfacet
  facet normal 0.941552 0.336868 0
    outer loop
      vertex 11.933 -17.2337 3.2
      vertex 12.0735 -17.6264 5
      vertex 12.0735 -17.6264 3.2
    endloop
  endfacet
  facet normal 0.998791 0.0491484 0
    outer loop
      vertex 11.7705 -16.4166 5
      vertex 11.75 -16 3.2
      vertex 11.75 -16 5
    endloop
  endfacet
  facet normal 0.998791 0.0491484 0
    outer loop
      vertex 11.75 -16 3.2
      vertex 11.7705 -16.4166 5
      vertex 11.7705 -16.4166 3.2
    endloop
  endfacet
  facet normal -0.803268 -0.595617 0
    outer loop
      vertex 19.5337 -13.6388 3.2
      vertex 19.2853 -13.3038 5
      vertex 19.2853 -13.3038 3.2
    endloop
  endfacet
  facet normal -0.803268 -0.595617 0
    outer loop
      vertex 19.2853 -13.3038 5
      vertex 19.5337 -13.6388 3.2
      vertex 19.5337 -13.6388 5
    endloop
  endfacet
  facet normal 0.941552 -0.336868 0
    outer loop
      vertex 11.933 -14.7663 5
      vertex 12.0735 -14.3736 3.2
      vertex 12.0735 -14.3736 5
    endloop
  endfacet
  facet normal 0.941552 -0.336868 0
    outer loop
      vertex 12.0735 -14.3736 3.2
      vertex 11.933 -14.7663 5
      vertex 11.933 -14.7663 3.2
    endloop
  endfacet
  facet normal -0.998791 0.0491484 0
    outer loop
      vertex 20.2295 -16.4166 3.2
      vertex 20.25 -16 5
      vertex 20.25 -16 3.2
    endloop
  endfacet
  facet normal -0.998791 0.0491484 0
    outer loop
      vertex 20.25 -16 5
      vertex 20.2295 -16.4166 3.2
      vertex 20.2295 -16.4166 5
    endloop
  endfacet
  facet normal -0.146757 0.989173 0
    outer loop
      vertex 16.8291 -20.1683 3.2
      vertex 16.4166 -20.2295 5
      vertex 16.8291 -20.1683 5
    endloop
  endfacet
  facet normal -0.146757 0.989173 0
    outer loop
      vertex 16.4166 -20.2295 5
      vertex 16.8291 -20.1683 3.2
      vertex 16.4166 -20.2295 3.2
    endloop
  endfacet
  facet normal -0.336868 0.941552 0
    outer loop
      vertex 17.6264 -19.9265 3.2
      vertex 17.2337 -20.067 5
      vertex 17.6264 -19.9265 5
    endloop
  endfacet
  facet normal -0.336868 0.941552 0
    outer loop
      vertex 17.2337 -20.067 5
      vertex 17.6264 -19.9265 3.2
      vertex 17.2337 -20.067 3.2
    endloop
  endfacet
  facet normal -0.514178 0.857683 0
    outer loop
      vertex 18.3612 -19.5337 3.2
      vertex 18.0034 -19.7482 5
      vertex 18.3612 -19.5337 5
    endloop
  endfacet
  facet normal -0.514178 0.857683 0
    outer loop
      vertex 18.0034 -19.7482 5
      vertex 18.3612 -19.5337 3.2
      vertex 18.0034 -19.7482 3.2
    endloop
  endfacet
  facet normal -0.903996 0.42754 0
    outer loop
      vertex 19.7482 -18.0034 3.2
      vertex 19.9265 -17.6264 5
      vertex 19.9265 -17.6264 3.2
    endloop
  endfacet
  facet normal -0.903996 0.42754 0
    outer loop
      vertex 19.9265 -17.6264 5
      vertex 19.7482 -18.0034 3.2
      vertex 19.7482 -18.0034 5
    endloop
  endfacet
  facet normal -0.970058 0.242874 0
    outer loop
      vertex 20.067 -17.2337 3.2
      vertex 20.1683 -16.8291 5
      vertex 20.1683 -16.8291 3.2
    endloop
  endfacet
  facet normal -0.970058 0.242874 0
    outer loop
      vertex 20.1683 -16.8291 5
      vertex 20.067 -17.2337 3.2
      vertex 20.067 -17.2337 5
    endloop
  endfacet
  facet normal -0.989173 0.146757 0
    outer loop
      vertex 20.1683 -16.8291 3.2
      vertex 20.2295 -16.4166 5
      vertex 20.2295 -16.4166 3.2
    endloop
  endfacet
  facet normal -0.989173 0.146757 0
    outer loop
      vertex 20.2295 -16.4166 5
      vertex 20.1683 -16.8291 3.2
      vertex 20.1683 -16.8291 5
    endloop
  endfacet
  facet normal 0.42754 0.903996 -0
    outer loop
      vertex 14.3736 -19.9265 3.2
      vertex 13.9966 -19.7482 5
      vertex 14.3736 -19.9265 5
    endloop
  endfacet
  facet normal 0.42754 0.903996 0
    outer loop
      vertex 13.9966 -19.7482 5
      vertex 14.3736 -19.9265 3.2
      vertex 13.9966 -19.7482 3.2
    endloop
  endfacet
  facet normal 0.242874 0.970058 -0
    outer loop
      vertex 15.1709 -20.1683 3.2
      vertex 14.7663 -20.067 5
      vertex 15.1709 -20.1683 5
    endloop
  endfacet
  facet normal 0.242874 0.970058 0
    outer loop
      vertex 14.7663 -20.067 5
      vertex 15.1709 -20.1683 3.2
      vertex 14.7663 -20.067 3.2
    endloop
  endfacet
  facet normal 0.0491484 0.998791 -0
    outer loop
      vertex 16 -20.25 3.2
      vertex 15.5834 -20.2295 5
      vertex 16 -20.25 5
    endloop
  endfacet
  facet normal 0.0491484 0.998791 0
    outer loop
      vertex 15.5834 -20.2295 5
      vertex 16 -20.25 3.2
      vertex 15.5834 -20.2295 3.2
    endloop
  endfacet
  facet normal 0.857683 0.514178 0
    outer loop
      vertex 12.4663 -18.3612 5
      vertex 12.2518 -18.0034 3.2
      vertex 12.2518 -18.0034 5
    endloop
  endfacet
  facet normal 0.857683 0.514178 0
    outer loop
      vertex 12.2518 -18.0034 3.2
      vertex 12.4663 -18.3612 5
      vertex 12.4663 -18.3612 3.2
    endloop
  endfacet
  facet normal 0.989173 0.146757 0
    outer loop
      vertex 11.8317 -16.8291 5
      vertex 11.7705 -16.4166 3.2
      vertex 11.7705 -16.4166 5
    endloop
  endfacet
  facet normal 0.989173 0.146757 0
    outer loop
      vertex 11.7705 -16.4166 3.2
      vertex 11.8317 -16.8291 5
      vertex 11.8317 -16.8291 3.2
    endloop
  endfacet
  facet normal 1 -0 0
    outer loop
      vertex -0.599999 7.5 9
      vertex -0.599999 9.97052 7.6
      vertex -0.599999 9.97052 9
    endloop
  endfacet
  facet normal 1 0 0
    outer loop
      vertex -0.599999 9.97052 7.6
      vertex -0.599999 7.5 9
      vertex -0.599999 7.5 7.6
    endloop
  endfacet
  facet normal -1 0 0
    outer loop
      vertex 0.599999 7.5 7.6
      vertex 0.599999 9.97052 9
      vertex 0.599999 9.97052 7.6
    endloop
  endfacet
  facet normal -1 -0 0
    outer loop
      vertex 0.599999 9.97052 9
      vertex 0.599999 7.5 7.6
      vertex 0.599999 7.5 9
    endloop
  endfacet
  facet normal 0 0 1
    outer loop
      vertex 0 10 7.6
      vertex 0.599999 7.5 7.6
      vertex 0.599999 9.97052 7.6
    endloop
  endfacet
  facet normal 0 0 1
    outer loop
      vertex -0.599999 7.5 7.6
      vertex 0 10 7.6
      vertex -0.599999 9.97052 7.6
    endloop
  endfacet
  facet normal 0 0 1
    outer loop
      vertex 0 10 7.6
      vertex -0.599999 7.5 7.6
      vertex 0.599999 7.5 7.6
    endloop
  endfacet
  facet normal 0 1 -0
    outer loop
      vertex 0.599999 7.5 7.6
      vertex -0.599999 7.5 9
      vertex 0.599999 7.5 9
    endloop
  endfacet
  facet normal 0 1 0
    outer loop
      vertex -0.599999 7.5 9
      vertex 0.599999 7.5 7.6
      vertex -0.599999 7.5 7.6
    endloop
  endfacet
  facet normal -0.965926 -0.258817 0
    outer loop
      vertex -1.36159 7.39973 7.6
      vertex -2.00332 9.79472 9
      vertex -2.00332 9.79472 7.6
    endloop
  endfacet
  facet normal -0.965926 -0.258817 0
    outer loop
      vertex -2.00332 9.79472 9
      vertex -1.36159 7.39973 7.6
      vertex -1.36159 7.39973 9
    endloop
  endfacet
  facet normal 0.965926 0.258818 0
    outer loop
      vertex -2.5207 7.08915 9
      vertex -3.16057 9.47719 7.6
      vertex -3.16057 9.47719 9
    endloop
  endfacet
  facet normal 0.965926 0.258818 0
    outer loop
      vertex -3.16057 9.47719 7.6
      vertex -2.5207 7.08915 9
      vertex -2.5207 7.08915 7.6
    endloop
  endfacet
  facet normal -0 0 1
    outer loop
      vertex -2.90285 9.5694 7.6
      vertex -1.36159 7.39973 7.6
      vertex -2.00332 9.79472 7.6
    endloop
  endfacet
  facet normal 0 0 1
    outer loop
      vertex -1.36159 7.39973 7.6
      vertex -2.90285 9.5694 7.6
      vertex -2.5207 7.08915 7.6
    endloop
  endfacet
  facet normal 0 0 1
    outer loop
      vertex -2.5207 7.08915 7.6
      vertex -2.90285 9.5694 7.6
      vertex -3.16057 9.47719 7.6
    endloop
  endfacet
  facet normal -0.258817 0.965926 0
    outer loop
      vertex -1.36159 7.39973 7.6
      vertex -2.5207 7.08915 9
      vertex -1.36159 7.39973 9
    endloop
  endfacet
  facet normal -0.258817 0.965926 0
    outer loop
      vertex -2.5207 7.08915 9
      vertex -1.36159 7.39973 7.6
      vertex -2.5207 7.08915 7.6
    endloop
  endfacet
  facet normal -0.866025 -0.500001 0
    outer loop
      vertex -3.23038 6.79519 7.6
      vertex -4.46652 8.93624 9
      vertex -4.46652 8.93624 7.6
    endloop
  endfacet
  facet normal -0.866025 -0.500001 0
    outer loop
      vertex -4.46652 8.93624 9
      vertex -3.23038 6.79519 7.6
      vertex -3.23038 6.79519 9
    endloop
  endfacet
  facet normal 0.866027 0.499997 0
    outer loop
      vertex -4.26962 6.19519 9
      vertex -5.50935 8.34248 7.6
      vertex -5.50935 8.34248 9
    endloop
  endfacet
  facet normal 0.866027 0.499997 0
    outer loop
      vertex -5.50935 8.34248 7.6
      vertex -4.26962 6.19519 9
      vertex -4.26962 6.19519 7.6
    endloop
  endfacet
  facet normal -0 0 1
    outer loop
      vertex -4.71397 8.81921 7.6
      vertex -3.23038 6.79519 7.6
      vertex -4.46652 8.93624 7.6
    endloop
  endfacet
  facet normal 0 0 1
    outer loop
      vertex -3.23038 6.79519 7.6
      vertex -4.71397 8.81921 7.6
      vertex -4.26962 6.19519 7.6
    endloop
  endfacet
  facet normal 0 0 1
    outer loop
      vertex -4.26962 6.19519 7.6
      vertex -4.71397 8.81921 7.6
      vertex -5.50935 8.34248 7.6
    endloop
  endfacet
  facet normal -0.499997 0.866027 0
    outer loop
      vertex -3.23038 6.79519 7.6
      vertex -4.26962 6.19519 9
      vertex -3.23038 6.79519 9
    endloop
  endfacet
  facet normal -0.499997 0.866027 0
    outer loop
      vertex -4.26962 6.19519 9
      vertex -3.23038 6.79519 7.6
      vertex -4.26962 6.19519 7.6
    endloop
  endfacet
  facet normal -0.707109 -0.707105 0
    outer loop
      vertex -6.62596 7.47449 7.6
      vertex -4.87904 5.72756 9
      vertex -6.62596 7.47449 9
    endloop
  endfacet
  facet normal -0.707109 -0.707105 -0
    outer loop
      vertex -4.87904 5.72756 9
      vertex -6.62596 7.47449 7.6
      vertex -4.87904 5.72756 7.6
    endloop
  endfacet
  facet normal 0.707105 0.707109 0
    outer loop
      vertex -5.72756 4.87904 9
      vertex -7.47449 6.62596 7.6
      vertex -7.47449 6.62596 9
    endloop
  endfacet
  facet normal 0.707105 0.707109 0
    outer loop
      vertex -7.47449 6.62596 7.6
      vertex -5.72756 4.87904 9
      vertex -5.72756 4.87904 7.6
    endloop
  endfacet
  facet normal -0 0 1
    outer loop
      vertex -7.07107 7.07107 7.6
      vertex -4.87904 5.72756 7.6
      vertex -6.62596 7.47449 7.6
    endloop
  endfacet
  facet normal 0 0 1
    outer loop
      vertex -4.87904 5.72756 7.6
      vertex -7.07107 7.07107 7.6
      vertex -5.72756 4.87904 7.6
    endloop
  endfacet
  facet normal 0 0 1
    outer loop
      vertex -5.72756 4.87904 7.6
      vertex -7.07107 7.07107 7.6
      vertex -7.47449 6.62596 7.6
    endloop
  endfacet
  facet normal -0.707107 0.707107 0
    outer loop
      vertex -5.72756 4.87904 7.6
      vertex -4.87904 5.72756 9
      vertex -4.87904 5.72756 7.6
    endloop
  endfacet
  facet normal -0.707107 0.707107 0
    outer loop
      vertex -4.87904 5.72756 9
      vertex -5.72756 4.87904 7.6
      vertex -5.72756 4.87904 9
    endloop
  endfacet
  facet normal -0.499997 -0.866027 0
    outer loop
      vertex -8.34248 5.50935 7.6
      vertex -6.19519 4.26962 9
      vertex -8.34248 5.50935 9
    endloop
  endfacet
  facet normal -0.499997 -0.866027 -0
    outer loop
      vertex -6.19519 4.26962 9
      vertex -8.34248 5.50935 7.6
      vertex -6.19519 4.26962 7.6
    endloop
  endfacet
  facet normal 0.500001 0.866025 -0
    outer loop
      vertex -6.79519 3.23038 7.6
      vertex -8.93624 4.46652 9
      vertex -6.79519 3.23038 9
    endloop
  endfacet
  facet normal 0.500001 0.866025 0
    outer loop
      vertex -8.93624 4.46652 9
      vertex -6.79519 3.23038 7.6
      vertex -8.93624 4.46652 7.6
    endloop
  endfacet
  facet normal -0 0 1
    outer loop
      vertex -8.81921 4.71397 7.6
      vertex -6.19519 4.26962 7.6
      vertex -8.34248 5.50935 7.6
    endloop
  endfacet
  facet normal 0 0 1
    outer loop
      vertex -6.19519 4.26962 7.6
      vertex -8.81921 4.71397 7.6
      vertex -6.79519 3.23038 7.6
    endloop
  endfacet
  facet normal 0 0 1
    outer loop
      vertex -6.79519 3.23038 7.6
      vertex -8.81921 4.71397 7.6
      vertex -8.93624 4.46652 7.6
    endloop
  endfacet
  facet normal -0.866027 0.499997 0
    outer loop
      vertex -6.79519 3.23038 7.6
      vertex -6.19519 4.26962 9
      vertex -6.19519 4.26962 7.6
    endloop
  endfacet
  facet normal -0.866027 0.499997 0
    outer loop
      vertex -6.19519 4.26962 9
      vertex -6.79519 3.23038 7.6
      vertex -6.79519 3.23038 9
    endloop
  endfacet
  facet normal -0.258818 -0.965926 0
    outer loop
      vertex -9.47719 3.16057 7.6
      vertex -7.08915 2.5207 9
      vertex -9.47719 3.16057 9
    endloop
  endfacet
  facet normal -0.258818 -0.965926 -0
    outer loop
      vertex -7.08915 2.5207 9
      vertex -9.47719 3.16057 7.6
      vertex -7.08915 2.5207 7.6
    endloop
  endfacet
  facet normal 0.258817 0.965926 -0
    outer loop
      vertex -7.39973 1.36159 7.6
      vertex -9.79472 2.00332 9
      vertex -7.39973 1.36159 9
    endloop
  endfacet
  facet normal 0.258817 0.965926 0
    outer loop
      vertex -9.79472 2.00332 9
      vertex -7.39973 1.36159 7.6
      vertex -9.79472 2.00332 7.6
    endloop
  endfacet
  facet normal -0 0 1
    outer loop
      vertex -9.5694 2.90285 7.6
      vertex -7.08915 2.5207 7.6
      vertex -9.47719 3.16057 7.6
    endloop
  endfacet
  facet normal 0 0 1
    outer loop
      vertex -7.08915 2.5207 7.6
      vertex -9.5694 2.90285 7.6
      vertex -7.39973 1.36159 7.6
    endloop
  endfacet
  facet normal 0 0 1
    outer loop
      vertex -7.39973 1.36159 7.6
      vertex -9.5694 2.90285 7.6
      vertex -9.79472 2.00332 7.6
    endloop
  endfacet
  facet normal -0.965926 0.258817 0
    outer loop
      vertex -7.39973 1.36159 7.6
      vertex -7.08915 2.5207 9
      vertex -7.08915 2.5207 7.6
    endloop
  endfacet
  facet normal -0.965926 0.258817 0
    outer loop
      vertex -7.08915 2.5207 9
      vertex -7.39973 1.36159 7.6
      vertex -7.39973 1.36159 9
    endloop
  endfacet
  facet normal 0 -1 0
    outer loop
      vertex -9.97052 0.599999 7.6
      vertex -7.5 0.599999 9
      vertex -9.97052 0.599999 9
    endloop
  endfacet
  facet normal 0 -1 -0
    outer loop
      vertex -7.5 0.599999 9
      vertex -9.97052 0.599999 7.6
      vertex -7.5 0.599999 7.6
    endloop
  endfacet
  facet normal 0 1 -0
    outer loop
      vertex -7.5 -0.599999 7.6
      vertex -9.97052 -0.599999 9
      vertex -7.5 -0.599999 9
    endloop
  endfacet
  facet normal 0 1 0
    outer loop
      vertex -9.97052 -0.599999 9
      vertex -7.5 -0.599999 7.6
      vertex -9.97052 -0.599999 7.6
    endloop
  endfacet
  facet normal 0 0 1
    outer loop
      vertex -10 0 7.6
      vertex -7.5 0.599999 7.6
      vertex -9.97052 0.599999 7.6
    endloop
  endfacet
  facet normal 0 0 1
    outer loop
      vertex -7.5 0.599999 7.6
      vertex -10 0 7.6
      vertex -7.5 -0.599999 7.6
    endloop
  endfacet
  facet normal 0 0 1
    outer loop
      vertex -7.5 -0.599999 7.6
      vertex -10 0 7.6
      vertex -9.97052 -0.599999 7.6
    endloop
  endfacet
  facet normal -1 0 0
    outer loop
      vertex -7.5 -0.599999 7.6
      vertex -7.5 0.599999 9
      vertex -7.5 0.599999 7.6
    endloop
  endfacet
  facet normal -1 -0 0
    outer loop
      vertex -7.5 0.599999 9
      vertex -7.5 -0.599999 7.6
      vertex -7.5 -0.599999 9
    endloop
  endfacet
  facet normal 0.258817 -0.965926 0
    outer loop
      vertex -9.79472 -2.00332 7.6
      vertex -7.39973 -1.36159 9
      vertex -9.79472 -2.00332 9
    endloop
  endfacet
  facet normal 0.258817 -0.965926 0
    outer loop
      vertex -7.39973 -1.36159 9
      vertex -9.79472 -2.00332 7.6
      vertex -7.39973 -1.36159 7.6
    endloop
  endfacet
  facet normal -0.965926 -0.258817 0
    outer loop
      vertex -7.08915 -2.5207 7.6
      vertex -7.39973 -1.36159 9
      vertex -7.39973 -1.36159 7.6
    endloop
  endfacet
  facet normal -0.965926 -0.258817 0
    outer loop
      vertex -7.39973 -1.36159 9
      vertex -7.08915 -2.5207 7.6
      vertex -7.08915 -2.5207 9
    endloop
  endfacet
  facet normal -0.258818 0.965926 0
    outer loop
      vertex -7.08915 -2.5207 7.6
      vertex -9.47719 -3.16057 9
      vertex -7.08915 -2.5207 9
    endloop
  endfacet
  facet normal -0.258818 0.965926 0
    outer loop
      vertex -9.47719 -3.16057 9
      vertex -7.08915 -2.5207 7.6
      vertex -9.47719 -3.16057 7.6
    endloop
  endfacet
  facet normal 0 0 1
    outer loop
      vertex -9.5694 -2.90285 7.6
      vertex -7.08915 -2.5207 7.6
      vertex -7.39973 -1.36159 7.6
    endloop
  endfacet
  facet normal 0 0 1
    outer loop
      vertex -7.08915 -2.5207 7.6
      vertex -9.5694 -2.90285 7.6
      vertex -9.47719 -3.16057 7.6
    endloop
  endfacet
  facet normal 0 -0 1
    outer loop
      vertex -9.5694 -2.90285 7.6
      vertex -7.39973 -1.36159 7.6
      vertex -9.79472 -2.00332 7.6
    endloop
  endfacet
  facet normal 0.500001 -0.866025 0
    outer loop
      vertex -8.93624 -4.46652 7.6
      vertex -6.79519 -3.23038 9
      vertex -8.93624 -4.46652 9
    endloop
  endfacet
  facet normal 0.500001 -0.866025 0
    outer loop
      vertex -6.79519 -3.23038 9
      vertex -8.93624 -4.46652 7.6
      vertex -6.79519 -3.23038 7.6
    endloop
  endfacet
  facet normal -0.866027 -0.499997 0
    outer loop
      vertex -6.19519 -4.26962 7.6
      vertex -6.79519 -3.23038 9
      vertex -6.79519 -3.23038 7.6
    endloop
  endfacet
  facet normal -0.866027 -0.499997 0
    outer loop
      vertex -6.79519 -3.23038 9
      vertex -6.19519 -4.26962 7.6
      vertex -6.19519 -4.26962 9
    endloop
  endfacet
  facet normal -0.499997 0.866027 0
    outer loop
      vertex -6.19519 -4.26962 7.6
      vertex -8.34248 -5.50935 9
      vertex -6.19519 -4.26962 9
    endloop
  endfacet
  facet normal -0.499997 0.866027 0
    outer loop
      vertex -8.34248 -5.50935 9
      vertex -6.19519 -4.26962 7.6
      vertex -8.34248 -5.50935 7.6
    endloop
  endfacet
  facet normal 0 0 1
    outer loop
      vertex -8.81921 -4.71397 7.6
      vertex -6.19519 -4.26962 7.6
      vertex -6.79519 -3.23038 7.6
    endloop
  endfacet
  facet normal 0 0 1
    outer loop
      vertex -6.19519 -4.26962 7.6
      vertex -8.81921 -4.71397 7.6
      vertex -8.34248 -5.50935 7.6
    endloop
  endfacet
  facet normal 0 -0 1
    outer loop
      vertex -8.81921 -4.71397 7.6
      vertex -6.79519 -3.23038 7.6
      vertex -8.93624 -4.46652 7.6
    endloop
  endfacet
  facet normal 0.707105 -0.707109 0
    outer loop
      vertex -7.47449 -6.62596 9
      vertex -5.72756 -4.87904 7.6
      vertex -5.72756 -4.87904 9
    endloop
  endfacet
  facet normal 0.707105 -0.707109 0
    outer loop
      vertex -5.72756 -4.87904 7.6
      vertex -7.47449 -6.62596 9
      vertex -7.47449 -6.62596 7.6
    endloop
  endfacet
  facet normal -0.707107 -0.707107 0
    outer loop
      vertex -4.87904 -5.72756 7.6
      vertex -5.72756 -4.87904 9
      vertex -5.72756 -4.87904 7.6
    endloop
  endfacet
  facet normal -0.707107 -0.707107 0
    outer loop
      vertex -5.72756 -4.87904 9
      vertex -4.87904 -5.72756 7.6
      vertex -4.87904 -5.72756 9
    endloop
  endfacet
  facet normal -0.707109 0.707105 0
    outer loop
      vertex -4.87904 -5.72756 7.6
      vertex -6.62596 -7.47449 9
      vertex -4.87904 -5.72756 9
    endloop
  endfacet
  facet normal -0.707109 0.707105 0
    outer loop
      vertex -6.62596 -7.47449 9
      vertex -4.87904 -5.72756 7.6
      vertex -6.62596 -7.47449 7.6
    endloop
  endfacet
  facet normal 0 0 1
    outer loop
      vertex -7.07107 -7.07107 7.6
      vertex -4.87904 -5.72756 7.6
      vertex -5.72756 -4.87904 7.6
    endloop
  endfacet
  facet normal 0 0 1
    outer loop
      vertex -4.87904 -5.72756 7.6
      vertex -7.07107 -7.07107 7.6
      vertex -6.62596 -7.47449 7.6
    endloop
  endfacet
  facet normal 0 -0 1
    outer loop
      vertex -7.07107 -7.07107 7.6
      vertex -5.72756 -4.87904 7.6
      vertex -7.47449 -6.62596 7.6
    endloop
  endfacet
  facet normal 0.866027 -0.499997 0
    outer loop
      vertex -5.50935 -8.34248 9
      vertex -4.26962 -6.19519 7.6
      vertex -4.26962 -6.19519 9
    endloop
  endfacet
  facet normal 0.866027 -0.499997 0
    outer loop
      vertex -4.26962 -6.19519 7.6
      vertex -5.50935 -8.34248 9
      vertex -5.50935 -8.34248 7.6
    endloop
  endfacet
  facet normal -0.499997 -0.866027 0
    outer loop
      vertex -4.26962 -6.19519 7.6
      vertex -3.23038 -6.79519 9
      vertex -4.26962 -6.19519 9
    endloop
  endfacet
  facet normal -0.499997 -0.866027 -0
    outer loop
      vertex -3.23038 -6.79519 9
      vertex -4.26962 -6.19519 7.6
      vertex -3.23038 -6.79519 7.6
    endloop
  endfacet
  facet normal -0.866025 0.500001 0
    outer loop
      vertex -4.46652 -8.93624 7.6
      vertex -3.23038 -6.79519 9
      vertex -3.23038 -6.79519 7.6
    endloop
  endfacet
  facet normal -0.866025 0.500001 0
    outer loop
      vertex -3.23038 -6.79519 9
      vertex -4.46652 -8.93624 7.6
      vertex -4.46652 -8.93624 9
    endloop
  endfacet
  facet normal 0 0 1
    outer loop
      vertex -4.71397 -8.81921 7.6
      vertex -3.23038 -6.79519 7.6
      vertex -4.26962 -6.19519 7.6
    endloop
  endfacet
  facet normal 0 0 1
    outer loop
      vertex -3.23038 -6.79519 7.6
      vertex -4.71397 -8.81921 7.6
      vertex -4.46652 -8.93624 7.6
    endloop
  endfacet
  facet normal 0 -0 1
    outer loop
      vertex -4.71397 -8.81921 7.6
      vertex -4.26962 -6.19519 7.6
      vertex -5.50935 -8.34248 7.6
    endloop
  endfacet
  facet normal 0.965926 -0.258818 0
    outer loop
      vertex -3.16057 -9.47719 9
      vertex -2.5207 -7.08915 7.6
      vertex -2.5207 -7.08915 9
    endloop
  endfacet
  facet normal 0.965926 -0.258818 0
    outer loop
      vertex -2.5207 -7.08915 7.6
      vertex -3.16057 -9.47719 9
      vertex -3.16057 -9.47719 7.6
    endloop
  endfacet
  facet normal -0.965926 0.258817 0
    outer loop
      vertex -2.00332 -9.79472 7.6
      vertex -1.36159 -7.39973 9
      vertex -1.36159 -7.39973 7.6
    endloop
  endfacet
  facet normal -0.965926 0.258817 0
    outer loop
      vertex -1.36159 -7.39973 9
      vertex -2.00332 -9.79472 7.6
      vertex -2.00332 -9.79472 9
    endloop
  endfacet
  facet normal -0.258817 -0.965926 0
    outer loop
      vertex -2.5207 -7.08915 7.6
      vertex -1.36159 -7.39973 9
      vertex -2.5207 -7.08915 9
    endloop
  endfacet
  facet normal -0.258817 -0.965926 -0
    outer loop
      vertex -1.36159 -7.39973 9
      vertex -2.5207 -7.08915 7.6
      vertex -1.36159 -7.39973 7.6
    endloop
  endfacet
  facet normal 0 0 1
    outer loop
      vertex -2.90285 -9.5694 7.6
      vertex -1.36159 -7.39973 7.6
      vertex -2.5207 -7.08915 7.6
    endloop
  endfacet
  facet normal 0 0 1
    outer loop
      vertex -1.36159 -7.39973 7.6
      vertex -2.90285 -9.5694 7.6
      vertex -2.00332 -9.79472 7.6
    endloop
  endfacet
  facet normal 0 -0 1
    outer loop
      vertex -2.90285 -9.5694 7.6
      vertex -2.5207 -7.08915 7.6
      vertex -3.16057 -9.47719 7.6
    endloop
  endfacet
  facet normal 1 -0 0
    outer loop
      vertex -0.599999 -9.97052 9
      vertex -0.599999 -7.5 7.6
      vertex -0.599999 -7.5 9
    endloop
  endfacet
  facet normal 1 0 0
    outer loop
      vertex -0.599999 -7.5 7.6
      vertex -0.599999 -9.97052 9
      vertex -0.599999 -9.97052 7.6
    endloop
  endfacet
  facet normal 0 -1 0
    outer loop
      vertex -0.599999 -7.5 7.6
      vertex 0.599999 -7.5 9
      vertex -0.599999 -7.5 9
    endloop
  endfacet
  facet normal 0 -1 -0
    outer loop
      vertex 0.599999 -7.5 9
      vertex -0.599999 -7.5 7.6
      vertex 0.599999 -7.5 7.6
    endloop
  endfacet
  facet normal -1 0 0
    outer loop
      vertex 0.599999 -9.97052 7.6
      vertex 0.599999 -7.5 9
      vertex 0.599999 -7.5 7.6
    endloop
  endfacet
  facet normal -1 -0 0
    outer loop
      vertex 0.599999 -7.5 9
      vertex 0.599999 -9.97052 7.6
      vertex 0.599999 -9.97052 9
    endloop
  endfacet
  facet normal 0 0 1
    outer loop
      vertex 0.599999 -7.5 7.6
      vertex 0 -10 7.6
      vertex 0.599999 -9.97052 7.6
    endloop
  endfacet
  facet normal -0 0 1
    outer loop
      vertex -0.599999 -7.5 7.6
      vertex 0 -10 7.6
      vertex 0.599999 -7.5 7.6
    endloop
  endfacet
  facet normal 0 0 1
    outer loop
      vertex 0 -10 7.6
      vertex -0.599999 -7.5 7.6
      vertex -0.599999 -9.97052 7.6
    endloop
  endfacet
  facet normal -0.965926 -0.258818 0
    outer loop
      vertex 3.16057 -9.47719 7.6
      vertex 2.5207 -7.08915 9
      vertex 2.5207 -7.08915 7.6
    endloop
  endfacet
  facet normal -0.965926 -0.258818 0
    outer loop
      vertex 2.5207 -7.08915 9
      vertex 3.16057 -9.47719 7.6
      vertex 3.16057 -9.47719 9
    endloop
  endfacet
  facet normal 0.965926 0.258817 0
    outer loop
      vertex 2.00332 -9.79472 9
      vertex 1.36159 -7.39973 7.6
      vertex 1.36159 -7.39973 9
    endloop
  endfacet
  facet normal 0.965926 0.258817 0
    outer loop
      vertex 1.36159 -7.39973 7.6
      vertex 2.00332 -9.79472 9
      vertex 2.00332 -9.79472 7.6
    endloop
  endfacet
  facet normal 0.258817 -0.965926 0
    outer loop
      vertex 1.36159 -7.39973 7.6
      vertex 2.5207 -7.08915 9
      vertex 1.36159 -7.39973 9
    endloop
  endfacet
  facet normal 0.258817 -0.965926 0
    outer loop
      vertex 2.5207 -7.08915 9
      vertex 1.36159 -7.39973 7.6
      vertex 2.5207 -7.08915 7.6
    endloop
  endfacet
  facet normal 0 0 1
    outer loop
      vertex 2.5207 -7.08915 7.6
      vertex 2.90285 -9.5694 7.6
      vertex 3.16057 -9.47719 7.6
    endloop
  endfacet
  facet normal -0 0 1
    outer loop
      vertex 1.36159 -7.39973 7.6
      vertex 2.90285 -9.5694 7.6
      vertex 2.5207 -7.08915 7.6
    endloop
  endfacet
  facet normal 0 0 1
    outer loop
      vertex 2.90285 -9.5694 7.6
      vertex 1.36159 -7.39973 7.6
      vertex 2.00332 -9.79472 7.6
    endloop
  endfacet
  facet normal -0.866027 -0.499997 0
    outer loop
      vertex 5.50935 -8.34248 7.6
      vertex 4.26962 -6.19519 9
      vertex 4.26962 -6.19519 7.6
    endloop
  endfacet
  facet normal -0.866027 -0.499997 0
    outer loop
      vertex 4.26962 -6.19519 9
      vertex 5.50935 -8.34248 7.6
      vertex 5.50935 -8.34248 9
    endloop
  endfacet
  facet normal 0.866025 0.500001 0
    outer loop
      vertex 4.46652 -8.93624 9
      vertex 3.23038 -6.79519 7.6
      vertex 3.23038 -6.79519 9
    endloop
  endfacet
  facet normal 0.866025 0.500001 0
    outer loop
      vertex 3.23038 -6.79519 7.6
      vertex 4.46652 -8.93624 9
      vertex 4.46652 -8.93624 7.6
    endloop
  endfacet
  facet normal 0.499997 -0.866027 0
    outer loop
      vertex 3.23038 -6.79519 7.6
      vertex 4.26962 -6.19519 9
      vertex 3.23038 -6.79519 9
    endloop
  endfacet
  facet normal 0.499997 -0.866027 0
    outer loop
      vertex 4.26962 -6.19519 9
      vertex 3.23038 -6.79519 7.6
      vertex 4.26962 -6.19519 7.6
    endloop
  endfacet
  facet normal 0 0 1
    outer loop
      vertex 4.26962 -6.19519 7.6
      vertex 4.71397 -8.81921 7.6
      vertex 5.50935 -8.34248 7.6
    endloop
  endfacet
  facet normal -0 0 1
    outer loop
      vertex 3.23038 -6.79519 7.6
      vertex 4.71397 -8.81921 7.6
      vertex 4.26962 -6.19519 7.6
    endloop
  endfacet
  facet normal 0 0 1
    outer loop
      vertex 4.71397 -8.81921 7.6
      vertex 3.23038 -6.79519 7.6
      vertex 4.46652 -8.93624 7.6
    endloop
  endfacet
  facet normal -0.707105 -0.707109 0
    outer loop
      vertex 7.47449 -6.62596 7.6
      vertex 5.72756 -4.87904 9
      vertex 5.72756 -4.87904 7.6
    endloop
  endfacet
  facet normal -0.707105 -0.707109 0
    outer loop
      vertex 5.72756 -4.87904 9
      vertex 7.47449 -6.62596 7.6
      vertex 7.47449 -6.62596 9
    endloop
  endfacet
  facet normal 0.707109 0.707105 -0
    outer loop
      vertex 6.62596 -7.47449 7.6
      vertex 4.87904 -5.72756 9
      vertex 6.62596 -7.47449 9
    endloop
  endfacet
  facet normal 0.707109 0.707105 0
    outer loop
      vertex 4.87904 -5.72756 9
      vertex 6.62596 -7.47449 7.6
      vertex 4.87904 -5.72756 7.6
    endloop
  endfacet
  facet normal 0.707107 -0.707107 0
    outer loop
      vertex 4.87904 -5.72756 9
      vertex 5.72756 -4.87904 7.6
      vertex 5.72756 -4.87904 9
    endloop
  endfacet
  facet normal 0.707107 -0.707107 0
    outer loop
      vertex 5.72756 -4.87904 7.6
      vertex 4.87904 -5.72756 9
      vertex 4.87904 -5.72756 7.6
    endloop
  endfacet
  facet normal 0 0 1
    outer loop
      vertex 5.72756 -4.87904 7.6
      vertex 7.07107 -7.07107 7.6
      vertex 7.47449 -6.62596 7.6
    endloop
  endfacet
  facet normal -0 0 1
    outer loop
      vertex 4.87904 -5.72756 7.6
      vertex 7.07107 -7.07107 7.6
      vertex 5.72756 -4.87904 7.6
    endloop
  endfacet
  facet normal 0 0 1
    outer loop
      vertex 7.07107 -7.07107 7.6
      vertex 4.87904 -5.72756 7.6
      vertex 6.62596 -7.47449 7.6
    endloop
  endfacet
  facet normal -0.500001 -0.866025 0
    outer loop
      vertex 6.79519 -3.23038 7.6
      vertex 8.93624 -4.46652 9
      vertex 6.79519 -3.23038 9
    endloop
  endfacet
  facet normal -0.500001 -0.866025 -0
    outer loop
      vertex 8.93624 -4.46652 9
      vertex 6.79519 -3.23038 7.6
      vertex 8.93624 -4.46652 7.6
    endloop
  endfacet
  facet normal 0.499997 0.866027 -0
    outer loop
      vertex 8.34248 -5.50935 7.6
      vertex 6.19519 -4.26962 9
      vertex 8.34248 -5.50935 9
    endloop
  endfacet
  facet normal 0.499997 0.866027 0
    outer loop
      vertex 6.19519 -4.26962 9
      vertex 8.34248 -5.50935 7.6
      vertex 6.19519 -4.26962 7.6
    endloop
  endfacet
  facet normal 0.866027 -0.499997 0
    outer loop
      vertex 6.19519 -4.26962 9
      vertex 6.79519 -3.23038 7.6
      vertex 6.79519 -3.23038 9
    endloop
  endfacet
  facet normal 0.866027 -0.499997 0
    outer loop
      vertex 6.79519 -3.23038 7.6
      vertex 6.19519 -4.26962 9
      vertex 6.19519 -4.26962 7.6
    endloop
  endfacet
  facet normal 0 0 1
    outer loop
      vertex 6.79519 -3.23038 7.6
      vertex 8.81921 -4.71397 7.6
      vertex 8.93624 -4.46652 7.6
    endloop
  endfacet
  facet normal -0 0 1
    outer loop
      vertex 6.19519 -4.26962 7.6
      vertex 8.81921 -4.71397 7.6
      vertex 6.79519 -3.23038 7.6
    endloop
  endfacet
  facet normal 0 0 1
    outer loop
      vertex 8.81921 -4.71397 7.6
      vertex 6.19519 -4.26962 7.6
      vertex 8.34248 -5.50935 7.6
    endloop
  endfacet
  facet normal -0.258817 -0.965926 0
    outer loop
      vertex 7.39973 -1.36159 7.6
      vertex 9.79472 -2.00332 9
      vertex 7.39973 -1.36159 9
    endloop
  endfacet
  facet normal -0.258817 -0.965926 -0
    outer loop
      vertex 9.79472 -2.00332 9
      vertex 7.39973 -1.36159 7.6
      vertex 9.79472 -2.00332 7.6
    endloop
  endfacet
  facet normal 0.258818 0.965926 -0
    outer loop
      vertex 9.47719 -3.16057 7.6
      vertex 7.08915 -2.5207 9
      vertex 9.47719 -3.16057 9
    endloop
  endfacet
  facet normal 0.258818 0.965926 0
    outer loop
      vertex 7.08915 -2.5207 9
      vertex 9.47719 -3.16057 7.6
      vertex 7.08915 -2.5207 7.6
    endloop
  endfacet
  facet normal 0.965926 -0.258817 0
    outer loop
      vertex 7.08915 -2.5207 9
      vertex 7.39973 -1.36159 7.6
      vertex 7.39973 -1.36159 9
    endloop
  endfacet
  facet normal 0.965926 -0.258817 0
    outer loop
      vertex 7.39973 -1.36159 7.6
      vertex 7.08915 -2.5207 9
      vertex 7.08915 -2.5207 7.6
    endloop
  endfacet
  facet normal 0 0 1
    outer loop
      vertex 7.39973 -1.36159 7.6
      vertex 9.5694 -2.90285 7.6
      vertex 9.79472 -2.00332 7.6
    endloop
  endfacet
  facet normal -0 0 1
    outer loop
      vertex 7.08915 -2.5207 7.6
      vertex 9.5694 -2.90285 7.6
      vertex 7.39973 -1.36159 7.6
    endloop
  endfacet
  facet normal 0 0 1
    outer loop
      vertex 9.5694 -2.90285 7.6
      vertex 7.08915 -2.5207 7.6
      vertex 9.47719 -3.16057 7.6
    endloop
  endfacet
  facet normal 0 -1 0
    outer loop
      vertex 7.5 0.599999 7.6
      vertex 9.97052 0.599999 9
      vertex 7.5 0.599999 9
    endloop
  endfacet
  facet normal 0 -1 -0
    outer loop
      vertex 9.97052 0.599999 9
      vertex 7.5 0.599999 7.6
      vertex 9.97052 0.599999 7.6
    endloop
  endfacet
  facet normal 0 1 -0
    outer loop
      vertex 9.97052 -0.599999 7.6
      vertex 7.5 -0.599999 9
      vertex 9.97052 -0.599999 9
    endloop
  endfacet
  facet normal 0 1 0
    outer loop
      vertex 7.5 -0.599999 9
      vertex 9.97052 -0.599999 7.6
      vertex 7.5 -0.599999 7.6
    endloop
  endfacet
  facet normal 1 -0 0
    outer loop
      vertex 7.5 -0.599999 9
      vertex 7.5 0.599999 7.6
      vertex 7.5 0.599999 9
    endloop
  endfacet
  facet normal 1 0 0
    outer loop
      vertex 7.5 0.599999 7.6
      vertex 7.5 -0.599999 9
      vertex 7.5 -0.599999 7.6
    endloop
  endfacet
  facet normal -0 0 1
    outer loop
      vertex 7.5 0.599999 7.6
      vertex 10 0 7.6
      vertex 9.97052 0.599999 7.6
    endloop
  endfacet
  facet normal 0 0 1
    outer loop
      vertex 7.5 -0.599999 7.6
      vertex 10 0 7.6
      vertex 7.5 0.599999 7.6
    endloop
  endfacet
  facet normal 0 0 1
    outer loop
      vertex 10 0 7.6
      vertex 7.5 -0.599999 7.6
      vertex 9.97052 -0.599999 7.6
    endloop
  endfacet
  facet normal 0.258818 -0.965926 0
    outer loop
      vertex 7.08915 2.5207 7.6
      vertex 9.47719 3.16057 9
      vertex 7.08915 2.5207 9
    endloop
  endfacet
  facet normal 0.258818 -0.965926 0
    outer loop
      vertex 9.47719 3.16057 9
      vertex 7.08915 2.5207 7.6
      vertex 9.47719 3.16057 7.6
    endloop
  endfacet
  facet normal -0.258817 0.965926 0
    outer loop
      vertex 9.79472 2.00332 7.6
      vertex 7.39973 1.36159 9
      vertex 9.79472 2.00332 9
    endloop
  endfacet
  facet normal -0.258817 0.965926 0
    outer loop
      vertex 7.39973 1.36159 9
      vertex 9.79472 2.00332 7.6
      vertex 7.39973 1.36159 7.6
    endloop
  endfacet
  facet normal 0 0 1
    outer loop
      vertex 7.08915 2.5207 7.6
      vertex 9.5694 2.90285 7.6
      vertex 9.47719 3.16057 7.6
    endloop
  endfacet
  facet normal 0 0 1
    outer loop
      vertex 9.5694 2.90285 7.6
      vertex 7.39973 1.36159 7.6
      vertex 9.79472 2.00332 7.6
    endloop
  endfacet
  facet normal 0 0 1
    outer loop
      vertex 9.5694 2.90285 7.6
      vertex 7.08915 2.5207 7.6
      vertex 7.39973 1.36159 7.6
    endloop
  endfacet
  facet normal 0.965926 0.258817 0
    outer loop
      vertex 7.39973 1.36159 9
      vertex 7.08915 2.5207 7.6
      vertex 7.08915 2.5207 9
    endloop
  endfacet
  facet normal 0.965926 0.258817 0
    outer loop
      vertex 7.08915 2.5207 7.6
      vertex 7.39973 1.36159 9
      vertex 7.39973 1.36159 7.6
    endloop
  endfacet
  facet normal 0.499997 -0.866027 0
    outer loop
      vertex 6.19519 4.26962 7.6
      vertex 8.34248 5.50935 9
      vertex 6.19519 4.26962 9
    endloop
  endfacet
  facet normal 0.499997 -0.866027 0
    outer loop
      vertex 8.34248 5.50935 9
      vertex 6.19519 4.26962 7.6
      vertex 8.34248 5.50935 7.6
    endloop
  endfacet
  facet normal -0.500001 0.866025 0
    outer loop
      vertex 8.93624 4.46652 7.6
      vertex 6.79519 3.23038 9
      vertex 8.93624 4.46652 9
    endloop
  endfacet
  facet normal -0.500001 0.866025 0
    outer loop
      vertex 6.79519 3.23038 9
      vertex 8.93624 4.46652 7.6
      vertex 6.79519 3.23038 7.6
    endloop
  endfacet
  facet normal 0 0 1
    outer loop
      vertex 6.19519 4.26962 7.6
      vertex 8.81921 4.71397 7.6
      vertex 8.34248 5.50935 7.6
    endloop
  endfacet
  facet normal 0 0 1
    outer loop
      vertex 8.81921 4.71397 7.6
      vertex 6.79519 3.23038 7.6
      vertex 8.93624 4.46652 7.6
    endloop
  endfacet
  facet normal 0 0 1
    outer loop
      vertex 8.81921 4.71397 7.6
      vertex 6.19519 4.26962 7.6
      vertex 6.79519 3.23038 7.6
    endloop
  endfacet
  facet normal 0.866027 0.499997 0
    outer loop
      vertex 6.79519 3.23038 9
      vertex 6.19519 4.26962 7.6
      vertex 6.19519 4.26962 9
    endloop
  endfacet
  facet normal 0.866027 0.499997 0
    outer loop
      vertex 6.19519 4.26962 7.6
      vertex 6.79519 3.23038 9
      vertex 6.79519 3.23038 7.6
    endloop
  endfacet
  facet normal 0.707109 -0.707105 0
    outer loop
      vertex 4.87904 5.72756 7.6
      vertex 6.62596 7.47449 9
      vertex 4.87904 5.72756 9
    endloop
  endfacet
  facet normal 0.707109 -0.707105 0
    outer loop
      vertex 6.62596 7.47449 9
      vertex 4.87904 5.72756 7.6
      vertex 6.62596 7.47449 7.6
    endloop
  endfacet
  facet normal -0.707105 0.707109 0
    outer loop
      vertex 5.72756 4.87904 7.6
      vertex 7.47449 6.62596 9
      vertex 7.47449 6.62596 7.6
    endloop
  endfacet
  facet normal -0.707105 0.707109 0
    outer loop
      vertex 7.47449 6.62596 9
      vertex 5.72756 4.87904 7.6
      vertex 5.72756 4.87904 9
    endloop
  endfacet
  facet normal 0 0 1
    outer loop
      vertex 4.87904 5.72756 7.6
      vertex 7.07107 7.07107 7.6
      vertex 6.62596 7.47449 7.6
    endloop
  endfacet
  facet normal 0 0 1
    outer loop
      vertex 7.07107 7.07107 7.6
      vertex 5.72756 4.87904 7.6
      vertex 7.47449 6.62596 7.6
    endloop
  endfacet
  facet normal 0 0 1
    outer loop
      vertex 7.07107 7.07107 7.6
      vertex 4.87904 5.72756 7.6
      vertex 5.72756 4.87904 7.6
    endloop
  endfacet
  facet normal 0.707107 0.707107 0
    outer loop
      vertex 5.72756 4.87904 9
      vertex 4.87904 5.72756 7.6
      vertex 4.87904 5.72756 9
    endloop
  endfacet
  facet normal 0.707107 0.707107 0
    outer loop
      vertex 4.87904 5.72756 7.6
      vertex 5.72756 4.87904 9
      vertex 5.72756 4.87904 7.6
    endloop
  endfacet
  facet normal 0.866025 -0.500001 0
    outer loop
      vertex 3.23038 6.79519 9
      vertex 4.46652 8.93624 7.6
      vertex 4.46652 8.93624 9
    endloop
  endfacet
  facet normal 0.866025 -0.500001 0
    outer loop
      vertex 4.46652 8.93624 7.6
      vertex 3.23038 6.79519 9
      vertex 3.23038 6.79519 7.6
    endloop
  endfacet
  facet normal -0.866027 0.499997 0
    outer loop
      vertex 4.26962 6.19519 7.6
      vertex 5.50935 8.34248 9
      vertex 5.50935 8.34248 7.6
    endloop
  endfacet
  facet normal -0.866027 0.499997 0
    outer loop
      vertex 5.50935 8.34248 9
      vertex 4.26962 6.19519 7.6
      vertex 4.26962 6.19519 9
    endloop
  endfacet
  facet normal 0 0 1
    outer loop
      vertex 3.23038 6.79519 7.6
      vertex 4.71397 8.81921 7.6
      vertex 4.46652 8.93624 7.6
    endloop
  endfacet
  facet normal 0 0 1
    outer loop
      vertex 4.71397 8.81921 7.6
      vertex 4.26962 6.19519 7.6
      vertex 5.50935 8.34248 7.6
    endloop
  endfacet
  facet normal 0 0 1
    outer loop
      vertex 4.71397 8.81921 7.6
      vertex 3.23038 6.79519 7.6
      vertex 4.26962 6.19519 7.6
    endloop
  endfacet
  facet normal 0.499997 0.866027 -0
    outer loop
      vertex 4.26962 6.19519 7.6
      vertex 3.23038 6.79519 9
      vertex 4.26962 6.19519 9
    endloop
  endfacet
  facet normal 0.499997 0.866027 0
    outer loop
      vertex 3.23038 6.79519 9
      vertex 4.26962 6.19519 7.6
      vertex 3.23038 6.79519 7.6
    endloop
  endfacet
  facet normal 0.965926 -0.258817 0
    outer loop
      vertex 1.36159 7.39973 9
      vertex 2.00332 9.79472 7.6
      vertex 2.00332 9.79472 9
    endloop
  endfacet
  facet normal 0.965926 -0.258817 0
    outer loop
      vertex 2.00332 9.79472 7.6
      vertex 1.36159 7.39973 9
      vertex 1.36159 7.39973 7.6
    endloop
  endfacet
  facet normal -0.965926 0.258818 0
    outer loop
      vertex 2.5207 7.08915 7.6
      vertex 3.16057 9.47719 9
      vertex 3.16057 9.47719 7.6
    endloop
  endfacet
  facet normal -0.965926 0.258818 0
    outer loop
      vertex 3.16057 9.47719 9
      vertex 2.5207 7.08915 7.6
      vertex 2.5207 7.08915 9
    endloop
  endfacet
  facet normal 0 0 1
    outer loop
      vertex 2.90285 9.5694 7.6
      vertex 2.5207 7.08915 7.6
      vertex 3.16057 9.47719 7.6
    endloop
  endfacet
  facet normal 0 0 1
    outer loop
      vertex 1.36159 7.39973 7.6
      vertex 2.90285 9.5694 7.6
      vertex 2.00332 9.79472 7.6
    endloop
  endfacet
  facet normal 0 0 1
    outer loop
      vertex 2.90285 9.5694 7.6
      vertex 1.36159 7.39973 7.6
      vertex 2.5207 7.08915 7.6
    endloop
  endfacet
  facet normal 0.258817 0.965926 -0
    outer loop
      vertex 2.5207 7.08915 7.6
      vertex 1.36159 7.39973 9
      vertex 2.5207 7.08915 9
    endloop
  endfacet
  facet normal 0.258817 0.965926 0
    outer loop
      vertex 1.36159 7.39973 9
      vertex 2.5207 7.08915 7.6
      vertex 1.36159 7.39973 7.6
    endloop
  endfacet
  facet normal -0.998796 -0.0490545 0
    outer loop
      vertex 2.15 0 3.1
      vertex 2.13965 0.210736 9
      vertex 2.13965 0.210736 3.1
    endloop
  endfacet
  facet normal -0.998796 -0.0490545 0
    outer loop
      vertex 2.13965 0.210736 9
      vertex 2.15 0 3.1
      vertex 2.15 0 9
    endloop
  endfacet
  facet normal 0.998796 -0.0490545 0
    outer loop
      vertex -2.15 0 9
      vertex -2.13965 0.210736 3.1
      vertex -2.13965 0.210736 9
    endloop
  endfacet
  facet normal 0.998796 -0.0490545 0
    outer loop
      vertex -2.13965 0.210736 3.1
      vertex -2.15 0 9
      vertex -2.15 0 3.1
    endloop
  endfacet
  facet normal -0.0490545 -0.998796 0
    outer loop
      vertex 0 2.15 3.1
      vertex 0.210736 2.13965 9
      vertex 0 2.15 9
    endloop
  endfacet
  facet normal -0.0490545 -0.998796 -0
    outer loop
      vertex 0.210736 2.13965 9
      vertex 0 2.15 3.1
      vertex 0.210736 2.13965 3.1
    endloop
  endfacet
  facet normal -0.671561 -0.740949 0
    outer loop
      vertex 1.36395 1.66197 3.1
      vertex 1.52028 1.52028 9
      vertex 1.36395 1.66197 9
    endloop
  endfacet
  facet normal -0.671561 -0.740949 -0
    outer loop
      vertex 1.52028 1.52028 9
      vertex 1.36395 1.66197 3.1
      vertex 1.52028 1.52028 3.1
    endloop
  endfacet
  facet normal 0.671561 -0.740949 0
    outer loop
      vertex -1.52028 1.52028 3.1
      vertex -1.36395 1.66197 9
      vertex -1.52028 1.52028 9
    endloop
  endfacet
  facet normal 0.671561 -0.740949 0
    outer loop
      vertex -1.36395 1.66197 9
      vertex -1.52028 1.52028 3.1
      vertex -1.36395 1.66197 3.1
    endloop
  endfacet
  facet normal 0.336886 -0.941546 0
    outer loop
      vertex -0.822769 1.98634 3.1
      vertex -0.624111 2.05742 9
      vertex -0.822769 1.98634 9
    endloop
  endfacet
  facet normal 0.336886 -0.941546 0
    outer loop
      vertex -0.624111 2.05742 9
      vertex -0.822769 1.98634 3.1
      vertex -0.624111 2.05742 3.1
    endloop
  endfacet
  facet normal -0.903988 -0.427559 0
    outer loop
      vertex 1.98634 0.822769 3.1
      vertex 1.89613 1.0135 9
      vertex 1.89613 1.0135 3.1
    endloop
  endfacet
  facet normal -0.903988 -0.427559 0
    outer loop
      vertex 1.89613 1.0135 9
      vertex 1.98634 0.822769 3.1
      vertex 1.98634 0.822769 9
    endloop
  endfacet
  facet normal -0.336886 -0.941546 0
    outer loop
      vertex 0.624111 2.05742 3.1
      vertex 0.822769 1.98634 9
      vertex 0.624111 2.05742 9
    endloop
  endfacet
  facet normal -0.336886 -0.941546 -0
    outer loop
      vertex 0.822769 1.98634 9
      vertex 0.624111 2.05742 3.1
      vertex 0.822769 1.98634 3.1
    endloop
  endfacet
  facet normal -0.514084 -0.85774 0
    outer loop
      vertex 1.0135 1.89613 3.1
      vertex 1.19448 1.78766 9
      vertex 1.0135 1.89613 9
    endloop
  endfacet
  facet normal -0.514084 -0.85774 -0
    outer loop
      vertex 1.19448 1.78766 9
      vertex 1.0135 1.89613 3.1
      vertex 1.19448 1.78766 3.1
    endloop
  endfacet
  facet normal 0.903988 -0.427559 0
    outer loop
      vertex -1.98634 0.822769 9
      vertex -1.89613 1.0135 3.1
      vertex -1.89613 1.0135 9
    endloop
  endfacet
  facet normal 0.903988 -0.427559 0
    outer loop
      vertex -1.89613 1.0135 3.1
      vertex -1.98634 0.822769 9
      vertex -1.98634 0.822769 3.1
    endloop
  endfacet
  facet normal 0.146736 -0.989176 0
    outer loop
      vertex -0.419444 2.10869 3.1
      vertex -0.210736 2.13965 9
      vertex -0.419444 2.10869 9
    endloop
  endfacet
  facet normal 0.146736 -0.989176 0
    outer loop
      vertex -0.210736 2.13965 9
      vertex -0.419444 2.10869 3.1
      vertex -0.210736 2.13965 3.1
    endloop
  endfacet
  facet normal -0.970027 0.242996 0
    outer loop
      vertex 2.05742 -0.624111 3.1
      vertex 2.10869 -0.419444 9
      vertex 2.10869 -0.419444 3.1
    endloop
  endfacet
  facet normal -0.970027 0.242996 0
    outer loop
      vertex 2.10869 -0.419444 9
      vertex 2.05742 -0.624111 3.1
      vertex 2.05742 -0.624111 9
    endloop
  endfacet
  facet normal -0.970027 -0.242996 0
    outer loop
      vertex 2.10869 0.419444 3.1
      vertex 2.05742 0.624111 9
      vertex 2.05742 0.624111 3.1
    endloop
  endfacet
  facet normal -0.970027 -0.242996 0
    outer loop
      vertex 2.05742 0.624111 9
      vertex 2.10869 0.419444 3.1
      vertex 2.10869 0.419444 9
    endloop
  endfacet
  facet normal -0.989176 -0.146736 0
    outer loop
      vertex 2.13965 0.210736 3.1
      vertex 2.10869 0.419444 9
      vertex 2.10869 0.419444 3.1
    endloop
  endfacet
  facet normal -0.989176 -0.146736 0
    outer loop
      vertex 2.10869 0.419444 9
      vertex 2.13965 0.210736 3.1
      vertex 2.13965 0.210736 9
    endloop
  endfacet
  facet normal -0.941546 -0.336886 0
    outer loop
      vertex 2.05742 0.624111 3.1
      vertex 1.98634 0.822769 9
      vertex 1.98634 0.822769 3.1
    endloop
  endfacet
  facet normal -0.941546 -0.336886 0
    outer loop
      vertex 1.98634 0.822769 9
      vertex 2.05742 0.624111 3.1
      vertex 2.05742 0.624111 9
    endloop
  endfacet
  facet normal -0.803202 -0.595707 0
    outer loop
      vertex 1.78766 1.19448 3.1
      vertex 1.66197 1.36395 9
      vertex 1.66197 1.36395 3.1
    endloop
  endfacet
  facet normal -0.803202 -0.595707 0
    outer loop
      vertex 1.66197 1.36395 9
      vertex 1.78766 1.19448 3.1
      vertex 1.78766 1.19448 9
    endloop
  endfacet
  facet normal -0.740949 -0.671561 0
    outer loop
      vertex 1.66197 1.36395 3.1
      vertex 1.52028 1.52028 9
      vertex 1.52028 1.52028 3.1
    endloop
  endfacet
  facet normal -0.740949 -0.671561 0
    outer loop
      vertex 1.52028 1.52028 9
      vertex 1.66197 1.36395 3.1
      vertex 1.66197 1.36395 9
    endloop
  endfacet
  facet normal -0.85774 -0.514084 0
    outer loop
      vertex 1.89613 1.0135 3.1
      vertex 1.78766 1.19448 9
      vertex 1.78766 1.19448 3.1
    endloop
  endfacet
  facet normal -0.85774 -0.514084 0
    outer loop
      vertex 1.78766 1.19448 9
      vertex 1.89613 1.0135 3.1
      vertex 1.89613 1.0135 9
    endloop
  endfacet
  facet normal -0.242996 -0.970027 0
    outer loop
      vertex 0.419444 2.10869 3.1
      vertex 0.624111 2.05742 9
      vertex 0.419444 2.10869 9
    endloop
  endfacet
  facet normal -0.242996 -0.970027 -0
    outer loop
      vertex 0.624111 2.05742 9
      vertex 0.419444 2.10869 3.1
      vertex 0.624111 2.05742 3.1
    endloop
  endfacet
  facet normal -0.146736 -0.989176 0
    outer loop
      vertex 0.210736 2.13965 3.1
      vertex 0.419444 2.10869 9
      vertex 0.210736 2.13965 9
    endloop
  endfacet
  facet normal -0.146736 -0.989176 -0
    outer loop
      vertex 0.419444 2.10869 9
      vertex 0.210736 2.13965 3.1
      vertex 0.419444 2.10869 3.1
    endloop
  endfacet
  facet normal -0.427559 -0.903988 0
    outer loop
      vertex 0.822769 1.98634 3.1
      vertex 1.0135 1.89613 9
      vertex 0.822769 1.98634 9
    endloop
  endfacet
  facet normal -0.427559 -0.903988 -0
    outer loop
      vertex 1.0135 1.89613 9
      vertex 0.822769 1.98634 3.1
      vertex 1.0135 1.89613 3.1
    endloop
  endfacet
  facet normal -0.595707 -0.803202 0
    outer loop
      vertex 1.19448 1.78766 3.1
      vertex 1.36395 1.66197 9
      vertex 1.19448 1.78766 9
    endloop
  endfacet
  facet normal -0.595707 -0.803202 -0
    outer loop
      vertex 1.36395 1.66197 9
      vertex 1.19448 1.78766 3.1
      vertex 1.36395 1.66197 3.1
    endloop
  endfacet
  facet normal 0.970027 -0.242996 0
    outer loop
      vertex -2.10869 0.419444 9
      vertex -2.05742 0.624111 3.1
      vertex -2.05742 0.624111 9
    endloop
  endfacet
  facet normal 0.970027 -0.242996 0
    outer loop
      vertex -2.05742 0.624111 3.1
      vertex -2.10869 0.419444 9
      vertex -2.10869 0.419444 3.1
    endloop
  endfacet
  facet normal 0.803202 -0.595707 0
    outer loop
      vertex -1.78766 1.19448 9
      vertex -1.66197 1.36395 3.1
      vertex -1.66197 1.36395 9
    endloop
  endfacet
  facet normal 0.803202 -0.595707 0
    outer loop
      vertex -1.66197 1.36395 3.1
      vertex -1.78766 1.19448 9
      vertex -1.78766 1.19448 3.1
    endloop
  endfacet
  facet normal 0.740949 -0.671561 0
    outer loop
      vertex -1.66197 1.36395 9
      vertex -1.52028 1.52028 3.1
      vertex -1.52028 1.52028 9
    endloop
  endfacet
  facet normal 0.740949 -0.671561 0
    outer loop
      vertex -1.52028 1.52028 3.1
      vertex -1.66197 1.36395 9
      vertex -1.66197 1.36395 3.1
    endloop
  endfacet
  facet normal 0.85774 -0.514084 0
    outer loop
      vertex -1.89613 1.0135 9
      vertex -1.78766 1.19448 3.1
      vertex -1.78766 1.19448 9
    endloop
  endfacet
  facet normal 0.85774 -0.514084 0
    outer loop
      vertex -1.78766 1.19448 3.1
      vertex -1.89613 1.0135 9
      vertex -1.89613 1.0135 3.1
    endloop
  endfacet
  facet normal 0.941546 -0.336886 0
    outer loop
      vertex -2.05742 0.624111 9
      vertex -1.98634 0.822769 3.1
      vertex -1.98634 0.822769 9
    endloop
  endfacet
  facet normal 0.941546 -0.336886 0
    outer loop
      vertex -1.98634 0.822769 3.1
      vertex -2.05742 0.624111 9
      vertex -2.05742 0.624111 3.1
    endloop
  endfacet
  facet normal 0.989176 -0.146736 0
    outer loop
      vertex -2.13965 0.210736 9
      vertex -2.10869 0.419444 3.1
      vertex -2.10869 0.419444 9
    endloop
  endfacet
  facet normal 0.989176 -0.146736 0
    outer loop
      vertex -2.10869 0.419444 3.1
      vertex -2.13965 0.210736 9
      vertex -2.13965 0.210736 3.1
    endloop
  endfacet
  facet normal 0.514084 -0.85774 0
    outer loop
      vertex -1.19448 1.78766 3.1
      vertex -1.0135 1.89613 9
      vertex -1.19448 1.78766 9
    endloop
  endfacet
  facet normal 0.514084 -0.85774 0
    outer loop
      vertex -1.0135 1.89613 9
      vertex -1.19448 1.78766 3.1
      vertex -1.0135 1.89613 3.1
    endloop
  endfacet
  facet normal 0.427559 -0.903988 0
    outer loop
      vertex -1.0135 1.89613 3.1
      vertex -0.822769 1.98634 9
      vertex -1.0135 1.89613 9
    endloop
  endfacet
  facet normal 0.427559 -0.903988 0
    outer loop
      vertex -0.822769 1.98634 9
      vertex -1.0135 1.89613 3.1
      vertex -0.822769 1.98634 3.1
    endloop
  endfacet
  facet normal 0.595707 -0.803202 0
    outer loop
      vertex -1.36395 1.66197 3.1
      vertex -1.19448 1.78766 9
      vertex -1.36395 1.66197 9
    endloop
  endfacet
  facet normal 0.595707 -0.803202 0
    outer loop
      vertex -1.19448 1.78766 9
      vertex -1.36395 1.66197 3.1
      vertex -1.19448 1.78766 3.1
    endloop
  endfacet
  facet normal 0.242996 -0.970027 0
    outer loop
      vertex -0.624111 2.05742 3.1
      vertex -0.419444 2.10869 9
      vertex -0.624111 2.05742 9
    endloop
  endfacet
  facet normal 0.242996 -0.970027 0
    outer loop
      vertex -0.419444 2.10869 9
      vertex -0.624111 2.05742 3.1
      vertex -0.419444 2.10869 3.1
    endloop
  endfacet
  facet normal 0.0490545 -0.998796 0
    outer loop
      vertex -0.210736 2.13965 3.1
      vertex 0 2.15 9
      vertex -0.210736 2.13965 9
    endloop
  endfacet
  facet normal 0.0490545 -0.998796 0
    outer loop
      vertex 0 2.15 9
      vertex -0.210736 2.13965 3.1
      vertex 0 2.15 3.1
    endloop
  endfacet
  facet normal -0.242996 0.970027 0
    outer loop
      vertex 0.624111 -2.05742 3.1
      vertex 0.419444 -2.10869 9
      vertex 0.624111 -2.05742 9
    endloop
  endfacet
  facet normal -0.242996 0.970027 0
    outer loop
      vertex 0.419444 -2.10869 9
      vertex 0.624111 -2.05742 3.1
      vertex 0.419444 -2.10869 3.1
    endloop
  endfacet
  facet normal -0.0490545 0.998796 0
    outer loop
      vertex 0.210736 -2.13965 3.1
      vertex 0 -2.15 9
      vertex 0.210736 -2.13965 9
    endloop
  endfacet
  facet normal -0.0490545 0.998796 0
    outer loop
      vertex 0 -2.15 9
      vertex 0.210736 -2.13965 3.1
      vertex 0 -2.15 3.1
    endloop
  endfacet
  facet normal -0.336886 0.941546 0
    outer loop
      vertex 0.822769 -1.98634 3.1
      vertex 0.624111 -2.05742 9
      vertex 0.822769 -1.98634 9
    endloop
  endfacet
  facet normal -0.336886 0.941546 0
    outer loop
      vertex 0.624111 -2.05742 9
      vertex 0.822769 -1.98634 3.1
      vertex 0.624111 -2.05742 3.1
    endloop
  endfacet
  facet normal -0.671561 0.740949 0
    outer loop
      vertex 1.52028 -1.52028 3.1
      vertex 1.36395 -1.66197 9
      vertex 1.52028 -1.52028 9
    endloop
  endfacet
  facet normal -0.671561 0.740949 0
    outer loop
      vertex 1.36395 -1.66197 9
      vertex 1.52028 -1.52028 3.1
      vertex 1.36395 -1.66197 3.1
    endloop
  endfacet
  facet normal -0.514084 0.85774 0
    outer loop
      vertex 1.19448 -1.78766 3.1
      vertex 1.0135 -1.89613 9
      vertex 1.19448 -1.78766 9
    endloop
  endfacet
  facet normal -0.514084 0.85774 0
    outer loop
      vertex 1.0135 -1.89613 9
      vertex 1.19448 -1.78766 3.1
      vertex 1.0135 -1.89613 3.1
    endloop
  endfacet
  facet normal -0.803202 0.595707 0
    outer loop
      vertex 1.66197 -1.36395 3.1
      vertex 1.78766 -1.19448 9
      vertex 1.78766 -1.19448 3.1
    endloop
  endfacet
  facet normal -0.803202 0.595707 0
    outer loop
      vertex 1.78766 -1.19448 9
      vertex 1.66197 -1.36395 3.1
      vertex 1.66197 -1.36395 9
    endloop
  endfacet
  facet normal -0.903988 0.427559 0
    outer loop
      vertex 1.89613 -1.0135 3.1
      vertex 1.98634 -0.822769 9
      vertex 1.98634 -0.822769 3.1
    endloop
  endfacet
  facet normal -0.903988 0.427559 0
    outer loop
      vertex 1.98634 -0.822769 9
      vertex 1.89613 -1.0135 3.1
      vertex 1.89613 -1.0135 9
    endloop
  endfacet
  facet normal 0.671561 0.740949 -0
    outer loop
      vertex -1.36395 -1.66197 3.1
      vertex -1.52028 -1.52028 9
      vertex -1.36395 -1.66197 9
    endloop
  endfacet
  facet normal 0.671561 0.740949 0
    outer loop
      vertex -1.52028 -1.52028 9
      vertex -1.36395 -1.66197 3.1
      vertex -1.52028 -1.52028 3.1
    endloop
  endfacet
  facet normal 0.514084 0.85774 -0
    outer loop
      vertex -1.0135 -1.89613 3.1
      vertex -1.19448 -1.78766 9
      vertex -1.0135 -1.89613 9
    endloop
  endfacet
  facet normal 0.514084 0.85774 0
    outer loop
      vertex -1.19448 -1.78766 9
      vertex -1.0135 -1.89613 3.1
      vertex -1.19448 -1.78766 3.1
    endloop
  endfacet
  facet normal 0.336886 0.941546 -0
    outer loop
      vertex -0.624111 -2.05742 3.1
      vertex -0.822769 -1.98634 9
      vertex -0.624111 -2.05742 9
    endloop
  endfacet
  facet normal 0.336886 0.941546 0
    outer loop
      vertex -0.822769 -1.98634 9
      vertex -0.624111 -2.05742 3.1
      vertex -0.822769 -1.98634 3.1
    endloop
  endfacet
  facet normal 0.146736 0.989176 -0
    outer loop
      vertex -0.210736 -2.13965 3.1
      vertex -0.419444 -2.10869 9
      vertex -0.210736 -2.13965 9
    endloop
  endfacet
  facet normal 0.146736 0.989176 0
    outer loop
      vertex -0.419444 -2.10869 9
      vertex -0.210736 -2.13965 3.1
      vertex -0.419444 -2.10869 3.1
    endloop
  endfacet
  facet normal 0.903988 0.427559 0
    outer loop
      vertex -1.89613 -1.0135 9
      vertex -1.98634 -0.822769 3.1
      vertex -1.98634 -0.822769 9
    endloop
  endfacet
  facet normal 0.903988 0.427559 0
    outer loop
      vertex -1.98634 -0.822769 3.1
      vertex -1.89613 -1.0135 9
      vertex -1.89613 -1.0135 3.1
    endloop
  endfacet
  facet normal 0.803202 0.595707 0
    outer loop
      vertex -1.66197 -1.36395 9
      vertex -1.78766 -1.19448 3.1
      vertex -1.78766 -1.19448 9
    endloop
  endfacet
  facet normal 0.803202 0.595707 0
    outer loop
      vertex -1.78766 -1.19448 3.1
      vertex -1.66197 -1.36395 9
      vertex -1.66197 -1.36395 3.1
    endloop
  endfacet
  facet normal 0.970027 0.242996 0
    outer loop
      vertex -2.05742 -0.624111 9
      vertex -2.10869 -0.419444 3.1
      vertex -2.10869 -0.419444 9
    endloop
  endfacet
  facet normal 0.970027 0.242996 0
    outer loop
      vertex -2.10869 -0.419444 3.1
      vertex -2.05742 -0.624111 9
      vertex -2.05742 -0.624111 3.1
    endloop
  endfacet
  facet normal 0.998796 0.0490545 0
    outer loop
      vertex -2.13965 -0.210736 9
      vertex -2.15 0 3.1
      vertex -2.15 0 9
    endloop
  endfacet
  facet normal 0.998796 0.0490545 0
    outer loop
      vertex -2.15 0 3.1
      vertex -2.13965 -0.210736 9
      vertex -2.13965 -0.210736 3.1
    endloop
  endfacet
  facet normal -0.146736 0.989176 0
    outer loop
      vertex 0.419444 -2.10869 3.1
      vertex 0.210736 -2.13965 9
      vertex 0.419444 -2.10869 9
    endloop
  endfacet
  facet normal -0.146736 0.989176 0
    outer loop
      vertex 0.210736 -2.13965 9
      vertex 0.419444 -2.10869 3.1
      vertex 0.210736 -2.13965 3.1
    endloop
  endfacet
  facet normal -0.427559 0.903988 0
    outer loop
      vertex 1.0135 -1.89613 3.1
      vertex 0.822769 -1.98634 9
      vertex 1.0135 -1.89613 9
    endloop
  endfacet
  facet normal -0.427559 0.903988 0
    outer loop
      vertex 0.822769 -1.98634 9
      vertex 1.0135 -1.89613 3.1
      vertex 0.822769 -1.98634 3.1
    endloop
  endfacet
  facet normal -0.740949 0.671561 0
    outer loop
      vertex 1.52028 -1.52028 3.1
      vertex 1.66197 -1.36395 9
      vertex 1.66197 -1.36395 3.1
    endloop
  endfacet
  facet normal -0.740949 0.671561 0
    outer loop
      vertex 1.66197 -1.36395 9
      vertex 1.52028 -1.52028 3.1
      vertex 1.52028 -1.52028 9
    endloop
  endfacet
  facet normal -0.595707 0.803202 0
    outer loop
      vertex 1.36395 -1.66197 3.1
      vertex 1.19448 -1.78766 9
      vertex 1.36395 -1.66197 9
    endloop
  endfacet
  facet normal -0.595707 0.803202 0
    outer loop
      vertex 1.19448 -1.78766 9
      vertex 1.36395 -1.66197 3.1
      vertex 1.19448 -1.78766 3.1
    endloop
  endfacet
  facet normal -0.85774 0.514084 0
    outer loop
      vertex 1.78766 -1.19448 3.1
      vertex 1.89613 -1.0135 9
      vertex 1.89613 -1.0135 3.1
    endloop
  endfacet
  facet normal -0.85774 0.514084 0
    outer loop
      vertex 1.89613 -1.0135 9
      vertex 1.78766 -1.19448 3.1
      vertex 1.78766 -1.19448 9
    endloop
  endfacet
  facet normal -0.941546 0.336886 0
    outer loop
      vertex 1.98634 -0.822769 3.1
      vertex 2.05742 -0.624111 9
      vertex 2.05742 -0.624111 3.1
    endloop
  endfacet
  facet normal -0.941546 0.336886 0
    outer loop
      vertex 2.05742 -0.624111 9
      vertex 1.98634 -0.822769 3.1
      vertex 1.98634 -0.822769 9
    endloop
  endfacet
  facet normal -0.989176 0.146736 0
    outer loop
      vertex 2.10869 -0.419444 3.1
      vertex 2.13965 -0.210736 9
      vertex 2.13965 -0.210736 3.1
    endloop
  endfacet
  facet normal -0.989176 0.146736 0
    outer loop
      vertex 2.13965 -0.210736 9
      vertex 2.10869 -0.419444 3.1
      vertex 2.10869 -0.419444 9
    endloop
  endfacet
  facet normal -0.998796 0.0490545 0
    outer loop
      vertex 2.13965 -0.210736 3.1
      vertex 2.15 0 9
      vertex 2.15 0 3.1
    endloop
  endfacet
  facet normal -0.998796 0.0490545 0
    outer loop
      vertex 2.15 0 9
      vertex 2.13965 -0.210736 3.1
      vertex 2.13965 -0.210736 9
    endloop
  endfacet
  facet normal 0.595707 0.803202 -0
    outer loop
      vertex -1.19448 -1.78766 3.1
      vertex -1.36395 -1.66197 9
      vertex -1.19448 -1.78766 9
    endloop
  endfacet
  facet normal 0.595707 0.803202 0
    outer loop
      vertex -1.36395 -1.66197 9
      vertex -1.19448 -1.78766 3.1
      vertex -1.36395 -1.66197 3.1
    endloop
  endfacet
  facet normal 0.427559 0.903988 -0
    outer loop
      vertex -0.822769 -1.98634 3.1
      vertex -1.0135 -1.89613 9
      vertex -0.822769 -1.98634 9
    endloop
  endfacet
  facet normal 0.427559 0.903988 0
    outer loop
      vertex -1.0135 -1.89613 9
      vertex -0.822769 -1.98634 3.1
      vertex -1.0135 -1.89613 3.1
    endloop
  endfacet
  facet normal 0.242996 0.970027 -0
    outer loop
      vertex -0.419444 -2.10869 3.1
      vertex -0.624111 -2.05742 9
      vertex -0.419444 -2.10869 9
    endloop
  endfacet
  facet normal 0.242996 0.970027 0
    outer loop
      vertex -0.624111 -2.05742 9
      vertex -0.419444 -2.10869 3.1
      vertex -0.624111 -2.05742 3.1
    endloop
  endfacet
  facet normal 0.0490545 0.998796 -0
    outer loop
      vertex 0 -2.15 3.1
      vertex -0.210736 -2.13965 9
      vertex 0 -2.15 9
    endloop
  endfacet
  facet normal 0.0490545 0.998796 0
    outer loop
      vertex -0.210736 -2.13965 9
      vertex 0 -2.15 3.1
      vertex -0.210736 -2.13965 3.1
    endloop
  endfacet
  facet normal 0.85774 0.514084 0
    outer loop
      vertex -1.78766 -1.19448 9
      vertex -1.89613 -1.0135 3.1
      vertex -1.89613 -1.0135 9
    endloop
  endfacet
  facet normal 0.85774 0.514084 0
    outer loop
      vertex -1.89613 -1.0135 3.1
      vertex -1.78766 -1.19448 9
      vertex -1.78766 -1.19448 3.1
    endloop
  endfacet
  facet normal 0.740949 0.671561 0
    outer loop
      vertex -1.52028 -1.52028 9
      vertex -1.66197 -1.36395 3.1
      vertex -1.66197 -1.36395 9
    endloop
  endfacet
  facet normal 0.740949 0.671561 0
    outer loop
      vertex -1.66197 -1.36395 3.1
      vertex -1.52028 -1.52028 9
      vertex -1.52028 -1.52028 3.1
    endloop
  endfacet
  facet normal 0.941546 0.336886 0
    outer loop
      vertex -1.98634 -0.822769 9
      vertex -2.05742 -0.624111 3.1
      vertex -2.05742 -0.624111 9
    endloop
  endfacet
  facet normal 0.941546 0.336886 0
    outer loop
      vertex -2.05742 -0.624111 3.1
      vertex -1.98634 -0.822769 9
      vertex -1.98634 -0.822769 3.1
    endloop
  endfacet
  facet normal 0.989176 0.146736 0
    outer loop
      vertex -2.10869 -0.419444 9
      vertex -2.13965 -0.210736 3.1
      vertex -2.13965 -0.210736 9
    endloop
  endfacet
  facet normal 0.989176 0.146736 0
    outer loop
      vertex -2.13965 -0.210736 3.1
      vertex -2.10869 -0.419444 9
      vertex -2.10869 -0.419444 3.1
    endloop
  endfacet
  facet normal -0.866026 -0.5 0
    outer loop
      vertex 7.35 0 0
      vertex 3.675 6.36529 3.1
      vertex 3.675 6.36529 0
    endloop
  endfacet
  facet normal -0.866026 -0.5 0
    outer loop
      vertex 3.675 6.36529 3.1
      vertex 7.35 0 0
      vertex 7.35 0 3.1
    endloop
  endfacet
  facet normal 0.866026 -0.5 0
    outer loop
      vertex -7.35 0 3.1
      vertex -3.675 6.36529 0
      vertex -3.675 6.36529 3.1
    endloop
  endfacet
  facet normal 0.866026 -0.5 0
    outer loop
      vertex -3.675 6.36529 0
      vertex -7.35 0 3.1
      vertex -7.35 0 0
    endloop
  endfacet
  facet normal 0 -1 0
    outer loop
      vertex -3.675 6.36529 0
      vertex 3.675 6.36529 3.1
      vertex -3.675 6.36529 3.1
    endloop
  endfacet
  facet normal 0 -1 -0
    outer loop
      vertex 3.675 6.36529 3.1
      vertex -3.675 6.36529 0
      vertex 3.675 6.36529 0
    endloop
  endfacet
  facet normal 0 0 -1
    outer loop
      vertex 1.89613 -1.0135 3.1
      vertex 7.35 0 3.1
      vertex 3.675 -6.36529 3.1
    endloop
  endfacet
  facet normal 0 0 -1
    outer loop
      vertex 2.13965 0.210736 3.1
      vertex 7.35 0 3.1
      vertex 2.15 0 3.1
    endloop
  endfacet
  facet normal -0 0 -1
    outer loop
      vertex 7.35 0 3.1
      vertex 2.13965 -0.210736 3.1
      vertex 2.15 0 3.1
    endloop
  endfacet
  facet normal 0 0 -1
    outer loop
      vertex 7.35 0 3.1
      vertex 2.10869 -0.419444 3.1
      vertex 2.13965 -0.210736 3.1
    endloop
  endfacet
  facet normal 0 0 -1
    outer loop
      vertex 7.35 0 3.1
      vertex 2.05742 -0.624111 3.1
      vertex 2.10869 -0.419444 3.1
    endloop
  endfacet
  facet normal 0 0 -1
    outer loop
      vertex 7.35 0 3.1
      vertex 1.98634 -0.822769 3.1
      vertex 2.05742 -0.624111 3.1
    endloop
  endfacet
  facet normal 0 0 -1
    outer loop
      vertex 7.35 0 3.1
      vertex 1.89613 -1.0135 3.1
      vertex 1.98634 -0.822769 3.1
    endloop
  endfacet
  facet normal 0 0 -1
    outer loop
      vertex 3.675 -6.36529 3.1
      vertex 1.78766 -1.19448 3.1
      vertex 1.89613 -1.0135 3.1
    endloop
  endfacet
  facet normal 0 0 -1
    outer loop
      vertex 3.675 -6.36529 3.1
      vertex 1.66197 -1.36395 3.1
      vertex 1.78766 -1.19448 3.1
    endloop
  endfacet
  facet normal 0 0 -1
    outer loop
      vertex 3.675 -6.36529 3.1
      vertex 1.52028 -1.52028 3.1
      vertex 1.66197 -1.36395 3.1
    endloop
  endfacet
  facet normal 0 0 -1
    outer loop
      vertex 3.675 -6.36529 3.1
      vertex 1.36395 -1.66197 3.1
      vertex 1.52028 -1.52028 3.1
    endloop
  endfacet
  facet normal 0 0 -1
    outer loop
      vertex 3.675 -6.36529 3.1
      vertex 1.19448 -1.78766 3.1
      vertex 1.36395 -1.66197 3.1
    endloop
  endfacet
  facet normal 0 0 -1
    outer loop
      vertex 3.675 -6.36529 3.1
      vertex 1.0135 -1.89613 3.1
      vertex 1.19448 -1.78766 3.1
    endloop
  endfacet
  facet normal 0 0 -1
    outer loop
      vertex 3.675 -6.36529 3.1
      vertex 0.822769 -1.98634 3.1
      vertex 1.0135 -1.89613 3.1
    endloop
  endfacet
  facet normal 0 0 -1
    outer loop
      vertex 3.675 -6.36529 3.1
      vertex 0.624111 -2.05742 3.1
      vertex 0.822769 -1.98634 3.1
    endloop
  endfacet
  facet normal 0 0 -1
    outer loop
      vertex 3.675 -6.36529 3.1
      vertex 0.419444 -2.10869 3.1
      vertex 0.624111 -2.05742 3.1
    endloop
  endfacet
  facet normal 0 0 -1
    outer loop
      vertex 3.675 -6.36529 3.1
      vertex 0.210736 -2.13965 3.1
      vertex 0.419444 -2.10869 3.1
    endloop
  endfacet
  facet normal 0 0 -1
    outer loop
      vertex 3.675 -6.36529 3.1
      vertex 0 -2.15 3.1
      vertex 0.210736 -2.13965 3.1
    endloop
  endfacet
  facet normal 0 0 -1
    outer loop
      vertex -3.675 -6.36529 3.1
      vertex 0 -2.15 3.1
      vertex 3.675 -6.36529 3.1
    endloop
  endfacet
  facet normal -0 0 -1
    outer loop
      vertex 0 -2.15 3.1
      vertex -3.675 -6.36529 3.1
      vertex -0.210736 -2.13965 3.1
    endloop
  endfacet
  facet normal -0 0 -1
    outer loop
      vertex -0.210736 -2.13965 3.1
      vertex -3.675 -6.36529 3.1
      vertex -0.419444 -2.10869 3.1
    endloop
  endfacet
  facet normal -0 0 -1
    outer loop
      vertex -0.419444 -2.10869 3.1
      vertex -3.675 -6.36529 3.1
      vertex -0.624111 -2.05742 3.1
    endloop
  endfacet
  facet normal -0 0 -1
    outer loop
      vertex -0.624111 -2.05742 3.1
      vertex -3.675 -6.36529 3.1
      vertex -0.822769 -1.98634 3.1
    endloop
  endfacet
  facet normal -0 0 -1
    outer loop
      vertex -0.822769 -1.98634 3.1
      vertex -3.675 -6.36529 3.1
      vertex -1.0135 -1.89613 3.1
    endloop
  endfacet
  facet normal -0 0 -1
    outer loop
      vertex -1.0135 -1.89613 3.1
      vertex -3.675 -6.36529 3.1
      vertex -1.19448 -1.78766 3.1
    endloop
  endfacet
  facet normal -0 0 -1
    outer loop
      vertex -1.19448 -1.78766 3.1
      vertex -3.675 -6.36529 3.1
      vertex -1.36395 -1.66197 3.1
    endloop
  endfacet
  facet normal 0 0 -1
    outer loop
      vertex -2.10869 -0.419444 3.1
      vertex -7.35 0 3.1
      vertex -2.13965 -0.210736 3.1
    endloop
  endfacet
  facet normal 0 0 -1
    outer loop
      vertex -2.05742 -0.624111 3.1
      vertex -7.35 0 3.1
      vertex -2.10869 -0.419444 3.1
    endloop
  endfacet
  facet normal 0 0 -1
    outer loop
      vertex -1.98634 -0.822769 3.1
      vertex -7.35 0 3.1
      vertex -2.05742 -0.624111 3.1
    endloop
  endfacet
  facet normal 0 0 -1
    outer loop
      vertex -1.89613 -1.0135 3.1
      vertex -7.35 0 3.1
      vertex -1.98634 -0.822769 3.1
    endloop
  endfacet
  facet normal 0 0 -1
    outer loop
      vertex -7.35 0 3.1
      vertex -1.89613 -1.0135 3.1
      vertex -3.675 -6.36529 3.1
    endloop
  endfacet
  facet normal -0 0 -1
    outer loop
      vertex -1.78766 -1.19448 3.1
      vertex -3.675 -6.36529 3.1
      vertex -1.89613 -1.0135 3.1
    endloop
  endfacet
  facet normal -0 0 -1
    outer loop
      vertex -1.66197 -1.36395 3.1
      vertex -3.675 -6.36529 3.1
      vertex -1.78766 -1.19448 3.1
    endloop
  endfacet
  facet normal -0 0 -1
    outer loop
      vertex -1.52028 -1.52028 3.1
      vertex -3.675 -6.36529 3.1
      vertex -1.66197 -1.36395 3.1
    endloop
  endfacet
  facet normal -0 0 -1
    outer loop
      vertex -1.36395 -1.66197 3.1
      vertex -3.675 -6.36529 3.1
      vertex -1.52028 -1.52028 3.1
    endloop
  endfacet
  facet normal 0 0 -1
    outer loop
      vertex 2.10869 0.419444 3.1
      vertex 7.35 0 3.1
      vertex 2.13965 0.210736 3.1
    endloop
  endfacet
  facet normal 0 0 -1
    outer loop
      vertex 2.05742 0.624111 3.1
      vertex 7.35 0 3.1
      vertex 2.10869 0.419444 3.1
    endloop
  endfacet
  facet normal 0 0 -1
    outer loop
      vertex 1.98634 0.822769 3.1
      vertex 7.35 0 3.1
      vertex 2.05742 0.624111 3.1
    endloop
  endfacet
  facet normal 0 0 -1
    outer loop
      vertex 1.89613 1.0135 3.1
      vertex 7.35 0 3.1
      vertex 1.98634 0.822769 3.1
    endloop
  endfacet
  facet normal 0 0 -1
    outer loop
      vertex 7.35 0 3.1
      vertex 1.89613 1.0135 3.1
      vertex 3.675 6.36529 3.1
    endloop
  endfacet
  facet normal 0 0 -1
    outer loop
      vertex 1.78766 1.19448 3.1
      vertex 3.675 6.36529 3.1
      vertex 1.89613 1.0135 3.1
    endloop
  endfacet
  facet normal 0 0 -1
    outer loop
      vertex 1.66197 1.36395 3.1
      vertex 3.675 6.36529 3.1
      vertex 1.78766 1.19448 3.1
    endloop
  endfacet
  facet normal 0 0 -1
    outer loop
      vertex 1.52028 1.52028 3.1
      vertex 3.675 6.36529 3.1
      vertex 1.66197 1.36395 3.1
    endloop
  endfacet
  facet normal 0 0 -1
    outer loop
      vertex 1.36395 1.66197 3.1
      vertex 3.675 6.36529 3.1
      vertex 1.52028 1.52028 3.1
    endloop
  endfacet
  facet normal 0 0 -1
    outer loop
      vertex 1.19448 1.78766 3.1
      vertex 3.675 6.36529 3.1
      vertex 1.36395 1.66197 3.1
    endloop
  endfacet
  facet normal 0 0 -1
    outer loop
      vertex 1.0135 1.89613 3.1
      vertex 3.675 6.36529 3.1
      vertex 1.19448 1.78766 3.1
    endloop
  endfacet
  facet normal 0 0 -1
    outer loop
      vertex 0.822769 1.98634 3.1
      vertex 3.675 6.36529 3.1
      vertex 1.0135 1.89613 3.1
    endloop
  endfacet
  facet normal 0 0 -1
    outer loop
      vertex 0.624111 2.05742 3.1
      vertex 3.675 6.36529 3.1
      vertex 0.822769 1.98634 3.1
    endloop
  endfacet
  facet normal 0 0 -1
    outer loop
      vertex 0.419444 2.10869 3.1
      vertex 3.675 6.36529 3.1
      vertex 0.624111 2.05742 3.1
    endloop
  endfacet
  facet normal 0 0 -1
    outer loop
      vertex 0.210736 2.13965 3.1
      vertex 3.675 6.36529 3.1
      vertex 0.419444 2.10869 3.1
    endloop
  endfacet
  facet normal 0 0 -1
    outer loop
      vertex 0 2.15 3.1
      vertex 3.675 6.36529 3.1
      vertex 0.210736 2.13965 3.1
    endloop
  endfacet
  facet normal 0 0 -1
    outer loop
      vertex -3.675 6.36529 3.1
      vertex 0 2.15 3.1
      vertex -0.210736 2.13965 3.1
    endloop
  endfacet
  facet normal 0 0 -1
    outer loop
      vertex -3.675 6.36529 3.1
      vertex -0.210736 2.13965 3.1
      vertex -0.419444 2.10869 3.1
    endloop
  endfacet
  facet normal 0 0 -1
    outer loop
      vertex -3.675 6.36529 3.1
      vertex -0.419444 2.10869 3.1
      vertex -0.624111 2.05742 3.1
    endloop
  endfacet
  facet normal 0 0 -1
    outer loop
      vertex -3.675 6.36529 3.1
      vertex -0.624111 2.05742 3.1
      vertex -0.822769 1.98634 3.1
    endloop
  endfacet
  facet normal 0 0 -1
    outer loop
      vertex -3.675 6.36529 3.1
      vertex -0.822769 1.98634 3.1
      vertex -1.0135 1.89613 3.1
    endloop
  endfacet
  facet normal 0 0 -1
    outer loop
      vertex -3.675 6.36529 3.1
      vertex -1.0135 1.89613 3.1
      vertex -1.19448 1.78766 3.1
    endloop
  endfacet
  facet normal 0 0 -1
    outer loop
      vertex -3.675 6.36529 3.1
      vertex -1.19448 1.78766 3.1
      vertex -1.36395 1.66197 3.1
    endloop
  endfacet
  facet normal 0 0 -1
    outer loop
      vertex -3.675 6.36529 3.1
      vertex -1.36395 1.66197 3.1
      vertex -1.52028 1.52028 3.1
    endloop
  endfacet
  facet normal 0 0 -1
    outer loop
      vertex -2.13965 -0.210736 3.1
      vertex -7.35 0 3.1
      vertex -2.15 0 3.1
    endloop
  endfacet
  facet normal 0 0 -1
    outer loop
      vertex -2.15 0 3.1
      vertex -7.35 0 3.1
      vertex -2.13965 0.210736 3.1
    endloop
  endfacet
  facet normal 0 0 -1
    outer loop
      vertex 0 2.15 3.1
      vertex -3.675 6.36529 3.1
      vertex 3.675 6.36529 3.1
    endloop
  endfacet
  facet normal 0 0 -1
    outer loop
      vertex -1.66197 1.36395 3.1
      vertex -3.675 6.36529 3.1
      vertex -1.52028 1.52028 3.1
    endloop
  endfacet
  facet normal 0 0 -1
    outer loop
      vertex -1.78766 1.19448 3.1
      vertex -3.675 6.36529 3.1
      vertex -1.66197 1.36395 3.1
    endloop
  endfacet
  facet normal 0 0 -1
    outer loop
      vertex -1.89613 1.0135 3.1
      vertex -3.675 6.36529 3.1
      vertex -1.78766 1.19448 3.1
    endloop
  endfacet
  facet normal 0 0 -1
    outer loop
      vertex -7.35 0 3.1
      vertex -1.89613 1.0135 3.1
      vertex -1.98634 0.822769 3.1
    endloop
  endfacet
  facet normal 0 0 -1
    outer loop
      vertex -7.35 0 3.1
      vertex -1.98634 0.822769 3.1
      vertex -2.05742 0.624111 3.1
    endloop
  endfacet
  facet normal 0 0 -1
    outer loop
      vertex -7.35 0 3.1
      vertex -2.05742 0.624111 3.1
      vertex -2.10869 0.419444 3.1
    endloop
  endfacet
  facet normal -0 0 -1
    outer loop
      vertex -2.13965 0.210736 3.1
      vertex -7.35 0 3.1
      vertex -2.10869 0.419444 3.1
    endloop
  endfacet
  facet normal -0 0 -1
    outer loop
      vertex -1.89613 1.0135 3.1
      vertex -7.35 0 3.1
      vertex -3.675 6.36529 3.1
    endloop
  endfacet
  facet normal 0.866026 0.5 0
    outer loop
      vertex -3.675 -6.36529 3.1
      vertex -7.35 0 0
      vertex -7.35 0 3.1
    endloop
  endfacet
  facet normal 0.866026 0.5 0
    outer loop
      vertex -7.35 0 0
      vertex -3.675 -6.36529 3.1
      vertex -3.675 -6.36529 0
    endloop
  endfacet
  facet normal 0 1 -0
    outer loop
      vertex 3.675 -6.36529 0
      vertex -3.675 -6.36529 3.1
      vertex 3.675 -6.36529 3.1
    endloop
  endfacet
  facet normal 0 1 0
    outer loop
      vertex -3.675 -6.36529 3.1
      vertex 3.675 -6.36529 0
      vertex -3.675 -6.36529 0
    endloop
  endfacet
  facet normal -0.866026 0.5 0
    outer loop
      vertex 3.675 -6.36529 0
      vertex 7.35 0 3.1
      vertex 7.35 0 0
    endloop
  endfacet
  facet normal -0.866026 0.5 0
    outer loop
      vertex 7.35 0 3.1
      vertex 3.675 -6.36529 0
      vertex 3.675 -6.36529 3.1
    endloop
  endfacet
endsolid OpenSCAD_Model
