solid OpenSCAD_Model
  facet normal -0.803208 -0.595699 0
    outer loop
      vertex -15.619 -21.9532 0
      vertex -15.7944 -21.7167 8
      vertex -15.7944 -21.7167 0
    endloop
  endfacet
  facet normal -0.803208 -0.595699 0
    outer loop
      vertex -15.7944 -21.7167 8
      vertex -15.619 -21.9532 0
      vertex -15.619 -21.9532 8
    endloop
  endfacet
  facet normal -0.0489044 -0.998803 0
    outer loop
      vertex -13.5941 -23.0356 0
      vertex -13.3 -23.05 8
      vertex -13.5941 -23.0356 8
    endloop
  endfacet
  facet normal -0.0489044 -0.998803 -0
    outer loop
      vertex -13.3 -23.05 8
      vertex -13.5941 -23.0356 0
      vertex -13.3 -23.05 0
    endloop
  endfacet
  facet normal -0.337047 -0.941488 0
    outer loop
      vertex -14.448 -22.8216 0
      vertex -14.1709 -22.9208 8
      vertex -14.448 -22.8216 8
    endloop
  endfacet
  facet normal -0.337047 -0.941488 -0
    outer loop
      vertex -14.1709 -22.9208 8
      vertex -14.448 -22.8216 0
      vertex -14.1709 -22.9208 0
    endloop
  endfacet
  facet normal 0 -1 0
    outer loop
      vertex -13.3 -23.05 0
      vertex 13.3 -23.05 8
      vertex -13.3 -23.05 8
    endloop
  endfacet
  facet normal 0 -1 -0
    outer loop
      vertex 13.3 -23.05 8
      vertex -13.3 -23.05 0
      vertex 13.3 -23.05 0
    endloop
  endfacet
  facet normal -0.146746 -0.989174 0
    outer loop
      vertex -13.8853 -22.9924 0
      vertex -13.5941 -23.0356 8
      vertex -13.8853 -22.9924 8
    endloop
  endfacet
  facet normal -0.146746 -0.989174 -0
    outer loop
      vertex -13.5941 -23.0356 8
      vertex -13.8853 -22.9924 0
      vertex -13.5941 -23.0356 0
    endloop
  endfacet
  facet normal -0.989174 -0.146746 0
    outer loop
      vertex -16.2424 -20.6353 0
      vertex -16.2856 -20.3441 8
      vertex -16.2856 -20.3441 0
    endloop
  endfacet
  facet normal -0.989174 -0.146746 0
    outer loop
      vertex -16.2856 -20.3441 8
      vertex -16.2424 -20.6353 0
      vertex -16.2424 -20.6353 8
    endloop
  endfacet
  facet normal -0.243175 -0.969982 0
    outer loop
      vertex -14.1709 -22.9208 0
      vertex -13.8853 -22.9924 8
      vertex -14.1709 -22.9208 8
    endloop
  endfacet
  facet normal -0.243175 -0.969982 -0
    outer loop
      vertex -13.8853 -22.9924 8
      vertex -14.1709 -22.9208 0
      vertex -13.8853 -22.9924 0
    endloop
  endfacet
  facet normal -0.427269 -0.904125 0
    outer loop
      vertex -14.7142 -22.6958 0
      vertex -14.448 -22.8216 8
      vertex -14.7142 -22.6958 8
    endloop
  endfacet
  facet normal -0.427269 -0.904125 -0
    outer loop
      vertex -14.448 -22.8216 8
      vertex -14.7142 -22.6958 0
      vertex -14.448 -22.8216 0
    endloop
  endfacet
  facet normal -0.740908 -0.671607 0
    outer loop
      vertex -15.4213 -22.1713 0
      vertex -15.619 -21.9532 8
      vertex -15.619 -21.9532 0
    endloop
  endfacet
  facet normal -0.740908 -0.671607 0
    outer loop
      vertex -15.619 -21.9532 8
      vertex -15.4213 -22.1713 0
      vertex -15.4213 -22.1713 8
    endloop
  endfacet
  facet normal -1 0 0
    outer loop
      vertex -16.3 -20.05 0
      vertex -16.3 20.05 8
      vertex -16.3 20.05 0
    endloop
  endfacet
  facet normal -1 -0 0
    outer loop
      vertex -16.3 20.05 8
      vertex -16.3 -20.05 0
      vertex -16.3 -20.05 8
    endloop
  endfacet
  facet normal 0 0 -1
    outer loop
      vertex 10.9 -17.65 0
      vertex 16.3 -20.05 0
      vertex 16.2856 -20.3441 0
    endloop
  endfacet
  facet normal 0 0 -1
    outer loop
      vertex 16.3 -20.05 0
      vertex 10.9 -17.65 0
      vertex 16.3 20.05 0
    endloop
  endfacet
  facet normal 0 0 -1
    outer loop
      vertex 10.9 -17.65 0
      vertex 16.2856 -20.3441 0
      vertex 16.2424 -20.6353 0
    endloop
  endfacet
  facet normal 0 0 -1
    outer loop
      vertex 10.9 17.65 0
      vertex 16.3 20.05 0
      vertex 10.9 -17.65 0
    endloop
  endfacet
  facet normal 0 0 -1
    outer loop
      vertex 10.9 -17.65 0
      vertex 16.2424 -20.6353 0
      vertex 16.1708 -20.9209 0
    endloop
  endfacet
  facet normal -0 0 -1
    outer loop
      vertex 16.3 20.05 0
      vertex 10.9 17.65 0
      vertex 16.2856 20.3441 0
    endloop
  endfacet
  facet normal 0 0 -1
    outer loop
      vertex 10.9 -17.65 0
      vertex 16.1708 -20.9209 0
      vertex 16.0716 -21.198 0
    endloop
  endfacet
  facet normal -0 0 -1
    outer loop
      vertex 16.2856 20.3441 0
      vertex 10.9 17.65 0
      vertex 16.2424 20.6353 0
    endloop
  endfacet
  facet normal 0 0 -1
    outer loop
      vertex 10.9 -17.65 0
      vertex 16.0716 -21.198 0
      vertex 15.9458 -21.4642 0
    endloop
  endfacet
  facet normal -0 0 -1
    outer loop
      vertex 16.2424 20.6353 0
      vertex 10.9 17.65 0
      vertex 16.1708 20.9209 0
    endloop
  endfacet
  facet normal 0 0 -1
    outer loop
      vertex 10.9 -17.65 0
      vertex 15.9458 -21.4642 0
      vertex 15.7944 -21.7167 0
    endloop
  endfacet
  facet normal -0 0 -1
    outer loop
      vertex 16.1708 20.9209 0
      vertex 10.9 17.65 0
      vertex 16.0716 21.198 0
    endloop
  endfacet
  facet normal 0 0 -1
    outer loop
      vertex 10.9 -17.65 0
      vertex 15.7944 -21.7167 0
      vertex 15.619 -21.9532 0
    endloop
  endfacet
  facet normal -0 0 -1
    outer loop
      vertex 16.0716 21.198 0
      vertex 10.9 17.65 0
      vertex 15.9458 21.4642 0
    endloop
  endfacet
  facet normal 0 0 -1
    outer loop
      vertex 10.9 -17.65 0
      vertex 15.619 -21.9532 0
      vertex 15.4213 -22.1713 0
    endloop
  endfacet
  facet normal -0 0 -1
    outer loop
      vertex 15.9458 21.4642 0
      vertex 10.9 17.65 0
      vertex 15.7944 21.7167 0
    endloop
  endfacet
  facet normal 0 0 -1
    outer loop
      vertex 10.9 -17.65 0
      vertex 15.4213 -22.1713 0
      vertex 15.2032 -22.369 0
    endloop
  endfacet
  facet normal -0 0 -1
    outer loop
      vertex 15.7944 21.7167 0
      vertex 10.9 17.65 0
      vertex 15.619 21.9532 0
    endloop
  endfacet
  facet normal 0 0 -1
    outer loop
      vertex 10.9 -17.65 0
      vertex 15.2032 -22.369 0
      vertex 14.9667 -22.5444 0
    endloop
  endfacet
  facet normal -0 0 -1
    outer loop
      vertex 15.619 21.9532 0
      vertex 10.9 17.65 0
      vertex 15.4213 22.1713 0
    endloop
  endfacet
  facet normal 0 0 -1
    outer loop
      vertex 10.9 -17.65 0
      vertex 14.9667 -22.5444 0
      vertex 14.7142 -22.6958 0
    endloop
  endfacet
  facet normal -0 0 -1
    outer loop
      vertex 15.4213 22.1713 0
      vertex 10.9 17.65 0
      vertex 15.2032 22.369 0
    endloop
  endfacet
  facet normal 0 0 -1
    outer loop
      vertex 10.9 -17.65 0
      vertex 14.7142 -22.6958 0
      vertex 14.448 -22.8216 0
    endloop
  endfacet
  facet normal -0 0 -1
    outer loop
      vertex 15.2032 22.369 0
      vertex 10.9 17.65 0
      vertex 14.9667 22.5444 0
    endloop
  endfacet
  facet normal 0 0 -1
    outer loop
      vertex 10.9 -17.65 0
      vertex 14.448 -22.8216 0
      vertex 14.1709 -22.9208 0
    endloop
  endfacet
  facet normal -0 0 -1
    outer loop
      vertex 14.9667 22.5444 0
      vertex 10.9 17.65 0
      vertex 14.7142 22.6958 0
    endloop
  endfacet
  facet normal 0 0 -1
    outer loop
      vertex 10.9 -17.65 0
      vertex 14.1709 -22.9208 0
      vertex 13.8853 -22.9924 0
    endloop
  endfacet
  facet normal -0 0 -1
    outer loop
      vertex 14.7142 22.6958 0
      vertex 10.9 17.65 0
      vertex 14.448 22.8216 0
    endloop
  endfacet
  facet normal 0 0 -1
    outer loop
      vertex 10.9 -17.65 0
      vertex 13.8853 -22.9924 0
      vertex 13.5941 -23.0356 0
    endloop
  endfacet
  facet normal -0 0 -1
    outer loop
      vertex 14.448 22.8216 0
      vertex 10.9 17.65 0
      vertex 14.1709 22.9208 0
    endloop
  endfacet
  facet normal 0 0 -1
    outer loop
      vertex 10.9 -17.65 0
      vertex 13.5941 -23.0356 0
      vertex 13.3 -23.05 0
    endloop
  endfacet
  facet normal -0 0 -1
    outer loop
      vertex 14.1709 22.9208 0
      vertex 10.9 17.65 0
      vertex 13.8853 22.9924 0
    endloop
  endfacet
  facet normal -0 0 -1
    outer loop
      vertex 13.8853 22.9924 0
      vertex 10.9 17.65 0
      vertex 13.5941 23.0356 0
    endloop
  endfacet
  facet normal 0 0 -1
    outer loop
      vertex 13.3 -23.05 0
      vertex -10.9 -17.65 0
      vertex 10.9 -17.65 0
    endloop
  endfacet
  facet normal 0 0 -1
    outer loop
      vertex -16.3 -20.05 0
      vertex -10.9 -17.65 0
      vertex -13.3 -23.05 0
    endloop
  endfacet
  facet normal 0 0 -1
    outer loop
      vertex -13.3 -23.05 0
      vertex -10.9 -17.65 0
      vertex 13.3 -23.05 0
    endloop
  endfacet
  facet normal -0 0 -1
    outer loop
      vertex 13.5941 23.0356 0
      vertex 10.9 17.65 0
      vertex 13.3 23.05 0
    endloop
  endfacet
  facet normal 0 0 -1
    outer loop
      vertex -10.9 17.65 0
      vertex 13.3 23.05 0
      vertex 10.9 17.65 0
    endloop
  endfacet
  facet normal 0 0 -1
    outer loop
      vertex -10.9 17.65 0
      vertex -13.3 23.05 0
      vertex 13.3 23.05 0
    endloop
  endfacet
  facet normal -0 0 -1
    outer loop
      vertex -10.9 -17.65 0
      vertex -16.3 -20.05 0
      vertex -10.9 17.65 0
    endloop
  endfacet
  facet normal 0 0 -1
    outer loop
      vertex -16.3 -20.05 0
      vertex -13.3 -23.05 0
      vertex -13.5941 -23.0356 0
    endloop
  endfacet
  facet normal 0 0 -1
    outer loop
      vertex -16.3 20.05 0
      vertex -10.9 17.65 0
      vertex -16.3 -20.05 0
    endloop
  endfacet
  facet normal 0 0 -1
    outer loop
      vertex -16.3 -20.05 0
      vertex -13.5941 -23.0356 0
      vertex -13.8853 -22.9924 0
    endloop
  endfacet
  facet normal 0 0 -1
    outer loop
      vertex -10.9 17.65 0
      vertex -16.3 20.05 0
      vertex -13.3 23.05 0
    endloop
  endfacet
  facet normal 0 0 -1
    outer loop
      vertex -16.3 -20.05 0
      vertex -13.8853 -22.9924 0
      vertex -14.1709 -22.9208 0
    endloop
  endfacet
  facet normal 0 0 -1
    outer loop
      vertex -13.3 23.05 0
      vertex -16.3 20.05 0
      vertex -13.5941 23.0356 0
    endloop
  endfacet
  facet normal 0 0 -1
    outer loop
      vertex -16.3 -20.05 0
      vertex -14.1709 -22.9208 0
      vertex -14.448 -22.8216 0
    endloop
  endfacet
  facet normal 0 0 -1
    outer loop
      vertex -13.5941 23.0356 0
      vertex -16.3 20.05 0
      vertex -13.8853 22.9924 0
    endloop
  endfacet
  facet normal 0 0 -1
    outer loop
      vertex -16.3 -20.05 0
      vertex -14.448 -22.8216 0
      vertex -14.7142 -22.6958 0
    endloop
  endfacet
  facet normal 0 0 -1
    outer loop
      vertex -13.8853 22.9924 0
      vertex -16.3 20.05 0
      vertex -14.1709 22.9208 0
    endloop
  endfacet
  facet normal 0 0 -1
    outer loop
      vertex -16.3 -20.05 0
      vertex -14.7142 -22.6958 0
      vertex -14.9667 -22.5444 0
    endloop
  endfacet
  facet normal 0 0 -1
    outer loop
      vertex -14.1709 22.9208 0
      vertex -16.3 20.05 0
      vertex -14.448 22.8216 0
    endloop
  endfacet
  facet normal 0 0 -1
    outer loop
      vertex -16.3 -20.05 0
      vertex -14.9667 -22.5444 0
      vertex -15.2032 -22.369 0
    endloop
  endfacet
  facet normal 0 0 -1
    outer loop
      vertex -14.448 22.8216 0
      vertex -16.3 20.05 0
      vertex -14.7142 22.6958 0
    endloop
  endfacet
  facet normal 0 0 -1
    outer loop
      vertex -16.3 -20.05 0
      vertex -15.2032 -22.369 0
      vertex -15.4213 -22.1713 0
    endloop
  endfacet
  facet normal 0 0 -1
    outer loop
      vertex -14.7142 22.6958 0
      vertex -16.3 20.05 0
      vertex -14.9667 22.5444 0
    endloop
  endfacet
  facet normal 0 0 -1
    outer loop
      vertex -16.3 -20.05 0
      vertex -15.4213 -22.1713 0
      vertex -15.619 -21.9532 0
    endloop
  endfacet
  facet normal 0 0 -1
    outer loop
      vertex -14.9667 22.5444 0
      vertex -16.3 20.05 0
      vertex -15.2032 22.369 0
    endloop
  endfacet
  facet normal 0 0 -1
    outer loop
      vertex -16.3 -20.05 0
      vertex -15.619 -21.9532 0
      vertex -15.7944 -21.7167 0
    endloop
  endfacet
  facet normal 0 0 -1
    outer loop
      vertex -15.2032 22.369 0
      vertex -16.3 20.05 0
      vertex -15.4213 22.1713 0
    endloop
  endfacet
  facet normal 0 0 -1
    outer loop
      vertex -16.3 -20.05 0
      vertex -15.7944 -21.7167 0
      vertex -15.9458 -21.4642 0
    endloop
  endfacet
  facet normal 0 0 -1
    outer loop
      vertex -15.4213 22.1713 0
      vertex -16.3 20.05 0
      vertex -15.619 21.9532 0
    endloop
  endfacet
  facet normal 0 0 -1
    outer loop
      vertex -16.3 -20.05 0
      vertex -15.9458 -21.4642 0
      vertex -16.0716 -21.198 0
    endloop
  endfacet
  facet normal 0 0 -1
    outer loop
      vertex -15.619 21.9532 0
      vertex -16.3 20.05 0
      vertex -15.7944 21.7167 0
    endloop
  endfacet
  facet normal 0 0 -1
    outer loop
      vertex -16.3 -20.05 0
      vertex -16.0716 -21.198 0
      vertex -16.1708 -20.9209 0
    endloop
  endfacet
  facet normal 0 0 -1
    outer loop
      vertex -15.7944 21.7167 0
      vertex -16.3 20.05 0
      vertex -15.9458 21.4642 0
    endloop
  endfacet
  facet normal 0 0 -1
    outer loop
      vertex -16.3 -20.05 0
      vertex -16.1708 -20.9209 0
      vertex -16.2424 -20.6353 0
    endloop
  endfacet
  facet normal 0 0 -1
    outer loop
      vertex -15.9458 21.4642 0
      vertex -16.3 20.05 0
      vertex -16.0716 21.198 0
    endloop
  endfacet
  facet normal 0 0 -1
    outer loop
      vertex -16.3 -20.05 0
      vertex -16.2424 -20.6353 0
      vertex -16.2856 -20.3441 0
    endloop
  endfacet
  facet normal 0 0 -1
    outer loop
      vertex -16.0716 21.198 0
      vertex -16.3 20.05 0
      vertex -16.1708 20.9209 0
    endloop
  endfacet
  facet normal 0 0 -1
    outer loop
      vertex -16.1708 20.9209 0
      vertex -16.3 20.05 0
      vertex -16.2424 20.6353 0
    endloop
  endfacet
  facet normal 0 0 -1
    outer loop
      vertex -16.2424 20.6353 0
      vertex -16.3 20.05 0
      vertex -16.2856 20.3441 0
    endloop
  endfacet
  facet normal -0.998803 -0.0489044 0
    outer loop
      vertex -16.2856 -20.3441 0
      vertex -16.3 -20.05 8
      vertex -16.3 -20.05 0
    endloop
  endfacet
  facet normal -0.998803 -0.0489044 0
    outer loop
      vertex -16.3 -20.05 8
      vertex -16.2856 -20.3441 0
      vertex -16.2856 -20.3441 8
    endloop
  endfacet
  facet normal -0.0489044 0.998803 0
    outer loop
      vertex -13.3 23.05 0
      vertex -13.5941 23.0356 8
      vertex -13.3 23.05 8
    endloop
  endfacet
  facet normal -0.0489044 0.998803 0
    outer loop
      vertex -13.5941 23.0356 8
      vertex -13.3 23.05 0
      vertex -13.5941 23.0356 0
    endloop
  endfacet
  facet normal 0.0489044 -0.998803 0
    outer loop
      vertex 13.3 -23.05 0
      vertex 13.5941 -23.0356 8
      vertex 13.3 -23.05 8
    endloop
  endfacet
  facet normal 0.0489044 -0.998803 0
    outer loop
      vertex 13.5941 -23.0356 8
      vertex 13.3 -23.05 0
      vertex 13.5941 -23.0356 0
    endloop
  endfacet
  facet normal 0.427269 -0.904125 0
    outer loop
      vertex 14.448 -22.8216 0
      vertex 14.7142 -22.6958 8
      vertex 14.448 -22.8216 8
    endloop
  endfacet
  facet normal 0.427269 -0.904125 0
    outer loop
      vertex 14.7142 -22.6958 8
      vertex 14.448 -22.8216 0
      vertex 14.7142 -22.6958 0
    endloop
  endfacet
  facet normal -0.998803 0.0489044 0
    outer loop
      vertex -16.3 20.05 0
      vertex -16.2856 20.3441 8
      vertex -16.2856 20.3441 0
    endloop
  endfacet
  facet normal -0.998803 0.0489044 0
    outer loop
      vertex -16.2856 20.3441 8
      vertex -16.3 20.05 0
      vertex -16.3 20.05 8
    endloop
  endfacet
  facet normal -0.941488 -0.337047 0
    outer loop
      vertex -16.0716 -21.198 0
      vertex -16.1708 -20.9209 8
      vertex -16.1708 -20.9209 0
    endloop
  endfacet
  facet normal -0.941488 -0.337047 0
    outer loop
      vertex -16.1708 -20.9209 8
      vertex -16.0716 -21.198 0
      vertex -16.0716 -21.198 8
    endloop
  endfacet
  facet normal 0.904125 -0.427269 0
    outer loop
      vertex 15.9458 -21.4642 8
      vertex 16.0716 -21.198 0
      vertex 16.0716 -21.198 8
    endloop
  endfacet
  facet normal 0.904125 -0.427269 0
    outer loop
      vertex 16.0716 -21.198 0
      vertex 15.9458 -21.4642 8
      vertex 15.9458 -21.4642 0
    endloop
  endfacet
  facet normal 1 -0 0
    outer loop
      vertex 16.3 -20.05 8
      vertex 16.3 20.05 0
      vertex 16.3 20.05 8
    endloop
  endfacet
  facet normal 1 0 0
    outer loop
      vertex 16.3 20.05 0
      vertex 16.3 -20.05 8
      vertex 16.3 -20.05 0
    endloop
  endfacet
  facet normal 0.146746 -0.989174 0
    outer loop
      vertex 13.5941 -23.0356 0
      vertex 13.8853 -22.9924 8
      vertex 13.5941 -23.0356 8
    endloop
  endfacet
  facet normal 0.146746 -0.989174 0
    outer loop
      vertex 13.8853 -22.9924 8
      vertex 13.5941 -23.0356 0
      vertex 13.8853 -22.9924 0
    endloop
  endfacet
  facet normal -0.671607 0.740908 0
    outer loop
      vertex -15.2032 22.369 0
      vertex -15.4213 22.1713 8
      vertex -15.2032 22.369 8
    endloop
  endfacet
  facet normal -0.671607 0.740908 0
    outer loop
      vertex -15.4213 22.1713 8
      vertex -15.2032 22.369 0
      vertex -15.4213 22.1713 0
    endloop
  endfacet
  facet normal 0 0 1
    outer loop
      vertex 13.6638 19.5928 8
      vertex 16.3 20.05 8
      vertex 16.2856 20.3441 8
    endloop
  endfacet
  facet normal 0 0 1
    outer loop
      vertex 16.3 20.05 8
      vertex 13.9 18.65 8
      vertex 16.3 -20.05 8
    endloop
  endfacet
  facet normal 0 0 1
    outer loop
      vertex 13.6638 19.5928 8
      vertex 16.2856 20.3441 8
      vertex 16.2424 20.6353 8
    endloop
  endfacet
  facet normal -0 0 1
    outer loop
      vertex 13.9 -18.65 8
      vertex 16.3 -20.05 8
      vertex 13.9 18.65 8
    endloop
  endfacet
  facet normal 0 0 1
    outer loop
      vertex 13.5629 19.7611 8
      vertex 16.2424 20.6353 8
      vertex 16.1708 20.9209 8
    endloop
  endfacet
  facet normal -0 0 1
    outer loop
      vertex 13.8904 -18.846 8
      vertex 16.3 -20.05 8
      vertex 13.9 -18.65 8
    endloop
  endfacet
  facet normal 0 0 1
    outer loop
      vertex 13.5629 19.7611 8
      vertex 16.1708 20.9209 8
      vertex 16.0716 21.198 8
    endloop
  endfacet
  facet normal -0 0 1
    outer loop
      vertex 13.8616 -19.0402 8
      vertex 16.3 -20.05 8
      vertex 13.8904 -18.846 8
    endloop
  endfacet
  facet normal 0 0 1
    outer loop
      vertex 13.5629 19.7611 8
      vertex 16.0716 21.198 8
      vertex 15.9458 21.4642 8
    endloop
  endfacet
  facet normal -0 0 1
    outer loop
      vertex 13.8139 -19.2306 8
      vertex 16.3 -20.05 8
      vertex 13.8616 -19.0402 8
    endloop
  endfacet
  facet normal 0 0 1
    outer loop
      vertex 13.446 19.9188 8
      vertex 15.9458 21.4642 8
      vertex 15.7944 21.7167 8
    endloop
  endfacet
  facet normal -0 0 1
    outer loop
      vertex 13.7478 -19.4154 8
      vertex 16.3 -20.05 8
      vertex 13.8139 -19.2306 8
    endloop
  endfacet
  facet normal 0 0 1
    outer loop
      vertex 13.446 19.9188 8
      vertex 15.7944 21.7167 8
      vertex 15.619 21.9532 8
    endloop
  endfacet
  facet normal -0 0 1
    outer loop
      vertex 13.6638 -19.5928 8
      vertex 16.3 -20.05 8
      vertex 13.7478 -19.4154 8
    endloop
  endfacet
  facet normal 0 0 1
    outer loop
      vertex 13.3142 20.0642 8
      vertex 15.619 21.9532 8
      vertex 15.4213 22.1713 8
    endloop
  endfacet
  facet normal 0 0 1
    outer loop
      vertex 16.3 -20.05 8
      vertex 13.6638 -19.5928 8
      vertex 16.2856 -20.3441 8
    endloop
  endfacet
  facet normal 0 0 1
    outer loop
      vertex 13.3142 20.0642 8
      vertex 15.4213 22.1713 8
      vertex 15.2032 22.369 8
    endloop
  endfacet
  facet normal 0 0 1
    outer loop
      vertex 16.2856 -20.3441 8
      vertex 13.6638 -19.5928 8
      vertex 16.2424 -20.6353 8
    endloop
  endfacet
  facet normal 0 0 1
    outer loop
      vertex 13.1688 20.196 8
      vertex 15.2032 22.369 8
      vertex 14.9667 22.5444 8
    endloop
  endfacet
  facet normal -0 0 1
    outer loop
      vertex 13.5629 -19.7611 8
      vertex 16.2424 -20.6353 8
      vertex 13.6638 -19.5928 8
    endloop
  endfacet
  facet normal 0 0 1
    outer loop
      vertex 13.1688 20.196 8
      vertex 14.9667 22.5444 8
      vertex 14.7142 22.6958 8
    endloop
  endfacet
  facet normal 0 0 1
    outer loop
      vertex 16.2424 -20.6353 8
      vertex 13.5629 -19.7611 8
      vertex 16.1708 -20.9209 8
    endloop
  endfacet
  facet normal 0 0 1
    outer loop
      vertex 13.1688 20.196 8
      vertex 14.7142 22.6958 8
      vertex 14.448 22.8216 8
    endloop
  endfacet
  facet normal 0 0 1
    outer loop
      vertex 16.1708 -20.9209 8
      vertex 13.5629 -19.7611 8
      vertex 16.0716 -21.198 8
    endloop
  endfacet
  facet normal 0 0 1
    outer loop
      vertex 13.0111 20.3129 8
      vertex 14.448 22.8216 8
      vertex 14.1709 22.9208 8
    endloop
  endfacet
  facet normal 0 0 1
    outer loop
      vertex 16.0716 -21.198 8
      vertex 13.5629 -19.7611 8
      vertex 15.9458 -21.4642 8
    endloop
  endfacet
  facet normal -0 0 1
    outer loop
      vertex 13.446 -19.9188 8
      vertex 15.9458 -21.4642 8
      vertex 13.5629 -19.7611 8
    endloop
  endfacet
  facet normal 0 0 1
    outer loop
      vertex 16.3 20.05 8
      vertex 13.8904 18.846 8
      vertex 13.9 18.65 8
    endloop
  endfacet
  facet normal 0 0 1
    outer loop
      vertex 13.0111 20.3129 8
      vertex 14.1709 22.9208 8
      vertex 13.8853 22.9924 8
    endloop
  endfacet
  facet normal 0 0 1
    outer loop
      vertex 16.3 20.05 8
      vertex 13.8616 19.0402 8
      vertex 13.8904 18.846 8
    endloop
  endfacet
  facet normal 0 0 1
    outer loop
      vertex 16.3 20.05 8
      vertex 13.8139 19.2306 8
      vertex 13.8616 19.0402 8
    endloop
  endfacet
  facet normal 0 0 1
    outer loop
      vertex 16.3 20.05 8
      vertex 13.7478 19.4154 8
      vertex 13.8139 19.2306 8
    endloop
  endfacet
  facet normal 0 0 1
    outer loop
      vertex 16.3 20.05 8
      vertex 13.6638 19.5928 8
      vertex 13.7478 19.4154 8
    endloop
  endfacet
  facet normal 0 0 1
    outer loop
      vertex 12.8428 20.4138 8
      vertex 13.8853 22.9924 8
      vertex 13.5941 23.0356 8
    endloop
  endfacet
  facet normal 0 0 1
    outer loop
      vertex 16.2424 20.6353 8
      vertex 13.5629 19.7611 8
      vertex 13.6638 19.5928 8
    endloop
  endfacet
  facet normal 0 0 1
    outer loop
      vertex 15.9458 21.4642 8
      vertex 13.446 19.9188 8
      vertex 13.5629 19.7611 8
    endloop
  endfacet
  facet normal 0 0 1
    outer loop
      vertex 15.619 21.9532 8
      vertex 13.3142 20.0642 8
      vertex 13.446 19.9188 8
    endloop
  endfacet
  facet normal 0 0 1
    outer loop
      vertex 12.8428 20.4138 8
      vertex 13.5941 23.0356 8
      vertex 13.3 23.05 8
    endloop
  endfacet
  facet normal 0 0 1
    outer loop
      vertex 15.2032 22.369 8
      vertex 13.1688 20.196 8
      vertex 13.3142 20.0642 8
    endloop
  endfacet
  facet normal 0 0 1
    outer loop
      vertex 14.448 22.8216 8
      vertex 13.0111 20.3129 8
      vertex 13.1688 20.196 8
    endloop
  endfacet
  facet normal 0 0 1
    outer loop
      vertex 13.8853 22.9924 8
      vertex 12.8428 20.4138 8
      vertex 13.0111 20.3129 8
    endloop
  endfacet
  facet normal 0 0 1
    outer loop
      vertex 13.3 23.05 8
      vertex 12.6654 20.4978 8
      vertex 12.8428 20.4138 8
    endloop
  endfacet
  facet normal 0 0 1
    outer loop
      vertex 13.3 23.05 8
      vertex 12.4806 20.5639 8
      vertex 12.6654 20.4978 8
    endloop
  endfacet
  facet normal 0 0 1
    outer loop
      vertex 13.3 23.05 8
      vertex 12.2902 20.6116 8
      vertex 12.4806 20.5639 8
    endloop
  endfacet
  facet normal 0 0 1
    outer loop
      vertex 13.3 23.05 8
      vertex 12.096 20.6404 8
      vertex 12.2902 20.6116 8
    endloop
  endfacet
  facet normal 0 0 1
    outer loop
      vertex 13.3 23.05 8
      vertex 11.9 20.65 8
      vertex 12.096 20.6404 8
    endloop
  endfacet
  facet normal 0 0 1
    outer loop
      vertex 13.3 23.05 8
      vertex -11.9 20.65 8
      vertex 11.9 20.65 8
    endloop
  endfacet
  facet normal -0 0 1
    outer loop
      vertex -13.3 23.05 8
      vertex -11.9 20.65 8
      vertex 13.3 23.05 8
    endloop
  endfacet
  facet normal 0 0 1
    outer loop
      vertex -11.9 20.65 8
      vertex -13.3 23.05 8
      vertex -12.096 20.6404 8
    endloop
  endfacet
  facet normal 0 0 1
    outer loop
      vertex -13.3 23.05 8
      vertex -12.2902 20.6116 8
      vertex -12.096 20.6404 8
    endloop
  endfacet
  facet normal 0 0 1
    outer loop
      vertex -13.3 23.05 8
      vertex -12.4806 20.5639 8
      vertex -12.2902 20.6116 8
    endloop
  endfacet
  facet normal 0 0 1
    outer loop
      vertex -13.3 23.05 8
      vertex -12.6654 20.4978 8
      vertex -12.4806 20.5639 8
    endloop
  endfacet
  facet normal 0 0 1
    outer loop
      vertex -13.3 23.05 8
      vertex -12.8428 20.4138 8
      vertex -12.6654 20.4978 8
    endloop
  endfacet
  facet normal -0 0 1
    outer loop
      vertex -13.5941 23.0356 8
      vertex -12.8428 20.4138 8
      vertex -13.3 23.05 8
    endloop
  endfacet
  facet normal -0 0 1
    outer loop
      vertex -13.8853 22.9924 8
      vertex -12.8428 20.4138 8
      vertex -13.5941 23.0356 8
    endloop
  endfacet
  facet normal 0 0 1
    outer loop
      vertex -12.8428 20.4138 8
      vertex -13.8853 22.9924 8
      vertex -13.0111 20.3129 8
    endloop
  endfacet
  facet normal -0 0 1
    outer loop
      vertex -14.1709 22.9208 8
      vertex -13.0111 20.3129 8
      vertex -13.8853 22.9924 8
    endloop
  endfacet
  facet normal -0 0 1
    outer loop
      vertex -14.448 22.8216 8
      vertex -13.0111 20.3129 8
      vertex -14.1709 22.9208 8
    endloop
  endfacet
  facet normal 0 0 1
    outer loop
      vertex -13.0111 20.3129 8
      vertex -14.448 22.8216 8
      vertex -13.1688 20.196 8
    endloop
  endfacet
  facet normal -0 0 1
    outer loop
      vertex -14.7142 22.6958 8
      vertex -13.1688 20.196 8
      vertex -14.448 22.8216 8
    endloop
  endfacet
  facet normal -0 0 1
    outer loop
      vertex -14.9667 22.5444 8
      vertex -13.1688 20.196 8
      vertex -14.7142 22.6958 8
    endloop
  endfacet
  facet normal -0 0 1
    outer loop
      vertex -15.2032 22.369 8
      vertex -13.1688 20.196 8
      vertex -14.9667 22.5444 8
    endloop
  endfacet
  facet normal 0 0 1
    outer loop
      vertex -13.1688 20.196 8
      vertex -15.2032 22.369 8
      vertex -13.3142 20.0642 8
    endloop
  endfacet
  facet normal -0 0 1
    outer loop
      vertex -15.4213 22.1713 8
      vertex -13.3142 20.0642 8
      vertex -15.2032 22.369 8
    endloop
  endfacet
  facet normal -0 0 1
    outer loop
      vertex -15.619 21.9532 8
      vertex -13.3142 20.0642 8
      vertex -15.4213 22.1713 8
    endloop
  endfacet
  facet normal 0 0 1
    outer loop
      vertex -13.3142 20.0642 8
      vertex -15.619 21.9532 8
      vertex -13.446 19.9188 8
    endloop
  endfacet
  facet normal -0 0 1
    outer loop
      vertex -15.9458 21.4642 8
      vertex -13.446 19.9188 8
      vertex -15.7944 21.7167 8
    endloop
  endfacet
  facet normal -0 0 1
    outer loop
      vertex -15.7944 21.7167 8
      vertex -13.446 19.9188 8
      vertex -15.619 21.9532 8
    endloop
  endfacet
  facet normal 0 0 1
    outer loop
      vertex 15.9458 -21.4642 8
      vertex 13.446 -19.9188 8
      vertex 15.7944 -21.7167 8
    endloop
  endfacet
  facet normal 0 0 1
    outer loop
      vertex 15.7944 -21.7167 8
      vertex 13.446 -19.9188 8
      vertex 15.619 -21.9532 8
    endloop
  endfacet
  facet normal -0 0 1
    outer loop
      vertex 13.3142 -20.0642 8
      vertex 15.619 -21.9532 8
      vertex 13.446 -19.9188 8
    endloop
  endfacet
  facet normal 0 0 1
    outer loop
      vertex 15.619 -21.9532 8
      vertex 13.3142 -20.0642 8
      vertex 15.4213 -22.1713 8
    endloop
  endfacet
  facet normal 0 0 1
    outer loop
      vertex 15.4213 -22.1713 8
      vertex 13.3142 -20.0642 8
      vertex 15.2032 -22.369 8
    endloop
  endfacet
  facet normal -0 0 1
    outer loop
      vertex 13.1688 -20.196 8
      vertex 15.2032 -22.369 8
      vertex 13.3142 -20.0642 8
    endloop
  endfacet
  facet normal 0 0 1
    outer loop
      vertex 15.2032 -22.369 8
      vertex 13.1688 -20.196 8
      vertex 14.9667 -22.5444 8
    endloop
  endfacet
  facet normal 0 0 1
    outer loop
      vertex 14.9667 -22.5444 8
      vertex 13.1688 -20.196 8
      vertex 14.7142 -22.6958 8
    endloop
  endfacet
  facet normal 0 0 1
    outer loop
      vertex 14.7142 -22.6958 8
      vertex 13.1688 -20.196 8
      vertex 14.448 -22.8216 8
    endloop
  endfacet
  facet normal -0 0 1
    outer loop
      vertex 13.0111 -20.3129 8
      vertex 14.448 -22.8216 8
      vertex 13.1688 -20.196 8
    endloop
  endfacet
  facet normal 0 0 1
    outer loop
      vertex 14.448 -22.8216 8
      vertex 13.0111 -20.3129 8
      vertex 14.1709 -22.9208 8
    endloop
  endfacet
  facet normal 0 0 1
    outer loop
      vertex 14.1709 -22.9208 8
      vertex 13.0111 -20.3129 8
      vertex 13.8853 -22.9924 8
    endloop
  endfacet
  facet normal -0 0 1
    outer loop
      vertex 12.8428 -20.4138 8
      vertex 13.8853 -22.9924 8
      vertex 13.0111 -20.3129 8
    endloop
  endfacet
  facet normal 0 0 1
    outer loop
      vertex 13.8853 -22.9924 8
      vertex 12.8428 -20.4138 8
      vertex 13.5941 -23.0356 8
    endloop
  endfacet
  facet normal 0 0 1
    outer loop
      vertex 13.5941 -23.0356 8
      vertex 12.8428 -20.4138 8
      vertex 13.3 -23.05 8
    endloop
  endfacet
  facet normal -0 0 1
    outer loop
      vertex 12.6654 -20.4978 8
      vertex 13.3 -23.05 8
      vertex 12.8428 -20.4138 8
    endloop
  endfacet
  facet normal -0 0 1
    outer loop
      vertex 12.4806 -20.5639 8
      vertex 13.3 -23.05 8
      vertex 12.6654 -20.4978 8
    endloop
  endfacet
  facet normal -0 0 1
    outer loop
      vertex 12.2902 -20.6116 8
      vertex 13.3 -23.05 8
      vertex 12.4806 -20.5639 8
    endloop
  endfacet
  facet normal -0 0 1
    outer loop
      vertex 12.096 -20.6404 8
      vertex 13.3 -23.05 8
      vertex 12.2902 -20.6116 8
    endloop
  endfacet
  facet normal -0 0 1
    outer loop
      vertex 11.9 -20.65 8
      vertex 13.3 -23.05 8
      vertex 12.096 -20.6404 8
    endloop
  endfacet
  facet normal -0 0 1
    outer loop
      vertex -11.9 -20.65 8
      vertex 13.3 -23.05 8
      vertex 11.9 -20.65 8
    endloop
  endfacet
  facet normal 0 0 1
    outer loop
      vertex -13.3 -23.05 8
      vertex -11.9 -20.65 8
      vertex -12.096 -20.6404 8
    endloop
  endfacet
  facet normal 0 0 1
    outer loop
      vertex -11.9 -20.65 8
      vertex -13.3 -23.05 8
      vertex 13.3 -23.05 8
    endloop
  endfacet
  facet normal 0 0 1
    outer loop
      vertex -12.2902 -20.6116 8
      vertex -13.3 -23.05 8
      vertex -12.096 -20.6404 8
    endloop
  endfacet
  facet normal 0 0 1
    outer loop
      vertex -12.4806 -20.5639 8
      vertex -13.3 -23.05 8
      vertex -12.2902 -20.6116 8
    endloop
  endfacet
  facet normal 0 0 1
    outer loop
      vertex -12.6654 -20.4978 8
      vertex -13.3 -23.05 8
      vertex -12.4806 -20.5639 8
    endloop
  endfacet
  facet normal 0 0 1
    outer loop
      vertex -12.8428 -20.4138 8
      vertex -13.3 -23.05 8
      vertex -12.6654 -20.4978 8
    endloop
  endfacet
  facet normal 0 0 1
    outer loop
      vertex -13.8853 -22.9924 8
      vertex -12.8428 -20.4138 8
      vertex -13.0111 -20.3129 8
    endloop
  endfacet
  facet normal 0 0 1
    outer loop
      vertex -14.448 -22.8216 8
      vertex -13.0111 -20.3129 8
      vertex -13.1688 -20.196 8
    endloop
  endfacet
  facet normal 0 0 1
    outer loop
      vertex -15.2032 -22.369 8
      vertex -13.1688 -20.196 8
      vertex -13.3142 -20.0642 8
    endloop
  endfacet
  facet normal 0 0 1
    outer loop
      vertex -15.619 -21.9532 8
      vertex -13.3142 -20.0642 8
      vertex -13.446 -19.9188 8
    endloop
  endfacet
  facet normal 0 0 1
    outer loop
      vertex -15.9458 -21.4642 8
      vertex -13.446 -19.9188 8
      vertex -13.5629 -19.7611 8
    endloop
  endfacet
  facet normal 0 0 1
    outer loop
      vertex -12.8428 -20.4138 8
      vertex -13.5941 -23.0356 8
      vertex -13.3 -23.05 8
    endloop
  endfacet
  facet normal 0 0 1
    outer loop
      vertex -16.2424 -20.6353 8
      vertex -13.5629 -19.7611 8
      vertex -13.6638 -19.5928 8
    endloop
  endfacet
  facet normal 0 0 1
    outer loop
      vertex -16.3 -20.05 8
      vertex -13.6638 -19.5928 8
      vertex -13.7478 -19.4154 8
    endloop
  endfacet
  facet normal 0 0 1
    outer loop
      vertex -16.3 -20.05 8
      vertex -13.7478 -19.4154 8
      vertex -13.8139 -19.2306 8
    endloop
  endfacet
  facet normal 0 0 1
    outer loop
      vertex -16.3 -20.05 8
      vertex -13.8139 -19.2306 8
      vertex -13.8616 -19.0402 8
    endloop
  endfacet
  facet normal 0 0 1
    outer loop
      vertex -12.8428 -20.4138 8
      vertex -13.8853 -22.9924 8
      vertex -13.5941 -23.0356 8
    endloop
  endfacet
  facet normal 0 0 1
    outer loop
      vertex -16.3 -20.05 8
      vertex -13.8616 -19.0402 8
      vertex -13.8904 -18.846 8
    endloop
  endfacet
  facet normal 0 0 1
    outer loop
      vertex -16.3 -20.05 8
      vertex -13.8904 -18.846 8
      vertex -13.9 -18.65 8
    endloop
  endfacet
  facet normal 0 0 1
    outer loop
      vertex -13.9 18.65 8
      vertex -16.3 20.05 8
      vertex -13.9 -18.65 8
    endloop
  endfacet
  facet normal 0 0 1
    outer loop
      vertex -16.3 -20.05 8
      vertex -13.9 -18.65 8
      vertex -16.3 20.05 8
    endloop
  endfacet
  facet normal 0 0 1
    outer loop
      vertex -13.446 19.9188 8
      vertex -15.9458 21.4642 8
      vertex -13.5629 19.7611 8
    endloop
  endfacet
  facet normal 0 0 1
    outer loop
      vertex -13.6638 -19.5928 8
      vertex -16.3 -20.05 8
      vertex -16.2856 -20.3441 8
    endloop
  endfacet
  facet normal -0 0 1
    outer loop
      vertex -16.0716 21.198 8
      vertex -13.5629 19.7611 8
      vertex -15.9458 21.4642 8
    endloop
  endfacet
  facet normal 0 0 1
    outer loop
      vertex -13.0111 -20.3129 8
      vertex -14.1709 -22.9208 8
      vertex -13.8853 -22.9924 8
    endloop
  endfacet
  facet normal -0 0 1
    outer loop
      vertex -16.1708 20.9209 8
      vertex -13.5629 19.7611 8
      vertex -16.0716 21.198 8
    endloop
  endfacet
  facet normal 0 0 1
    outer loop
      vertex -13.0111 -20.3129 8
      vertex -14.448 -22.8216 8
      vertex -14.1709 -22.9208 8
    endloop
  endfacet
  facet normal -0 0 1
    outer loop
      vertex -16.2424 20.6353 8
      vertex -13.5629 19.7611 8
      vertex -16.1708 20.9209 8
    endloop
  endfacet
  facet normal 0 0 1
    outer loop
      vertex -13.1688 -20.196 8
      vertex -14.7142 -22.6958 8
      vertex -14.448 -22.8216 8
    endloop
  endfacet
  facet normal 0 0 1
    outer loop
      vertex -13.5629 19.7611 8
      vertex -16.2424 20.6353 8
      vertex -13.6638 19.5928 8
    endloop
  endfacet
  facet normal 0 0 1
    outer loop
      vertex -13.1688 -20.196 8
      vertex -14.9667 -22.5444 8
      vertex -14.7142 -22.6958 8
    endloop
  endfacet
  facet normal -0 0 1
    outer loop
      vertex -16.2856 20.3441 8
      vertex -13.6638 19.5928 8
      vertex -16.2424 20.6353 8
    endloop
  endfacet
  facet normal 0 0 1
    outer loop
      vertex -13.1688 -20.196 8
      vertex -15.2032 -22.369 8
      vertex -14.9667 -22.5444 8
    endloop
  endfacet
  facet normal -0 0 1
    outer loop
      vertex -16.3 20.05 8
      vertex -13.6638 19.5928 8
      vertex -16.2856 20.3441 8
    endloop
  endfacet
  facet normal 0 0 1
    outer loop
      vertex -13.3142 -20.0642 8
      vertex -15.4213 -22.1713 8
      vertex -15.2032 -22.369 8
    endloop
  endfacet
  facet normal 0 0 1
    outer loop
      vertex -13.6638 19.5928 8
      vertex -16.3 20.05 8
      vertex -13.7478 19.4154 8
    endloop
  endfacet
  facet normal 0 0 1
    outer loop
      vertex -13.3142 -20.0642 8
      vertex -15.619 -21.9532 8
      vertex -15.4213 -22.1713 8
    endloop
  endfacet
  facet normal 0 0 1
    outer loop
      vertex -13.7478 19.4154 8
      vertex -16.3 20.05 8
      vertex -13.8139 19.2306 8
    endloop
  endfacet
  facet normal 0 0 1
    outer loop
      vertex -13.446 -19.9188 8
      vertex -15.7944 -21.7167 8
      vertex -15.619 -21.9532 8
    endloop
  endfacet
  facet normal 0 0 1
    outer loop
      vertex -13.8139 19.2306 8
      vertex -16.3 20.05 8
      vertex -13.8616 19.0402 8
    endloop
  endfacet
  facet normal 0 0 1
    outer loop
      vertex -13.446 -19.9188 8
      vertex -15.9458 -21.4642 8
      vertex -15.7944 -21.7167 8
    endloop
  endfacet
  facet normal 0 0 1
    outer loop
      vertex -13.8616 19.0402 8
      vertex -16.3 20.05 8
      vertex -13.8904 18.846 8
    endloop
  endfacet
  facet normal 0 0 1
    outer loop
      vertex -13.5629 -19.7611 8
      vertex -16.0716 -21.198 8
      vertex -15.9458 -21.4642 8
    endloop
  endfacet
  facet normal 0 0 1
    outer loop
      vertex -13.8904 18.846 8
      vertex -16.3 20.05 8
      vertex -13.9 18.65 8
    endloop
  endfacet
  facet normal 0 0 1
    outer loop
      vertex -13.5629 -19.7611 8
      vertex -16.1708 -20.9209 8
      vertex -16.0716 -21.198 8
    endloop
  endfacet
  facet normal 0 0 1
    outer loop
      vertex -13.5629 -19.7611 8
      vertex -16.2424 -20.6353 8
      vertex -16.1708 -20.9209 8
    endloop
  endfacet
  facet normal 0 0 1
    outer loop
      vertex -13.6638 -19.5928 8
      vertex -16.2856 -20.3441 8
      vertex -16.2424 -20.6353 8
    endloop
  endfacet
  facet normal -0.671607 -0.740908 0
    outer loop
      vertex -15.4213 -22.1713 0
      vertex -15.2032 -22.369 8
      vertex -15.4213 -22.1713 8
    endloop
  endfacet
  facet normal -0.671607 -0.740908 -0
    outer loop
      vertex -15.2032 -22.369 8
      vertex -15.4213 -22.1713 0
      vertex -15.2032 -22.369 0
    endloop
  endfacet
  facet normal 0 1 -0
    outer loop
      vertex 13.3 23.05 0
      vertex -13.3 23.05 8
      vertex 13.3 23.05 8
    endloop
  endfacet
  facet normal 0 1 0
    outer loop
      vertex -13.3 23.05 8
      vertex 13.3 23.05 0
      vertex -13.3 23.05 0
    endloop
  endfacet
  facet normal 0.671607 0.740908 -0
    outer loop
      vertex 15.4213 22.1713 0
      vertex 15.2032 22.369 8
      vertex 15.4213 22.1713 8
    endloop
  endfacet
  facet normal 0.671607 0.740908 0
    outer loop
      vertex 15.2032 22.369 8
      vertex 15.4213 22.1713 0
      vertex 15.2032 22.369 0
    endloop
  endfacet
  facet normal 0.740908 -0.671607 0
    outer loop
      vertex 15.4213 -22.1713 8
      vertex 15.619 -21.9532 0
      vertex 15.619 -21.9532 8
    endloop
  endfacet
  facet normal 0.740908 -0.671607 0
    outer loop
      vertex 15.619 -21.9532 0
      vertex 15.4213 -22.1713 8
      vertex 15.4213 -22.1713 0
    endloop
  endfacet
  facet normal 0.243175 -0.969982 0
    outer loop
      vertex 13.8853 -22.9924 0
      vertex 14.1709 -22.9208 8
      vertex 13.8853 -22.9924 8
    endloop
  endfacet
  facet normal 0.243175 -0.969982 0
    outer loop
      vertex 14.1709 -22.9208 8
      vertex 13.8853 -22.9924 0
      vertex 14.1709 -22.9208 0
    endloop
  endfacet
  facet normal 0.671607 -0.740908 0
    outer loop
      vertex 15.2032 -22.369 0
      vertex 15.4213 -22.1713 8
      vertex 15.2032 -22.369 8
    endloop
  endfacet
  facet normal 0.671607 -0.740908 0
    outer loop
      vertex 15.4213 -22.1713 8
      vertex 15.2032 -22.369 0
      vertex 15.4213 -22.1713 0
    endloop
  endfacet
  facet normal 0.595699 -0.803208 0
    outer loop
      vertex 14.9667 -22.5444 0
      vertex 15.2032 -22.369 8
      vertex 14.9667 -22.5444 8
    endloop
  endfacet
  facet normal 0.595699 -0.803208 0
    outer loop
      vertex 15.2032 -22.369 8
      vertex 14.9667 -22.5444 0
      vertex 15.2032 -22.369 0
    endloop
  endfacet
  facet normal -0.595699 -0.803208 0
    outer loop
      vertex -15.2032 -22.369 0
      vertex -14.9667 -22.5444 8
      vertex -15.2032 -22.369 8
    endloop
  endfacet
  facet normal -0.595699 -0.803208 -0
    outer loop
      vertex -14.9667 -22.5444 8
      vertex -15.2032 -22.369 0
      vertex -14.9667 -22.5444 0
    endloop
  endfacet
  facet normal -0.969982 -0.243175 0
    outer loop
      vertex -16.1708 -20.9209 0
      vertex -16.2424 -20.6353 8
      vertex -16.2424 -20.6353 0
    endloop
  endfacet
  facet normal -0.969982 -0.243175 0
    outer loop
      vertex -16.2424 -20.6353 8
      vertex -16.1708 -20.9209 0
      vertex -16.1708 -20.9209 8
    endloop
  endfacet
  facet normal 0.0489044 0.998803 -0
    outer loop
      vertex 13.5941 23.0356 0
      vertex 13.3 23.05 8
      vertex 13.5941 23.0356 8
    endloop
  endfacet
  facet normal 0.0489044 0.998803 0
    outer loop
      vertex 13.3 23.05 8
      vertex 13.5941 23.0356 0
      vertex 13.3 23.05 0
    endloop
  endfacet
  facet normal 0.146746 0.989174 -0
    outer loop
      vertex 13.8853 22.9924 0
      vertex 13.5941 23.0356 8
      vertex 13.8853 22.9924 8
    endloop
  endfacet
  facet normal 0.146746 0.989174 0
    outer loop
      vertex 13.5941 23.0356 8
      vertex 13.8853 22.9924 0
      vertex 13.5941 23.0356 0
    endloop
  endfacet
  facet normal 0.803208 0.595699 0
    outer loop
      vertex 15.7944 21.7167 8
      vertex 15.619 21.9532 0
      vertex 15.619 21.9532 8
    endloop
  endfacet
  facet normal 0.803208 0.595699 0
    outer loop
      vertex 15.619 21.9532 0
      vertex 15.7944 21.7167 8
      vertex 15.7944 21.7167 0
    endloop
  endfacet
  facet normal 0.740908 0.671607 0
    outer loop
      vertex 15.619 21.9532 8
      vertex 15.4213 22.1713 0
      vertex 15.4213 22.1713 8
    endloop
  endfacet
  facet normal 0.740908 0.671607 0
    outer loop
      vertex 15.4213 22.1713 0
      vertex 15.619 21.9532 8
      vertex 15.619 21.9532 0
    endloop
  endfacet
  facet normal 0.514246 0.857643 -0
    outer loop
      vertex 14.9667 22.5444 0
      vertex 14.7142 22.6958 8
      vertex 14.9667 22.5444 8
    endloop
  endfacet
  facet normal 0.514246 0.857643 0
    outer loop
      vertex 14.7142 22.6958 8
      vertex 14.9667 22.5444 0
      vertex 14.7142 22.6958 0
    endloop
  endfacet
  facet normal 0.857643 0.514246 0
    outer loop
      vertex 15.9458 21.4642 8
      vertex 15.7944 21.7167 0
      vertex 15.7944 21.7167 8
    endloop
  endfacet
  facet normal 0.857643 0.514246 0
    outer loop
      vertex 15.7944 21.7167 0
      vertex 15.9458 21.4642 8
      vertex 15.9458 21.4642 0
    endloop
  endfacet
  facet normal 0.941488 0.337047 0
    outer loop
      vertex 16.1708 20.9209 8
      vertex 16.0716 21.198 0
      vertex 16.0716 21.198 8
    endloop
  endfacet
  facet normal 0.941488 0.337047 0
    outer loop
      vertex 16.0716 21.198 0
      vertex 16.1708 20.9209 8
      vertex 16.1708 20.9209 0
    endloop
  endfacet
  facet normal 0.998803 0.0489044 0
    outer loop
      vertex 16.3 20.05 8
      vertex 16.2856 20.3441 0
      vertex 16.2856 20.3441 8
    endloop
  endfacet
  facet normal 0.998803 0.0489044 0
    outer loop
      vertex 16.2856 20.3441 0
      vertex 16.3 20.05 8
      vertex 16.3 20.05 0
    endloop
  endfacet
  facet normal 0.989174 -0.146746 0
    outer loop
      vertex 16.2424 -20.6353 8
      vertex 16.2856 -20.3441 0
      vertex 16.2856 -20.3441 8
    endloop
  endfacet
  facet normal 0.989174 -0.146746 0
    outer loop
      vertex 16.2856 -20.3441 0
      vertex 16.2424 -20.6353 8
      vertex 16.2424 -20.6353 0
    endloop
  endfacet
  facet normal 0.998803 -0.0489044 0
    outer loop
      vertex 16.2856 -20.3441 8
      vertex 16.3 -20.05 0
      vertex 16.3 -20.05 8
    endloop
  endfacet
  facet normal 0.998803 -0.0489044 0
    outer loop
      vertex 16.3 -20.05 0
      vertex 16.2856 -20.3441 8
      vertex 16.2856 -20.3441 0
    endloop
  endfacet
  facet normal 0.857643 -0.514246 0
    outer loop
      vertex 15.7944 -21.7167 8
      vertex 15.9458 -21.4642 0
      vertex 15.9458 -21.4642 8
    endloop
  endfacet
  facet normal 0.857643 -0.514246 0
    outer loop
      vertex 15.9458 -21.4642 0
      vertex 15.7944 -21.7167 8
      vertex 15.7944 -21.7167 0
    endloop
  endfacet
  facet normal 0.803208 -0.595699 0
    outer loop
      vertex 15.619 -21.9532 8
      vertex 15.7944 -21.7167 0
      vertex 15.7944 -21.7167 8
    endloop
  endfacet
  facet normal 0.803208 -0.595699 0
    outer loop
      vertex 15.7944 -21.7167 0
      vertex 15.619 -21.9532 8
      vertex 15.619 -21.9532 0
    endloop
  endfacet
  facet normal 0.337047 -0.941488 0
    outer loop
      vertex 14.1709 -22.9208 0
      vertex 14.448 -22.8216 8
      vertex 14.1709 -22.9208 8
    endloop
  endfacet
  facet normal 0.337047 -0.941488 0
    outer loop
      vertex 14.448 -22.8216 8
      vertex 14.1709 -22.9208 0
      vertex 14.448 -22.8216 0
    endloop
  endfacet
  facet normal 0.514246 -0.857643 0
    outer loop
      vertex 14.7142 -22.6958 0
      vertex 14.9667 -22.5444 8
      vertex 14.7142 -22.6958 8
    endloop
  endfacet
  facet normal 0.514246 -0.857643 0
    outer loop
      vertex 14.9667 -22.5444 8
      vertex 14.7142 -22.6958 0
      vertex 14.9667 -22.5444 0
    endloop
  endfacet
  facet normal -0.989174 0.146746 0
    outer loop
      vertex -16.2856 20.3441 0
      vertex -16.2424 20.6353 8
      vertex -16.2424 20.6353 0
    endloop
  endfacet
  facet normal -0.989174 0.146746 0
    outer loop
      vertex -16.2424 20.6353 8
      vertex -16.2856 20.3441 0
      vertex -16.2856 20.3441 8
    endloop
  endfacet
  facet normal -0.857643 0.514246 0
    outer loop
      vertex -15.9458 21.4642 0
      vertex -15.7944 21.7167 8
      vertex -15.7944 21.7167 0
    endloop
  endfacet
  facet normal -0.857643 0.514246 0
    outer loop
      vertex -15.7944 21.7167 8
      vertex -15.9458 21.4642 0
      vertex -15.9458 21.4642 8
    endloop
  endfacet
  facet normal -0.514246 0.857643 0
    outer loop
      vertex -14.7142 22.6958 0
      vertex -14.9667 22.5444 8
      vertex -14.7142 22.6958 8
    endloop
  endfacet
  facet normal -0.514246 0.857643 0
    outer loop
      vertex -14.9667 22.5444 8
      vertex -14.7142 22.6958 0
      vertex -14.9667 22.5444 0
    endloop
  endfacet
  facet normal -0.427269 0.904125 0
    outer loop
      vertex -14.448 22.8216 0
      vertex -14.7142 22.6958 8
      vertex -14.448 22.8216 8
    endloop
  endfacet
  facet normal -0.427269 0.904125 0
    outer loop
      vertex -14.7142 22.6958 8
      vertex -14.448 22.8216 0
      vertex -14.7142 22.6958 0
    endloop
  endfacet
  facet normal 0.595699 0.803208 -0
    outer loop
      vertex 15.2032 22.369 0
      vertex 14.9667 22.5444 8
      vertex 15.2032 22.369 8
    endloop
  endfacet
  facet normal 0.595699 0.803208 0
    outer loop
      vertex 14.9667 22.5444 8
      vertex 15.2032 22.369 0
      vertex 14.9667 22.5444 0
    endloop
  endfacet
  facet normal 0.427269 0.904125 -0
    outer loop
      vertex 14.7142 22.6958 0
      vertex 14.448 22.8216 8
      vertex 14.7142 22.6958 8
    endloop
  endfacet
  facet normal 0.427269 0.904125 0
    outer loop
      vertex 14.448 22.8216 8
      vertex 14.7142 22.6958 0
      vertex 14.448 22.8216 0
    endloop
  endfacet
  facet normal 0.904125 0.427269 0
    outer loop
      vertex 16.0716 21.198 8
      vertex 15.9458 21.4642 0
      vertex 15.9458 21.4642 8
    endloop
  endfacet
  facet normal 0.904125 0.427269 0
    outer loop
      vertex 15.9458 21.4642 0
      vertex 16.0716 21.198 8
      vertex 16.0716 21.198 0
    endloop
  endfacet
  facet normal 0.969982 0.243175 0
    outer loop
      vertex 16.2424 20.6353 8
      vertex 16.1708 20.9209 0
      vertex 16.1708 20.9209 8
    endloop
  endfacet
  facet normal 0.969982 0.243175 0
    outer loop
      vertex 16.1708 20.9209 0
      vertex 16.2424 20.6353 8
      vertex 16.2424 20.6353 0
    endloop
  endfacet
  facet normal 0.941488 -0.337047 0
    outer loop
      vertex 16.0716 -21.198 8
      vertex 16.1708 -20.9209 0
      vertex 16.1708 -20.9209 8
    endloop
  endfacet
  facet normal 0.941488 -0.337047 0
    outer loop
      vertex 16.1708 -20.9209 0
      vertex 16.0716 -21.198 8
      vertex 16.0716 -21.198 0
    endloop
  endfacet
  facet normal -0.941488 0.337047 0
    outer loop
      vertex -16.1708 20.9209 0
      vertex -16.0716 21.198 8
      vertex -16.0716 21.198 0
    endloop
  endfacet
  facet normal -0.941488 0.337047 0
    outer loop
      vertex -16.0716 21.198 8
      vertex -16.1708 20.9209 0
      vertex -16.1708 20.9209 8
    endloop
  endfacet
  facet normal -0.904125 0.427269 0
    outer loop
      vertex -16.0716 21.198 0
      vertex -15.9458 21.4642 8
      vertex -15.9458 21.4642 0
    endloop
  endfacet
  facet normal -0.904125 0.427269 0
    outer loop
      vertex -15.9458 21.4642 8
      vertex -16.0716 21.198 0
      vertex -16.0716 21.198 8
    endloop
  endfacet
  facet normal -0.969982 0.243175 0
    outer loop
      vertex -16.2424 20.6353 0
      vertex -16.1708 20.9209 8
      vertex -16.1708 20.9209 0
    endloop
  endfacet
  facet normal -0.969982 0.243175 0
    outer loop
      vertex -16.1708 20.9209 8
      vertex -16.2424 20.6353 0
      vertex -16.2424 20.6353 8
    endloop
  endfacet
  facet normal -0.803208 0.595699 0
    outer loop
      vertex -15.7944 21.7167 0
      vertex -15.619 21.9532 8
      vertex -15.619 21.9532 0
    endloop
  endfacet
  facet normal -0.803208 0.595699 0
    outer loop
      vertex -15.619 21.9532 8
      vertex -15.7944 21.7167 0
      vertex -15.7944 21.7167 8
    endloop
  endfacet
  facet normal -0.740908 0.671607 0
    outer loop
      vertex -15.619 21.9532 0
      vertex -15.4213 22.1713 8
      vertex -15.4213 22.1713 0
    endloop
  endfacet
  facet normal -0.740908 0.671607 0
    outer loop
      vertex -15.4213 22.1713 8
      vertex -15.619 21.9532 0
      vertex -15.619 21.9532 8
    endloop
  endfacet
  facet normal -0.595699 0.803208 0
    outer loop
      vertex -14.9667 22.5444 0
      vertex -15.2032 22.369 8
      vertex -14.9667 22.5444 8
    endloop
  endfacet
  facet normal -0.595699 0.803208 0
    outer loop
      vertex -15.2032 22.369 8
      vertex -14.9667 22.5444 0
      vertex -15.2032 22.369 0
    endloop
  endfacet
  facet normal -0.243175 0.969982 0
    outer loop
      vertex -13.8853 22.9924 0
      vertex -14.1709 22.9208 8
      vertex -13.8853 22.9924 8
    endloop
  endfacet
  facet normal -0.243175 0.969982 0
    outer loop
      vertex -14.1709 22.9208 8
      vertex -13.8853 22.9924 0
      vertex -14.1709 22.9208 0
    endloop
  endfacet
  facet normal -0.146746 0.989174 0
    outer loop
      vertex -13.5941 23.0356 0
      vertex -13.8853 22.9924 8
      vertex -13.5941 23.0356 8
    endloop
  endfacet
  facet normal -0.146746 0.989174 0
    outer loop
      vertex -13.8853 22.9924 8
      vertex -13.5941 23.0356 0
      vertex -13.8853 22.9924 0
    endloop
  endfacet
  facet normal -0.337047 0.941488 0
    outer loop
      vertex -14.1709 22.9208 0
      vertex -14.448 22.8216 8
      vertex -14.1709 22.9208 8
    endloop
  endfacet
  facet normal -0.337047 0.941488 0
    outer loop
      vertex -14.448 22.8216 8
      vertex -14.1709 22.9208 0
      vertex -14.448 22.8216 0
    endloop
  endfacet
  facet normal -0.857643 -0.514246 0
    outer loop
      vertex -15.7944 -21.7167 0
      vertex -15.9458 -21.4642 8
      vertex -15.9458 -21.4642 0
    endloop
  endfacet
  facet normal -0.857643 -0.514246 0
    outer loop
      vertex -15.9458 -21.4642 8
      vertex -15.7944 -21.7167 0
      vertex -15.7944 -21.7167 8
    endloop
  endfacet
  facet normal -0.514246 -0.857643 0
    outer loop
      vertex -14.9667 -22.5444 0
      vertex -14.7142 -22.6958 8
      vertex -14.9667 -22.5444 8
    endloop
  endfacet
  facet normal -0.514246 -0.857643 -0
    outer loop
      vertex -14.7142 -22.6958 8
      vertex -14.9667 -22.5444 0
      vertex -14.7142 -22.6958 0
    endloop
  endfacet
  facet normal 0.243175 0.969982 -0
    outer loop
      vertex 14.1709 22.9208 0
      vertex 13.8853 22.9924 8
      vertex 14.1709 22.9208 8
    endloop
  endfacet
  facet normal 0.243175 0.969982 0
    outer loop
      vertex 13.8853 22.9924 8
      vertex 14.1709 22.9208 0
      vertex 13.8853 22.9924 0
    endloop
  endfacet
  facet normal 0.989174 0.146746 0
    outer loop
      vertex 16.2856 20.3441 8
      vertex 16.2424 20.6353 0
      vertex 16.2424 20.6353 8
    endloop
  endfacet
  facet normal 0.989174 0.146746 0
    outer loop
      vertex 16.2424 20.6353 0
      vertex 16.2856 20.3441 8
      vertex 16.2856 20.3441 0
    endloop
  endfacet
  facet normal 0.969982 -0.243175 0
    outer loop
      vertex 16.1708 -20.9209 8
      vertex 16.2424 -20.6353 0
      vertex 16.2424 -20.6353 8
    endloop
  endfacet
  facet normal 0.969982 -0.243175 0
    outer loop
      vertex 16.2424 -20.6353 0
      vertex 16.1708 -20.9209 8
      vertex 16.1708 -20.9209 0
    endloop
  endfacet
  facet normal -0.904125 -0.427269 0
    outer loop
      vertex -15.9458 -21.4642 0
      vertex -16.0716 -21.198 8
      vertex -16.0716 -21.198 0
    endloop
  endfacet
  facet normal -0.904125 -0.427269 0
    outer loop
      vertex -16.0716 -21.198 8
      vertex -15.9458 -21.4642 0
      vertex -15.9458 -21.4642 8
    endloop
  endfacet
  facet normal 0.337047 0.941488 -0
    outer loop
      vertex 14.448 22.8216 0
      vertex 14.1709 22.9208 8
      vertex 14.448 22.8216 8
    endloop
  endfacet
  facet normal 0.337047 0.941488 0
    outer loop
      vertex 14.1709 22.9208 8
      vertex 14.448 22.8216 0
      vertex 14.1709 22.9208 0
    endloop
  endfacet
  facet normal 1 -0 0
    outer loop
      vertex -13.9 -18.65 4.4
      vertex -13.9 18.65 2
      vertex -13.9 18.65 4.4
    endloop
  endfacet
  facet normal 1 0 0
    outer loop
      vertex -13.9 18.65 2
      vertex -13.9 -18.65 4.4
      vertex -13.9 -18.65 2
    endloop
  endfacet
  facet normal 1 -0 0
    outer loop
      vertex -13.9 -18.65 8
      vertex -13.9 18.65 5.6
      vertex -13.9 18.65 8
    endloop
  endfacet
  facet normal 1 0 0
    outer loop
      vertex -13.9 18.65 5.6
      vertex -13.9 -18.65 8
      vertex -13.9 -18.65 5.6
    endloop
  endfacet
  facet normal 0.0489209 -0.998803 0
    outer loop
      vertex -12.096 20.6404 2
      vertex -11.9 20.65 8
      vertex -12.096 20.6404 8
    endloop
  endfacet
  facet normal 0.0489209 -0.998803 0
    outer loop
      vertex -11.9 20.65 8
      vertex -12.096 20.6404 2
      vertex -11.9 20.65 2
    endloop
  endfacet
  facet normal -1 0 0
    outer loop
      vertex 13.9 -18.65 2
      vertex 13.9 18.65 4.4
      vertex 13.9 18.65 2
    endloop
  endfacet
  facet normal -1 -0 0
    outer loop
      vertex 13.9 18.65 4.4
      vertex 13.9 -18.65 2
      vertex 13.9 -18.65 4.4
    endloop
  endfacet
  facet normal -1 0 0
    outer loop
      vertex 13.9 -18.65 5.6
      vertex 13.9 18.65 8
      vertex 13.9 18.65 5.6
    endloop
  endfacet
  facet normal -1 -0 0
    outer loop
      vertex 13.9 18.65 8
      vertex 13.9 -18.65 5.6
      vertex 13.9 -18.65 8
    endloop
  endfacet
  facet normal -0.998803 -0.0489209 0
    outer loop
      vertex 13.9 18.65 2
      vertex 13.8904 18.846 4.4
      vertex 13.8904 18.846 2
    endloop
  endfacet
  facet normal -0.998803 -0.0489209 0
    outer loop
      vertex 13.8904 18.846 4.4
      vertex 13.9 18.65 2
      vertex 13.9 18.65 4.4
    endloop
  endfacet
  facet normal -0.998803 -0.0489209 0
    outer loop
      vertex 13.9 18.65 5.6
      vertex 13.8904 18.846 8
      vertex 13.8904 18.846 5.6
    endloop
  endfacet
  facet normal -0.998803 -0.0489209 0
    outer loop
      vertex 13.8904 18.846 8
      vertex 13.9 18.65 5.6
      vertex 13.9 18.65 8
    endloop
  endfacet
  facet normal 0 1 -0
    outer loop
      vertex 11.9 -20.65 2
      vertex -11.9 -20.65 8
      vertex 11.9 -20.65 8
    endloop
  endfacet
  facet normal 0 1 0
    outer loop
      vertex -11.9 -20.65 8
      vertex 11.9 -20.65 2
      vertex -11.9 -20.65 2
    endloop
  endfacet
  facet normal 0.858286 0.513171 0
    outer loop
      vertex -13.6638 -19.5928 8
      vertex -13.6296 -19.65 5.6
      vertex -13.6638 -19.5928 5.6
    endloop
  endfacet
  facet normal 0.857357 0.514723 0
    outer loop
      vertex -13.6296 -19.65 5.6
      vertex -13.5629 -19.7611 8
      vertex -13.6296 -19.65 4.4
    endloop
  endfacet
  facet normal 0.857673 0.514196 -3.31671e-05
    outer loop
      vertex -13.5629 -19.7611 8
      vertex -13.6296 -19.65 5.6
      vertex -13.6638 -19.5928 8
    endloop
  endfacet
  facet normal 0.858286 0.513171 0
    outer loop
      vertex -13.6296 -19.65 4.4
      vertex -13.6638 -19.5928 2
      vertex -13.6638 -19.5928 4.4
    endloop
  endfacet
  facet normal 0.857357 0.514723 -0
    outer loop
      vertex -13.5629 -19.7611 2
      vertex -13.6296 -19.65 4.4
      vertex -13.5629 -19.7611 8
    endloop
  endfacet
  facet normal 0.857673 0.514196 3.31671e-05
    outer loop
      vertex -13.6296 -19.65 4.4
      vertex -13.5629 -19.7611 2
      vertex -13.6638 -19.5928 2
    endloop
  endfacet
  facet normal 0 -1 0
    outer loop
      vertex -11.9 20.65 2
      vertex 11.9 20.65 8
      vertex -11.9 20.65 8
    endloop
  endfacet
  facet normal 0 -1 -0
    outer loop
      vertex 11.9 20.65 8
      vertex -11.9 20.65 2
      vertex 11.9 20.65 2
    endloop
  endfacet
  facet normal -0.514196 0.857673 0
    outer loop
      vertex 13.0111 -20.3129 2
      vertex 12.8428 -20.4138 8
      vertex 13.0111 -20.3129 8
    endloop
  endfacet
  facet normal -0.514196 0.857673 0
    outer loop
      vertex 12.8428 -20.4138 8
      vertex 13.0111 -20.3129 2
      vertex 12.8428 -20.4138 2
    endloop
  endfacet
  facet normal -0.989182 0.146696 0
    outer loop
      vertex 13.8616 -19.0402 2
      vertex 13.8904 -18.846 4.4
      vertex 13.8904 -18.846 2
    endloop
  endfacet
  facet normal -0.989182 0.146696 0
    outer loop
      vertex 13.8904 -18.846 4.4
      vertex 13.8616 -19.0402 2
      vertex 13.8616 -19.0402 4.4
    endloop
  endfacet
  facet normal -0.989182 0.146696 0
    outer loop
      vertex 13.8616 -19.0402 5.6
      vertex 13.8904 -18.846 8
      vertex 13.8904 -18.846 5.6
    endloop
  endfacet
  facet normal -0.989182 0.146696 0
    outer loop
      vertex 13.8904 -18.846 8
      vertex 13.8616 -19.0402 5.6
      vertex 13.8616 -19.0402 8
    endloop
  endfacet
  facet normal -0.0489209 0.998803 0
    outer loop
      vertex 12.096 -20.6404 2
      vertex 11.9 -20.65 8
      vertex 12.096 -20.6404 8
    endloop
  endfacet
  facet normal -0.0489209 0.998803 0
    outer loop
      vertex 11.9 -20.65 8
      vertex 12.096 -20.6404 2
      vertex 11.9 -20.65 2
    endloop
  endfacet
  facet normal 0.998803 0.0489209 0
    outer loop
      vertex -13.8904 -18.846 4.4
      vertex -13.9 -18.65 2
      vertex -13.9 -18.65 4.4
    endloop
  endfacet
  facet normal 0.998803 0.0489209 0
    outer loop
      vertex -13.9 -18.65 2
      vertex -13.8904 -18.846 4.4
      vertex -13.8904 -18.846 2
    endloop
  endfacet
  facet normal 0.998803 0.0489209 0
    outer loop
      vertex -13.8904 -18.846 8
      vertex -13.9 -18.65 5.6
      vertex -13.9 -18.65 8
    endloop
  endfacet
  facet normal 0.998803 0.0489209 0
    outer loop
      vertex -13.9 -18.65 5.6
      vertex -13.8904 -18.846 8
      vertex -13.8904 -18.846 5.6
    endloop
  endfacet
  facet normal 0.80335 -0.595508 0
    outer loop
      vertex -13.5629 19.7611 8
      vertex -13.446 19.9188 2
      vertex -13.446 19.9188 8
    endloop
  endfacet
  facet normal 0.80335 -0.595508 0
    outer loop
      vertex -13.446 19.9188 2
      vertex -13.5629 19.7611 8
      vertex -13.5629 19.7611 2
    endloop
  endfacet
  facet normal 0.989182 -0.146696 0
    outer loop
      vertex -13.8904 18.846 4.4
      vertex -13.8616 19.0402 2
      vertex -13.8616 19.0402 4.4
    endloop
  endfacet
  facet normal 0.989182 -0.146696 0
    outer loop
      vertex -13.8616 19.0402 2
      vertex -13.8904 18.846 4.4
      vertex -13.8904 18.846 2
    endloop
  endfacet
  facet normal 0.989182 -0.146696 0
    outer loop
      vertex -13.8904 18.846 8
      vertex -13.8616 19.0402 5.6
      vertex -13.8616 19.0402 8
    endloop
  endfacet
  facet normal 0.989182 -0.146696 0
    outer loop
      vertex -13.8616 19.0402 5.6
      vertex -13.8904 18.846 8
      vertex -13.8904 18.846 5.6
    endloop
  endfacet
  facet normal 0.671607 -0.740908 0
    outer loop
      vertex -13.3142 20.0642 2
      vertex -13.1688 20.196 8
      vertex -13.3142 20.0642 8
    endloop
  endfacet
  facet normal 0.671607 -0.740908 0
    outer loop
      vertex -13.1688 20.196 8
      vertex -13.3142 20.0642 2
      vertex -13.1688 20.196 2
    endloop
  endfacet
  facet normal 0.514196 -0.857673 0
    outer loop
      vertex -13.0111 20.3129 2
      vertex -12.8428 20.4138 8
      vertex -13.0111 20.3129 8
    endloop
  endfacet
  facet normal 0.514196 -0.857673 0
    outer loop
      vertex -12.8428 20.4138 8
      vertex -13.0111 20.3129 2
      vertex -12.8428 20.4138 2
    endloop
  endfacet
  facet normal 0.243015 -0.970023 0
    outer loop
      vertex -12.4806 20.5639 2
      vertex -12.2902 20.6116 8
      vertex -12.4806 20.5639 8
    endloop
  endfacet
  facet normal 0.243015 -0.970023 0
    outer loop
      vertex -12.2902 20.6116 8
      vertex -12.4806 20.5639 2
      vertex -12.2902 20.6116 2
    endloop
  endfacet
  facet normal -0.989182 -0.146696 0
    outer loop
      vertex 13.8904 18.846 2
      vertex 13.8616 19.0402 4.4
      vertex 13.8616 19.0402 2
    endloop
  endfacet
  facet normal -0.989182 -0.146696 0
    outer loop
      vertex 13.8616 19.0402 4.4
      vertex 13.8904 18.846 2
      vertex 13.8904 18.846 4.4
    endloop
  endfacet
  facet normal -0.989182 -0.146696 0
    outer loop
      vertex 13.8904 18.846 5.6
      vertex 13.8616 19.0402 8
      vertex 13.8616 19.0402 5.6
    endloop
  endfacet
  facet normal -0.989182 -0.146696 0
    outer loop
      vertex 13.8616 19.0402 8
      vertex 13.8904 18.846 5.6
      vertex 13.8904 18.846 8
    endloop
  endfacet
  facet normal -0.80335 -0.595508 0
    outer loop
      vertex 13.5629 19.7611 2
      vertex 13.446 19.9188 8
      vertex 13.446 19.9188 2
    endloop
  endfacet
  facet normal -0.80335 -0.595508 0
    outer loop
      vertex 13.446 19.9188 8
      vertex 13.5629 19.7611 2
      vertex 13.5629 19.7611 8
    endloop
  endfacet
  facet normal -0.9038 0.427955 0
    outer loop
      vertex 13.6638 -19.5928 2
      vertex 13.7478 -19.4154 4.4
      vertex 13.7478 -19.4154 2
    endloop
  endfacet
  facet normal -0.9038 0.427955 0
    outer loop
      vertex 13.7478 -19.4154 4.4
      vertex 13.6638 -19.5928 2
      vertex 13.6638 -19.5928 4.4
    endloop
  endfacet
  facet normal -0.9038 0.427955 0
    outer loop
      vertex 13.6638 -19.5928 5.6
      vertex 13.7478 -19.4154 8
      vertex 13.7478 -19.4154 5.6
    endloop
  endfacet
  facet normal -0.9038 0.427955 0
    outer loop
      vertex 13.7478 -19.4154 8
      vertex 13.6638 -19.5928 5.6
      vertex 13.6638 -19.5928 8
    endloop
  endfacet
  facet normal -0.336788 0.94158 0
    outer loop
      vertex 12.6654 -20.4978 2
      vertex 12.4806 -20.5639 8
      vertex 12.6654 -20.4978 8
    endloop
  endfacet
  facet normal -0.336788 0.94158 0
    outer loop
      vertex 12.4806 -20.5639 8
      vertex 12.6654 -20.4978 2
      vertex 12.4806 -20.5639 2
    endloop
  endfacet
  facet normal 0.595508 0.80335 -0
    outer loop
      vertex -13.0111 -20.3129 2
      vertex -13.1688 -20.196 8
      vertex -13.0111 -20.3129 8
    endloop
  endfacet
  facet normal 0.595508 0.80335 0
    outer loop
      vertex -13.1688 -20.196 8
      vertex -13.0111 -20.3129 2
      vertex -13.1688 -20.196 2
    endloop
  endfacet
  facet normal 0.243015 0.970023 -0
    outer loop
      vertex -12.2902 -20.6116 2
      vertex -12.4806 -20.5639 8
      vertex -12.2902 -20.6116 8
    endloop
  endfacet
  facet normal 0.243015 0.970023 0
    outer loop
      vertex -12.4806 -20.5639 8
      vertex -12.2902 -20.6116 2
      vertex -12.4806 -20.5639 2
    endloop
  endfacet
  facet normal 0.970023 0.243015 0
    outer loop
      vertex -13.8139 -19.2306 4.4
      vertex -13.8616 -19.0402 2
      vertex -13.8616 -19.0402 4.4
    endloop
  endfacet
  facet normal 0.970023 0.243015 0
    outer loop
      vertex -13.8616 -19.0402 2
      vertex -13.8139 -19.2306 4.4
      vertex -13.8139 -19.2306 2
    endloop
  endfacet
  facet normal 0.970023 0.243015 0
    outer loop
      vertex -13.8139 -19.2306 8
      vertex -13.8616 -19.0402 5.6
      vertex -13.8616 -19.0402 8
    endloop
  endfacet
  facet normal 0.970023 0.243015 0
    outer loop
      vertex -13.8616 -19.0402 5.6
      vertex -13.8139 -19.2306 8
      vertex -13.8139 -19.2306 5.6
    endloop
  endfacet
  facet normal 0.989182 0.146696 0
    outer loop
      vertex -13.8616 -19.0402 4.4
      vertex -13.8904 -18.846 2
      vertex -13.8904 -18.846 4.4
    endloop
  endfacet
  facet normal 0.989182 0.146696 0
    outer loop
      vertex -13.8904 -18.846 2
      vertex -13.8616 -19.0402 4.4
      vertex -13.8616 -19.0402 2
    endloop
  endfacet
  facet normal 0.989182 0.146696 0
    outer loop
      vertex -13.8616 -19.0402 8
      vertex -13.8904 -18.846 5.6
      vertex -13.8904 -18.846 8
    endloop
  endfacet
  facet normal 0.989182 0.146696 0
    outer loop
      vertex -13.8904 -18.846 5.6
      vertex -13.8616 -19.0402 8
      vertex -13.8616 -19.0402 5.6
    endloop
  endfacet
  facet normal 0.94158 -0.336788 0
    outer loop
      vertex -13.8139 19.2306 4.4
      vertex -13.7478 19.4154 2
      vertex -13.7478 19.4154 4.4
    endloop
  endfacet
  facet normal 0.94158 -0.336788 0
    outer loop
      vertex -13.7478 19.4154 2
      vertex -13.8139 19.2306 4.4
      vertex -13.8139 19.2306 2
    endloop
  endfacet
  facet normal 0.94158 -0.336788 0
    outer loop
      vertex -13.8139 19.2306 8
      vertex -13.7478 19.4154 5.6
      vertex -13.7478 19.4154 8
    endloop
  endfacet
  facet normal 0.94158 -0.336788 0
    outer loop
      vertex -13.7478 19.4154 5.6
      vertex -13.8139 19.2306 8
      vertex -13.8139 19.2306 5.6
    endloop
  endfacet
  facet normal 0.970023 -0.243015 0
    outer loop
      vertex -13.8616 19.0402 4.4
      vertex -13.8139 19.2306 2
      vertex -13.8139 19.2306 4.4
    endloop
  endfacet
  facet normal 0.970023 -0.243015 0
    outer loop
      vertex -13.8139 19.2306 2
      vertex -13.8616 19.0402 4.4
      vertex -13.8616 19.0402 2
    endloop
  endfacet
  facet normal 0.970023 -0.243015 0
    outer loop
      vertex -13.8616 19.0402 8
      vertex -13.8139 19.2306 5.6
      vertex -13.8139 19.2306 8
    endloop
  endfacet
  facet normal 0.970023 -0.243015 0
    outer loop
      vertex -13.8139 19.2306 5.6
      vertex -13.8616 19.0402 8
      vertex -13.8616 19.0402 5.6
    endloop
  endfacet
  facet normal 0.998803 -0.0489209 0
    outer loop
      vertex -13.9 18.65 4.4
      vertex -13.8904 18.846 2
      vertex -13.8904 18.846 4.4
    endloop
  endfacet
  facet normal 0.998803 -0.0489209 0
    outer loop
      vertex -13.8904 18.846 2
      vertex -13.9 18.65 4.4
      vertex -13.9 18.65 2
    endloop
  endfacet
  facet normal 0.998803 -0.0489209 0
    outer loop
      vertex -13.9 18.65 8
      vertex -13.8904 18.846 5.6
      vertex -13.8904 18.846 8
    endloop
  endfacet
  facet normal 0.998803 -0.0489209 0
    outer loop
      vertex -13.8904 18.846 5.6
      vertex -13.9 18.65 8
      vertex -13.9 18.65 5.6
    endloop
  endfacet
  facet normal 0.740908 -0.671607 0
    outer loop
      vertex -13.446 19.9188 8
      vertex -13.3142 20.0642 2
      vertex -13.3142 20.0642 8
    endloop
  endfacet
  facet normal 0.740908 -0.671607 0
    outer loop
      vertex -13.3142 20.0642 2
      vertex -13.446 19.9188 8
      vertex -13.446 19.9188 2
    endloop
  endfacet
  facet normal 0.595508 -0.80335 0
    outer loop
      vertex -13.1688 20.196 2
      vertex -13.0111 20.3129 8
      vertex -13.1688 20.196 8
    endloop
  endfacet
  facet normal 0.595508 -0.80335 0
    outer loop
      vertex -13.0111 20.3129 8
      vertex -13.1688 20.196 2
      vertex -13.0111 20.3129 2
    endloop
  endfacet
  facet normal 0.427955 -0.9038 0
    outer loop
      vertex -12.8428 20.4138 2
      vertex -12.6654 20.4978 8
      vertex -12.8428 20.4138 8
    endloop
  endfacet
  facet normal 0.427955 -0.9038 0
    outer loop
      vertex -12.6654 20.4978 8
      vertex -12.8428 20.4138 2
      vertex -12.6654 20.4978 2
    endloop
  endfacet
  facet normal 0.336788 -0.94158 0
    outer loop
      vertex -12.6654 20.4978 2
      vertex -12.4806 20.5639 8
      vertex -12.6654 20.4978 8
    endloop
  endfacet
  facet normal 0.336788 -0.94158 0
    outer loop
      vertex -12.4806 20.5639 8
      vertex -12.6654 20.4978 2
      vertex -12.4806 20.5639 2
    endloop
  endfacet
  facet normal 0.146696 -0.989182 0
    outer loop
      vertex -12.2902 20.6116 2
      vertex -12.096 20.6404 8
      vertex -12.2902 20.6116 8
    endloop
  endfacet
  facet normal 0.146696 -0.989182 0
    outer loop
      vertex -12.096 20.6404 8
      vertex -12.2902 20.6116 2
      vertex -12.096 20.6404 2
    endloop
  endfacet
  facet normal -0.9038 -0.427955 0
    outer loop
      vertex 13.7478 19.4154 2
      vertex 13.6638 19.5928 4.4
      vertex 13.6638 19.5928 2
    endloop
  endfacet
  facet normal -0.9038 -0.427955 0
    outer loop
      vertex 13.6638 19.5928 4.4
      vertex 13.7478 19.4154 2
      vertex 13.7478 19.4154 4.4
    endloop
  endfacet
  facet normal -0.9038 -0.427955 0
    outer loop
      vertex 13.7478 19.4154 5.6
      vertex 13.6638 19.5928 8
      vertex 13.6638 19.5928 5.6
    endloop
  endfacet
  facet normal -0.9038 -0.427955 0
    outer loop
      vertex 13.6638 19.5928 8
      vertex 13.7478 19.4154 5.6
      vertex 13.7478 19.4154 8
    endloop
  endfacet
  facet normal -0.146696 0.989182 0
    outer loop
      vertex 12.2902 -20.6116 2
      vertex 12.096 -20.6404 8
      vertex 12.2902 -20.6116 8
    endloop
  endfacet
  facet normal -0.146696 0.989182 0
    outer loop
      vertex 12.096 -20.6404 8
      vertex 12.2902 -20.6116 2
      vertex 12.096 -20.6404 2
    endloop
  endfacet
  facet normal -0.998803 0.0489209 0
    outer loop
      vertex 13.8904 -18.846 2
      vertex 13.9 -18.65 4.4
      vertex 13.9 -18.65 2
    endloop
  endfacet
  facet normal -0.998803 0.0489209 0
    outer loop
      vertex 13.9 -18.65 4.4
      vertex 13.8904 -18.846 2
      vertex 13.8904 -18.846 4.4
    endloop
  endfacet
  facet normal -0.998803 0.0489209 0
    outer loop
      vertex 13.8904 -18.846 5.6
      vertex 13.9 -18.65 8
      vertex 13.9 -18.65 5.6
    endloop
  endfacet
  facet normal -0.998803 0.0489209 0
    outer loop
      vertex 13.9 -18.65 8
      vertex 13.8904 -18.846 5.6
      vertex 13.8904 -18.846 8
    endloop
  endfacet
  facet normal -0.243015 0.970023 0
    outer loop
      vertex 12.4806 -20.5639 2
      vertex 12.2902 -20.6116 8
      vertex 12.4806 -20.5639 8
    endloop
  endfacet
  facet normal -0.243015 0.970023 0
    outer loop
      vertex 12.2902 -20.6116 8
      vertex 12.4806 -20.5639 2
      vertex 12.2902 -20.6116 2
    endloop
  endfacet
  facet normal -0.671607 0.740908 0
    outer loop
      vertex 13.3142 -20.0642 2
      vertex 13.1688 -20.196 8
      vertex 13.3142 -20.0642 8
    endloop
  endfacet
  facet normal -0.671607 0.740908 0
    outer loop
      vertex 13.1688 -20.196 8
      vertex 13.3142 -20.0642 2
      vertex 13.1688 -20.196 2
    endloop
  endfacet
  facet normal -0.740908 0.671607 0
    outer loop
      vertex 13.3142 -20.0642 2
      vertex 13.446 -19.9188 8
      vertex 13.446 -19.9188 2
    endloop
  endfacet
  facet normal -0.740908 0.671607 0
    outer loop
      vertex 13.446 -19.9188 8
      vertex 13.3142 -20.0642 2
      vertex 13.3142 -20.0642 8
    endloop
  endfacet
  facet normal -0.80335 0.595508 0
    outer loop
      vertex 13.446 -19.9188 2
      vertex 13.5629 -19.7611 8
      vertex 13.5629 -19.7611 2
    endloop
  endfacet
  facet normal -0.80335 0.595508 0
    outer loop
      vertex 13.5629 -19.7611 8
      vertex 13.446 -19.9188 2
      vertex 13.446 -19.9188 8
    endloop
  endfacet
  facet normal -0.858286 0.513171 0
    outer loop
      vertex 13.6638 -19.5928 2
      vertex 13.6296 -19.65 4.4
      vertex 13.6638 -19.5928 4.4
    endloop
  endfacet
  facet normal -0.857357 0.514723 0
    outer loop
      vertex 13.6296 -19.65 4.4
      vertex 13.5629 -19.7611 2
      vertex 13.6296 -19.65 5.6
    endloop
  endfacet
  facet normal -0.857673 0.514196 3.31671e-05
    outer loop
      vertex 13.5629 -19.7611 2
      vertex 13.6296 -19.65 4.4
      vertex 13.6638 -19.5928 2
    endloop
  endfacet
  facet normal -0.858286 0.513171 0
    outer loop
      vertex 13.6296 -19.65 5.6
      vertex 13.6638 -19.5928 8
      vertex 13.6638 -19.5928 5.6
    endloop
  endfacet
  facet normal -0.857357 0.514723 0
    outer loop
      vertex 13.5629 -19.7611 8
      vertex 13.6296 -19.65 5.6
      vertex 13.5629 -19.7611 2
    endloop
  endfacet
  facet normal -0.857673 0.514196 -3.31671e-05
    outer loop
      vertex 13.6296 -19.65 5.6
      vertex 13.5629 -19.7611 8
      vertex 13.6638 -19.5928 8
    endloop
  endfacet
  facet normal -0.94158 0.336788 0
    outer loop
      vertex 13.7478 -19.4154 2
      vertex 13.8139 -19.2306 4.4
      vertex 13.8139 -19.2306 2
    endloop
  endfacet
  facet normal -0.94158 0.336788 0
    outer loop
      vertex 13.8139 -19.2306 4.4
      vertex 13.7478 -19.4154 2
      vertex 13.7478 -19.4154 4.4
    endloop
  endfacet
  facet normal -0.94158 0.336788 0
    outer loop
      vertex 13.7478 -19.4154 5.6
      vertex 13.8139 -19.2306 8
      vertex 13.8139 -19.2306 5.6
    endloop
  endfacet
  facet normal -0.94158 0.336788 0
    outer loop
      vertex 13.8139 -19.2306 8
      vertex 13.7478 -19.4154 5.6
      vertex 13.7478 -19.4154 8
    endloop
  endfacet
  facet normal 0.514196 0.857673 -0
    outer loop
      vertex -12.8428 -20.4138 2
      vertex -13.0111 -20.3129 8
      vertex -12.8428 -20.4138 8
    endloop
  endfacet
  facet normal 0.514196 0.857673 0
    outer loop
      vertex -13.0111 -20.3129 8
      vertex -12.8428 -20.4138 2
      vertex -13.0111 -20.3129 2
    endloop
  endfacet
  facet normal 0.0489209 0.998803 -0
    outer loop
      vertex -11.9 -20.65 2
      vertex -12.096 -20.6404 8
      vertex -11.9 -20.65 8
    endloop
  endfacet
  facet normal 0.0489209 0.998803 0
    outer loop
      vertex -12.096 -20.6404 8
      vertex -11.9 -20.65 2
      vertex -12.096 -20.6404 2
    endloop
  endfacet
  facet normal 0.80335 0.595508 0
    outer loop
      vertex -13.446 -19.9188 8
      vertex -13.5629 -19.7611 2
      vertex -13.5629 -19.7611 8
    endloop
  endfacet
  facet normal 0.80335 0.595508 0
    outer loop
      vertex -13.5629 -19.7611 2
      vertex -13.446 -19.9188 8
      vertex -13.446 -19.9188 2
    endloop
  endfacet
  facet normal 0.94158 0.336788 0
    outer loop
      vertex -13.7478 -19.4154 4.4
      vertex -13.8139 -19.2306 2
      vertex -13.8139 -19.2306 4.4
    endloop
  endfacet
  facet normal 0.94158 0.336788 0
    outer loop
      vertex -13.8139 -19.2306 2
      vertex -13.7478 -19.4154 4.4
      vertex -13.7478 -19.4154 2
    endloop
  endfacet
  facet normal 0.94158 0.336788 0
    outer loop
      vertex -13.7478 -19.4154 8
      vertex -13.8139 -19.2306 5.6
      vertex -13.8139 -19.2306 8
    endloop
  endfacet
  facet normal 0.94158 0.336788 0
    outer loop
      vertex -13.8139 -19.2306 5.6
      vertex -13.7478 -19.4154 8
      vertex -13.7478 -19.4154 5.6
    endloop
  endfacet
  facet normal 0 0 1
    outer loop
      vertex 10.9 17.65 2
      vertex 13.9 18.65 2
      vertex 13.8904 18.846 2
    endloop
  endfacet
  facet normal 0 0 1
    outer loop
      vertex 13.9 18.65 2
      vertex 10.9 17.65 2
      vertex 13.9 -18.65 2
    endloop
  endfacet
  facet normal 0 0 1
    outer loop
      vertex 10.9 17.65 2
      vertex 13.8904 18.846 2
      vertex 13.8616 19.0402 2
    endloop
  endfacet
  facet normal -0 0 1
    outer loop
      vertex 10.9 -17.65 2
      vertex 13.9 -18.65 2
      vertex 10.9 17.65 2
    endloop
  endfacet
  facet normal 0 0 1
    outer loop
      vertex 10.9 17.65 2
      vertex 13.8616 19.0402 2
      vertex 13.8139 19.2306 2
    endloop
  endfacet
  facet normal 0 0 1
    outer loop
      vertex 13.9 -18.65 2
      vertex 10.9 -17.65 2
      vertex 13.8904 -18.846 2
    endloop
  endfacet
  facet normal 0 0 1
    outer loop
      vertex 10.9 17.65 2
      vertex 13.8139 19.2306 2
      vertex 13.7478 19.4154 2
    endloop
  endfacet
  facet normal 0 0 1
    outer loop
      vertex 13.8904 -18.846 2
      vertex 10.9 -17.65 2
      vertex 13.8616 -19.0402 2
    endloop
  endfacet
  facet normal 0 0 1
    outer loop
      vertex 10.9 17.65 2
      vertex 13.7478 19.4154 2
      vertex 13.6638 19.5928 2
    endloop
  endfacet
  facet normal 0 0 1
    outer loop
      vertex 13.8616 -19.0402 2
      vertex 10.9 -17.65 2
      vertex 13.8139 -19.2306 2
    endloop
  endfacet
  facet normal 0 0 1
    outer loop
      vertex 10.9 17.65 2
      vertex 13.6638 19.5928 2
      vertex 13.5629 19.7611 2
    endloop
  endfacet
  facet normal 0 0 1
    outer loop
      vertex 13.8139 -19.2306 2
      vertex 10.9 -17.65 2
      vertex 13.7478 -19.4154 2
    endloop
  endfacet
  facet normal 0 0 1
    outer loop
      vertex 10.9 17.65 2
      vertex 13.5629 19.7611 2
      vertex 13.446 19.9188 2
    endloop
  endfacet
  facet normal 0 0 1
    outer loop
      vertex 13.7478 -19.4154 2
      vertex 10.9 -17.65 2
      vertex 13.6638 -19.5928 2
    endloop
  endfacet
  facet normal 0 0 1
    outer loop
      vertex 10.9 17.65 2
      vertex 13.446 19.9188 2
      vertex 13.3142 20.0642 2
    endloop
  endfacet
  facet normal 0 0 1
    outer loop
      vertex 13.6638 -19.5928 2
      vertex 10.9 -17.65 2
      vertex 13.5629 -19.7611 2
    endloop
  endfacet
  facet normal 0 0 1
    outer loop
      vertex 10.9 17.65 2
      vertex 13.3142 20.0642 2
      vertex 13.1688 20.196 2
    endloop
  endfacet
  facet normal 0 0 1
    outer loop
      vertex 13.5629 -19.7611 2
      vertex 10.9 -17.65 2
      vertex 13.446 -19.9188 2
    endloop
  endfacet
  facet normal 0 0 1
    outer loop
      vertex 10.9 17.65 2
      vertex 13.1688 20.196 2
      vertex 13.0111 20.3129 2
    endloop
  endfacet
  facet normal 0 0 1
    outer loop
      vertex 13.446 -19.9188 2
      vertex 10.9 -17.65 2
      vertex 13.3142 -20.0642 2
    endloop
  endfacet
  facet normal 0 0 1
    outer loop
      vertex 10.9 17.65 2
      vertex 13.0111 20.3129 2
      vertex 12.8428 20.4138 2
    endloop
  endfacet
  facet normal 0 0 1
    outer loop
      vertex 13.3142 -20.0642 2
      vertex 10.9 -17.65 2
      vertex 13.1688 -20.196 2
    endloop
  endfacet
  facet normal 0 0 1
    outer loop
      vertex 10.9 17.65 2
      vertex 12.8428 20.4138 2
      vertex 12.6654 20.4978 2
    endloop
  endfacet
  facet normal 0 0 1
    outer loop
      vertex 13.1688 -20.196 2
      vertex 10.9 -17.65 2
      vertex 13.0111 -20.3129 2
    endloop
  endfacet
  facet normal 0 0 1
    outer loop
      vertex 10.9 17.65 2
      vertex 12.6654 20.4978 2
      vertex 12.4806 20.5639 2
    endloop
  endfacet
  facet normal 0 0 1
    outer loop
      vertex 13.0111 -20.3129 2
      vertex 10.9 -17.65 2
      vertex 12.8428 -20.4138 2
    endloop
  endfacet
  facet normal 0 0 1
    outer loop
      vertex 10.9 17.65 2
      vertex 12.4806 20.5639 2
      vertex 12.2902 20.6116 2
    endloop
  endfacet
  facet normal 0 0 1
    outer loop
      vertex 12.8428 -20.4138 2
      vertex 10.9 -17.65 2
      vertex 12.6654 -20.4978 2
    endloop
  endfacet
  facet normal 0 0 1
    outer loop
      vertex 10.9 17.65 2
      vertex 12.2902 20.6116 2
      vertex 12.096 20.6404 2
    endloop
  endfacet
  facet normal 0 0 1
    outer loop
      vertex 12.6654 -20.4978 2
      vertex 10.9 -17.65 2
      vertex 12.4806 -20.5639 2
    endloop
  endfacet
  facet normal 0 0 1
    outer loop
      vertex 10.9 17.65 2
      vertex 12.096 20.6404 2
      vertex 11.9 20.65 2
    endloop
  endfacet
  facet normal 0 0 1
    outer loop
      vertex 12.4806 -20.5639 2
      vertex 10.9 -17.65 2
      vertex 12.2902 -20.6116 2
    endloop
  endfacet
  facet normal 0 0 1
    outer loop
      vertex 12.2902 -20.6116 2
      vertex 10.9 -17.65 2
      vertex 12.096 -20.6404 2
    endloop
  endfacet
  facet normal 0 0 1
    outer loop
      vertex 11.9 20.65 2
      vertex -10.9 17.65 2
      vertex 10.9 17.65 2
    endloop
  endfacet
  facet normal -0 0 1
    outer loop
      vertex -12.096 20.6404 2
      vertex -10.9 17.65 2
      vertex -11.9 20.65 2
    endloop
  endfacet
  facet normal -0 0 1
    outer loop
      vertex -11.9 20.65 2
      vertex -10.9 17.65 2
      vertex 11.9 20.65 2
    endloop
  endfacet
  facet normal 0 0 1
    outer loop
      vertex 12.096 -20.6404 2
      vertex 10.9 -17.65 2
      vertex 11.9 -20.65 2
    endloop
  endfacet
  facet normal -0 0 1
    outer loop
      vertex -10.9 -17.65 2
      vertex 11.9 -20.65 2
      vertex 10.9 -17.65 2
    endloop
  endfacet
  facet normal 0 0 1
    outer loop
      vertex -10.9 -17.65 2
      vertex -11.9 -20.65 2
      vertex 11.9 -20.65 2
    endloop
  endfacet
  facet normal 0 0 1
    outer loop
      vertex -10.9 17.65 2
      vertex -13.9 18.65 2
      vertex -10.9 -17.65 2
    endloop
  endfacet
  facet normal -0 0 1
    outer loop
      vertex -12.2902 20.6116 2
      vertex -10.9 17.65 2
      vertex -12.096 20.6404 2
    endloop
  endfacet
  facet normal 0 0 1
    outer loop
      vertex -13.9 -18.65 2
      vertex -10.9 -17.65 2
      vertex -13.9 18.65 2
    endloop
  endfacet
  facet normal -0 0 1
    outer loop
      vertex -12.4806 20.5639 2
      vertex -10.9 17.65 2
      vertex -12.2902 20.6116 2
    endloop
  endfacet
  facet normal 0 -0 1
    outer loop
      vertex -13.8904 -18.846 2
      vertex -10.9 -17.65 2
      vertex -13.9 -18.65 2
    endloop
  endfacet
  facet normal -0 0 1
    outer loop
      vertex -12.6654 20.4978 2
      vertex -10.9 17.65 2
      vertex -12.4806 20.5639 2
    endloop
  endfacet
  facet normal 0 0 1
    outer loop
      vertex -10.9 -17.65 2
      vertex -12.096 -20.6404 2
      vertex -11.9 -20.65 2
    endloop
  endfacet
  facet normal -0 0 1
    outer loop
      vertex -12.8428 20.4138 2
      vertex -10.9 17.65 2
      vertex -12.6654 20.4978 2
    endloop
  endfacet
  facet normal 0 0 1
    outer loop
      vertex -10.9 -17.65 2
      vertex -12.2902 -20.6116 2
      vertex -12.096 -20.6404 2
    endloop
  endfacet
  facet normal -0 0 1
    outer loop
      vertex -13.0111 20.3129 2
      vertex -10.9 17.65 2
      vertex -12.8428 20.4138 2
    endloop
  endfacet
  facet normal 0 0 1
    outer loop
      vertex -10.9 -17.65 2
      vertex -12.4806 -20.5639 2
      vertex -12.2902 -20.6116 2
    endloop
  endfacet
  facet normal -0 0 1
    outer loop
      vertex -13.1688 20.196 2
      vertex -10.9 17.65 2
      vertex -13.0111 20.3129 2
    endloop
  endfacet
  facet normal 0 0 1
    outer loop
      vertex -10.9 -17.65 2
      vertex -12.6654 -20.4978 2
      vertex -12.4806 -20.5639 2
    endloop
  endfacet
  facet normal -0 0 1
    outer loop
      vertex -13.3142 20.0642 2
      vertex -10.9 17.65 2
      vertex -13.1688 20.196 2
    endloop
  endfacet
  facet normal 0 0 1
    outer loop
      vertex -10.9 -17.65 2
      vertex -12.8428 -20.4138 2
      vertex -12.6654 -20.4978 2
    endloop
  endfacet
  facet normal -0 0 1
    outer loop
      vertex -13.446 19.9188 2
      vertex -10.9 17.65 2
      vertex -13.3142 20.0642 2
    endloop
  endfacet
  facet normal 0 0 1
    outer loop
      vertex -10.9 -17.65 2
      vertex -13.0111 -20.3129 2
      vertex -12.8428 -20.4138 2
    endloop
  endfacet
  facet normal -0 0 1
    outer loop
      vertex -13.5629 19.7611 2
      vertex -10.9 17.65 2
      vertex -13.446 19.9188 2
    endloop
  endfacet
  facet normal 0 0 1
    outer loop
      vertex -10.9 -17.65 2
      vertex -13.1688 -20.196 2
      vertex -13.0111 -20.3129 2
    endloop
  endfacet
  facet normal -0 0 1
    outer loop
      vertex -13.6638 19.5928 2
      vertex -10.9 17.65 2
      vertex -13.5629 19.7611 2
    endloop
  endfacet
  facet normal 0 0 1
    outer loop
      vertex -10.9 -17.65 2
      vertex -13.3142 -20.0642 2
      vertex -13.1688 -20.196 2
    endloop
  endfacet
  facet normal -0 0 1
    outer loop
      vertex -13.7478 19.4154 2
      vertex -10.9 17.65 2
      vertex -13.6638 19.5928 2
    endloop
  endfacet
  facet normal 0 0 1
    outer loop
      vertex -10.9 -17.65 2
      vertex -13.446 -19.9188 2
      vertex -13.3142 -20.0642 2
    endloop
  endfacet
  facet normal -0 0 1
    outer loop
      vertex -13.8139 19.2306 2
      vertex -10.9 17.65 2
      vertex -13.7478 19.4154 2
    endloop
  endfacet
  facet normal 0 0 1
    outer loop
      vertex -10.9 -17.65 2
      vertex -13.5629 -19.7611 2
      vertex -13.446 -19.9188 2
    endloop
  endfacet
  facet normal -0 0 1
    outer loop
      vertex -13.8616 19.0402 2
      vertex -10.9 17.65 2
      vertex -13.8139 19.2306 2
    endloop
  endfacet
  facet normal 0 0 1
    outer loop
      vertex -10.9 -17.65 2
      vertex -13.6638 -19.5928 2
      vertex -13.5629 -19.7611 2
    endloop
  endfacet
  facet normal -0 0 1
    outer loop
      vertex -13.8904 18.846 2
      vertex -10.9 17.65 2
      vertex -13.8616 19.0402 2
    endloop
  endfacet
  facet normal 0 0 1
    outer loop
      vertex -10.9 -17.65 2
      vertex -13.7478 -19.4154 2
      vertex -13.6638 -19.5928 2
    endloop
  endfacet
  facet normal 0 0 1
    outer loop
      vertex -10.9 17.65 2
      vertex -13.8904 18.846 2
      vertex -13.9 18.65 2
    endloop
  endfacet
  facet normal 0 0 1
    outer loop
      vertex -10.9 -17.65 2
      vertex -13.8139 -19.2306 2
      vertex -13.7478 -19.4154 2
    endloop
  endfacet
  facet normal 0 0 1
    outer loop
      vertex -10.9 -17.65 2
      vertex -13.8616 -19.0402 2
      vertex -13.8139 -19.2306 2
    endloop
  endfacet
  facet normal 0 0 1
    outer loop
      vertex -10.9 -17.65 2
      vertex -13.8904 -18.846 2
      vertex -13.8616 -19.0402 2
    endloop
  endfacet
  facet normal 0.9038 -0.427955 0
    outer loop
      vertex -13.7478 19.4154 4.4
      vertex -13.6638 19.5928 2
      vertex -13.6638 19.5928 4.4
    endloop
  endfacet
  facet normal 0.9038 -0.427955 0
    outer loop
      vertex -13.6638 19.5928 2
      vertex -13.7478 19.4154 4.4
      vertex -13.7478 19.4154 2
    endloop
  endfacet
  facet normal 0.9038 -0.427955 0
    outer loop
      vertex -13.7478 19.4154 8
      vertex -13.6638 19.5928 5.6
      vertex -13.6638 19.5928 8
    endloop
  endfacet
  facet normal 0.9038 -0.427955 0
    outer loop
      vertex -13.6638 19.5928 5.6
      vertex -13.7478 19.4154 8
      vertex -13.7478 19.4154 5.6
    endloop
  endfacet
  facet normal -0.671607 -0.740908 0
    outer loop
      vertex 13.1688 20.196 2
      vertex 13.3142 20.0642 8
      vertex 13.1688 20.196 8
    endloop
  endfacet
  facet normal -0.671607 -0.740908 -0
    outer loop
      vertex 13.3142 20.0642 8
      vertex 13.1688 20.196 2
      vertex 13.3142 20.0642 2
    endloop
  endfacet
  facet normal -0.0489209 -0.998803 0
    outer loop
      vertex 11.9 20.65 2
      vertex 12.096 20.6404 8
      vertex 11.9 20.65 8
    endloop
  endfacet
  facet normal -0.0489209 -0.998803 -0
    outer loop
      vertex 12.096 20.6404 8
      vertex 11.9 20.65 2
      vertex 12.096 20.6404 2
    endloop
  endfacet
  facet normal -0.146696 -0.989182 0
    outer loop
      vertex 12.096 20.6404 2
      vertex 12.2902 20.6116 8
      vertex 12.096 20.6404 8
    endloop
  endfacet
  facet normal -0.146696 -0.989182 -0
    outer loop
      vertex 12.2902 20.6116 8
      vertex 12.096 20.6404 2
      vertex 12.2902 20.6116 2
    endloop
  endfacet
  facet normal -0.740908 -0.671607 0
    outer loop
      vertex 13.446 19.9188 2
      vertex 13.3142 20.0642 8
      vertex 13.3142 20.0642 2
    endloop
  endfacet
  facet normal -0.740908 -0.671607 0
    outer loop
      vertex 13.3142 20.0642 8
      vertex 13.446 19.9188 2
      vertex 13.446 19.9188 8
    endloop
  endfacet
  facet normal -0.857357 -0.514723 0
    outer loop
      vertex 13.5629 19.7611 2
      vertex 13.6296 19.65 4.4
      vertex 13.5629 19.7611 8
    endloop
  endfacet
  facet normal -0.857673 -0.514196 3.31671e-05
    outer loop
      vertex 13.6638 19.5928 2
      vertex 13.6296 19.65 4.4
      vertex 13.5629 19.7611 2
    endloop
  endfacet
  facet normal -0.858286 -0.513171 0
    outer loop
      vertex 13.6296 19.65 4.4
      vertex 13.6638 19.5928 2
      vertex 13.6638 19.5928 4.4
    endloop
  endfacet
  facet normal -0.857357 -0.514723 -0
    outer loop
      vertex 13.6296 19.65 5.6
      vertex 13.5629 19.7611 8
      vertex 13.6296 19.65 4.4
    endloop
  endfacet
  facet normal -0.858286 -0.513171 -0
    outer loop
      vertex 13.6638 19.5928 8
      vertex 13.6296 19.65 5.6
      vertex 13.6638 19.5928 5.6
    endloop
  endfacet
  facet normal -0.857673 -0.514196 -3.31671e-05
    outer loop
      vertex 13.6296 19.65 5.6
      vertex 13.6638 19.5928 8
      vertex 13.5629 19.7611 8
    endloop
  endfacet
  facet normal -0.427955 0.9038 0
    outer loop
      vertex 12.8428 -20.4138 2
      vertex 12.6654 -20.4978 8
      vertex 12.8428 -20.4138 8
    endloop
  endfacet
  facet normal -0.427955 0.9038 0
    outer loop
      vertex 12.6654 -20.4978 8
      vertex 12.8428 -20.4138 2
      vertex 12.6654 -20.4978 2
    endloop
  endfacet
  facet normal -0.595508 0.80335 0
    outer loop
      vertex 13.1688 -20.196 2
      vertex 13.0111 -20.3129 8
      vertex 13.1688 -20.196 8
    endloop
  endfacet
  facet normal -0.595508 0.80335 0
    outer loop
      vertex 13.0111 -20.3129 8
      vertex 13.1688 -20.196 2
      vertex 13.0111 -20.3129 2
    endloop
  endfacet
  facet normal -0.970023 0.243015 0
    outer loop
      vertex 13.8139 -19.2306 2
      vertex 13.8616 -19.0402 4.4
      vertex 13.8616 -19.0402 2
    endloop
  endfacet
  facet normal -0.970023 0.243015 0
    outer loop
      vertex 13.8616 -19.0402 4.4
      vertex 13.8139 -19.2306 2
      vertex 13.8139 -19.2306 4.4
    endloop
  endfacet
  facet normal -0.970023 0.243015 0
    outer loop
      vertex 13.8139 -19.2306 5.6
      vertex 13.8616 -19.0402 8
      vertex 13.8616 -19.0402 5.6
    endloop
  endfacet
  facet normal -0.970023 0.243015 0
    outer loop
      vertex 13.8616 -19.0402 8
      vertex 13.8139 -19.2306 5.6
      vertex 13.8139 -19.2306 8
    endloop
  endfacet
  facet normal 0.146696 0.989182 -0
    outer loop
      vertex -12.096 -20.6404 2
      vertex -12.2902 -20.6116 8
      vertex -12.096 -20.6404 8
    endloop
  endfacet
  facet normal 0.146696 0.989182 0
    outer loop
      vertex -12.2902 -20.6116 8
      vertex -12.096 -20.6404 2
      vertex -12.2902 -20.6116 2
    endloop
  endfacet
  facet normal 0.9038 0.427955 0
    outer loop
      vertex -13.6638 -19.5928 4.4
      vertex -13.7478 -19.4154 2
      vertex -13.7478 -19.4154 4.4
    endloop
  endfacet
  facet normal 0.9038 0.427955 0
    outer loop
      vertex -13.7478 -19.4154 2
      vertex -13.6638 -19.5928 4.4
      vertex -13.6638 -19.5928 2
    endloop
  endfacet
  facet normal 0.9038 0.427955 0
    outer loop
      vertex -13.6638 -19.5928 8
      vertex -13.7478 -19.4154 5.6
      vertex -13.7478 -19.4154 8
    endloop
  endfacet
  facet normal 0.9038 0.427955 0
    outer loop
      vertex -13.7478 -19.4154 5.6
      vertex -13.6638 -19.5928 8
      vertex -13.6638 -19.5928 5.6
    endloop
  endfacet
  facet normal 0.857357 -0.514723 0
    outer loop
      vertex -13.5629 19.7611 8
      vertex -13.6296 19.65 5.6
      vertex -13.5629 19.7611 2
    endloop
  endfacet
  facet normal 0.857673 -0.514196 -3.31671e-05
    outer loop
      vertex -13.6638 19.5928 8
      vertex -13.6296 19.65 5.6
      vertex -13.5629 19.7611 8
    endloop
  endfacet
  facet normal 0.858286 -0.513171 0
    outer loop
      vertex -13.6296 19.65 5.6
      vertex -13.6638 19.5928 8
      vertex -13.6638 19.5928 5.6
    endloop
  endfacet
  facet normal 0.857357 -0.514723 0
    outer loop
      vertex -13.6296 19.65 4.4
      vertex -13.5629 19.7611 2
      vertex -13.6296 19.65 5.6
    endloop
  endfacet
  facet normal 0.858286 -0.513171 0
    outer loop
      vertex -13.6638 19.5928 2
      vertex -13.6296 19.65 4.4
      vertex -13.6638 19.5928 4.4
    endloop
  endfacet
  facet normal 0.857673 -0.514196 3.31671e-05
    outer loop
      vertex -13.6296 19.65 4.4
      vertex -13.6638 19.5928 2
      vertex -13.5629 19.7611 2
    endloop
  endfacet
  facet normal -0.94158 -0.336788 0
    outer loop
      vertex 13.8139 19.2306 2
      vertex 13.7478 19.4154 4.4
      vertex 13.7478 19.4154 2
    endloop
  endfacet
  facet normal -0.94158 -0.336788 0
    outer loop
      vertex 13.7478 19.4154 4.4
      vertex 13.8139 19.2306 2
      vertex 13.8139 19.2306 4.4
    endloop
  endfacet
  facet normal -0.94158 -0.336788 0
    outer loop
      vertex 13.8139 19.2306 5.6
      vertex 13.7478 19.4154 8
      vertex 13.7478 19.4154 5.6
    endloop
  endfacet
  facet normal -0.94158 -0.336788 0
    outer loop
      vertex 13.7478 19.4154 8
      vertex 13.8139 19.2306 5.6
      vertex 13.8139 19.2306 8
    endloop
  endfacet
  facet normal -0.970023 -0.243015 0
    outer loop
      vertex 13.8616 19.0402 2
      vertex 13.8139 19.2306 4.4
      vertex 13.8139 19.2306 2
    endloop
  endfacet
  facet normal -0.970023 -0.243015 0
    outer loop
      vertex 13.8139 19.2306 4.4
      vertex 13.8616 19.0402 2
      vertex 13.8616 19.0402 4.4
    endloop
  endfacet
  facet normal -0.970023 -0.243015 0
    outer loop
      vertex 13.8616 19.0402 5.6
      vertex 13.8139 19.2306 8
      vertex 13.8139 19.2306 5.6
    endloop
  endfacet
  facet normal -0.970023 -0.243015 0
    outer loop
      vertex 13.8139 19.2306 8
      vertex 13.8616 19.0402 5.6
      vertex 13.8616 19.0402 8
    endloop
  endfacet
  facet normal -0.243015 -0.970023 0
    outer loop
      vertex 12.2902 20.6116 2
      vertex 12.4806 20.5639 8
      vertex 12.2902 20.6116 8
    endloop
  endfacet
  facet normal -0.243015 -0.970023 -0
    outer loop
      vertex 12.4806 20.5639 8
      vertex 12.2902 20.6116 2
      vertex 12.4806 20.5639 2
    endloop
  endfacet
  facet normal -0.336788 -0.94158 0
    outer loop
      vertex 12.4806 20.5639 2
      vertex 12.6654 20.4978 8
      vertex 12.4806 20.5639 8
    endloop
  endfacet
  facet normal -0.336788 -0.94158 -0
    outer loop
      vertex 12.6654 20.4978 8
      vertex 12.4806 20.5639 2
      vertex 12.6654 20.4978 2
    endloop
  endfacet
  facet normal -0.427955 -0.9038 0
    outer loop
      vertex 12.6654 20.4978 2
      vertex 12.8428 20.4138 8
      vertex 12.6654 20.4978 8
    endloop
  endfacet
  facet normal -0.427955 -0.9038 -0
    outer loop
      vertex 12.8428 20.4138 8
      vertex 12.6654 20.4978 2
      vertex 12.8428 20.4138 2
    endloop
  endfacet
  facet normal 0.671607 0.740908 -0
    outer loop
      vertex -13.1688 -20.196 2
      vertex -13.3142 -20.0642 8
      vertex -13.1688 -20.196 8
    endloop
  endfacet
  facet normal 0.671607 0.740908 0
    outer loop
      vertex -13.3142 -20.0642 8
      vertex -13.1688 -20.196 2
      vertex -13.3142 -20.0642 2
    endloop
  endfacet
  facet normal 0.740908 0.671607 0
    outer loop
      vertex -13.3142 -20.0642 8
      vertex -13.446 -19.9188 2
      vertex -13.446 -19.9188 8
    endloop
  endfacet
  facet normal 0.740908 0.671607 0
    outer loop
      vertex -13.446 -19.9188 2
      vertex -13.3142 -20.0642 8
      vertex -13.3142 -20.0642 2
    endloop
  endfacet
  facet normal 0.336788 0.94158 -0
    outer loop
      vertex -12.4806 -20.5639 2
      vertex -12.6654 -20.4978 8
      vertex -12.4806 -20.5639 8
    endloop
  endfacet
  facet normal 0.336788 0.94158 0
    outer loop
      vertex -12.6654 -20.4978 8
      vertex -12.4806 -20.5639 2
      vertex -12.6654 -20.4978 2
    endloop
  endfacet
  facet normal 0.427955 0.9038 -0
    outer loop
      vertex -12.6654 -20.4978 2
      vertex -12.8428 -20.4138 8
      vertex -12.6654 -20.4978 8
    endloop
  endfacet
  facet normal 0.427955 0.9038 0
    outer loop
      vertex -12.8428 -20.4138 8
      vertex -12.6654 -20.4978 2
      vertex -12.8428 -20.4138 2
    endloop
  endfacet
  facet normal -0.514196 -0.857673 0
    outer loop
      vertex 12.8428 20.4138 2
      vertex 13.0111 20.3129 8
      vertex 12.8428 20.4138 8
    endloop
  endfacet
  facet normal -0.514196 -0.857673 -0
    outer loop
      vertex 13.0111 20.3129 8
      vertex 12.8428 20.4138 2
      vertex 13.0111 20.3129 2
    endloop
  endfacet
  facet normal -0.595508 -0.80335 0
    outer loop
      vertex 13.0111 20.3129 2
      vertex 13.1688 20.196 8
      vertex 13.0111 20.3129 8
    endloop
  endfacet
  facet normal -0.595508 -0.80335 -0
    outer loop
      vertex 13.1688 20.196 8
      vertex 13.0111 20.3129 2
      vertex 13.1688 20.196 2
    endloop
  endfacet
  facet normal 1 -0 0
    outer loop
      vertex -10.9 -17.65 2
      vertex -10.9 17.65 0
      vertex -10.9 17.65 2
    endloop
  endfacet
  facet normal 1 0 0
    outer loop
      vertex -10.9 17.65 0
      vertex -10.9 -17.65 2
      vertex -10.9 -17.65 0
    endloop
  endfacet
  facet normal -1 0 0
    outer loop
      vertex 10.9 -17.65 0
      vertex 10.9 17.65 2
      vertex 10.9 17.65 0
    endloop
  endfacet
  facet normal -1 -0 0
    outer loop
      vertex 10.9 17.65 2
      vertex 10.9 -17.65 0
      vertex 10.9 -17.65 2
    endloop
  endfacet
  facet normal 0 1 -0
    outer loop
      vertex 10.9 -17.65 0
      vertex -10.9 -17.65 2
      vertex 10.9 -17.65 2
    endloop
  endfacet
  facet normal 0 1 0
    outer loop
      vertex -10.9 -17.65 2
      vertex 10.9 -17.65 0
      vertex -10.9 -17.65 0
    endloop
  endfacet
  facet normal 0 -1 0
    outer loop
      vertex -10.9 17.65 0
      vertex 10.9 17.65 2
      vertex -10.9 17.65 2
    endloop
  endfacet
  facet normal 0 -1 -0
    outer loop
      vertex 10.9 17.65 2
      vertex -10.9 17.65 0
      vertex 10.9 17.65 0
    endloop
  endfacet
  facet normal 0 0 1
    outer loop
      vertex -13.7478 19.4154 5.6
      vertex -10.9 19.65 5.6
      vertex -13.6296 19.65 5.6
    endloop
  endfacet
  facet normal 0 0 1
    outer loop
      vertex -10.9 19.65 5.6
      vertex -13.9 18.65 5.6
      vertex -10.9 -19.65 5.6
    endloop
  endfacet
  facet normal 0 0 1
    outer loop
      vertex -13.7478 19.4154 5.6
      vertex -13.6296 19.65 5.6
      vertex -13.6638 19.5928 5.6
    endloop
  endfacet
  facet normal -0 0 1
    outer loop
      vertex -13.9 -18.65 5.6
      vertex -10.9 -19.65 5.6
      vertex -13.9 18.65 5.6
    endloop
  endfacet
  facet normal 0 0 1
    outer loop
      vertex -13.8139 19.2306 5.6
      vertex -10.9 19.65 5.6
      vertex -13.7478 19.4154 5.6
    endloop
  endfacet
  facet normal -0 -0 1
    outer loop
      vertex -13.8904 -18.846 5.6
      vertex -10.9 -19.65 5.6
      vertex -13.9 -18.65 5.6
    endloop
  endfacet
  facet normal 0 0 1
    outer loop
      vertex -13.8616 19.0402 5.6
      vertex -10.9 19.65 5.6
      vertex -13.8139 19.2306 5.6
    endloop
  endfacet
  facet normal 0 0 1
    outer loop
      vertex -10.9 -19.65 5.6
      vertex -13.7478 -19.4154 5.6
      vertex -13.6296 -19.65 5.6
    endloop
  endfacet
  facet normal 0 0 1
    outer loop
      vertex -13.8904 18.846 5.6
      vertex -10.9 19.65 5.6
      vertex -13.8616 19.0402 5.6
    endloop
  endfacet
  facet normal 0 0 1
    outer loop
      vertex -13.6296 -19.65 5.6
      vertex -13.7478 -19.4154 5.6
      vertex -13.6638 -19.5928 5.6
    endloop
  endfacet
  facet normal 0 0 1
    outer loop
      vertex -10.9 19.65 5.6
      vertex -13.8904 18.846 5.6
      vertex -13.9 18.65 5.6
    endloop
  endfacet
  facet normal 0 0 1
    outer loop
      vertex -10.9 -19.65 5.6
      vertex -13.8139 -19.2306 5.6
      vertex -13.7478 -19.4154 5.6
    endloop
  endfacet
  facet normal 0 0 1
    outer loop
      vertex -10.9 -19.65 5.6
      vertex -13.8616 -19.0402 5.6
      vertex -13.8139 -19.2306 5.6
    endloop
  endfacet
  facet normal 0 0 1
    outer loop
      vertex -10.9 -19.65 5.6
      vertex -13.8904 -18.846 5.6
      vertex -13.8616 -19.0402 5.6
    endloop
  endfacet
  facet normal 1 -0 0
    outer loop
      vertex -10.9 -19.65 5.6
      vertex -10.9 19.65 4.4
      vertex -10.9 19.65 5.6
    endloop
  endfacet
  facet normal 1 0 0
    outer loop
      vertex -10.9 19.65 4.4
      vertex -10.9 -19.65 5.6
      vertex -10.9 -19.65 4.4
    endloop
  endfacet
  facet normal 0 1 -0
    outer loop
      vertex -10.9 19.65 4.4
      vertex -13.6296 19.65 5.6
      vertex -10.9 19.65 5.6
    endloop
  endfacet
  facet normal 0 1 0
    outer loop
      vertex -13.6296 19.65 5.6
      vertex -10.9 19.65 4.4
      vertex -13.6296 19.65 4.4
    endloop
  endfacet
  facet normal 0 0 -1
    outer loop
      vertex -13.7478 -19.4154 4.4
      vertex -10.9 -19.65 4.4
      vertex -13.6296 -19.65 4.4
    endloop
  endfacet
  facet normal 0 0 -1
    outer loop
      vertex -10.9 -19.65 4.4
      vertex -13.9 -18.65 4.4
      vertex -10.9 19.65 4.4
    endloop
  endfacet
  facet normal 0 0 -1
    outer loop
      vertex -13.7478 -19.4154 4.4
      vertex -13.6296 -19.65 4.4
      vertex -13.6638 -19.5928 4.4
    endloop
  endfacet
  facet normal 0 0 -1
    outer loop
      vertex -13.9 18.65 4.4
      vertex -10.9 19.65 4.4
      vertex -13.9 -18.65 4.4
    endloop
  endfacet
  facet normal 0 0 -1
    outer loop
      vertex -13.8139 -19.2306 4.4
      vertex -10.9 -19.65 4.4
      vertex -13.7478 -19.4154 4.4
    endloop
  endfacet
  facet normal 0 -0 -1
    outer loop
      vertex -13.8904 18.846 4.4
      vertex -10.9 19.65 4.4
      vertex -13.9 18.65 4.4
    endloop
  endfacet
  facet normal 0 0 -1
    outer loop
      vertex -13.8616 -19.0402 4.4
      vertex -10.9 -19.65 4.4
      vertex -13.8139 -19.2306 4.4
    endloop
  endfacet
  facet normal -0 0 -1
    outer loop
      vertex -10.9 19.65 4.4
      vertex -13.7478 19.4154 4.4
      vertex -13.6296 19.65 4.4
    endloop
  endfacet
  facet normal 0 0 -1
    outer loop
      vertex -13.8904 -18.846 4.4
      vertex -10.9 -19.65 4.4
      vertex -13.8616 -19.0402 4.4
    endloop
  endfacet
  facet normal 0 0 -1
    outer loop
      vertex -13.6296 19.65 4.4
      vertex -13.7478 19.4154 4.4
      vertex -13.6638 19.5928 4.4
    endloop
  endfacet
  facet normal 0 0 -1
    outer loop
      vertex -10.9 -19.65 4.4
      vertex -13.8904 -18.846 4.4
      vertex -13.9 -18.65 4.4
    endloop
  endfacet
  facet normal 0 0 -1
    outer loop
      vertex -10.9 19.65 4.4
      vertex -13.8139 19.2306 4.4
      vertex -13.7478 19.4154 4.4
    endloop
  endfacet
  facet normal 0 0 -1
    outer loop
      vertex -10.9 19.65 4.4
      vertex -13.8616 19.0402 4.4
      vertex -13.8139 19.2306 4.4
    endloop
  endfacet
  facet normal 0 0 -1
    outer loop
      vertex -10.9 19.65 4.4
      vertex -13.8904 18.846 4.4
      vertex -13.8616 19.0402 4.4
    endloop
  endfacet
  facet normal 0 -1 0
    outer loop
      vertex -13.6296 -19.65 4.4
      vertex -10.9 -19.65 5.6
      vertex -13.6296 -19.65 5.6
    endloop
  endfacet
  facet normal 0 -1 -0
    outer loop
      vertex -10.9 -19.65 5.6
      vertex -13.6296 -19.65 4.4
      vertex -10.9 -19.65 4.4
    endloop
  endfacet
  facet normal -1 0 0
    outer loop
      vertex 10.9 -19.65 4.4
      vertex 10.9 19.65 5.6
      vertex 10.9 19.65 4.4
    endloop
  endfacet
  facet normal -1 -0 0
    outer loop
      vertex 10.9 19.65 5.6
      vertex 10.9 -19.65 4.4
      vertex 10.9 -19.65 5.6
    endloop
  endfacet
  facet normal 0 0 1
    outer loop
      vertex 10.9 19.65 5.6
      vertex 13.9 18.65 5.6
      vertex 13.8904 18.846 5.6
    endloop
  endfacet
  facet normal 0 0 1
    outer loop
      vertex 13.9 18.65 5.6
      vertex 10.9 19.65 5.6
      vertex 13.9 -18.65 5.6
    endloop
  endfacet
  facet normal 0 0 1
    outer loop
      vertex 10.9 19.65 5.6
      vertex 13.8904 18.846 5.6
      vertex 13.8616 19.0402 5.6
    endloop
  endfacet
  facet normal 0 0 1
    outer loop
      vertex 10.9 -19.65 5.6
      vertex 13.9 -18.65 5.6
      vertex 10.9 19.65 5.6
    endloop
  endfacet
  facet normal 0 0 1
    outer loop
      vertex 10.9 19.65 5.6
      vertex 13.8616 19.0402 5.6
      vertex 13.8139 19.2306 5.6
    endloop
  endfacet
  facet normal 0 0 1
    outer loop
      vertex 13.9 -18.65 5.6
      vertex 10.9 -19.65 5.6
      vertex 13.8904 -18.846 5.6
    endloop
  endfacet
  facet normal 0 0 1
    outer loop
      vertex 10.9 19.65 5.6
      vertex 13.8139 19.2306 5.6
      vertex 13.7478 19.4154 5.6
    endloop
  endfacet
  facet normal 0 0 1
    outer loop
      vertex 13.8904 -18.846 5.6
      vertex 10.9 -19.65 5.6
      vertex 13.8616 -19.0402 5.6
    endloop
  endfacet
  facet normal 0 0 1
    outer loop
      vertex 13.6296 19.65 5.6
      vertex 13.7478 19.4154 5.6
      vertex 13.6638 19.5928 5.6
    endloop
  endfacet
  facet normal 0 0 1
    outer loop
      vertex 13.8616 -19.0402 5.6
      vertex 10.9 -19.65 5.6
      vertex 13.8139 -19.2306 5.6
    endloop
  endfacet
  facet normal 0 0 1
    outer loop
      vertex 13.7478 19.4154 5.6
      vertex 13.6296 19.65 5.6
      vertex 10.9 19.65 5.6
    endloop
  endfacet
  facet normal 0 0 1
    outer loop
      vertex 13.8139 -19.2306 5.6
      vertex 10.9 -19.65 5.6
      vertex 13.7478 -19.4154 5.6
    endloop
  endfacet
  facet normal 0 -0 1
    outer loop
      vertex 13.6296 -19.65 5.6
      vertex 13.7478 -19.4154 5.6
      vertex 10.9 -19.65 5.6
    endloop
  endfacet
  facet normal 0 0 1
    outer loop
      vertex 13.7478 -19.4154 5.6
      vertex 13.6296 -19.65 5.6
      vertex 13.6638 -19.5928 5.6
    endloop
  endfacet
  facet normal 0 1 -0
    outer loop
      vertex 13.6296 19.65 4.4
      vertex 10.9 19.65 5.6
      vertex 13.6296 19.65 5.6
    endloop
  endfacet
  facet normal 0 1 0
    outer loop
      vertex 10.9 19.65 5.6
      vertex 13.6296 19.65 4.4
      vertex 10.9 19.65 4.4
    endloop
  endfacet
  facet normal 0 0 -1
    outer loop
      vertex 10.9 -19.65 4.4
      vertex 13.9 -18.65 4.4
      vertex 13.8904 -18.846 4.4
    endloop
  endfacet
  facet normal -0 0 -1
    outer loop
      vertex 13.9 -18.65 4.4
      vertex 10.9 -19.65 4.4
      vertex 13.9 18.65 4.4
    endloop
  endfacet
  facet normal 0 0 -1
    outer loop
      vertex 10.9 -19.65 4.4
      vertex 13.8904 -18.846 4.4
      vertex 13.8616 -19.0402 4.4
    endloop
  endfacet
  facet normal 0 0 -1
    outer loop
      vertex 10.9 19.65 4.4
      vertex 13.9 18.65 4.4
      vertex 10.9 -19.65 4.4
    endloop
  endfacet
  facet normal 0 0 -1
    outer loop
      vertex 10.9 -19.65 4.4
      vertex 13.8616 -19.0402 4.4
      vertex 13.8139 -19.2306 4.4
    endloop
  endfacet
  facet normal 0 0 -1
    outer loop
      vertex 13.9 18.65 4.4
      vertex 10.9 19.65 4.4
      vertex 13.8904 18.846 4.4
    endloop
  endfacet
  facet normal 0 0 -1
    outer loop
      vertex 10.9 -19.65 4.4
      vertex 13.8139 -19.2306 4.4
      vertex 13.7478 -19.4154 4.4
    endloop
  endfacet
  facet normal 0 0 -1
    outer loop
      vertex 13.8904 18.846 4.4
      vertex 10.9 19.65 4.4
      vertex 13.8616 19.0402 4.4
    endloop
  endfacet
  facet normal 0 0 -1
    outer loop
      vertex 13.6296 -19.65 4.4
      vertex 13.7478 -19.4154 4.4
      vertex 13.6638 -19.5928 4.4
    endloop
  endfacet
  facet normal 0 0 -1
    outer loop
      vertex 13.8616 19.0402 4.4
      vertex 10.9 19.65 4.4
      vertex 13.8139 19.2306 4.4
    endloop
  endfacet
  facet normal 0 0 -1
    outer loop
      vertex 13.7478 -19.4154 4.4
      vertex 13.6296 -19.65 4.4
      vertex 10.9 -19.65 4.4
    endloop
  endfacet
  facet normal 0 0 -1
    outer loop
      vertex 13.8139 19.2306 4.4
      vertex 10.9 19.65 4.4
      vertex 13.7478 19.4154 4.4
    endloop
  endfacet
  facet normal -0 -0 -1
    outer loop
      vertex 13.6296 19.65 4.4
      vertex 13.7478 19.4154 4.4
      vertex 10.9 19.65 4.4
    endloop
  endfacet
  facet normal 0 0 -1
    outer loop
      vertex 13.7478 19.4154 4.4
      vertex 13.6296 19.65 4.4
      vertex 13.6638 19.5928 4.4
    endloop
  endfacet
  facet normal 0 -1 0
    outer loop
      vertex 10.9 -19.65 4.4
      vertex 13.6296 -19.65 5.6
      vertex 10.9 -19.65 5.6
    endloop
  endfacet
  facet normal 0 -1 -0
    outer loop
      vertex 13.6296 -19.65 5.6
      vertex 10.9 -19.65 4.4
      vertex 13.6296 -19.65 4.4
    endloop
  endfacet
endsolid OpenSCAD_Model
