solid OpenSCAD_Model
  facet normal 0.595687 0.803217 -0
    outer loop
      vertex 4.44075 16.1611 2.4
      vertex 3.88899 16.5703 9.4
      vertex 4.44075 16.1611 9.4
    endloop
  endfacet
  facet normal 0.595687 0.803217 0
    outer loop
      vertex 3.88899 16.5703 9.4
      vertex 4.44075 16.1611 2.4
      vertex 3.88899 16.5703 2.4
    endloop
  endfacet
  facet normal 0.998795 -0.0490736 0
    outer loop
      vertex 6.96629 10.0639 9.4
      vertex 7 10.75 2.4
      vertex 7 10.75 9.4
    endloop
  endfacet
  facet normal 0.998795 -0.0490736 0
    outer loop
      vertex 7 10.75 2.4
      vertex 6.96629 10.0639 9.4
      vertex 6.96629 10.0639 2.4
    endloop
  endfacet
  facet normal -0.336857 0.941556 0
    outer loop
      vertex -2.03199 17.4486 2.4
      vertex -2.67878 17.2172 9.4
      vertex -2.03199 17.4486 9.4
    endloop
  endfacet
  facet normal -0.336857 0.941556 0
    outer loop
      vertex -2.67878 17.2172 9.4
      vertex -2.03199 17.4486 2.4
      vertex -2.67878 17.2172 2.4
    endloop
  endfacet
  facet normal -0.90399 0.427554 0
    outer loop
      vertex -6.46716 13.4288 2.4
      vertex -6.17345 14.0498 9.4
      vertex -6.17345 14.0498 2.4
    endloop
  endfacet
  facet normal -0.90399 0.427554 0
    outer loop
      vertex -6.17345 14.0498 9.4
      vertex -6.46716 13.4288 2.4
      vertex -6.46716 13.4288 9.4
    endloop
  endfacet
  facet normal 0.90399 0.427554 0
    outer loop
      vertex 6.46716 13.4288 9.4
      vertex 6.17345 14.0498 2.4
      vertex 6.17345 14.0498 9.4
    endloop
  endfacet
  facet normal 0.90399 0.427554 0
    outer loop
      vertex 6.17345 14.0498 2.4
      vertex 6.46716 13.4288 9.4
      vertex 6.46716 13.4288 2.4
    endloop
  endfacet
  facet normal 0.857724 0.51411 0
    outer loop
      vertex 6.17345 14.0498 9.4
      vertex 5.82029 14.639 2.4
      vertex 5.82029 14.639 9.4
    endloop
  endfacet
  facet normal 0.857724 0.51411 0
    outer loop
      vertex 5.82029 14.639 2.4
      vertex 6.17345 14.0498 9.4
      vertex 6.17345 14.0498 2.4
    endloop
  endfacet
  facet normal 0.427661 0.903939 -0
    outer loop
      vertex 3.29978 16.9234 2.4
      vertex 2.67878 17.2172 9.4
      vertex 3.29978 16.9234 9.4
    endloop
  endfacet
  facet normal 0.427661 0.903939 0
    outer loop
      vertex 2.67878 17.2172 9.4
      vertex 3.29978 16.9234 2.4
      vertex 2.67878 17.2172 2.4
    endloop
  endfacet
  facet normal -0.740893 0.671623 0
    outer loop
      vertex -5.41107 15.1908 2.4
      vertex -4.94975 15.6997 9.4
      vertex -4.94975 15.6997 2.4
    endloop
  endfacet
  facet normal -0.740893 0.671623 0
    outer loop
      vertex -4.94975 15.6997 9.4
      vertex -5.41107 15.1908 2.4
      vertex -5.41107 15.1908 9.4
    endloop
  endfacet
  facet normal -0.146736 0.989176 0
    outer loop
      vertex -0.686119 17.7163 2.4
      vertex -1.36563 17.6155 9.4
      vertex -0.686119 17.7163 9.4
    endloop
  endfacet
  facet normal -0.146736 0.989176 0
    outer loop
      vertex -1.36563 17.6155 9.4
      vertex -0.686119 17.7163 2.4
      vertex -1.36563 17.6155 2.4
    endloop
  endfacet
  facet normal -0.146722 -0.989178 0
    outer loop
      vertex -1.36563 3.8845 2.4
      vertex -0.686119 3.78371 9.4
      vertex -1.36563 3.8845 9.4
    endloop
  endfacet
  facet normal -0.146722 -0.989178 -0
    outer loop
      vertex -0.686119 3.78371 9.4
      vertex -1.36563 3.8845 2.4
      vertex -0.686119 3.78371 2.4
    endloop
  endfacet
  facet normal -0.67155 -0.740959 0
    outer loop
      vertex -4.94975 5.80025 2.4
      vertex -4.44075 5.33893 9.4
      vertex -4.94975 5.80025 9.4
    endloop
  endfacet
  facet normal -0.67155 -0.740959 -0
    outer loop
      vertex -4.44075 5.33893 9.4
      vertex -4.94975 5.80025 2.4
      vertex -4.44075 5.33893 2.4
    endloop
  endfacet
  facet normal 0 0 -1
    outer loop
      vertex 5.05555 10.2905 2.4
      vertex 7 10.75 2.4
      vertex 6.96629 10.0639 2.4
    endloop
  endfacet
  facet normal 0 0 -1
    outer loop
      vertex 5.04805 10.2143 2.4
      vertex 6.96629 10.0639 2.4
      vertex 6.8655 9.38437 2.4
    endloop
  endfacet
  facet normal -0 0 -1
    outer loop
      vertex 7 10.75 2.4
      vertex 5.05555 10.2905 2.4
      vertex 5.07812 10.75 2.4
    endloop
  endfacet
  facet normal 0 0 -1
    outer loop
      vertex 4.97124 9.72212 2.4
      vertex 6.8655 9.38437 2.4
      vertex 6.69858 8.71801 2.4
    endloop
  endfacet
  facet normal 0 0 -1
    outer loop
      vertex 5.05555 11.2095 2.4
      vertex 7 10.75 2.4
      vertex 5.07812 10.75 2.4
    endloop
  endfacet
  facet normal 0 0 -1
    outer loop
      vertex 4.70449 8.84278 2.4
      vertex 6.69858 8.71801 2.4
      vertex 6.46716 8.07122 2.4
    endloop
  endfacet
  facet normal 0 0 -1
    outer loop
      vertex 5.05367 11.2477 2.4
      vertex 6.96629 11.4361 2.4
      vertex 5.05555 11.2095 2.4
    endloop
  endfacet
  facet normal 0 0 -1
    outer loop
      vertex 4.67519 8.77203 2.4
      vertex 6.46716 8.07122 2.4
      vertex 6.17345 7.45022 2.4
    endloop
  endfacet
  facet normal 0 0 -1
    outer loop
      vertex 5.04805 11.2857 2.4
      vertex 6.96629 11.4361 2.4
      vertex 5.05367 11.2477 2.4
    endloop
  endfacet
  facet normal 0 0 -1
    outer loop
      vertex 4.47851 8.35619 2.4
      vertex 6.17345 7.45022 2.4
      vertex 5.82029 6.86101 2.4
    endloop
  endfacet
  facet normal -0 0 -1
    outer loop
      vertex 6.96629 11.4361 2.4
      vertex 5.04805 11.2857 2.4
      vertex 6.8655 12.1156 2.4
    endloop
  endfacet
  facet normal 0 0 -1
    outer loop
      vertex 3.94828 7.55926 2.4
      vertex 5.82029 6.86101 2.4
      vertex 5.41107 6.30925 2.4
    endloop
  endfacet
  facet normal 0 0 -1
    outer loop
      vertex 4.98055 11.7407 2.4
      vertex 6.8655 12.1156 2.4
      vertex 5.04805 11.2857 2.4
    endloop
  endfacet
  facet normal 0 0 -1
    outer loop
      vertex 4.97124 11.7779 2.4
      vertex 6.8655 12.1156 2.4
      vertex 4.98055 11.7407 2.4
    endloop
  endfacet
  facet normal 0 0 -1
    outer loop
      vertex 7 10.75 2.4
      vertex 5.05555 11.2095 2.4
      vertex 6.96629 11.4361 2.4
    endloop
  endfacet
  facet normal 0 0 -1
    outer loop
      vertex 6.96629 10.0639 2.4
      vertex 5.05367 10.2523 2.4
      vertex 5.05555 10.2905 2.4
    endloop
  endfacet
  facet normal 0 0 -1
    outer loop
      vertex 6.96629 10.0639 2.4
      vertex 5.04805 10.2143 2.4
      vertex 5.05367 10.2523 2.4
    endloop
  endfacet
  facet normal 0 0 -1
    outer loop
      vertex 6.8655 9.38437 2.4
      vertex 4.98055 9.75931 2.4
      vertex 5.04805 10.2143 2.4
    endloop
  endfacet
  facet normal 0 0 -1
    outer loop
      vertex 6.8655 9.38437 2.4
      vertex 4.97124 9.72212 2.4
      vertex 4.98055 9.75931 2.4
    endloop
  endfacet
  facet normal 0 0 -1
    outer loop
      vertex 3.8997 7.50007 2.4
      vertex 5.41107 6.30925 2.4
      vertex 4.94975 5.80025 2.4
    endloop
  endfacet
  facet normal 0 0 -1
    outer loop
      vertex 6.69858 8.71801 2.4
      vertex 4.85946 9.2759 2.4
      vertex 4.97124 9.72212 2.4
    endloop
  endfacet
  facet normal 0 0 -1
    outer loop
      vertex 6.69858 8.71801 2.4
      vertex 4.70449 8.84278 2.4
      vertex 4.85946 9.2759 2.4
    endloop
  endfacet
  facet normal 0 0 -1
    outer loop
      vertex 6.46716 8.07122 2.4
      vertex 4.69158 8.80669 2.4
      vertex 4.70449 8.84278 2.4
    endloop
  endfacet
  facet normal 0 0 -1
    outer loop
      vertex 6.46716 8.07122 2.4
      vertex 4.67519 8.77203 2.4
      vertex 4.69158 8.80669 2.4
    endloop
  endfacet
  facet normal 0 0 -1
    outer loop
      vertex 6.17345 7.45022 2.4
      vertex 4.47851 8.35619 2.4
      vertex 4.67519 8.77203 2.4
    endloop
  endfacet
  facet normal 0 0 -1
    outer loop
      vertex 3.24993 6.8503 2.4
      vertex 4.94975 5.80025 2.4
      vertex 4.44075 5.33893 2.4
    endloop
  endfacet
  facet normal 0 0 -1
    outer loop
      vertex 5.82029 6.86101 2.4
      vertex 4.22231 7.92874 2.4
      vertex 4.47851 8.35619 2.4
    endloop
  endfacet
  facet normal 0 0 -1
    outer loop
      vertex 5.82029 6.86101 2.4
      vertex 3.94828 7.55926 2.4
      vertex 4.22231 7.92874 2.4
    endloop
  endfacet
  facet normal 0 0 -1
    outer loop
      vertex 5.41107 6.30925 2.4
      vertex 3.92544 7.52847 2.4
      vertex 3.94828 7.55926 2.4
    endloop
  endfacet
  facet normal 0 0 -1
    outer loop
      vertex 5.41107 6.30925 2.4
      vertex 3.8997 7.50007 2.4
      vertex 3.92544 7.52847 2.4
    endloop
  endfacet
  facet normal 0 0 -1
    outer loop
      vertex 3.19074 6.80172 2.4
      vertex 4.44075 5.33893 2.4
      vertex 3.88899 4.92971 2.4
    endloop
  endfacet
  facet normal 0 0 -1
    outer loop
      vertex 4.94975 5.80025 2.4
      vertex 3.59078 7.15922 2.4
      vertex 3.8997 7.50007 2.4
    endloop
  endfacet
  facet normal 0 0 -1
    outer loop
      vertex 2.82125 6.52769 2.4
      vertex 3.88899 4.92971 2.4
      vertex 3.29978 4.57655 2.4
    endloop
  endfacet
  facet normal 0 0 -1
    outer loop
      vertex 4.94975 5.80025 2.4
      vertex 3.24993 6.8503 2.4
      vertex 3.59078 7.15922 2.4
    endloop
  endfacet
  facet normal 0 0 -1
    outer loop
      vertex 4.44075 5.33893 2.4
      vertex 3.22153 6.82456 2.4
      vertex 3.24993 6.8503 2.4
    endloop
  endfacet
  facet normal 0 0 -1
    outer loop
      vertex 4.44075 5.33893 2.4
      vertex 3.19074 6.80172 2.4
      vertex 3.22153 6.82456 2.4
    endloop
  endfacet
  facet normal 0 0 -1
    outer loop
      vertex 3.88899 4.92971 2.4
      vertex 2.82125 6.52769 2.4
      vertex 3.19074 6.80172 2.4
    endloop
  endfacet
  facet normal 0 0 -1
    outer loop
      vertex 1.97797 6.07481 2.4
      vertex 3.29978 4.57655 2.4
      vertex 2.67878 4.28284 2.4
    endloop
  endfacet
  facet normal 0 0 -1
    outer loop
      vertex 3.29978 4.57655 2.4
      vertex 2.39381 6.27149 2.4
      vertex 2.82125 6.52769 2.4
    endloop
  endfacet
  facet normal 0 0 -1
    outer loop
      vertex 1.90722 6.04551 2.4
      vertex 2.67878 4.28284 2.4
      vertex 2.03199 4.05142 2.4
    endloop
  endfacet
  facet normal 0 0 -1
    outer loop
      vertex 3.29978 4.57655 2.4
      vertex 1.97797 6.07481 2.4
      vertex 2.39381 6.27149 2.4
    endloop
  endfacet
  facet normal 0 0 -1
    outer loop
      vertex 2.67878 4.28284 2.4
      vertex 1.94331 6.05842 2.4
      vertex 1.97797 6.07481 2.4
    endloop
  endfacet
  facet normal 0 0 -1
    outer loop
      vertex 2.67878 4.28284 2.4
      vertex 1.90722 6.04551 2.4
      vertex 1.94331 6.05842 2.4
    endloop
  endfacet
  facet normal 0 0 -1
    outer loop
      vertex 2.03199 4.05142 2.4
      vertex 1.4741 5.89054 2.4
      vertex 1.90722 6.04551 2.4
    endloop
  endfacet
  facet normal 0 0 -1
    outer loop
      vertex 1.02788 5.77876 2.4
      vertex 2.03199 4.05142 2.4
      vertex 1.36563 3.8845 2.4
    endloop
  endfacet
  facet normal 0 0 -1
    outer loop
      vertex 2.03199 4.05142 2.4
      vertex 1.02788 5.77876 2.4
      vertex 1.4741 5.89054 2.4
    endloop
  endfacet
  facet normal 0 0 -1
    outer loop
      vertex 1.36563 3.8845 2.4
      vertex 0.990693 5.76945 2.4
      vertex 1.02788 5.77876 2.4
    endloop
  endfacet
  facet normal 0 0 -1
    outer loop
      vertex 0.535662 5.70195 2.4
      vertex 1.36563 3.8845 2.4
      vertex 0.686119 3.78371 2.4
    endloop
  endfacet
  facet normal 0 0 -1
    outer loop
      vertex 1.36563 3.8845 2.4
      vertex 0.535662 5.70195 2.4
      vertex 0.990693 5.76945 2.4
    endloop
  endfacet
  facet normal 0 0 -1
    outer loop
      vertex 0.686119 3.78371 2.4
      vertex 0.497743 5.69633 2.4
      vertex 0.535662 5.70195 2.4
    endloop
  endfacet
  facet normal 0 0 -1
    outer loop
      vertex 0.686119 3.78371 2.4
      vertex 0.459455 5.69445 2.4
      vertex 0.497743 5.69633 2.4
    endloop
  endfacet
  facet normal 0 0 -1
    outer loop
      vertex 0 3.75 2.4
      vertex 0.459455 5.69445 2.4
      vertex 0.686119 3.78371 2.4
    endloop
  endfacet
  facet normal 0 0 -1
    outer loop
      vertex 0 3.75 2.4
      vertex 0 5.67188 2.4
      vertex 0.459455 5.69445 2.4
    endloop
  endfacet
  facet normal 0 0 -1
    outer loop
      vertex 0 3.75 2.4
      vertex -0.459455 5.69445 2.4
      vertex 0 5.67188 2.4
    endloop
  endfacet
  facet normal 0 0 -1
    outer loop
      vertex -0.686119 3.78371 2.4
      vertex -0.459455 5.69445 2.4
      vertex 0 3.75 2.4
    endloop
  endfacet
  facet normal -0 0 -1
    outer loop
      vertex -0.459455 5.69445 2.4
      vertex -0.686119 3.78371 2.4
      vertex -0.497743 5.69633 2.4
    endloop
  endfacet
  facet normal -0 0 -1
    outer loop
      vertex -0.497743 5.69633 2.4
      vertex -0.686119 3.78371 2.4
      vertex -0.535662 5.70195 2.4
    endloop
  endfacet
  facet normal 0 0 -1
    outer loop
      vertex -1.36563 3.8845 2.4
      vertex -0.535662 5.70195 2.4
      vertex -0.686119 3.78371 2.4
    endloop
  endfacet
  facet normal -0 0 -1
    outer loop
      vertex -0.535662 5.70195 2.4
      vertex -1.36563 3.8845 2.4
      vertex -0.990693 5.76945 2.4
    endloop
  endfacet
  facet normal -0 0 -1
    outer loop
      vertex -0.990693 5.76945 2.4
      vertex -1.36563 3.8845 2.4
      vertex -1.02788 5.77876 2.4
    endloop
  endfacet
  facet normal 0 0 -1
    outer loop
      vertex -2.03199 4.05142 2.4
      vertex -1.02788 5.77876 2.4
      vertex -1.36563 3.8845 2.4
    endloop
  endfacet
  facet normal -0 0 -1
    outer loop
      vertex -1.02788 5.77876 2.4
      vertex -2.03199 4.05142 2.4
      vertex -1.4741 5.89054 2.4
    endloop
  endfacet
  facet normal -0 0 -1
    outer loop
      vertex -1.4741 5.89054 2.4
      vertex -2.03199 4.05142 2.4
      vertex -1.90722 6.04551 2.4
    endloop
  endfacet
  facet normal 0 0 -1
    outer loop
      vertex -2.67878 4.28284 2.4
      vertex -1.90722 6.04551 2.4
      vertex -2.03199 4.05142 2.4
    endloop
  endfacet
  facet normal -0 0 -1
    outer loop
      vertex -1.90722 6.04551 2.4
      vertex -2.67878 4.28284 2.4
      vertex -1.94331 6.05842 2.4
    endloop
  endfacet
  facet normal -0 0 -1
    outer loop
      vertex -1.94331 6.05842 2.4
      vertex -2.67878 4.28284 2.4
      vertex -1.97797 6.07481 2.4
    endloop
  endfacet
  facet normal 0 0 -1
    outer loop
      vertex -3.29978 4.57655 2.4
      vertex -1.97797 6.07481 2.4
      vertex -2.67878 4.28284 2.4
    endloop
  endfacet
  facet normal -0 0 -1
    outer loop
      vertex -1.97797 6.07481 2.4
      vertex -3.29978 4.57655 2.4
      vertex -2.39381 6.27149 2.4
    endloop
  endfacet
  facet normal -0 0 -1
    outer loop
      vertex -2.39381 6.27149 2.4
      vertex -3.29978 4.57655 2.4
      vertex -2.82125 6.52769 2.4
    endloop
  endfacet
  facet normal 0 0 -1
    outer loop
      vertex -3.88899 4.92971 2.4
      vertex -2.82125 6.52769 2.4
      vertex -3.29978 4.57655 2.4
    endloop
  endfacet
  facet normal -0 0 -1
    outer loop
      vertex -2.82125 6.52769 2.4
      vertex -3.88899 4.92971 2.4
      vertex -3.19074 6.80172 2.4
    endloop
  endfacet
  facet normal 0 0 -1
    outer loop
      vertex -4.44075 5.33893 2.4
      vertex -3.19074 6.80172 2.4
      vertex -3.88899 4.92971 2.4
    endloop
  endfacet
  facet normal -0 0 -1
    outer loop
      vertex -3.19074 6.80172 2.4
      vertex -4.44075 5.33893 2.4
      vertex -3.22153 6.82456 2.4
    endloop
  endfacet
  facet normal -0 0 -1
    outer loop
      vertex -3.22153 6.82456 2.4
      vertex -4.44075 5.33893 2.4
      vertex -3.24993 6.8503 2.4
    endloop
  endfacet
  facet normal 0 0 -1
    outer loop
      vertex -4.94975 5.80025 2.4
      vertex -3.24993 6.8503 2.4
      vertex -4.44075 5.33893 2.4
    endloop
  endfacet
  facet normal -0 0 -1
    outer loop
      vertex -3.24993 6.8503 2.4
      vertex -4.94975 5.80025 2.4
      vertex -3.59078 7.15922 2.4
    endloop
  endfacet
  facet normal -0 0 -1
    outer loop
      vertex -3.59078 7.15922 2.4
      vertex -4.94975 5.80025 2.4
      vertex -3.8997 7.50007 2.4
    endloop
  endfacet
  facet normal 0 0 -1
    outer loop
      vertex -5.41107 6.30925 2.4
      vertex -3.8997 7.50007 2.4
      vertex -4.94975 5.80025 2.4
    endloop
  endfacet
  facet normal -0 0 -1
    outer loop
      vertex -3.8997 7.50007 2.4
      vertex -5.41107 6.30925 2.4
      vertex -3.92544 7.52847 2.4
    endloop
  endfacet
  facet normal -0 0 -1
    outer loop
      vertex -3.92544 7.52847 2.4
      vertex -5.41107 6.30925 2.4
      vertex -3.94828 7.55926 2.4
    endloop
  endfacet
  facet normal 0 0 -1
    outer loop
      vertex -5.82029 6.86101 2.4
      vertex -3.94828 7.55926 2.4
      vertex -5.41107 6.30925 2.4
    endloop
  endfacet
  facet normal -0 0 -1
    outer loop
      vertex -3.94828 7.55926 2.4
      vertex -5.82029 6.86101 2.4
      vertex -4.22231 7.92874 2.4
    endloop
  endfacet
  facet normal -0 0 -1
    outer loop
      vertex -4.22231 7.92874 2.4
      vertex -5.82029 6.86101 2.4
      vertex -4.47851 8.35619 2.4
    endloop
  endfacet
  facet normal 0 0 -1
    outer loop
      vertex -6.17345 7.45022 2.4
      vertex -4.47851 8.35619 2.4
      vertex -5.82029 6.86101 2.4
    endloop
  endfacet
  facet normal -0 0 -1
    outer loop
      vertex -4.47851 8.35619 2.4
      vertex -6.17345 7.45022 2.4
      vertex -4.67519 8.77203 2.4
    endloop
  endfacet
  facet normal 0 0 -1
    outer loop
      vertex -6.46716 8.07122 2.4
      vertex -4.67519 8.77203 2.4
      vertex -6.17345 7.45022 2.4
    endloop
  endfacet
  facet normal -0 0 -1
    outer loop
      vertex -4.67519 8.77203 2.4
      vertex -6.46716 8.07122 2.4
      vertex -4.69158 8.80669 2.4
    endloop
  endfacet
  facet normal -0 0 -1
    outer loop
      vertex -4.69158 8.80669 2.4
      vertex -6.46716 8.07122 2.4
      vertex -4.70449 8.84278 2.4
    endloop
  endfacet
  facet normal 0 0 -1
    outer loop
      vertex -6.69858 8.71801 2.4
      vertex -4.70449 8.84278 2.4
      vertex -6.46716 8.07122 2.4
    endloop
  endfacet
  facet normal -0 0 -1
    outer loop
      vertex -4.70449 8.84278 2.4
      vertex -6.69858 8.71801 2.4
      vertex -4.85946 9.2759 2.4
    endloop
  endfacet
  facet normal -0 0 -1
    outer loop
      vertex -4.85946 9.2759 2.4
      vertex -6.69858 8.71801 2.4
      vertex -4.97124 9.72212 2.4
    endloop
  endfacet
  facet normal 0 0 -1
    outer loop
      vertex -6.8655 9.38437 2.4
      vertex -4.97124 9.72212 2.4
      vertex -6.69858 8.71801 2.4
    endloop
  endfacet
  facet normal -0 0 -1
    outer loop
      vertex 6.8655 12.1156 2.4
      vertex 4.97124 11.7779 2.4
      vertex 6.69858 12.782 2.4
    endloop
  endfacet
  facet normal 0 0 -1
    outer loop
      vertex 4.85946 12.2241 2.4
      vertex 6.69858 12.782 2.4
      vertex 4.97124 11.7779 2.4
    endloop
  endfacet
  facet normal 0 0 -1
    outer loop
      vertex 4.70449 12.6572 2.4
      vertex 6.69858 12.782 2.4
      vertex 4.85946 12.2241 2.4
    endloop
  endfacet
  facet normal -0 0 -1
    outer loop
      vertex 6.69858 12.782 2.4
      vertex 4.70449 12.6572 2.4
      vertex 6.46716 13.4288 2.4
    endloop
  endfacet
  facet normal 0 0 -1
    outer loop
      vertex 4.69158 12.6933 2.4
      vertex 6.46716 13.4288 2.4
      vertex 4.70449 12.6572 2.4
    endloop
  endfacet
  facet normal 0 0 -1
    outer loop
      vertex 4.67519 12.728 2.4
      vertex 6.46716 13.4288 2.4
      vertex 4.69158 12.6933 2.4
    endloop
  endfacet
  facet normal -0 0 -1
    outer loop
      vertex 6.46716 13.4288 2.4
      vertex 4.67519 12.728 2.4
      vertex 6.17345 14.0498 2.4
    endloop
  endfacet
  facet normal 0 0 -1
    outer loop
      vertex 4.47851 13.1438 2.4
      vertex 6.17345 14.0498 2.4
      vertex 4.67519 12.728 2.4
    endloop
  endfacet
  facet normal -0 0 -1
    outer loop
      vertex 6.17345 14.0498 2.4
      vertex 4.47851 13.1438 2.4
      vertex 5.82029 14.639 2.4
    endloop
  endfacet
  facet normal 0 0 -1
    outer loop
      vertex 4.22231 13.5713 2.4
      vertex 5.82029 14.639 2.4
      vertex 4.47851 13.1438 2.4
    endloop
  endfacet
  facet normal 0 0 -1
    outer loop
      vertex 3.94828 13.9407 2.4
      vertex 5.82029 14.639 2.4
      vertex 4.22231 13.5713 2.4
    endloop
  endfacet
  facet normal -0 0 -1
    outer loop
      vertex 5.82029 14.639 2.4
      vertex 3.94828 13.9407 2.4
      vertex 5.41107 15.1908 2.4
    endloop
  endfacet
  facet normal 0 0 -1
    outer loop
      vertex 3.92544 13.9715 2.4
      vertex 5.41107 15.1908 2.4
      vertex 3.94828 13.9407 2.4
    endloop
  endfacet
  facet normal 0 0 -1
    outer loop
      vertex 3.8997 13.9999 2.4
      vertex 5.41107 15.1908 2.4
      vertex 3.92544 13.9715 2.4
    endloop
  endfacet
  facet normal -0 0 -1
    outer loop
      vertex 5.41107 15.1908 2.4
      vertex 3.8997 13.9999 2.4
      vertex 4.94975 15.6997 2.4
    endloop
  endfacet
  facet normal 0 0 -1
    outer loop
      vertex 3.59078 14.3408 2.4
      vertex 4.94975 15.6997 2.4
      vertex 3.8997 13.9999 2.4
    endloop
  endfacet
  facet normal 0 0 -1
    outer loop
      vertex 3.24993 14.6497 2.4
      vertex 4.94975 15.6997 2.4
      vertex 3.59078 14.3408 2.4
    endloop
  endfacet
  facet normal -0 0 -1
    outer loop
      vertex 4.94975 15.6997 2.4
      vertex 3.24993 14.6497 2.4
      vertex 4.44075 16.1611 2.4
    endloop
  endfacet
  facet normal 0 0 -1
    outer loop
      vertex 3.22153 14.6754 2.4
      vertex 4.44075 16.1611 2.4
      vertex 3.24993 14.6497 2.4
    endloop
  endfacet
  facet normal 0 0 -1
    outer loop
      vertex 3.19074 14.6983 2.4
      vertex 4.44075 16.1611 2.4
      vertex 3.22153 14.6754 2.4
    endloop
  endfacet
  facet normal -0 0 -1
    outer loop
      vertex 4.44075 16.1611 2.4
      vertex 3.19074 14.6983 2.4
      vertex 3.88899 16.5703 2.4
    endloop
  endfacet
  facet normal 0 0 -1
    outer loop
      vertex 2.82125 14.9723 2.4
      vertex 3.88899 16.5703 2.4
      vertex 3.19074 14.6983 2.4
    endloop
  endfacet
  facet normal -0 0 -1
    outer loop
      vertex 3.88899 16.5703 2.4
      vertex 2.82125 14.9723 2.4
      vertex 3.29978 16.9234 2.4
    endloop
  endfacet
  facet normal 0 0 -1
    outer loop
      vertex 2.39381 15.2285 2.4
      vertex 3.29978 16.9234 2.4
      vertex 2.82125 14.9723 2.4
    endloop
  endfacet
  facet normal 0 0 -1
    outer loop
      vertex 1.97797 15.4252 2.4
      vertex 3.29978 16.9234 2.4
      vertex 2.39381 15.2285 2.4
    endloop
  endfacet
  facet normal -0 0 -1
    outer loop
      vertex 3.29978 16.9234 2.4
      vertex 1.97797 15.4252 2.4
      vertex 2.67878 17.2172 2.4
    endloop
  endfacet
  facet normal 0 0 -1
    outer loop
      vertex 1.94331 15.4416 2.4
      vertex 2.67878 17.2172 2.4
      vertex 1.97797 15.4252 2.4
    endloop
  endfacet
  facet normal 0 0 -1
    outer loop
      vertex 1.90722 15.4545 2.4
      vertex 2.67878 17.2172 2.4
      vertex 1.94331 15.4416 2.4
    endloop
  endfacet
  facet normal -0 0 -1
    outer loop
      vertex 2.67878 17.2172 2.4
      vertex 1.90722 15.4545 2.4
      vertex 2.03199 17.4486 2.4
    endloop
  endfacet
  facet normal 0 0 -1
    outer loop
      vertex 1.4741 15.6095 2.4
      vertex 2.03199 17.4486 2.4
      vertex 1.90722 15.4545 2.4
    endloop
  endfacet
  facet normal 0 0 -1
    outer loop
      vertex 1.02788 15.7212 2.4
      vertex 2.03199 17.4486 2.4
      vertex 1.4741 15.6095 2.4
    endloop
  endfacet
  facet normal -0 0 -1
    outer loop
      vertex 2.03199 17.4486 2.4
      vertex 1.02788 15.7212 2.4
      vertex 1.36563 17.6155 2.4
    endloop
  endfacet
  facet normal 0 0 -1
    outer loop
      vertex 0.990693 15.7305 2.4
      vertex 1.36563 17.6155 2.4
      vertex 1.02788 15.7212 2.4
    endloop
  endfacet
  facet normal 0 0 -1
    outer loop
      vertex 0.535662 15.798 2.4
      vertex 1.36563 17.6155 2.4
      vertex 0.990693 15.7305 2.4
    endloop
  endfacet
  facet normal -0 0 -1
    outer loop
      vertex 1.36563 17.6155 2.4
      vertex 0.535662 15.798 2.4
      vertex 0.686119 17.7163 2.4
    endloop
  endfacet
  facet normal 0 0 -1
    outer loop
      vertex 0.497743 15.8037 2.4
      vertex 0.686119 17.7163 2.4
      vertex 0.535662 15.798 2.4
    endloop
  endfacet
  facet normal 0 0 -1
    outer loop
      vertex 0.459455 15.8056 2.4
      vertex 0.686119 17.7163 2.4
      vertex 0.497743 15.8037 2.4
    endloop
  endfacet
  facet normal 0 0 -1
    outer loop
      vertex 0 17.75 2.4
      vertex 0.459455 15.8056 2.4
      vertex 0 15.8281 2.4
    endloop
  endfacet
  facet normal 0 0 -1
    outer loop
      vertex 0.459455 15.8056 2.4
      vertex 0 17.75 2.4
      vertex 0.686119 17.7163 2.4
    endloop
  endfacet
  facet normal 0 0 -1
    outer loop
      vertex -0.459455 15.8056 2.4
      vertex 0 17.75 2.4
      vertex 0 15.8281 2.4
    endloop
  endfacet
  facet normal 0 0 -1
    outer loop
      vertex -0.686119 17.7163 2.4
      vertex -0.459455 15.8056 2.4
      vertex -0.497743 15.8037 2.4
    endloop
  endfacet
  facet normal 0 0 -1
    outer loop
      vertex -0.686119 17.7163 2.4
      vertex -0.497743 15.8037 2.4
      vertex -0.535662 15.798 2.4
    endloop
  endfacet
  facet normal 0 0 -1
    outer loop
      vertex -0.459455 15.8056 2.4
      vertex -0.686119 17.7163 2.4
      vertex 0 17.75 2.4
    endloop
  endfacet
  facet normal 0 0 -1
    outer loop
      vertex -1.36563 17.6155 2.4
      vertex -0.535662 15.798 2.4
      vertex -0.990693 15.7305 2.4
    endloop
  endfacet
  facet normal 0 0 -1
    outer loop
      vertex -1.36563 17.6155 2.4
      vertex -0.990693 15.7305 2.4
      vertex -1.02788 15.7212 2.4
    endloop
  endfacet
  facet normal 0 0 -1
    outer loop
      vertex -0.535662 15.798 2.4
      vertex -1.36563 17.6155 2.4
      vertex -0.686119 17.7163 2.4
    endloop
  endfacet
  facet normal 0 0 -1
    outer loop
      vertex -2.03199 17.4486 2.4
      vertex -1.02788 15.7212 2.4
      vertex -1.4741 15.6095 2.4
    endloop
  endfacet
  facet normal 0 0 -1
    outer loop
      vertex -2.03199 17.4486 2.4
      vertex -1.4741 15.6095 2.4
      vertex -1.90722 15.4545 2.4
    endloop
  endfacet
  facet normal 0 0 -1
    outer loop
      vertex -2.67878 17.2172 2.4
      vertex -1.90722 15.4545 2.4
      vertex -1.94331 15.4416 2.4
    endloop
  endfacet
  facet normal 0 0 -1
    outer loop
      vertex -2.67878 17.2172 2.4
      vertex -1.94331 15.4416 2.4
      vertex -1.97797 15.4252 2.4
    endloop
  endfacet
  facet normal 0 0 -1
    outer loop
      vertex -1.02788 15.7212 2.4
      vertex -2.03199 17.4486 2.4
      vertex -1.36563 17.6155 2.4
    endloop
  endfacet
  facet normal 0 0 -1
    outer loop
      vertex -3.29978 16.9234 2.4
      vertex -1.97797 15.4252 2.4
      vertex -2.39381 15.2285 2.4
    endloop
  endfacet
  facet normal 0 0 -1
    outer loop
      vertex -1.90722 15.4545 2.4
      vertex -2.67878 17.2172 2.4
      vertex -2.03199 17.4486 2.4
    endloop
  endfacet
  facet normal 0 0 -1
    outer loop
      vertex -3.29978 16.9234 2.4
      vertex -2.39381 15.2285 2.4
      vertex -2.82125 14.9723 2.4
    endloop
  endfacet
  facet normal 0 0 -1
    outer loop
      vertex -3.88899 16.5703 2.4
      vertex -2.82125 14.9723 2.4
      vertex -3.19074 14.6983 2.4
    endloop
  endfacet
  facet normal 0 0 -1
    outer loop
      vertex -4.44075 16.1611 2.4
      vertex -3.19074 14.6983 2.4
      vertex -3.22153 14.6754 2.4
    endloop
  endfacet
  facet normal 0 0 -1
    outer loop
      vertex -4.44075 16.1611 2.4
      vertex -3.22153 14.6754 2.4
      vertex -3.24993 14.6497 2.4
    endloop
  endfacet
  facet normal 0 0 -1
    outer loop
      vertex -1.97797 15.4252 2.4
      vertex -3.29978 16.9234 2.4
      vertex -2.67878 17.2172 2.4
    endloop
  endfacet
  facet normal 0 0 -1
    outer loop
      vertex -4.94975 15.6997 2.4
      vertex -3.24993 14.6497 2.4
      vertex -3.59078 14.3408 2.4
    endloop
  endfacet
  facet normal 0 0 -1
    outer loop
      vertex -2.82125 14.9723 2.4
      vertex -3.88899 16.5703 2.4
      vertex -3.29978 16.9234 2.4
    endloop
  endfacet
  facet normal 0 0 -1
    outer loop
      vertex -4.94975 15.6997 2.4
      vertex -3.59078 14.3408 2.4
      vertex -3.8997 13.9999 2.4
    endloop
  endfacet
  facet normal 0 0 -1
    outer loop
      vertex -5.41107 15.1908 2.4
      vertex -3.8997 13.9999 2.4
      vertex -3.92544 13.9715 2.4
    endloop
  endfacet
  facet normal 0 0 -1
    outer loop
      vertex -5.41107 15.1908 2.4
      vertex -3.92544 13.9715 2.4
      vertex -3.94828 13.9407 2.4
    endloop
  endfacet
  facet normal 0 0 -1
    outer loop
      vertex -5.82029 14.639 2.4
      vertex -3.94828 13.9407 2.4
      vertex -4.22231 13.5713 2.4
    endloop
  endfacet
  facet normal 0 0 -1
    outer loop
      vertex -3.19074 14.6983 2.4
      vertex -4.44075 16.1611 2.4
      vertex -3.88899 16.5703 2.4
    endloop
  endfacet
  facet normal 0 0 -1
    outer loop
      vertex -5.82029 14.639 2.4
      vertex -4.22231 13.5713 2.4
      vertex -4.47851 13.1438 2.4
    endloop
  endfacet
  facet normal 0 0 -1
    outer loop
      vertex -6.17345 14.0498 2.4
      vertex -4.47851 13.1438 2.4
      vertex -4.67519 12.728 2.4
    endloop
  endfacet
  facet normal 0 0 -1
    outer loop
      vertex -6.46716 13.4288 2.4
      vertex -4.67519 12.728 2.4
      vertex -4.69158 12.6933 2.4
    endloop
  endfacet
  facet normal 0 0 -1
    outer loop
      vertex -6.46716 13.4288 2.4
      vertex -4.69158 12.6933 2.4
      vertex -4.70449 12.6572 2.4
    endloop
  endfacet
  facet normal 0 0 -1
    outer loop
      vertex -6.69858 12.782 2.4
      vertex -4.70449 12.6572 2.4
      vertex -4.85946 12.2241 2.4
    endloop
  endfacet
  facet normal 0 0 -1
    outer loop
      vertex -3.24993 14.6497 2.4
      vertex -4.94975 15.6997 2.4
      vertex -4.44075 16.1611 2.4
    endloop
  endfacet
  facet normal 0 0 -1
    outer loop
      vertex -6.69858 12.782 2.4
      vertex -4.85946 12.2241 2.4
      vertex -4.97124 11.7779 2.4
    endloop
  endfacet
  facet normal 0 0 -1
    outer loop
      vertex -6.8655 12.1156 2.4
      vertex -4.97124 11.7779 2.4
      vertex -4.98055 11.7407 2.4
    endloop
  endfacet
  facet normal 0 0 -1
    outer loop
      vertex -6.8655 12.1156 2.4
      vertex -4.98055 11.7407 2.4
      vertex -5.04805 11.2857 2.4
    endloop
  endfacet
  facet normal 0 0 -1
    outer loop
      vertex -6.96629 11.4361 2.4
      vertex -5.04805 11.2857 2.4
      vertex -5.05367 11.2477 2.4
    endloop
  endfacet
  facet normal 0 0 -1
    outer loop
      vertex -6.96629 11.4361 2.4
      vertex -5.05367 11.2477 2.4
      vertex -5.05555 11.2095 2.4
    endloop
  endfacet
  facet normal 0 0 -1
    outer loop
      vertex -7 10.75 2.4
      vertex -5.05555 11.2095 2.4
      vertex -5.07812 10.75 2.4
    endloop
  endfacet
  facet normal -0 0 -1
    outer loop
      vertex -4.97124 9.72212 2.4
      vertex -6.8655 9.38437 2.4
      vertex -4.98055 9.75931 2.4
    endloop
  endfacet
  facet normal 0 0 -1
    outer loop
      vertex -3.8997 13.9999 2.4
      vertex -5.41107 15.1908 2.4
      vertex -4.94975 15.6997 2.4
    endloop
  endfacet
  facet normal -0 0 -1
    outer loop
      vertex -4.98055 9.75931 2.4
      vertex -6.8655 9.38437 2.4
      vertex -5.04805 10.2143 2.4
    endloop
  endfacet
  facet normal 0 0 -1
    outer loop
      vertex -3.94828 13.9407 2.4
      vertex -5.82029 14.639 2.4
      vertex -5.41107 15.1908 2.4
    endloop
  endfacet
  facet normal 0 0 -1
    outer loop
      vertex -6.96629 10.0639 2.4
      vertex -5.04805 10.2143 2.4
      vertex -6.8655 9.38437 2.4
    endloop
  endfacet
  facet normal 0 0 -1
    outer loop
      vertex -4.47851 13.1438 2.4
      vertex -6.17345 14.0498 2.4
      vertex -5.82029 14.639 2.4
    endloop
  endfacet
  facet normal -0 0 -1
    outer loop
      vertex -5.04805 10.2143 2.4
      vertex -6.96629 10.0639 2.4
      vertex -5.05367 10.2523 2.4
    endloop
  endfacet
  facet normal 0 0 -1
    outer loop
      vertex -4.67519 12.728 2.4
      vertex -6.46716 13.4288 2.4
      vertex -6.17345 14.0498 2.4
    endloop
  endfacet
  facet normal -0 0 -1
    outer loop
      vertex -5.05367 10.2523 2.4
      vertex -6.96629 10.0639 2.4
      vertex -5.05555 10.2905 2.4
    endloop
  endfacet
  facet normal 0 0 -1
    outer loop
      vertex -4.70449 12.6572 2.4
      vertex -6.69858 12.782 2.4
      vertex -6.46716 13.4288 2.4
    endloop
  endfacet
  facet normal 0 0 -1
    outer loop
      vertex -7 10.75 2.4
      vertex -5.05555 10.2905 2.4
      vertex -6.96629 10.0639 2.4
    endloop
  endfacet
  facet normal 0 0 -1
    outer loop
      vertex -4.97124 11.7779 2.4
      vertex -6.8655 12.1156 2.4
      vertex -6.69858 12.782 2.4
    endloop
  endfacet
  facet normal 0 0 -1
    outer loop
      vertex -5.05555 10.2905 2.4
      vertex -7 10.75 2.4
      vertex -5.07812 10.75 2.4
    endloop
  endfacet
  facet normal 0 0 -1
    outer loop
      vertex -5.04805 11.2857 2.4
      vertex -6.96629 11.4361 2.4
      vertex -6.8655 12.1156 2.4
    endloop
  endfacet
  facet normal -0 0 -1
    outer loop
      vertex -5.05555 11.2095 2.4
      vertex -7 10.75 2.4
      vertex -6.96629 11.4361 2.4
    endloop
  endfacet
  facet normal -0.740959 -0.67155 0
    outer loop
      vertex -4.94975 5.80025 2.4
      vertex -5.41107 6.30925 9.4
      vertex -5.41107 6.30925 2.4
    endloop
  endfacet
  facet normal -0.740959 -0.67155 0
    outer loop
      vertex -5.41107 6.30925 9.4
      vertex -4.94975 5.80025 2.4
      vertex -4.94975 5.80025 9.4
    endloop
  endfacet
  facet normal 0.989177 0.146724 0
    outer loop
      vertex 6.96629 11.4361 9.4
      vertex 6.8655 12.1156 2.4
      vertex 6.8655 12.1156 9.4
    endloop
  endfacet
  facet normal 0.989177 0.146724 0
    outer loop
      vertex 6.8655 12.1156 2.4
      vertex 6.96629 11.4361 9.4
      vertex 6.96629 11.4361 2.4
    endloop
  endfacet
  facet normal 0.970033 0.242974 0
    outer loop
      vertex 6.8655 12.1156 9.4
      vertex 6.69858 12.782 2.4
      vertex 6.69858 12.782 9.4
    endloop
  endfacet
  facet normal 0.970033 0.242974 0
    outer loop
      vertex 6.69858 12.782 2.4
      vertex 6.8655 12.1156 9.4
      vertex 6.8655 12.1156 2.4
    endloop
  endfacet
  facet normal 0.941548 0.336879 0
    outer loop
      vertex 6.69858 12.782 9.4
      vertex 6.46716 13.4288 2.4
      vertex 6.46716 13.4288 9.4
    endloop
  endfacet
  facet normal 0.941548 0.336879 0
    outer loop
      vertex 6.46716 13.4288 2.4
      vertex 6.69858 12.782 9.4
      vertex 6.69858 12.782 2.4
    endloop
  endfacet
  facet normal 0.740893 0.671623 0
    outer loop
      vertex 5.41107 15.1908 9.4
      vertex 4.94975 15.6997 2.4
      vertex 4.94975 15.6997 9.4
    endloop
  endfacet
  facet normal 0.740893 0.671623 0
    outer loop
      vertex 4.94975 15.6997 2.4
      vertex 5.41107 15.1908 9.4
      vertex 5.41107 15.1908 2.4
    endloop
  endfacet
  facet normal 0.803223 0.595678 0
    outer loop
      vertex 5.82029 14.639 9.4
      vertex 5.41107 15.1908 2.4
      vertex 5.41107 15.1908 9.4
    endloop
  endfacet
  facet normal 0.803223 0.595678 0
    outer loop
      vertex 5.41107 15.1908 2.4
      vertex 5.82029 14.639 9.4
      vertex 5.82029 14.639 2.4
    endloop
  endfacet
  facet normal 0.671614 0.740901 -0
    outer loop
      vertex 4.94975 15.6997 2.4
      vertex 4.44075 16.1611 9.4
      vertex 4.94975 15.6997 9.4
    endloop
  endfacet
  facet normal 0.671614 0.740901 0
    outer loop
      vertex 4.44075 16.1611 9.4
      vertex 4.94975 15.6997 2.4
      vertex 4.44075 16.1611 2.4
    endloop
  endfacet
  facet normal 0.51404 0.857766 -0
    outer loop
      vertex 3.88899 16.5703 2.4
      vertex 3.29978 16.9234 9.4
      vertex 3.88899 16.5703 9.4
    endloop
  endfacet
  facet normal 0.51404 0.857766 0
    outer loop
      vertex 3.29978 16.9234 9.4
      vertex 3.88899 16.5703 2.4
      vertex 3.29978 16.9234 2.4
    endloop
  endfacet
  facet normal 0.0490577 0.998796 -0
    outer loop
      vertex 0.686119 17.7163 2.4
      vertex 0 17.75 9.4
      vertex 0.686119 17.7163 9.4
    endloop
  endfacet
  facet normal 0.0490577 0.998796 0
    outer loop
      vertex 0 17.75 9.4
      vertex 0.686119 17.7163 2.4
      vertex 0 17.75 2.4
    endloop
  endfacet
  facet normal 0.336857 0.941556 -0
    outer loop
      vertex 2.67878 17.2172 2.4
      vertex 2.03199 17.4486 9.4
      vertex 2.67878 17.2172 9.4
    endloop
  endfacet
  facet normal 0.336857 0.941556 0
    outer loop
      vertex 2.03199 17.4486 9.4
      vertex 2.67878 17.2172 2.4
      vertex 2.03199 17.4486 2.4
    endloop
  endfacet
  facet normal 0.24296 0.970036 -0
    outer loop
      vertex 2.03199 17.4486 2.4
      vertex 1.36563 17.6155 9.4
      vertex 2.03199 17.4486 9.4
    endloop
  endfacet
  facet normal 0.24296 0.970036 0
    outer loop
      vertex 1.36563 17.6155 9.4
      vertex 2.03199 17.4486 2.4
      vertex 1.36563 17.6155 2.4
    endloop
  endfacet
  facet normal -0.998795 0.0490736 0
    outer loop
      vertex -7 10.75 2.4
      vertex -6.96629 11.4361 9.4
      vertex -6.96629 11.4361 2.4
    endloop
  endfacet
  facet normal -0.998795 0.0490736 0
    outer loop
      vertex -6.96629 11.4361 9.4
      vertex -7 10.75 2.4
      vertex -7 10.75 9.4
    endloop
  endfacet
  facet normal -0.941548 0.336879 0
    outer loop
      vertex -6.69858 12.782 2.4
      vertex -6.46716 13.4288 9.4
      vertex -6.46716 13.4288 2.4
    endloop
  endfacet
  facet normal -0.941548 0.336879 0
    outer loop
      vertex -6.46716 13.4288 9.4
      vertex -6.69858 12.782 2.4
      vertex -6.69858 12.782 9.4
    endloop
  endfacet
  facet normal -0.970033 0.242974 0
    outer loop
      vertex -6.8655 12.1156 2.4
      vertex -6.69858 12.782 9.4
      vertex -6.69858 12.782 2.4
    endloop
  endfacet
  facet normal -0.970033 0.242974 0
    outer loop
      vertex -6.69858 12.782 9.4
      vertex -6.8655 12.1156 2.4
      vertex -6.8655 12.1156 9.4
    endloop
  endfacet
  facet normal -0.857724 0.51411 0
    outer loop
      vertex -6.17345 14.0498 2.4
      vertex -5.82029 14.639 9.4
      vertex -5.82029 14.639 2.4
    endloop
  endfacet
  facet normal -0.857724 0.51411 0
    outer loop
      vertex -5.82029 14.639 9.4
      vertex -6.17345 14.0498 2.4
      vertex -6.17345 14.0498 9.4
    endloop
  endfacet
  facet normal -0.803223 0.595678 0
    outer loop
      vertex -5.82029 14.639 2.4
      vertex -5.41107 15.1908 9.4
      vertex -5.41107 15.1908 2.4
    endloop
  endfacet
  facet normal -0.803223 0.595678 0
    outer loop
      vertex -5.41107 15.1908 9.4
      vertex -5.82029 14.639 2.4
      vertex -5.82029 14.639 9.4
    endloop
  endfacet
  facet normal -0.24296 0.970036 0
    outer loop
      vertex -1.36563 17.6155 2.4
      vertex -2.03199 17.4486 9.4
      vertex -1.36563 17.6155 9.4
    endloop
  endfacet
  facet normal -0.24296 0.970036 0
    outer loop
      vertex -2.03199 17.4486 9.4
      vertex -1.36563 17.6155 2.4
      vertex -2.03199 17.4486 2.4
    endloop
  endfacet
  facet normal -0.0490577 0.998796 0
    outer loop
      vertex 0 17.75 2.4
      vertex -0.686119 17.7163 9.4
      vertex 0 17.75 9.4
    endloop
  endfacet
  facet normal -0.0490577 0.998796 0
    outer loop
      vertex -0.686119 17.7163 9.4
      vertex 0 17.75 2.4
      vertex -0.686119 17.7163 2.4
    endloop
  endfacet
  facet normal -0.51404 0.857766 0
    outer loop
      vertex -3.29978 16.9234 2.4
      vertex -3.88899 16.5703 9.4
      vertex -3.29978 16.9234 9.4
    endloop
  endfacet
  facet normal -0.51404 0.857766 0
    outer loop
      vertex -3.88899 16.5703 9.4
      vertex -3.29978 16.9234 2.4
      vertex -3.88899 16.5703 2.4
    endloop
  endfacet
  facet normal -0.595687 0.803217 0
    outer loop
      vertex -3.88899 16.5703 2.4
      vertex -4.44075 16.1611 9.4
      vertex -3.88899 16.5703 9.4
    endloop
  endfacet
  facet normal -0.595687 0.803217 0
    outer loop
      vertex -4.44075 16.1611 9.4
      vertex -3.88899 16.5703 2.4
      vertex -4.44075 16.1611 2.4
    endloop
  endfacet
  facet normal -0.427661 0.903939 0
    outer loop
      vertex -2.67878 17.2172 2.4
      vertex -3.29978 16.9234 9.4
      vertex -2.67878 17.2172 9.4
    endloop
  endfacet
  facet normal -0.427661 0.903939 0
    outer loop
      vertex -3.29978 16.9234 9.4
      vertex -2.67878 17.2172 2.4
      vertex -3.29978 16.9234 2.4
    endloop
  endfacet
  facet normal -0.671614 0.740901 0
    outer loop
      vertex -4.44075 16.1611 2.4
      vertex -4.94975 15.6997 9.4
      vertex -4.44075 16.1611 9.4
    endloop
  endfacet
  facet normal -0.671614 0.740901 0
    outer loop
      vertex -4.94975 15.6997 9.4
      vertex -4.44075 16.1611 2.4
      vertex -4.94975 15.6997 2.4
    endloop
  endfacet
  facet normal 0.998795 0.0490736 0
    outer loop
      vertex 7 10.75 9.4
      vertex 6.96629 11.4361 2.4
      vertex 6.96629 11.4361 9.4
    endloop
  endfacet
  facet normal 0.998795 0.0490736 0
    outer loop
      vertex 6.96629 11.4361 2.4
      vertex 7 10.75 9.4
      vertex 7 10.75 2.4
    endloop
  endfacet
  facet normal 0.0490722 -0.998795 0
    outer loop
      vertex 0 3.75 2.4
      vertex 0.686119 3.78371 9.4
      vertex 0 3.75 9.4
    endloop
  endfacet
  facet normal 0.0490722 -0.998795 0
    outer loop
      vertex 0.686119 3.78371 9.4
      vertex 0 3.75 2.4
      vertex 0.686119 3.78371 2.4
    endloop
  endfacet
  facet normal 0.90399 -0.427554 0
    outer loop
      vertex 6.17345 7.45022 9.4
      vertex 6.46716 8.07122 2.4
      vertex 6.46716 8.07122 9.4
    endloop
  endfacet
  facet normal 0.90399 -0.427554 0
    outer loop
      vertex 6.46716 8.07122 2.4
      vertex 6.17345 7.45022 9.4
      vertex 6.17345 7.45022 2.4
    endloop
  endfacet
  facet normal 0.146722 -0.989178 0
    outer loop
      vertex 0.686119 3.78371 2.4
      vertex 1.36563 3.8845 9.4
      vertex 0.686119 3.78371 9.4
    endloop
  endfacet
  facet normal 0.146722 -0.989178 0
    outer loop
      vertex 1.36563 3.8845 9.4
      vertex 0.686119 3.78371 2.4
      vertex 1.36563 3.8845 2.4
    endloop
  endfacet
  facet normal 0.740959 -0.67155 0
    outer loop
      vertex 4.94975 5.80025 9.4
      vertex 5.41107 6.30925 2.4
      vertex 5.41107 6.30925 9.4
    endloop
  endfacet
  facet normal 0.740959 -0.67155 0
    outer loop
      vertex 5.41107 6.30925 2.4
      vertex 4.94975 5.80025 9.4
      vertex 4.94975 5.80025 2.4
    endloop
  endfacet
  facet normal 0.67155 -0.740959 0
    outer loop
      vertex 4.44075 5.33893 2.4
      vertex 4.94975 5.80025 9.4
      vertex 4.44075 5.33893 9.4
    endloop
  endfacet
  facet normal 0.67155 -0.740959 0
    outer loop
      vertex 4.94975 5.80025 9.4
      vertex 4.44075 5.33893 2.4
      vertex 4.94975 5.80025 2.4
    endloop
  endfacet
  facet normal 0.514104 -0.857728 0
    outer loop
      vertex 3.29978 4.57655 2.4
      vertex 3.88899 4.92971 9.4
      vertex 3.29978 4.57655 9.4
    endloop
  endfacet
  facet normal 0.514104 -0.857728 0
    outer loop
      vertex 3.88899 4.92971 9.4
      vertex 3.29978 4.57655 2.4
      vertex 3.88899 4.92971 2.4
    endloop
  endfacet
  facet normal -0.0490722 -0.998795 0
    outer loop
      vertex -0.686119 3.78371 2.4
      vertex 0 3.75 9.4
      vertex -0.686119 3.78371 9.4
    endloop
  endfacet
  facet normal -0.0490722 -0.998795 -0
    outer loop
      vertex 0 3.75 9.4
      vertex -0.686119 3.78371 2.4
      vertex 0 3.75 2.4
    endloop
  endfacet
  facet normal -0.336883 -0.941546 0
    outer loop
      vertex -2.67878 4.28284 2.4
      vertex -2.03199 4.05142 9.4
      vertex -2.67878 4.28284 9.4
    endloop
  endfacet
  facet normal -0.336883 -0.941546 -0
    outer loop
      vertex -2.03199 4.05142 9.4
      vertex -2.67878 4.28284 2.4
      vertex -2.03199 4.05142 2.4
    endloop
  endfacet
  facet normal -0.514104 -0.857728 0
    outer loop
      vertex -3.88899 4.92971 2.4
      vertex -3.29978 4.57655 9.4
      vertex -3.88899 4.92971 9.4
    endloop
  endfacet
  facet normal -0.514104 -0.857728 -0
    outer loop
      vertex -3.29978 4.57655 9.4
      vertex -3.88899 4.92971 2.4
      vertex -3.29978 4.57655 2.4
    endloop
  endfacet
  facet normal -0.970029 -0.242988 0
    outer loop
      vertex -6.69858 8.71801 2.4
      vertex -6.8655 9.38437 9.4
      vertex -6.8655 9.38437 2.4
    endloop
  endfacet
  facet normal -0.970029 -0.242988 0
    outer loop
      vertex -6.8655 9.38437 9.4
      vertex -6.69858 8.71801 2.4
      vertex -6.69858 8.71801 9.4
    endloop
  endfacet
  facet normal -0.998795 -0.0490736 0
    outer loop
      vertex -6.96629 10.0639 2.4
      vertex -7 10.75 9.4
      vertex -7 10.75 2.4
    endloop
  endfacet
  facet normal -0.998795 -0.0490736 0
    outer loop
      vertex -7 10.75 9.4
      vertex -6.96629 10.0639 2.4
      vertex -6.96629 10.0639 9.4
    endloop
  endfacet
  facet normal -0.803203 -0.595706 0
    outer loop
      vertex -5.41107 6.30925 2.4
      vertex -5.82029 6.86101 9.4
      vertex -5.82029 6.86101 2.4
    endloop
  endfacet
  facet normal -0.803203 -0.595706 0
    outer loop
      vertex -5.82029 6.86101 9.4
      vertex -5.41107 6.30925 2.4
      vertex -5.41107 6.30925 9.4
    endloop
  endfacet
  facet normal -0.857728 -0.514104 0
    outer loop
      vertex -5.82029 6.86101 2.4
      vertex -6.17345 7.45022 9.4
      vertex -6.17345 7.45022 2.4
    endloop
  endfacet
  facet normal -0.857728 -0.514104 0
    outer loop
      vertex -6.17345 7.45022 9.4
      vertex -5.82029 6.86101 2.4
      vertex -5.82029 6.86101 9.4
    endloop
  endfacet
  facet normal -0.90399 -0.427554 0
    outer loop
      vertex -6.17345 7.45022 2.4
      vertex -6.46716 8.07122 9.4
      vertex -6.46716 8.07122 2.4
    endloop
  endfacet
  facet normal -0.90399 -0.427554 0
    outer loop
      vertex -6.46716 8.07122 9.4
      vertex -6.17345 7.45022 2.4
      vertex -6.17345 7.45022 9.4
    endloop
  endfacet
  facet normal 0.146736 0.989176 -0
    outer loop
      vertex 1.36563 17.6155 2.4
      vertex 0.686119 17.7163 9.4
      vertex 1.36563 17.6155 9.4
    endloop
  endfacet
  facet normal 0.146736 0.989176 0
    outer loop
      vertex 0.686119 17.7163 9.4
      vertex 1.36563 17.6155 2.4
      vertex 0.686119 17.7163 2.4
    endloop
  endfacet
  facet normal -0 0 1
    outer loop
      vertex 6.17037 10.7806 9.4
      vertex 7 10.75 9.4
      vertex 6.96629 11.4361 9.4
    endloop
  endfacet
  facet normal -0 0 1
    outer loop
      vertex 6.05778 11.9237 9.4
      vertex 6.96629 11.4361 9.4
      vertex 6.8655 12.1156 9.4
    endloop
  endfacet
  facet normal 0 0 1
    outer loop
      vertex 7 10.75 9.4
      vertex 6.17037 10.7806 9.4
      vertex 6.17188 10.75 9.4
    endloop
  endfacet
  facet normal -0 0 1
    outer loop
      vertex 5.91357 12.5119 9.4
      vertex 6.8655 12.1156 9.4
      vertex 6.69858 12.782 9.4
    endloop
  endfacet
  facet normal 0 0 1
    outer loop
      vertex 6.17037 10.7194 9.4
      vertex 7 10.75 9.4
      vertex 6.17188 10.75 9.4
    endloop
  endfacet
  facet normal 0 0 1
    outer loop
      vertex 5.89578 12.5705 9.4
      vertex 6.69858 12.782 9.4
      vertex 6.46716 13.4288 9.4
    endloop
  endfacet
  facet normal 0 0 1
    outer loop
      vertex 7 10.75 9.4
      vertex 6.17037 10.7194 9.4
      vertex 6.96629 10.0639 9.4
    endloop
  endfacet
  facet normal -0 0 1
    outer loop
      vertex 5.45622 13.6317 9.4
      vertex 6.46716 13.4288 9.4
      vertex 6.17345 14.0498 9.4
    endloop
  endfacet
  facet normal -0 0 1
    outer loop
      vertex 6.14216 10.1451 9.4
      vertex 6.96629 10.0639 9.4
      vertex 6.17037 10.7194 9.4
    endloop
  endfacet
  facet normal 0 0 1
    outer loop
      vertex 6.96629 10.0639 9.4
      vertex 6.05778 9.57626 9.4
      vertex 6.8655 9.38437 9.4
    endloop
  endfacet
  facet normal 0 0 1
    outer loop
      vertex 6.05778 9.57626 9.4
      vertex 6.96629 10.0639 9.4
      vertex 6.14216 10.1451 9.4
    endloop
  endfacet
  facet normal 0 0 1
    outer loop
      vertex 6.96629 11.4361 9.4
      vertex 6.14216 11.3549 9.4
      vertex 6.17037 10.7806 9.4
    endloop
  endfacet
  facet normal 0 0 1
    outer loop
      vertex 6.96629 11.4361 9.4
      vertex 6.05778 11.9237 9.4
      vertex 6.14216 11.3549 9.4
    endloop
  endfacet
  facet normal 0 0 1
    outer loop
      vertex 6.8655 12.1156 9.4
      vertex 6.05328 11.9541 9.4
      vertex 6.05778 11.9237 9.4
    endloop
  endfacet
  facet normal 0 0 1
    outer loop
      vertex 6.8655 12.1156 9.4
      vertex 5.91357 12.5119 9.4
      vertex 6.05328 11.9541 9.4
    endloop
  endfacet
  facet normal 0 0 1
    outer loop
      vertex 6.69858 12.782 9.4
      vertex 5.90612 12.5416 9.4
      vertex 5.91357 12.5119 9.4
    endloop
  endfacet
  facet normal 0 0 1
    outer loop
      vertex 6.69858 12.782 9.4
      vertex 5.89578 12.5705 9.4
      vertex 5.90612 12.5416 9.4
    endloop
  endfacet
  facet normal 0 0 1
    outer loop
      vertex 5.44311 13.6594 9.4
      vertex 6.17345 14.0498 9.4
      vertex 5.82029 14.639 9.4
    endloop
  endfacet
  facet normal 0 0 1
    outer loop
      vertex 6.46716 13.4288 9.4
      vertex 5.70207 13.1119 9.4
      vertex 5.89578 12.5705 9.4
    endloop
  endfacet
  facet normal 0 0 1
    outer loop
      vertex 6.46716 13.4288 9.4
      vertex 5.45622 13.6317 9.4
      vertex 5.70207 13.1119 9.4
    endloop
  endfacet
  facet normal 0 0 1
    outer loop
      vertex 6.17345 14.0498 9.4
      vertex 5.44311 13.6594 9.4
      vertex 5.45622 13.6317 9.4
    endloop
  endfacet
  facet normal 0 0 1
    outer loop
      vertex 5.11346 14.2035 9.4
      vertex 5.82029 14.639 9.4
      vertex 5.41107 15.1908 9.4
    endloop
  endfacet
  facet normal 0 0 1
    outer loop
      vertex 5.82029 14.639 9.4
      vertex 5.13173 14.1789 9.4
      vertex 5.44311 13.6594 9.4
    endloop
  endfacet
  facet normal 0 0 1
    outer loop
      vertex 5.82029 14.639 9.4
      vertex 5.11346 14.2035 9.4
      vertex 5.13173 14.1789 9.4
    endloop
  endfacet
  facet normal 0 0 1
    outer loop
      vertex 4.38477 15.0915 9.4
      vertex 5.41107 15.1908 9.4
      vertex 4.94975 15.6997 9.4
    endloop
  endfacet
  facet normal 0 0 1
    outer loop
      vertex 5.41107 15.1908 9.4
      vertex 4.77092 14.6654 9.4
      vertex 5.11346 14.2035 9.4
    endloop
  endfacet
  facet normal 0 0 1
    outer loop
      vertex 4.34145 15.1348 9.4
      vertex 4.94975 15.6997 9.4
      vertex 4.44075 16.1611 9.4
    endloop
  endfacet
  facet normal 0 0 1
    outer loop
      vertex 5.41107 15.1908 9.4
      vertex 4.38477 15.0915 9.4
      vertex 4.77092 14.6654 9.4
    endloop
  endfacet
  facet normal 0 0 1
    outer loop
      vertex 4.94975 15.6997 9.4
      vertex 4.36417 15.1142 9.4
      vertex 4.38477 15.0915 9.4
    endloop
  endfacet
  facet normal 0 0 1
    outer loop
      vertex 4.94975 15.6997 9.4
      vertex 4.34145 15.1348 9.4
      vertex 4.36417 15.1142 9.4
    endloop
  endfacet
  facet normal 0 0 1
    outer loop
      vertex 4.44075 16.1611 9.4
      vertex 3.9154 15.5209 9.4
      vertex 4.34145 15.1348 9.4
    endloop
  endfacet
  facet normal 0 0 1
    outer loop
      vertex 3.45354 15.8635 9.4
      vertex 4.44075 16.1611 9.4
      vertex 3.88899 16.5703 9.4
    endloop
  endfacet
  facet normal 0 0 1
    outer loop
      vertex 4.44075 16.1611 9.4
      vertex 3.45354 15.8635 9.4
      vertex 3.9154 15.5209 9.4
    endloop
  endfacet
  facet normal 0 0 1
    outer loop
      vertex 3.88899 16.5703 9.4
      vertex 3.42891 15.8817 9.4
      vertex 3.45354 15.8635 9.4
    endloop
  endfacet
  facet normal 0 0 1
    outer loop
      vertex 3.29978 16.9234 9.4
      vertex 3.42891 15.8817 9.4
      vertex 3.88899 16.5703 9.4
    endloop
  endfacet
  facet normal 0 0 1
    outer loop
      vertex 3.29978 16.9234 9.4
      vertex 2.9094 16.1931 9.4
      vertex 3.42891 15.8817 9.4
    endloop
  endfacet
  facet normal 0 0 1
    outer loop
      vertex 3.29978 16.9234 9.4
      vertex 2.88168 16.2062 9.4
      vertex 2.9094 16.1931 9.4
    endloop
  endfacet
  facet normal 0 0 1
    outer loop
      vertex 2.67878 17.2172 9.4
      vertex 2.88168 16.2062 9.4
      vertex 3.29978 16.9234 9.4
    endloop
  endfacet
  facet normal 0 0 1
    outer loop
      vertex 2.67878 17.2172 9.4
      vertex 2.36187 16.4521 9.4
      vertex 2.88168 16.2062 9.4
    endloop
  endfacet
  facet normal 0 0 1
    outer loop
      vertex 1.82047 16.6458 9.4
      vertex 2.67878 17.2172 9.4
      vertex 2.03199 17.4486 9.4
    endloop
  endfacet
  facet normal 0 0 1
    outer loop
      vertex 2.67878 17.2172 9.4
      vertex 1.82047 16.6458 9.4
      vertex 2.36187 16.4521 9.4
    endloop
  endfacet
  facet normal 0 0 1
    outer loop
      vertex 2.03199 17.4486 9.4
      vertex 1.7916 16.6561 9.4
      vertex 1.82047 16.6458 9.4
    endloop
  endfacet
  facet normal 0 0 1
    outer loop
      vertex 2.03199 17.4486 9.4
      vertex 1.76185 16.6636 9.4
      vertex 1.7916 16.6561 9.4
    endloop
  endfacet
  facet normal 0 0 1
    outer loop
      vertex 1.36563 17.6155 9.4
      vertex 1.76185 16.6636 9.4
      vertex 2.03199 17.4486 9.4
    endloop
  endfacet
  facet normal 0 0 1
    outer loop
      vertex 1.36563 17.6155 9.4
      vertex 1.20407 16.8033 9.4
      vertex 1.76185 16.6636 9.4
    endloop
  endfacet
  facet normal 0 0 1
    outer loop
      vertex 1.36563 17.6155 9.4
      vertex 1.17374 16.8078 9.4
      vertex 1.20407 16.8033 9.4
    endloop
  endfacet
  facet normal 0 0 1
    outer loop
      vertex 0.686119 17.7163 9.4
      vertex 1.17374 16.8078 9.4
      vertex 1.36563 17.6155 9.4
    endloop
  endfacet
  facet normal 0 0 1
    outer loop
      vertex 0.686119 17.7163 9.4
      vertex 0.604949 16.8922 9.4
      vertex 1.17374 16.8078 9.4
    endloop
  endfacet
  facet normal 0 0 1
    outer loop
      vertex 0.686119 17.7163 9.4
      vertex 0.0306304 16.9204 9.4
      vertex 0.604949 16.8922 9.4
    endloop
  endfacet
  facet normal 0 0 1
    outer loop
      vertex 0 17.75 9.4
      vertex 0.0306304 16.9204 9.4
      vertex 0.686119 17.7163 9.4
    endloop
  endfacet
  facet normal 0 0 1
    outer loop
      vertex 0 17.75 9.4
      vertex 0 16.9219 9.4
      vertex 0.0306304 16.9204 9.4
    endloop
  endfacet
  facet normal 0 0 1
    outer loop
      vertex 0 17.75 9.4
      vertex -0.0306304 16.9204 9.4
      vertex 0 16.9219 9.4
    endloop
  endfacet
  facet normal -0 0 1
    outer loop
      vertex -0.686119 17.7163 9.4
      vertex -0.0306304 16.9204 9.4
      vertex 0 17.75 9.4
    endloop
  endfacet
  facet normal 0 0 1
    outer loop
      vertex -0.0306304 16.9204 9.4
      vertex -0.686119 17.7163 9.4
      vertex -0.604949 16.8922 9.4
    endloop
  endfacet
  facet normal 0 0 1
    outer loop
      vertex -0.686119 17.7163 9.4
      vertex -1.17374 16.8078 9.4
      vertex -0.604949 16.8922 9.4
    endloop
  endfacet
  facet normal -0 0 1
    outer loop
      vertex -1.36563 17.6155 9.4
      vertex -1.17374 16.8078 9.4
      vertex -0.686119 17.7163 9.4
    endloop
  endfacet
  facet normal 0 0 1
    outer loop
      vertex -1.17374 16.8078 9.4
      vertex -1.36563 17.6155 9.4
      vertex -1.20407 16.8033 9.4
    endloop
  endfacet
  facet normal 0 0 1
    outer loop
      vertex -1.36563 17.6155 9.4
      vertex -1.76185 16.6636 9.4
      vertex -1.20407 16.8033 9.4
    endloop
  endfacet
  facet normal -0 0 1
    outer loop
      vertex -2.03199 17.4486 9.4
      vertex -1.76185 16.6636 9.4
      vertex -1.36563 17.6155 9.4
    endloop
  endfacet
  facet normal 0 0 1
    outer loop
      vertex -1.76185 16.6636 9.4
      vertex -2.03199 17.4486 9.4
      vertex -1.7916 16.6561 9.4
    endloop
  endfacet
  facet normal 0 0 1
    outer loop
      vertex -1.7916 16.6561 9.4
      vertex -2.03199 17.4486 9.4
      vertex -1.82047 16.6458 9.4
    endloop
  endfacet
  facet normal -0 0 1
    outer loop
      vertex -2.67878 17.2172 9.4
      vertex -1.82047 16.6458 9.4
      vertex -2.03199 17.4486 9.4
    endloop
  endfacet
  facet normal 0 0 1
    outer loop
      vertex -1.82047 16.6458 9.4
      vertex -2.67878 17.2172 9.4
      vertex -2.36187 16.4521 9.4
    endloop
  endfacet
  facet normal 0 0 1
    outer loop
      vertex -2.67878 17.2172 9.4
      vertex -2.88168 16.2062 9.4
      vertex -2.36187 16.4521 9.4
    endloop
  endfacet
  facet normal -0 0 1
    outer loop
      vertex -3.29978 16.9234 9.4
      vertex -2.88168 16.2062 9.4
      vertex -2.67878 17.2172 9.4
    endloop
  endfacet
  facet normal 0 0 1
    outer loop
      vertex -2.88168 16.2062 9.4
      vertex -3.29978 16.9234 9.4
      vertex -2.9094 16.1931 9.4
    endloop
  endfacet
  facet normal 0 0 1
    outer loop
      vertex -3.29978 16.9234 9.4
      vertex -3.42891 15.8817 9.4
      vertex -2.9094 16.1931 9.4
    endloop
  endfacet
  facet normal -0 0 1
    outer loop
      vertex -3.88899 16.5703 9.4
      vertex -3.42891 15.8817 9.4
      vertex -3.29978 16.9234 9.4
    endloop
  endfacet
  facet normal 0 0 1
    outer loop
      vertex -3.42891 15.8817 9.4
      vertex -3.88899 16.5703 9.4
      vertex -3.45354 15.8635 9.4
    endloop
  endfacet
  facet normal -0 0 1
    outer loop
      vertex -4.44075 16.1611 9.4
      vertex -3.45354 15.8635 9.4
      vertex -3.88899 16.5703 9.4
    endloop
  endfacet
  facet normal 0 0 1
    outer loop
      vertex -3.45354 15.8635 9.4
      vertex -4.44075 16.1611 9.4
      vertex -3.9154 15.5209 9.4
    endloop
  endfacet
  facet normal 0 0 1
    outer loop
      vertex -3.9154 15.5209 9.4
      vertex -4.44075 16.1611 9.4
      vertex -4.34145 15.1348 9.4
    endloop
  endfacet
  facet normal -0 0 1
    outer loop
      vertex -4.94975 15.6997 9.4
      vertex -4.34145 15.1348 9.4
      vertex -4.44075 16.1611 9.4
    endloop
  endfacet
  facet normal 0 0 1
    outer loop
      vertex -4.34145 15.1348 9.4
      vertex -4.94975 15.6997 9.4
      vertex -4.36417 15.1142 9.4
    endloop
  endfacet
  facet normal 0 0 1
    outer loop
      vertex -4.36417 15.1142 9.4
      vertex -4.94975 15.6997 9.4
      vertex -4.38477 15.0915 9.4
    endloop
  endfacet
  facet normal -0 0 1
    outer loop
      vertex -5.41107 15.1908 9.4
      vertex -4.38477 15.0915 9.4
      vertex -4.94975 15.6997 9.4
    endloop
  endfacet
  facet normal 0 0 1
    outer loop
      vertex -4.38477 15.0915 9.4
      vertex -5.41107 15.1908 9.4
      vertex -4.77092 14.6654 9.4
    endloop
  endfacet
  facet normal 0 0 1
    outer loop
      vertex -4.77092 14.6654 9.4
      vertex -5.41107 15.1908 9.4
      vertex -5.11346 14.2035 9.4
    endloop
  endfacet
  facet normal -0 0 1
    outer loop
      vertex -5.82029 14.639 9.4
      vertex -5.11346 14.2035 9.4
      vertex -5.41107 15.1908 9.4
    endloop
  endfacet
  facet normal 0 0 1
    outer loop
      vertex -5.11346 14.2035 9.4
      vertex -5.82029 14.639 9.4
      vertex -5.13173 14.1789 9.4
    endloop
  endfacet
  facet normal 0 0 1
    outer loop
      vertex -5.13173 14.1789 9.4
      vertex -5.82029 14.639 9.4
      vertex -5.44311 13.6594 9.4
    endloop
  endfacet
  facet normal -0 0 1
    outer loop
      vertex -6.17345 14.0498 9.4
      vertex -5.44311 13.6594 9.4
      vertex -5.82029 14.639 9.4
    endloop
  endfacet
  facet normal 0 0 1
    outer loop
      vertex -5.44311 13.6594 9.4
      vertex -6.17345 14.0498 9.4
      vertex -5.45622 13.6317 9.4
    endloop
  endfacet
  facet normal 0 0 1
    outer loop
      vertex -6.46716 13.4288 9.4
      vertex -5.45622 13.6317 9.4
      vertex -6.17345 14.0498 9.4
    endloop
  endfacet
  facet normal 0 0 1
    outer loop
      vertex -5.45622 13.6317 9.4
      vertex -6.46716 13.4288 9.4
      vertex -5.70207 13.1119 9.4
    endloop
  endfacet
  facet normal 0 0 1
    outer loop
      vertex -5.70207 13.1119 9.4
      vertex -6.46716 13.4288 9.4
      vertex -5.89578 12.5705 9.4
    endloop
  endfacet
  facet normal -0 0 1
    outer loop
      vertex -6.69858 12.782 9.4
      vertex -5.89578 12.5705 9.4
      vertex -6.46716 13.4288 9.4
    endloop
  endfacet
  facet normal 0 0 1
    outer loop
      vertex -5.89578 12.5705 9.4
      vertex -6.69858 12.782 9.4
      vertex -5.90612 12.5416 9.4
    endloop
  endfacet
  facet normal 0 0 1
    outer loop
      vertex -5.90612 12.5416 9.4
      vertex -6.69858 12.782 9.4
      vertex -5.91357 12.5119 9.4
    endloop
  endfacet
  facet normal 0 0 1
    outer loop
      vertex -6.96629 11.4361 9.4
      vertex -6.17037 10.7806 9.4
      vertex -6.14216 11.3549 9.4
    endloop
  endfacet
  facet normal 0 0 1
    outer loop
      vertex -5.91357 12.5119 9.4
      vertex -6.8655 12.1156 9.4
      vertex -6.05328 11.9541 9.4
    endloop
  endfacet
  facet normal 0 0 1
    outer loop
      vertex -6.8655 12.1156 9.4
      vertex -5.91357 12.5119 9.4
      vertex -6.69858 12.782 9.4
    endloop
  endfacet
  facet normal -0 0 1
    outer loop
      vertex 6.05328 9.54593 9.4
      vertex 6.8655 9.38437 9.4
      vertex 6.05778 9.57626 9.4
    endloop
  endfacet
  facet normal 0 0 1
    outer loop
      vertex 5.91357 8.98815 9.4
      vertex 6.8655 9.38437 9.4
      vertex 6.05328 9.54593 9.4
    endloop
  endfacet
  facet normal 0 0 1
    outer loop
      vertex 6.8655 9.38437 9.4
      vertex 5.91357 8.98815 9.4
      vertex 6.69858 8.71801 9.4
    endloop
  endfacet
  facet normal -0 0 1
    outer loop
      vertex 5.90612 8.9584 9.4
      vertex 6.69858 8.71801 9.4
      vertex 5.91357 8.98815 9.4
    endloop
  endfacet
  facet normal -0 0 1
    outer loop
      vertex 5.89578 8.92953 9.4
      vertex 6.69858 8.71801 9.4
      vertex 5.90612 8.9584 9.4
    endloop
  endfacet
  facet normal 0 0 1
    outer loop
      vertex 6.69858 8.71801 9.4
      vertex 5.89578 8.92953 9.4
      vertex 6.46716 8.07122 9.4
    endloop
  endfacet
  facet normal -0 0 1
    outer loop
      vertex 5.70207 8.38813 9.4
      vertex 6.46716 8.07122 9.4
      vertex 5.89578 8.92953 9.4
    endloop
  endfacet
  facet normal 0 0 1
    outer loop
      vertex 5.45622 7.86832 9.4
      vertex 6.46716 8.07122 9.4
      vertex 5.70207 8.38813 9.4
    endloop
  endfacet
  facet normal 0 0 1
    outer loop
      vertex 6.46716 8.07122 9.4
      vertex 5.45622 7.86832 9.4
      vertex 6.17345 7.45022 9.4
    endloop
  endfacet
  facet normal -0 0 1
    outer loop
      vertex 5.44311 7.8406 9.4
      vertex 6.17345 7.45022 9.4
      vertex 5.45622 7.86832 9.4
    endloop
  endfacet
  facet normal 0 0 1
    outer loop
      vertex 6.17345 7.45022 9.4
      vertex 5.44311 7.8406 9.4
      vertex 5.82029 6.86101 9.4
    endloop
  endfacet
  facet normal -0 0 1
    outer loop
      vertex 5.13173 7.32109 9.4
      vertex 5.82029 6.86101 9.4
      vertex 5.44311 7.8406 9.4
    endloop
  endfacet
  facet normal -0 0 1
    outer loop
      vertex 5.11346 7.29646 9.4
      vertex 5.82029 6.86101 9.4
      vertex 5.13173 7.32109 9.4
    endloop
  endfacet
  facet normal 0 0 1
    outer loop
      vertex 5.82029 6.86101 9.4
      vertex 5.11346 7.29646 9.4
      vertex 5.41107 6.30925 9.4
    endloop
  endfacet
  facet normal -0 0 1
    outer loop
      vertex 4.77092 6.8346 9.4
      vertex 5.41107 6.30925 9.4
      vertex 5.11346 7.29646 9.4
    endloop
  endfacet
  facet normal -0 0 1
    outer loop
      vertex 4.38477 6.40855 9.4
      vertex 5.41107 6.30925 9.4
      vertex 4.77092 6.8346 9.4
    endloop
  endfacet
  facet normal 0 0 1
    outer loop
      vertex 5.41107 6.30925 9.4
      vertex 4.38477 6.40855 9.4
      vertex 4.94975 5.80025 9.4
    endloop
  endfacet
  facet normal -0 0 1
    outer loop
      vertex 4.36417 6.38583 9.4
      vertex 4.94975 5.80025 9.4
      vertex 4.38477 6.40855 9.4
    endloop
  endfacet
  facet normal -0 0 1
    outer loop
      vertex 4.34145 6.36523 9.4
      vertex 4.94975 5.80025 9.4
      vertex 4.36417 6.38583 9.4
    endloop
  endfacet
  facet normal 0 0 1
    outer loop
      vertex 4.94975 5.80025 9.4
      vertex 4.34145 6.36523 9.4
      vertex 4.44075 5.33893 9.4
    endloop
  endfacet
  facet normal -0 0 1
    outer loop
      vertex 3.9154 5.97908 9.4
      vertex 4.44075 5.33893 9.4
      vertex 4.34145 6.36523 9.4
    endloop
  endfacet
  facet normal -0 0 1
    outer loop
      vertex 3.45354 5.63654 9.4
      vertex 4.44075 5.33893 9.4
      vertex 3.9154 5.97908 9.4
    endloop
  endfacet
  facet normal 0 0 1
    outer loop
      vertex 4.44075 5.33893 9.4
      vertex 3.45354 5.63654 9.4
      vertex 3.88899 4.92971 9.4
    endloop
  endfacet
  facet normal -0 0 1
    outer loop
      vertex 3.42891 5.61827 9.4
      vertex 3.88899 4.92971 9.4
      vertex 3.45354 5.63654 9.4
    endloop
  endfacet
  facet normal 0 0 1
    outer loop
      vertex 3.42891 5.61827 9.4
      vertex 3.29978 4.57655 9.4
      vertex 3.88899 4.92971 9.4
    endloop
  endfacet
  facet normal -0 0 1
    outer loop
      vertex 2.9094 5.30689 9.4
      vertex 3.29978 4.57655 9.4
      vertex 3.42891 5.61827 9.4
    endloop
  endfacet
  facet normal -0 0 1
    outer loop
      vertex 2.88168 5.29378 9.4
      vertex 3.29978 4.57655 9.4
      vertex 2.9094 5.30689 9.4
    endloop
  endfacet
  facet normal 0 0 1
    outer loop
      vertex 2.88168 5.29378 9.4
      vertex 2.67878 4.28284 9.4
      vertex 3.29978 4.57655 9.4
    endloop
  endfacet
  facet normal -0 0 1
    outer loop
      vertex 2.36187 5.04793 9.4
      vertex 2.67878 4.28284 9.4
      vertex 2.88168 5.29378 9.4
    endloop
  endfacet
  facet normal -0 0 1
    outer loop
      vertex 1.82047 4.85422 9.4
      vertex 2.67878 4.28284 9.4
      vertex 2.36187 5.04793 9.4
    endloop
  endfacet
  facet normal 0 0 1
    outer loop
      vertex 2.67878 4.28284 9.4
      vertex 1.82047 4.85422 9.4
      vertex 2.03199 4.05142 9.4
    endloop
  endfacet
  facet normal -0 0 1
    outer loop
      vertex 1.7916 4.84388 9.4
      vertex 2.03199 4.05142 9.4
      vertex 1.82047 4.85422 9.4
    endloop
  endfacet
  facet normal -0 0 1
    outer loop
      vertex 1.76185 4.83643 9.4
      vertex 2.03199 4.05142 9.4
      vertex 1.7916 4.84388 9.4
    endloop
  endfacet
  facet normal 0 0 1
    outer loop
      vertex 1.76185 4.83643 9.4
      vertex 1.36563 3.8845 9.4
      vertex 2.03199 4.05142 9.4
    endloop
  endfacet
  facet normal -0 0 1
    outer loop
      vertex 1.20407 4.69672 9.4
      vertex 1.36563 3.8845 9.4
      vertex 1.76185 4.83643 9.4
    endloop
  endfacet
  facet normal -0 0 1
    outer loop
      vertex 1.17374 4.69222 9.4
      vertex 1.36563 3.8845 9.4
      vertex 1.20407 4.69672 9.4
    endloop
  endfacet
  facet normal 0 0 1
    outer loop
      vertex 1.17374 4.69222 9.4
      vertex 0.686119 3.78371 9.4
      vertex 1.36563 3.8845 9.4
    endloop
  endfacet
  facet normal -0 0 1
    outer loop
      vertex 0.604949 4.60784 9.4
      vertex 0.686119 3.78371 9.4
      vertex 1.17374 4.69222 9.4
    endloop
  endfacet
  facet normal -0 0 1
    outer loop
      vertex 0.0306304 4.57963 9.4
      vertex 0.686119 3.78371 9.4
      vertex 0.604949 4.60784 9.4
    endloop
  endfacet
  facet normal 0 0 1
    outer loop
      vertex 0 3.75 9.4
      vertex 0.0306304 4.57963 9.4
      vertex 0 4.57812 9.4
    endloop
  endfacet
  facet normal 0 0 1
    outer loop
      vertex 0.0306304 4.57963 9.4
      vertex 0 3.75 9.4
      vertex 0.686119 3.78371 9.4
    endloop
  endfacet
  facet normal 0 0 1
    outer loop
      vertex -0.0306304 4.57963 9.4
      vertex 0 3.75 9.4
      vertex 0 4.57812 9.4
    endloop
  endfacet
  facet normal 0 0 1
    outer loop
      vertex -0.686119 3.78371 9.4
      vertex -0.0306304 4.57963 9.4
      vertex -0.604949 4.60784 9.4
    endloop
  endfacet
  facet normal 0 0 1
    outer loop
      vertex -0.0306304 4.57963 9.4
      vertex -0.686119 3.78371 9.4
      vertex 0 3.75 9.4
    endloop
  endfacet
  facet normal 0 0 1
    outer loop
      vertex -1.17374 4.69222 9.4
      vertex -0.686119 3.78371 9.4
      vertex -0.604949 4.60784 9.4
    endloop
  endfacet
  facet normal 0 0 1
    outer loop
      vertex -1.36563 3.8845 9.4
      vertex -1.17374 4.69222 9.4
      vertex -1.20407 4.69672 9.4
    endloop
  endfacet
  facet normal 0 0 1
    outer loop
      vertex -1.17374 4.69222 9.4
      vertex -1.36563 3.8845 9.4
      vertex -0.686119 3.78371 9.4
    endloop
  endfacet
  facet normal 0 0 1
    outer loop
      vertex -1.76185 4.83643 9.4
      vertex -1.36563 3.8845 9.4
      vertex -1.20407 4.69672 9.4
    endloop
  endfacet
  facet normal 0 0 1
    outer loop
      vertex -2.03199 4.05142 9.4
      vertex -1.76185 4.83643 9.4
      vertex -1.7916 4.84388 9.4
    endloop
  endfacet
  facet normal 0 0 1
    outer loop
      vertex -2.03199 4.05142 9.4
      vertex -1.7916 4.84388 9.4
      vertex -1.82047 4.85422 9.4
    endloop
  endfacet
  facet normal 0 0 1
    outer loop
      vertex -1.76185 4.83643 9.4
      vertex -2.03199 4.05142 9.4
      vertex -1.36563 3.8845 9.4
    endloop
  endfacet
  facet normal 0 0 1
    outer loop
      vertex -2.67878 4.28284 9.4
      vertex -1.82047 4.85422 9.4
      vertex -2.36187 5.04793 9.4
    endloop
  endfacet
  facet normal 0 0 1
    outer loop
      vertex -1.82047 4.85422 9.4
      vertex -2.67878 4.28284 9.4
      vertex -2.03199 4.05142 9.4
    endloop
  endfacet
  facet normal 0 0 1
    outer loop
      vertex -2.88168 5.29378 9.4
      vertex -2.67878 4.28284 9.4
      vertex -2.36187 5.04793 9.4
    endloop
  endfacet
  facet normal 0 0 1
    outer loop
      vertex -3.29978 4.57655 9.4
      vertex -2.88168 5.29378 9.4
      vertex -2.9094 5.30689 9.4
    endloop
  endfacet
  facet normal 0 0 1
    outer loop
      vertex -2.88168 5.29378 9.4
      vertex -3.29978 4.57655 9.4
      vertex -2.67878 4.28284 9.4
    endloop
  endfacet
  facet normal 0 0 1
    outer loop
      vertex -3.42891 5.61827 9.4
      vertex -3.29978 4.57655 9.4
      vertex -2.9094 5.30689 9.4
    endloop
  endfacet
  facet normal 0 0 1
    outer loop
      vertex -3.88899 4.92971 9.4
      vertex -3.42891 5.61827 9.4
      vertex -3.45354 5.63654 9.4
    endloop
  endfacet
  facet normal 0 0 1
    outer loop
      vertex -3.42891 5.61827 9.4
      vertex -3.88899 4.92971 9.4
      vertex -3.29978 4.57655 9.4
    endloop
  endfacet
  facet normal 0 0 1
    outer loop
      vertex -4.44075 5.33893 9.4
      vertex -3.45354 5.63654 9.4
      vertex -3.9154 5.97908 9.4
    endloop
  endfacet
  facet normal 0 0 1
    outer loop
      vertex -4.44075 5.33893 9.4
      vertex -3.9154 5.97908 9.4
      vertex -4.34145 6.36523 9.4
    endloop
  endfacet
  facet normal 0 0 1
    outer loop
      vertex -4.94975 5.80025 9.4
      vertex -4.34145 6.36523 9.4
      vertex -4.36417 6.38583 9.4
    endloop
  endfacet
  facet normal 0 0 1
    outer loop
      vertex -4.94975 5.80025 9.4
      vertex -4.36417 6.38583 9.4
      vertex -4.38477 6.40855 9.4
    endloop
  endfacet
  facet normal 0 0 1
    outer loop
      vertex -3.45354 5.63654 9.4
      vertex -4.44075 5.33893 9.4
      vertex -3.88899 4.92971 9.4
    endloop
  endfacet
  facet normal 0 0 1
    outer loop
      vertex -5.41107 6.30925 9.4
      vertex -4.38477 6.40855 9.4
      vertex -4.77092 6.8346 9.4
    endloop
  endfacet
  facet normal 0 0 1
    outer loop
      vertex -4.34145 6.36523 9.4
      vertex -4.94975 5.80025 9.4
      vertex -4.44075 5.33893 9.4
    endloop
  endfacet
  facet normal 0 0 1
    outer loop
      vertex -5.41107 6.30925 9.4
      vertex -4.77092 6.8346 9.4
      vertex -5.11346 7.29646 9.4
    endloop
  endfacet
  facet normal 0 0 1
    outer loop
      vertex -5.82029 6.86101 9.4
      vertex -5.11346 7.29646 9.4
      vertex -5.13173 7.32109 9.4
    endloop
  endfacet
  facet normal 0 0 1
    outer loop
      vertex -4.38477 6.40855 9.4
      vertex -5.41107 6.30925 9.4
      vertex -4.94975 5.80025 9.4
    endloop
  endfacet
  facet normal 0 0 1
    outer loop
      vertex -5.82029 6.86101 9.4
      vertex -5.13173 7.32109 9.4
      vertex -5.44311 7.8406 9.4
    endloop
  endfacet
  facet normal 0 0 1
    outer loop
      vertex -6.17345 7.45022 9.4
      vertex -5.44311 7.8406 9.4
      vertex -5.45622 7.86832 9.4
    endloop
  endfacet
  facet normal -0 0 1
    outer loop
      vertex -6.46716 8.07122 9.4
      vertex -5.45622 7.86832 9.4
      vertex -5.70207 8.38813 9.4
    endloop
  endfacet
  facet normal 0 0 1
    outer loop
      vertex -5.11346 7.29646 9.4
      vertex -5.82029 6.86101 9.4
      vertex -5.41107 6.30925 9.4
    endloop
  endfacet
  facet normal 0 0 1
    outer loop
      vertex -6.46716 8.07122 9.4
      vertex -5.70207 8.38813 9.4
      vertex -5.89578 8.92953 9.4
    endloop
  endfacet
  facet normal 0 0 1
    outer loop
      vertex -6.69858 8.71801 9.4
      vertex -5.89578 8.92953 9.4
      vertex -5.90612 8.9584 9.4
    endloop
  endfacet
  facet normal 0 0 1
    outer loop
      vertex -6.69858 8.71801 9.4
      vertex -5.90612 8.9584 9.4
      vertex -5.91357 8.98815 9.4
    endloop
  endfacet
  facet normal -0 0 1
    outer loop
      vertex -6.8655 9.38437 9.4
      vertex -5.91357 8.98815 9.4
      vertex -6.05328 9.54593 9.4
    endloop
  endfacet
  facet normal 0 0 1
    outer loop
      vertex -6.8655 9.38437 9.4
      vertex -6.05328 9.54593 9.4
      vertex -6.05778 9.57626 9.4
    endloop
  endfacet
  facet normal -0 0 1
    outer loop
      vertex -6.96629 10.0639 9.4
      vertex -6.05778 9.57626 9.4
      vertex -6.14216 10.1451 9.4
    endloop
  endfacet
  facet normal -0 0 1
    outer loop
      vertex -7 10.75 9.4
      vertex -6.17037 10.7194 9.4
      vertex -6.17188 10.75 9.4
    endloop
  endfacet
  facet normal 0 0 1
    outer loop
      vertex -5.44311 7.8406 9.4
      vertex -6.17345 7.45022 9.4
      vertex -5.82029 6.86101 9.4
    endloop
  endfacet
  facet normal 0 0 1
    outer loop
      vertex -6.17037 10.7194 9.4
      vertex -6.96629 10.0639 9.4
      vertex -6.14216 10.1451 9.4
    endloop
  endfacet
  facet normal 0 0 1
    outer loop
      vertex -6.05328 11.9541 9.4
      vertex -6.8655 12.1156 9.4
      vertex -6.05778 11.9237 9.4
    endloop
  endfacet
  facet normal 0 0 1
    outer loop
      vertex -6.96629 11.4361 9.4
      vertex -6.05778 11.9237 9.4
      vertex -6.8655 12.1156 9.4
    endloop
  endfacet
  facet normal 0 0 1
    outer loop
      vertex -5.45622 7.86832 9.4
      vertex -6.46716 8.07122 9.4
      vertex -6.17345 7.45022 9.4
    endloop
  endfacet
  facet normal 0 0 1
    outer loop
      vertex -6.05778 11.9237 9.4
      vertex -6.96629 11.4361 9.4
      vertex -6.14216 11.3549 9.4
    endloop
  endfacet
  facet normal 0 0 1
    outer loop
      vertex -5.89578 8.92953 9.4
      vertex -6.69858 8.71801 9.4
      vertex -6.46716 8.07122 9.4
    endloop
  endfacet
  facet normal 0 0 1
    outer loop
      vertex -7 10.75 9.4
      vertex -6.17037 10.7806 9.4
      vertex -6.96629 11.4361 9.4
    endloop
  endfacet
  facet normal 0 0 1
    outer loop
      vertex -5.91357 8.98815 9.4
      vertex -6.8655 9.38437 9.4
      vertex -6.69858 8.71801 9.4
    endloop
  endfacet
  facet normal 0 0 1
    outer loop
      vertex -6.17037 10.7806 9.4
      vertex -7 10.75 9.4
      vertex -6.17188 10.75 9.4
    endloop
  endfacet
  facet normal 0 0 1
    outer loop
      vertex -6.05778 9.57626 9.4
      vertex -6.96629 10.0639 9.4
      vertex -6.8655 9.38437 9.4
    endloop
  endfacet
  facet normal 0 0 1
    outer loop
      vertex -6.17037 10.7194 9.4
      vertex -7 10.75 9.4
      vertex -6.96629 10.0639 9.4
    endloop
  endfacet
  facet normal -0.989177 0.146724 0
    outer loop
      vertex -6.96629 11.4361 2.4
      vertex -6.8655 12.1156 9.4
      vertex -6.8655 12.1156 2.4
    endloop
  endfacet
  facet normal -0.989177 0.146724 0
    outer loop
      vertex -6.8655 12.1156 9.4
      vertex -6.96629 11.4361 2.4
      vertex -6.96629 11.4361 9.4
    endloop
  endfacet
  facet normal 0.989178 -0.146718 0
    outer loop
      vertex 6.8655 9.38437 9.4
      vertex 6.96629 10.0639 2.4
      vertex 6.96629 10.0639 9.4
    endloop
  endfacet
  facet normal 0.989178 -0.146718 0
    outer loop
      vertex 6.96629 10.0639 2.4
      vertex 6.8655 9.38437 9.4
      vertex 6.8655 9.38437 2.4
    endloop
  endfacet
  facet normal 0.803203 -0.595706 0
    outer loop
      vertex 5.41107 6.30925 9.4
      vertex 5.82029 6.86101 2.4
      vertex 5.82029 6.86101 9.4
    endloop
  endfacet
  facet normal 0.803203 -0.595706 0
    outer loop
      vertex 5.82029 6.86101 2.4
      vertex 5.41107 6.30925 9.4
      vertex 5.41107 6.30925 2.4
    endloop
  endfacet
  facet normal 0.857728 -0.514104 0
    outer loop
      vertex 5.82029 6.86101 9.4
      vertex 6.17345 7.45022 2.4
      vertex 6.17345 7.45022 9.4
    endloop
  endfacet
  facet normal 0.857728 -0.514104 0
    outer loop
      vertex 6.17345 7.45022 2.4
      vertex 5.82029 6.86101 9.4
      vertex 5.82029 6.86101 2.4
    endloop
  endfacet
  facet normal 0.242988 -0.970029 0
    outer loop
      vertex 1.36563 3.8845 2.4
      vertex 2.03199 4.05142 9.4
      vertex 1.36563 3.8845 9.4
    endloop
  endfacet
  facet normal 0.242988 -0.970029 0
    outer loop
      vertex 2.03199 4.05142 9.4
      vertex 1.36563 3.8845 2.4
      vertex 2.03199 4.05142 2.4
    endloop
  endfacet
  facet normal 0.427554 -0.90399 0
    outer loop
      vertex 2.67878 4.28284 2.4
      vertex 3.29978 4.57655 9.4
      vertex 2.67878 4.28284 9.4
    endloop
  endfacet
  facet normal 0.427554 -0.90399 0
    outer loop
      vertex 3.29978 4.57655 9.4
      vertex 2.67878 4.28284 2.4
      vertex 3.29978 4.57655 2.4
    endloop
  endfacet
  facet normal 0.336883 -0.941546 0
    outer loop
      vertex 2.03199 4.05142 2.4
      vertex 2.67878 4.28284 9.4
      vertex 2.03199 4.05142 9.4
    endloop
  endfacet
  facet normal 0.336883 -0.941546 0
    outer loop
      vertex 2.67878 4.28284 9.4
      vertex 2.03199 4.05142 2.4
      vertex 2.67878 4.28284 2.4
    endloop
  endfacet
  facet normal 0.595706 -0.803203 0
    outer loop
      vertex 3.88899 4.92971 2.4
      vertex 4.44075 5.33893 9.4
      vertex 3.88899 4.92971 9.4
    endloop
  endfacet
  facet normal 0.595706 -0.803203 0
    outer loop
      vertex 4.44075 5.33893 9.4
      vertex 3.88899 4.92971 2.4
      vertex 4.44075 5.33893 2.4
    endloop
  endfacet
  facet normal -0.242988 -0.970029 0
    outer loop
      vertex -2.03199 4.05142 2.4
      vertex -1.36563 3.8845 9.4
      vertex -2.03199 4.05142 9.4
    endloop
  endfacet
  facet normal -0.242988 -0.970029 -0
    outer loop
      vertex -1.36563 3.8845 9.4
      vertex -2.03199 4.05142 2.4
      vertex -1.36563 3.8845 2.4
    endloop
  endfacet
  facet normal -0.427554 -0.90399 0
    outer loop
      vertex -3.29978 4.57655 2.4
      vertex -2.67878 4.28284 9.4
      vertex -3.29978 4.57655 9.4
    endloop
  endfacet
  facet normal -0.427554 -0.90399 -0
    outer loop
      vertex -2.67878 4.28284 9.4
      vertex -3.29978 4.57655 2.4
      vertex -2.67878 4.28284 2.4
    endloop
  endfacet
  facet normal -0.595706 -0.803203 0
    outer loop
      vertex -4.44075 5.33893 2.4
      vertex -3.88899 4.92971 9.4
      vertex -4.44075 5.33893 9.4
    endloop
  endfacet
  facet normal -0.595706 -0.803203 -0
    outer loop
      vertex -3.88899 4.92971 9.4
      vertex -4.44075 5.33893 2.4
      vertex -3.88899 4.92971 2.4
    endloop
  endfacet
  facet normal -0.941546 -0.336883 0
    outer loop
      vertex -6.46716 8.07122 2.4
      vertex -6.69858 8.71801 9.4
      vertex -6.69858 8.71801 2.4
    endloop
  endfacet
  facet normal -0.941546 -0.336883 0
    outer loop
      vertex -6.69858 8.71801 9.4
      vertex -6.46716 8.07122 2.4
      vertex -6.46716 8.07122 9.4
    endloop
  endfacet
  facet normal -0.989178 -0.146718 0
    outer loop
      vertex -6.8655 9.38437 2.4
      vertex -6.96629 10.0639 9.4
      vertex -6.96629 10.0639 2.4
    endloop
  endfacet
  facet normal -0.989178 -0.146718 0
    outer loop
      vertex -6.96629 10.0639 9.4
      vertex -6.8655 9.38437 2.4
      vertex -6.8655 9.38437 9.4
    endloop
  endfacet
  facet normal 0.970029 -0.242988 0
    outer loop
      vertex 6.69858 8.71801 9.4
      vertex 6.8655 9.38437 2.4
      vertex 6.8655 9.38437 9.4
    endloop
  endfacet
  facet normal 0.970029 -0.242988 0
    outer loop
      vertex 6.8655 9.38437 2.4
      vertex 6.69858 8.71801 9.4
      vertex 6.69858 8.71801 2.4
    endloop
  endfacet
  facet normal 0.941546 -0.336883 0
    outer loop
      vertex 6.46716 8.07122 9.4
      vertex 6.69858 8.71801 2.4
      vertex 6.69858 8.71801 9.4
    endloop
  endfacet
  facet normal 0.941546 -0.336883 0
    outer loop
      vertex 6.69858 8.71801 2.4
      vertex 6.46716 8.07122 9.4
      vertex 6.46716 8.07122 2.4
    endloop
  endfacet
  facet normal -0.986851 -0.0484727 0.154196
    outer loop
      vertex 5.07812 10.75 2.4
      vertex 6.17037 10.7806 9.4
      vertex 5.05555 11.2095 2.4
    endloop
  endfacet
  facet normal -0.98684 -0.048697 0.154195
    outer loop
      vertex 6.17037 10.7806 9.4
      vertex 5.07812 10.75 2.4
      vertex 6.17188 10.75 9.4
    endloop
  endfacet
  facet normal 0.98685 0.0484748 0.154196
    outer loop
      vertex -6.14216 10.1451 9.4
      vertex -5.05555 10.2905 2.4
      vertex -6.17037 10.7194 9.4
    endloop
  endfacet
  facet normal 0.986846 0.0485673 0.154197
    outer loop
      vertex -5.05555 10.2905 2.4
      vertex -6.14216 10.1451 9.4
      vertex -5.05367 10.2523 2.4
    endloop
  endfacet
  facet normal 0.0489701 -0.986825 0.154201
    outer loop
      vertex -0.459455 15.8056 2.4
      vertex -0.604949 16.8922 9.4
      vertex -0.497743 15.8037 2.4
    endloop
  endfacet
  facet normal 0.0484561 -0.986852 0.154195
    outer loop
      vertex -0.604949 16.8922 9.4
      vertex -0.459455 15.8056 2.4
      vertex -0.0306304 16.9204 9.4
    endloop
  endfacet
  facet normal -0.0484559 0.986851 0.154196
    outer loop
      vertex 0.459455 5.69445 2.4
      vertex 0.604949 4.60784 9.4
      vertex 0.497743 5.69633 2.4
    endloop
  endfacet
  facet normal -0.0484732 0.98685 0.154196
    outer loop
      vertex 0.604949 4.60784 9.4
      vertex 0.459455 5.69445 2.4
      vertex 0.0306304 4.57963 9.4
    endloop
  endfacet
  facet normal 0.977345 -0.144987 0.154194
    outer loop
      vertex -6.14216 11.3549 9.4
      vertex -5.04805 11.2857 2.4
      vertex -6.05778 11.9237 9.4
    endloop
  endfacet
  facet normal 0.977408 -0.144554 0.154199
    outer loop
      vertex -5.04805 11.2857 2.4
      vertex -6.14216 11.3549 9.4
      vertex -5.05367 11.2477 2.4
    endloop
  endfacet
  facet normal -0.958464 0.239938 0.154196
    outer loop
      vertex 4.97124 9.72212 2.4
      vertex 6.05328 9.54593 9.4
      vertex 4.98055 9.75931 2.4
    endloop
  endfacet
  facet normal -0.958433 0.240064 0.154194
    outer loop
      vertex 6.05328 9.54593 9.4
      vertex 4.97124 9.72212 2.4
      vertex 5.91357 8.98815 9.4
    endloop
  endfacet
  facet normal 0.663524 0.732093 0.154196
    outer loop
      vertex -3.24993 6.8503 2.4
      vertex -3.9154 5.97908 9.4
      vertex -3.22153 6.82456 2.4
    endloop
  endfacet
  facet normal 0.663528 0.732089 0.154196
    outer loop
      vertex -3.9154 5.97908 9.4
      vertex -3.24993 6.8503 2.4
      vertex -4.34145 6.36523 9.4
    endloop
  endfacet
  facet normal 0.958435 -0.240055 0.154195
    outer loop
      vertex -6.05328 11.9541 9.4
      vertex -4.97124 11.7779 2.4
      vertex -5.91357 12.5119 9.4
    endloop
  endfacet
  facet normal 0.958479 -0.239877 0.154197
    outer loop
      vertex -4.97124 11.7779 2.4
      vertex -6.05328 11.9541 9.4
      vertex -4.98055 11.7407 2.4
    endloop
  endfacet
  facet normal -0.977345 -0.144987 0.154194
    outer loop
      vertex 5.04805 11.2857 2.4
      vertex 6.14216 11.3549 9.4
      vertex 6.05778 11.9237 9.4
    endloop
  endfacet
  facet normal -0.977408 -0.144554 0.154199
    outer loop
      vertex 6.14216 11.3549 9.4
      vertex 5.04805 11.2857 2.4
      vertex 5.05367 11.2477 2.4
    endloop
  endfacet
  facet normal -0.732099 0.663518 0.154195
    outer loop
      vertex 3.59078 7.15922 2.4
      vertex 4.38477 6.40855 9.4
      vertex 3.8997 7.50007 2.4
    endloop
  endfacet
  facet normal -0.731965 0.663665 0.154195
    outer loop
      vertex 4.38477 6.40855 9.4
      vertex 3.59078 7.15922 2.4
      vertex 4.36417 6.38583 9.4
    endloop
  endfacet
  facet normal 0.793546 0.588652 0.154189
    outer loop
      vertex -5.11346 7.29646 9.4
      vertex -3.92544 7.52847 2.4
      vertex -3.94828 7.55926 2.4
    endloop
  endfacet
  facet normal 0.7936 0.588576 0.154196
    outer loop
      vertex -3.92544 7.52847 2.4
      vertex -5.11346 7.29646 9.4
      vertex -4.77092 6.8346 9.4
    endloop
  endfacet
  facet normal 0.731673 -0.663985 0.154199
    outer loop
      vertex -4.38477 15.0915 9.4
      vertex -3.59078 14.3408 2.4
      vertex -4.36417 15.1142 9.4
    endloop
  endfacet
  facet normal 0.732147 -0.663464 0.154197
    outer loop
      vertex -3.59078 14.3408 2.4
      vertex -4.38477 15.0915 9.4
      vertex -3.8997 13.9999 2.4
    endloop
  endfacet
  facet normal -0.146873 -0.977065 0.154183
    outer loop
      vertex 0.535662 15.798 2.4
      vertex 0.604949 16.8922 9.4
      vertex 0.497743 15.8037 2.4
    endloop
  endfacet
  facet normal -0.145022 -0.977338 0.154207
    outer loop
      vertex 0.604949 16.8922 9.4
      vertex 0.535662 15.798 2.4
      vertex 1.17374 16.8078 9.4
    endloop
  endfacet
  facet normal -0.239713 -0.958519 0.154207
    outer loop
      vertex 1.02788 15.7212 2.4
      vertex 1.20407 16.8033 9.4
      vertex 0.990693 15.7305 2.4
    endloop
  endfacet
  facet normal -0.240047 -0.958436 0.154202
    outer loop
      vertex 1.20407 16.8033 9.4
      vertex 1.02788 15.7212 2.4
      vertex 1.76185 16.6636 9.4
    endloop
  endfacet
  facet normal -0.663494 -0.73212 0.154195
    outer loop
      vertex 3.59078 14.3408 2.4
      vertex 4.34145 15.1348 9.4
      vertex 3.24993 14.6497 2.4
    endloop
  endfacet
  facet normal -0.663665 -0.731965 0.154196
    outer loop
      vertex 4.34145 15.1348 9.4
      vertex 3.59078 14.3408 2.4
      vertex 4.36417 15.1142 9.4
    endloop
  endfacet
  facet normal -0.793625 -0.588543 0.154198
    outer loop
      vertex 3.92544 13.9715 2.4
      vertex 5.11346 14.2035 9.4
      vertex 4.77092 14.6654 9.4
    endloop
  endfacet
  facet normal -0.793636 -0.588527 0.154199
    outer loop
      vertex 5.11346 14.2035 9.4
      vertex 3.92544 13.9715 2.4
      vertex 3.94828 13.9407 2.4
    endloop
  endfacet
  facet normal -0.958435 -0.240055 0.154195
    outer loop
      vertex 4.97124 11.7779 2.4
      vertex 6.05328 11.9541 9.4
      vertex 5.91357 12.5119 9.4
    endloop
  endfacet
  facet normal -0.958479 -0.239877 0.154197
    outer loop
      vertex 6.05328 11.9541 9.4
      vertex 4.97124 11.7779 2.4
      vertex 4.98055 11.7407 2.4
    endloop
  endfacet
  facet normal -0.986846 -0.0485673 0.154197
    outer loop
      vertex 5.05555 11.2095 2.4
      vertex 6.14216 11.3549 9.4
      vertex 5.05367 11.2477 2.4
    endloop
  endfacet
  facet normal -0.98685 -0.0484748 0.154196
    outer loop
      vertex 6.14216 11.3549 9.4
      vertex 5.05555 11.2095 2.4
      vertex 6.17037 10.7806 9.4
    endloop
  endfacet
  facet normal -0.98684 0.048697 0.154195
    outer loop
      vertex 5.07812 10.75 2.4
      vertex 6.17037 10.7194 9.4
      vertex 6.17188 10.75 9.4
    endloop
  endfacet
  facet normal -0.986851 0.0484727 0.154196
    outer loop
      vertex 6.17037 10.7194 9.4
      vertex 5.07812 10.75 2.4
      vertex 5.05555 10.2905 2.4
    endloop
  endfacet
  facet normal -0.986846 0.0485673 0.154197
    outer loop
      vertex 6.14216 10.1451 9.4
      vertex 5.05555 10.2905 2.4
      vertex 5.05367 10.2523 2.4
    endloop
  endfacet
  facet normal -0.98685 0.0484748 0.154196
    outer loop
      vertex 5.05555 10.2905 2.4
      vertex 6.14216 10.1451 9.4
      vertex 6.17037 10.7194 9.4
    endloop
  endfacet
  facet normal -0.930309 0.332787 0.1542
    outer loop
      vertex 4.69158 8.80669 2.4
      vertex 5.89578 8.92953 9.4
      vertex 4.70449 8.84278 2.4
    endloop
  endfacet
  facet normal -0.930287 0.332852 0.154195
    outer loop
      vertex 5.89578 8.92953 9.4
      vertex 4.69158 8.80669 2.4
      vertex 5.70207 8.38813 9.4
    endloop
  endfacet
  facet normal -0.958426 0.24009 0.154196
    outer loop
      vertex 4.85946 9.2759 2.4
      vertex 5.91357 8.98815 9.4
      vertex 4.97124 9.72212 2.4
    endloop
  endfacet
  facet normal -0.958445 0.240014 0.154196
    outer loop
      vertex 5.91357 8.98815 9.4
      vertex 4.85946 9.2759 2.4
      vertex 5.90612 8.9584 9.4
    endloop
  endfacet
  facet normal -0.0484775 0.98685 0.154196
    outer loop
      vertex 0 5.67188 2.4
      vertex 0.0306304 4.57963 9.4
      vertex 0.459455 5.69445 2.4
    endloop
  endfacet
  facet normal -0.0486488 0.986842 0.154195
    outer loop
      vertex 0.0306304 4.57963 9.4
      vertex 0 5.67188 2.4
      vertex 0 4.57812 9.4
    endloop
  endfacet
  facet normal -0.588641 0.793554 0.15419
    outer loop
      vertex 3.19074 6.80172 2.4
      vertex 3.42891 5.61827 9.4
      vertex 3.45354 5.63654 9.4
    endloop
  endfacet
  facet normal -0.588572 0.793604 0.154196
    outer loop
      vertex 3.42891 5.61827 9.4
      vertex 3.19074 6.80172 2.4
      vertex 2.82125 6.52769 2.4
    endloop
  endfacet
  facet normal -0.333152 0.930183 0.154174
    outer loop
      vertex 1.90722 6.04551 2.4
      vertex 1.7916 4.84388 9.4
      vertex 1.82047 4.85422 9.4
    endloop
  endfacet
  facet normal -0.332855 0.930285 0.154196
    outer loop
      vertex 1.7916 4.84388 9.4
      vertex 1.90722 6.04551 2.4
      vertex 1.4741 5.89054 2.4
    endloop
  endfacet
  facet normal 0.98684 0.048697 0.154195
    outer loop
      vertex -6.17037 10.7194 9.4
      vertex -5.07812 10.75 2.4
      vertex -6.17188 10.75 9.4
    endloop
  endfacet
  facet normal 0.986851 0.0484727 0.154196
    outer loop
      vertex -5.07812 10.75 2.4
      vertex -6.17037 10.7194 9.4
      vertex -5.05555 10.2905 2.4
    endloop
  endfacet
  facet normal 0.893207 0.422379 0.154195
    outer loop
      vertex -5.70207 8.38813 9.4
      vertex -4.67519 8.77203 2.4
      vertex -4.69158 8.80669 2.4
    endloop
  endfacet
  facet normal 0.893179 0.422439 0.154195
    outer loop
      vertex -4.67519 8.77203 2.4
      vertex -5.70207 8.38813 9.4
      vertex -5.45622 7.86832 9.4
    endloop
  endfacet
  facet normal 0.793596 0.588582 0.154195
    outer loop
      vertex -5.13173 7.32109 9.4
      vertex -3.94828 7.55926 2.4
      vertex -4.22231 7.92874 2.4
    endloop
  endfacet
  facet normal 0.793554 0.588641 0.15419
    outer loop
      vertex -3.94828 7.55926 2.4
      vertex -5.13173 7.32109 9.4
      vertex -5.11346 7.29646 9.4
    endloop
  endfacet
  facet normal 0.663518 0.732099 0.154195
    outer loop
      vertex -3.59078 7.15922 2.4
      vertex -4.34145 6.36523 9.4
      vertex -3.24993 6.8503 2.4
    endloop
  endfacet
  facet normal 0.663665 0.731965 0.154195
    outer loop
      vertex -4.34145 6.36523 9.4
      vertex -3.59078 7.15922 2.4
      vertex -4.36417 6.38583 9.4
    endloop
  endfacet
  facet normal 0.239956 0.95846 0.154196
    outer loop
      vertex -1.02788 5.77876 2.4
      vertex -1.20407 4.69672 9.4
      vertex -0.990693 5.76945 2.4
    endloop
  endfacet
  facet normal 0.240064 0.958433 0.154194
    outer loop
      vertex -1.20407 4.69672 9.4
      vertex -1.02788 5.77876 2.4
      vertex -1.76185 4.83643 9.4
    endloop
  endfacet
  facet normal 0.422446 0.893176 0.154195
    outer loop
      vertex -2.39381 6.27149 2.4
      vertex -2.88168 5.29378 9.4
      vertex -1.97797 6.07481 2.4
    endloop
  endfacet
  facet normal 0.422426 0.893185 0.154195
    outer loop
      vertex -2.88168 5.29378 9.4
      vertex -2.39381 6.27149 2.4
      vertex -2.9094 5.30689 9.4
    endloop
  endfacet
  facet normal 0.977391 -0.14468 0.154193
    outer loop
      vertex -6.05778 11.9237 9.4
      vertex -4.98055 11.7407 2.4
      vertex -6.05328 11.9541 9.4
    endloop
  endfacet
  facet normal 0.977344 -0.144991 0.154194
    outer loop
      vertex -4.98055 11.7407 2.4
      vertex -6.05778 11.9237 9.4
      vertex -5.04805 11.2857 2.4
    endloop
  endfacet
  facet normal 0.930287 -0.332852 0.154197
    outer loop
      vertex -5.89578 12.5705 9.4
      vertex -4.69158 12.6933 2.4
      vertex -5.70207 13.1119 9.4
    endloop
  endfacet
  facet normal 0.930337 -0.332705 0.154208
    outer loop
      vertex -4.69158 12.6933 2.4
      vertex -5.89578 12.5705 9.4
      vertex -4.70449 12.6572 2.4
    endloop
  endfacet
  facet normal 0.958349 -0.240394 0.154199
    outer loop
      vertex -5.91357 12.5119 9.4
      vertex -4.85946 12.2241 2.4
      vertex -5.90612 12.5416 9.4
    endloop
  endfacet
  facet normal 0.958423 -0.2401 0.154198
    outer loop
      vertex -4.85946 12.2241 2.4
      vertex -5.91357 12.5119 9.4
      vertex -4.97124 11.7779 2.4
    endloop
  endfacet
  facet normal 0.0483274 -0.986857 0.154203
    outer loop
      vertex 0 15.8281 2.4
      vertex -0.0306304 16.9204 9.4
      vertex -0.459455 15.8056 2.4
    endloop
  endfacet
  facet normal 0.0483273 -0.986857 0.154203
    outer loop
      vertex -0.0306304 16.9204 9.4
      vertex 0 15.8281 2.4
      vertex 0 16.9219 9.4
    endloop
  endfacet
  facet normal 0.507976 -0.847458 0.154194
    outer loop
      vertex -2.82125 14.9723 2.4
      vertex -2.9094 16.1931 9.4
      vertex -3.42891 15.8817 9.4
    endloop
  endfacet
  facet normal 0.507958 -0.847468 0.154195
    outer loop
      vertex -2.9094 16.1931 9.4
      vertex -2.82125 14.9723 2.4
      vertex -2.39381 15.2285 2.4
    endloop
  endfacet
  facet normal 0.587172 -0.794617 0.154314
    outer loop
      vertex -3.19074 14.6983 2.4
      vertex -3.42891 15.8817 9.4
      vertex -3.45354 15.8635 9.4
    endloop
  endfacet
  facet normal 0.58853 -0.793635 0.154194
    outer loop
      vertex -3.42891 15.8817 9.4
      vertex -3.19074 14.6983 2.4
      vertex -2.82125 14.9723 2.4
    endloop
  endfacet
  facet normal 0.332004 -0.930579 0.154257
    outer loop
      vertex -1.90722 15.4545 2.4
      vertex -1.7916 16.6561 9.4
      vertex -1.82047 16.6458 9.4
    endloop
  endfacet
  facet normal 0.332913 -0.930266 0.154188
    outer loop
      vertex -1.7916 16.6561 9.4
      vertex -1.90722 15.4545 2.4
      vertex -1.4741 15.6095 2.4
    endloop
  endfacet
  facet normal -0.144981 -0.977344 0.154204
    outer loop
      vertex 0.990693 15.7305 2.4
      vertex 1.17374 16.8078 9.4
      vertex 0.535662 15.798 2.4
    endloop
  endfacet
  facet normal -0.145006 -0.97734 0.154205
    outer loop
      vertex 1.17374 16.8078 9.4
      vertex 0.990693 15.7305 2.4
      vertex 1.20407 16.8033 9.4
    endloop
  endfacet
  facet normal -0.332558 -0.930388 0.154217
    outer loop
      vertex 1.94331 15.4416 2.4
      vertex 1.82047 16.6458 9.4
      vertex 1.90722 15.4545 2.4
    endloop
  endfacet
  facet normal -0.332836 -0.930292 0.154196
    outer loop
      vertex 1.82047 16.6458 9.4
      vertex 1.94331 15.4416 2.4
      vertex 2.36187 16.4521 9.4
    endloop
  endfacet
  facet normal -0.239928 -0.958467 0.154194
    outer loop
      vertex 1.4741 15.6095 2.4
      vertex 1.76185 16.6636 9.4
      vertex 1.02788 15.7212 2.4
    endloop
  endfacet
  facet normal -0.241529 -0.958064 0.154199
    outer loop
      vertex 1.76185 16.6636 9.4
      vertex 1.4741 15.6095 2.4
      vertex 1.7916 16.6561 9.4
    endloop
  endfacet
  facet normal -0.793215 -0.589107 0.154151
    outer loop
      vertex 3.94828 13.9407 2.4
      vertex 5.13173 14.1789 9.4
      vertex 5.11346 14.2035 9.4
    endloop
  endfacet
  facet normal -0.793536 -0.588665 0.15419
    outer loop
      vertex 5.13173 14.1789 9.4
      vertex 3.94828 13.9407 2.4
      vertex 4.22231 13.5713 2.4
    endloop
  endfacet
  facet normal -0.977391 -0.14468 0.154193
    outer loop
      vertex 4.98055 11.7407 2.4
      vertex 6.05778 11.9237 9.4
      vertex 6.05328 11.9541 9.4
    endloop
  endfacet
  facet normal -0.977344 -0.144991 0.154194
    outer loop
      vertex 6.05778 11.9237 9.4
      vertex 4.98055 11.7407 2.4
      vertex 5.04805 11.2857 2.4
    endloop
  endfacet
  facet normal -0.930337 -0.332705 0.154208
    outer loop
      vertex 5.89578 12.5705 9.4
      vertex 4.69158 12.6933 2.4
      vertex 4.70449 12.6572 2.4
    endloop
  endfacet
  facet normal -0.930287 -0.332852 0.154197
    outer loop
      vertex 4.69158 12.6933 2.4
      vertex 5.89578 12.5705 9.4
      vertex 5.70207 13.1119 9.4
    endloop
  endfacet
  facet normal -0.958349 -0.240394 0.154199
    outer loop
      vertex 4.85946 12.2241 2.4
      vertex 5.91357 12.5119 9.4
      vertex 5.90612 12.5416 9.4
    endloop
  endfacet
  facet normal -0.958423 -0.2401 0.154198
    outer loop
      vertex 5.91357 12.5119 9.4
      vertex 4.85946 12.2241 2.4
      vertex 4.97124 11.7779 2.4
    endloop
  endfacet
  facet normal -0.977408 0.144554 0.154199
    outer loop
      vertex 5.04805 10.2143 2.4
      vertex 6.14216 10.1451 9.4
      vertex 5.05367 10.2523 2.4
    endloop
  endfacet
  facet normal -0.977346 0.144977 0.154194
    outer loop
      vertex 6.14216 10.1451 9.4
      vertex 5.04805 10.2143 2.4
      vertex 6.05778 9.57626 9.4
    endloop
  endfacet
  facet normal -0.977344 0.144994 0.154195
    outer loop
      vertex 4.98055 9.75931 2.4
      vertex 6.05778 9.57626 9.4
      vertex 5.04805 10.2143 2.4
    endloop
  endfacet
  facet normal -0.977342 0.145006 0.154195
    outer loop
      vertex 6.05778 9.57626 9.4
      vertex 4.98055 9.75931 2.4
      vertex 6.05328 9.54593 9.4
    endloop
  endfacet
  facet normal -0.930285 0.332855 0.154196
    outer loop
      vertex 4.70449 8.84278 2.4
      vertex 5.90612 8.9584 9.4
      vertex 4.85946 9.2759 2.4
    endloop
  endfacet
  facet normal -0.930183 0.333152 0.154174
    outer loop
      vertex 5.90612 8.9584 9.4
      vertex 4.70449 8.84278 2.4
      vertex 5.89578 8.92953 9.4
    endloop
  endfacet
  facet normal -0.793546 0.588652 0.154189
    outer loop
      vertex 3.92544 7.52847 2.4
      vertex 5.11346 7.29646 9.4
      vertex 3.94828 7.55926 2.4
    endloop
  endfacet
  facet normal -0.7936 0.588576 0.154196
    outer loop
      vertex 5.11346 7.29646 9.4
      vertex 3.92544 7.52847 2.4
      vertex 4.77092 6.8346 9.4
    endloop
  endfacet
  facet normal -0.732093 0.663524 0.154196
    outer loop
      vertex 3.8997 7.50007 2.4
      vertex 4.77092 6.8346 9.4
      vertex 3.92544 7.52847 2.4
    endloop
  endfacet
  facet normal -0.732089 0.663528 0.154196
    outer loop
      vertex 4.77092 6.8346 9.4
      vertex 3.8997 7.50007 2.4
      vertex 4.38477 6.40855 9.4
    endloop
  endfacet
  facet normal -0.893207 0.422379 0.154195
    outer loop
      vertex 4.67519 8.77203 2.4
      vertex 5.70207 8.38813 9.4
      vertex 4.69158 8.80669 2.4
    endloop
  endfacet
  facet normal -0.893179 0.422439 0.154195
    outer loop
      vertex 5.70207 8.38813 9.4
      vertex 4.67519 8.77203 2.4
      vertex 5.45622 7.86832 9.4
    endloop
  endfacet
  facet normal -0.240014 0.958445 0.154196
    outer loop
      vertex 1.4741 5.89054 2.4
      vertex 1.76185 4.83643 9.4
      vertex 1.7916 4.84388 9.4
    endloop
  endfacet
  facet normal -0.24009 0.958426 0.154196
    outer loop
      vertex 1.76185 4.83643 9.4
      vertex 1.4741 5.89054 2.4
      vertex 1.02788 5.77876 2.4
    endloop
  endfacet
  facet normal -0.144989 0.977344 0.154195
    outer loop
      vertex 0.535662 5.70195 2.4
      vertex 0.604949 4.60784 9.4
      vertex 1.17374 4.69222 9.4
    endloop
  endfacet
  facet normal -0.144856 0.977364 0.154197
    outer loop
      vertex 0.604949 4.60784 9.4
      vertex 0.535662 5.70195 2.4
      vertex 0.497743 5.69633 2.4
    endloop
  endfacet
  facet normal -0.422426 0.893185 0.154195
    outer loop
      vertex 2.39381 6.27149 2.4
      vertex 2.88168 5.29378 9.4
      vertex 2.9094 5.30689 9.4
    endloop
  endfacet
  facet normal -0.422446 0.893176 0.154195
    outer loop
      vertex 2.88168 5.29378 9.4
      vertex 2.39381 6.27149 2.4
      vertex 1.97797 6.07481 2.4
    endloop
  endfacet
  facet normal -0.507951 0.847472 0.154196
    outer loop
      vertex 2.82125 6.52769 2.4
      vertex 2.9094 5.30689 9.4
      vertex 3.42891 5.61827 9.4
    endloop
  endfacet
  facet normal -0.507958 0.847468 0.154195
    outer loop
      vertex 2.9094 5.30689 9.4
      vertex 2.82125 6.52769 2.4
      vertex 2.39381 6.27149 2.4
    endloop
  endfacet
  facet normal -0.663665 0.731965 0.154195
    outer loop
      vertex 3.59078 7.15922 2.4
      vertex 4.34145 6.36523 9.4
      vertex 4.36417 6.38583 9.4
    endloop
  endfacet
  facet normal -0.663518 0.732099 0.154195
    outer loop
      vertex 4.34145 6.36523 9.4
      vertex 3.59078 7.15922 2.4
      vertex 3.24993 6.8503 2.4
    endloop
  endfacet
  facet normal -0.422439 0.893179 0.154195
    outer loop
      vertex 1.97797 6.07481 2.4
      vertex 2.36187 5.04793 9.4
      vertex 2.88168 5.29378 9.4
    endloop
  endfacet
  facet normal -0.422379 0.893207 0.154195
    outer loop
      vertex 2.36187 5.04793 9.4
      vertex 1.97797 6.07481 2.4
      vertex 1.94331 6.05842 2.4
    endloop
  endfacet
  facet normal -0.332852 0.930287 0.154195
    outer loop
      vertex 1.94331 6.05842 2.4
      vertex 1.82047 4.85422 9.4
      vertex 2.36187 5.04793 9.4
    endloop
  endfacet
  facet normal -0.332787 0.930309 0.1542
    outer loop
      vertex 1.82047 4.85422 9.4
      vertex 1.94331 6.05842 2.4
      vertex 1.90722 6.04551 2.4
    endloop
  endfacet
  facet normal -0.240064 0.958433 0.154194
    outer loop
      vertex 1.02788 5.77876 2.4
      vertex 1.20407 4.69672 9.4
      vertex 1.76185 4.83643 9.4
    endloop
  endfacet
  facet normal -0.239956 0.95846 0.154196
    outer loop
      vertex 1.20407 4.69672 9.4
      vertex 1.02788 5.77876 2.4
      vertex 0.990693 5.76945 2.4
    endloop
  endfacet
  facet normal 0.958426 0.24009 0.154196
    outer loop
      vertex -5.91357 8.98815 9.4
      vertex -4.85946 9.2759 2.4
      vertex -4.97124 9.72212 2.4
    endloop
  endfacet
  facet normal 0.958445 0.240014 0.154196
    outer loop
      vertex -4.85946 9.2759 2.4
      vertex -5.91357 8.98815 9.4
      vertex -5.90612 8.9584 9.4
    endloop
  endfacet
  facet normal 0.977408 0.144554 0.154199
    outer loop
      vertex -6.14216 10.1451 9.4
      vertex -5.04805 10.2143 2.4
      vertex -5.05367 10.2523 2.4
    endloop
  endfacet
  facet normal 0.977346 0.144977 0.154194
    outer loop
      vertex -5.04805 10.2143 2.4
      vertex -6.14216 10.1451 9.4
      vertex -6.05778 9.57626 9.4
    endloop
  endfacet
  facet normal 0.847474 0.507949 0.154195
    outer loop
      vertex -5.44311 7.8406 9.4
      vertex -4.22231 7.92874 2.4
      vertex -4.47851 8.35619 2.4
    endloop
  endfacet
  facet normal 0.847472 0.507952 0.154195
    outer loop
      vertex -4.22231 7.92874 2.4
      vertex -5.44311 7.8406 9.4
      vertex -5.13173 7.32109 9.4
    endloop
  endfacet
  facet normal 0.958464 0.239938 0.154196
    outer loop
      vertex -6.05328 9.54593 9.4
      vertex -4.97124 9.72212 2.4
      vertex -4.98055 9.75931 2.4
    endloop
  endfacet
  facet normal 0.958433 0.240064 0.154194
    outer loop
      vertex -4.97124 9.72212 2.4
      vertex -6.05328 9.54593 9.4
      vertex -5.91357 8.98815 9.4
    endloop
  endfacet
  facet normal 0.588652 0.793546 0.154189
    outer loop
      vertex -3.22153 6.82456 2.4
      vertex -3.45354 5.63654 9.4
      vertex -3.19074 6.80172 2.4
    endloop
  endfacet
  facet normal 0.588576 0.7936 0.154196
    outer loop
      vertex -3.45354 5.63654 9.4
      vertex -3.22153 6.82456 2.4
      vertex -3.9154 5.97908 9.4
    endloop
  endfacet
  facet normal 0.332855 0.930285 0.154196
    outer loop
      vertex -1.90722 6.04551 2.4
      vertex -1.7916 4.84388 9.4
      vertex -1.4741 5.89054 2.4
    endloop
  endfacet
  facet normal 0.333152 0.930183 0.154174
    outer loop
      vertex -1.7916 4.84388 9.4
      vertex -1.90722 6.04551 2.4
      vertex -1.82047 4.85422 9.4
    endloop
  endfacet
  facet normal 0.24009 0.958426 0.154196
    outer loop
      vertex -1.4741 5.89054 2.4
      vertex -1.76185 4.83643 9.4
      vertex -1.02788 5.77876 2.4
    endloop
  endfacet
  facet normal 0.240014 0.958445 0.154196
    outer loop
      vertex -1.76185 4.83643 9.4
      vertex -1.4741 5.89054 2.4
      vertex -1.7916 4.84388 9.4
    endloop
  endfacet
  facet normal 0.0486488 0.986842 0.154195
    outer loop
      vertex 0 5.67188 2.4
      vertex -0.0306304 4.57963 9.4
      vertex 0 4.57812 9.4
    endloop
  endfacet
  facet normal 0.0484775 0.98685 0.154196
    outer loop
      vertex -0.0306304 4.57963 9.4
      vertex 0 5.67188 2.4
      vertex -0.459455 5.69445 2.4
    endloop
  endfacet
  facet normal 0.144856 0.977364 0.154197
    outer loop
      vertex -0.535662 5.70195 2.4
      vertex -0.604949 4.60784 9.4
      vertex -0.497743 5.69633 2.4
    endloop
  endfacet
  facet normal 0.144989 0.977344 0.154195
    outer loop
      vertex -0.604949 4.60784 9.4
      vertex -0.535662 5.70195 2.4
      vertex -1.17374 4.69222 9.4
    endloop
  endfacet
  facet normal 0.332787 0.930309 0.1542
    outer loop
      vertex -1.94331 6.05842 2.4
      vertex -1.82047 4.85422 9.4
      vertex -1.90722 6.04551 2.4
    endloop
  endfacet
  facet normal 0.332852 0.930287 0.154195
    outer loop
      vertex -1.82047 4.85422 9.4
      vertex -1.94331 6.05842 2.4
      vertex -2.36187 5.04793 9.4
    endloop
  endfacet
  facet normal 0.422379 0.893207 0.154195
    outer loop
      vertex -1.97797 6.07481 2.4
      vertex -2.36187 5.04793 9.4
      vertex -1.94331 6.05842 2.4
    endloop
  endfacet
  facet normal 0.422439 0.893179 0.154195
    outer loop
      vertex -2.36187 5.04793 9.4
      vertex -1.97797 6.07481 2.4
      vertex -2.88168 5.29378 9.4
    endloop
  endfacet
  facet normal 0.507958 0.847468 0.154195
    outer loop
      vertex -2.82125 6.52769 2.4
      vertex -2.9094 5.30689 9.4
      vertex -2.39381 6.27149 2.4
    endloop
  endfacet
  facet normal 0.507951 0.847472 0.154196
    outer loop
      vertex -2.9094 5.30689 9.4
      vertex -2.82125 6.52769 2.4
      vertex -3.42891 5.61827 9.4
    endloop
  endfacet
  facet normal 0.98684 -0.048697 0.154195
    outer loop
      vertex -5.07812 10.75 2.4
      vertex -6.17037 10.7806 9.4
      vertex -6.17188 10.75 9.4
    endloop
  endfacet
  facet normal 0.986851 -0.0484727 0.154196
    outer loop
      vertex -6.17037 10.7806 9.4
      vertex -5.07812 10.75 2.4
      vertex -5.05555 11.2095 2.4
    endloop
  endfacet
  facet normal 0.986846 -0.0485673 0.154197
    outer loop
      vertex -6.14216 11.3549 9.4
      vertex -5.05555 11.2095 2.4
      vertex -5.05367 11.2477 2.4
    endloop
  endfacet
  facet normal 0.98685 -0.0484748 0.154196
    outer loop
      vertex -5.05555 11.2095 2.4
      vertex -6.14216 11.3549 9.4
      vertex -6.17037 10.7806 9.4
    endloop
  endfacet
  facet normal 0.930289 -0.332844 0.154198
    outer loop
      vertex -5.90612 12.5416 9.4
      vertex -4.70449 12.6572 2.4
      vertex -5.89578 12.5705 9.4
    endloop
  endfacet
  facet normal 0.93028 -0.332869 0.154196
    outer loop
      vertex -4.70449 12.6572 2.4
      vertex -5.90612 12.5416 9.4
      vertex -4.85946 12.2241 2.4
    endloop
  endfacet
  facet normal 0.793625 -0.588543 0.154198
    outer loop
      vertex -5.11346 14.2035 9.4
      vertex -3.92544 13.9715 2.4
      vertex -4.77092 14.6654 9.4
    endloop
  endfacet
  facet normal 0.793636 -0.588527 0.154199
    outer loop
      vertex -3.92544 13.9715 2.4
      vertex -5.11346 14.2035 9.4
      vertex -3.94828 13.9407 2.4
    endloop
  endfacet
  facet normal 0.732127 -0.663485 0.154199
    outer loop
      vertex -4.77092 14.6654 9.4
      vertex -3.8997 13.9999 2.4
      vertex -4.38477 15.0915 9.4
    endloop
  endfacet
  facet normal 0.732093 -0.663523 0.154198
    outer loop
      vertex -3.8997 13.9999 2.4
      vertex -4.77092 14.6654 9.4
      vertex -3.92544 13.9715 2.4
    endloop
  endfacet
  facet normal 0.893067 -0.422675 0.154198
    outer loop
      vertex -5.45622 13.6317 9.4
      vertex -4.47851 13.1438 2.4
      vertex -5.44311 13.6594 9.4
    endloop
  endfacet
  facet normal 0.89316 -0.422479 0.154197
    outer loop
      vertex -4.47851 13.1438 2.4
      vertex -5.45622 13.6317 9.4
      vertex -4.67519 12.728 2.4
    endloop
  endfacet
  facet normal 0.893176 -0.422446 0.154195
    outer loop
      vertex -5.70207 13.1119 9.4
      vertex -4.67519 12.728 2.4
      vertex -5.45622 13.6317 9.4
    endloop
  endfacet
  facet normal 0.893395 -0.421981 0.154201
    outer loop
      vertex -4.67519 12.728 2.4
      vertex -5.70207 13.1119 9.4
      vertex -4.69158 12.6933 2.4
    endloop
  endfacet
  facet normal 0.241529 -0.958064 0.154199
    outer loop
      vertex -1.4741 15.6095 2.4
      vertex -1.76185 16.6636 9.4
      vertex -1.7916 16.6561 9.4
    endloop
  endfacet
  facet normal 0.239928 -0.958467 0.154194
    outer loop
      vertex -1.76185 16.6636 9.4
      vertex -1.4741 15.6095 2.4
      vertex -1.02788 15.7212 2.4
    endloop
  endfacet
  facet normal 0.145022 -0.977338 0.154207
    outer loop
      vertex -0.535662 15.798 2.4
      vertex -0.604949 16.8922 9.4
      vertex -1.17374 16.8078 9.4
    endloop
  endfacet
  facet normal 0.146873 -0.977065 0.154183
    outer loop
      vertex -0.604949 16.8922 9.4
      vertex -0.535662 15.798 2.4
      vertex -0.497743 15.8037 2.4
    endloop
  endfacet
  facet normal 0.422163 -0.89331 0.154193
    outer loop
      vertex -2.39381 15.2285 2.4
      vertex -2.88168 16.2062 9.4
      vertex -2.9094 16.1931 9.4
    endloop
  endfacet
  facet normal 0.422481 -0.89316 0.154194
    outer loop
      vertex -2.88168 16.2062 9.4
      vertex -2.39381 15.2285 2.4
      vertex -1.97797 15.4252 2.4
    endloop
  endfacet
  facet normal 0.663665 -0.731965 0.154196
    outer loop
      vertex -3.59078 14.3408 2.4
      vertex -4.34145 15.1348 9.4
      vertex -4.36417 15.1142 9.4
    endloop
  endfacet
  facet normal 0.663494 -0.73212 0.154195
    outer loop
      vertex -4.34145 15.1348 9.4
      vertex -3.59078 14.3408 2.4
      vertex -3.24993 14.6497 2.4
    endloop
  endfacet
  facet normal 0.422509 -0.893146 0.154196
    outer loop
      vertex -1.97797 15.4252 2.4
      vertex -2.36187 16.4521 9.4
      vertex -2.88168 16.2062 9.4
    endloop
  endfacet
  facet normal 0.42259 -0.893108 0.154195
    outer loop
      vertex -2.36187 16.4521 9.4
      vertex -1.97797 15.4252 2.4
      vertex -1.94331 15.4416 2.4
    endloop
  endfacet
  facet normal 0.332836 -0.930292 0.154196
    outer loop
      vertex -1.94331 15.4416 2.4
      vertex -1.82047 16.6458 9.4
      vertex -2.36187 16.4521 9.4
    endloop
  endfacet
  facet normal 0.332558 -0.930388 0.154217
    outer loop
      vertex -1.82047 16.6458 9.4
      vertex -1.94331 15.4416 2.4
      vertex -1.90722 15.4545 2.4
    endloop
  endfacet
  facet normal 0.240047 -0.958436 0.154202
    outer loop
      vertex -1.02788 15.7212 2.4
      vertex -1.20407 16.8033 9.4
      vertex -1.76185 16.6636 9.4
    endloop
  endfacet
  facet normal 0.239713 -0.958519 0.154207
    outer loop
      vertex -1.20407 16.8033 9.4
      vertex -1.02788 15.7212 2.4
      vertex -0.990693 15.7305 2.4
    endloop
  endfacet
  facet normal -0.589655 -0.792816 0.154107
    outer loop
      vertex 3.22153 14.6754 2.4
      vertex 3.45354 15.8635 9.4
      vertex 3.19074 14.6983 2.4
    endloop
  endfacet
  facet normal -0.588643 -0.793551 0.154198
    outer loop
      vertex 3.45354 15.8635 9.4
      vertex 3.22153 14.6754 2.4
      vertex 3.9154 15.5209 9.4
    endloop
  endfacet
  facet normal -0.662956 -0.732605 0.154203
    outer loop
      vertex 3.24993 14.6497 2.4
      vertex 3.9154 15.5209 9.4
      vertex 3.22153 14.6754 2.4
    endloop
  endfacet
  facet normal -0.663481 -0.732132 0.154194
    outer loop
      vertex 3.9154 15.5209 9.4
      vertex 3.24993 14.6497 2.4
      vertex 4.34145 15.1348 9.4
    endloop
  endfacet
  facet normal -0.422481 -0.89316 0.154194
    outer loop
      vertex 2.39381 15.2285 2.4
      vertex 2.88168 16.2062 9.4
      vertex 1.97797 15.4252 2.4
    endloop
  endfacet
  facet normal -0.422163 -0.89331 0.154193
    outer loop
      vertex 2.88168 16.2062 9.4
      vertex 2.39381 15.2285 2.4
      vertex 2.9094 16.1931 9.4
    endloop
  endfacet
  facet normal -0.42259 -0.893108 0.154195
    outer loop
      vertex 1.97797 15.4252 2.4
      vertex 2.36187 16.4521 9.4
      vertex 1.94331 15.4416 2.4
    endloop
  endfacet
  facet normal -0.422509 -0.893146 0.154196
    outer loop
      vertex 2.36187 16.4521 9.4
      vertex 1.97797 15.4252 2.4
      vertex 2.88168 16.2062 9.4
    endloop
  endfacet
  facet normal -0.0483273 -0.986857 0.154203
    outer loop
      vertex 0 15.8281 2.4
      vertex 0.0306304 16.9204 9.4
      vertex 0 16.9219 9.4
    endloop
  endfacet
  facet normal -0.0483274 -0.986857 0.154203
    outer loop
      vertex 0.0306304 16.9204 9.4
      vertex 0 15.8281 2.4
      vertex 0.459455 15.8056 2.4
    endloop
  endfacet
  facet normal -0.0484561 -0.986852 0.154195
    outer loop
      vertex 0.459455 15.8056 2.4
      vertex 0.604949 16.8922 9.4
      vertex 0.0306304 16.9204 9.4
    endloop
  endfacet
  facet normal -0.0489701 -0.986825 0.154201
    outer loop
      vertex 0.604949 16.8922 9.4
      vertex 0.459455 15.8056 2.4
      vertex 0.497743 15.8037 2.4
    endloop
  endfacet
  facet normal -0.332913 -0.930266 0.154188
    outer loop
      vertex 1.90722 15.4545 2.4
      vertex 1.7916 16.6561 9.4
      vertex 1.4741 15.6095 2.4
    endloop
  endfacet
  facet normal -0.332004 -0.930579 0.154257
    outer loop
      vertex 1.7916 16.6561 9.4
      vertex 1.90722 15.4545 2.4
      vertex 1.82047 16.6458 9.4
    endloop
  endfacet
  facet normal -0.731673 -0.663985 0.154199
    outer loop
      vertex 3.59078 14.3408 2.4
      vertex 4.38477 15.0915 9.4
      vertex 4.36417 15.1142 9.4
    endloop
  endfacet
  facet normal -0.732147 -0.663464 0.154197
    outer loop
      vertex 4.38477 15.0915 9.4
      vertex 3.59078 14.3408 2.4
      vertex 3.8997 13.9999 2.4
    endloop
  endfacet
  facet normal -0.732127 -0.663485 0.154199
    outer loop
      vertex 3.8997 13.9999 2.4
      vertex 4.77092 14.6654 9.4
      vertex 4.38477 15.0915 9.4
    endloop
  endfacet
  facet normal -0.732093 -0.663523 0.154198
    outer loop
      vertex 4.77092 14.6654 9.4
      vertex 3.8997 13.9999 2.4
      vertex 3.92544 13.9715 2.4
    endloop
  endfacet
  facet normal -0.847468 -0.507959 0.154192
    outer loop
      vertex 4.22231 13.5713 2.4
      vertex 5.44311 13.6594 9.4
      vertex 5.13173 14.1789 9.4
    endloop
  endfacet
  facet normal -0.8475 -0.507905 0.154196
    outer loop
      vertex 5.44311 13.6594 9.4
      vertex 4.22231 13.5713 2.4
      vertex 4.47851 13.1438 2.4
    endloop
  endfacet
  facet normal -0.893176 -0.422446 0.154195
    outer loop
      vertex 4.67519 12.728 2.4
      vertex 5.70207 13.1119 9.4
      vertex 5.45622 13.6317 9.4
    endloop
  endfacet
  facet normal -0.893395 -0.421981 0.154201
    outer loop
      vertex 5.70207 13.1119 9.4
      vertex 4.67519 12.728 2.4
      vertex 4.69158 12.6933 2.4
    endloop
  endfacet
  facet normal -0.793596 0.588582 0.154195
    outer loop
      vertex 3.94828 7.55926 2.4
      vertex 5.13173 7.32109 9.4
      vertex 4.22231 7.92874 2.4
    endloop
  endfacet
  facet normal -0.793554 0.588641 0.15419
    outer loop
      vertex 5.13173 7.32109 9.4
      vertex 3.94828 7.55926 2.4
      vertex 5.11346 7.29646 9.4
    endloop
  endfacet
  facet normal -0.893176 0.422446 0.154195
    outer loop
      vertex 4.47851 8.35619 2.4
      vertex 5.45622 7.86832 9.4
      vertex 4.67519 8.77203 2.4
    endloop
  endfacet
  facet normal -0.893185 0.422426 0.154195
    outer loop
      vertex 5.45622 7.86832 9.4
      vertex 4.47851 8.35619 2.4
      vertex 5.44311 7.8406 9.4
    endloop
  endfacet
  facet normal -0.847474 0.507949 0.154195
    outer loop
      vertex 4.22231 7.92874 2.4
      vertex 5.44311 7.8406 9.4
      vertex 4.47851 8.35619 2.4
    endloop
  endfacet
  facet normal -0.847472 0.507952 0.154195
    outer loop
      vertex 5.44311 7.8406 9.4
      vertex 4.22231 7.92874 2.4
      vertex 5.13173 7.32109 9.4
    endloop
  endfacet
  facet normal -0.145006 0.977342 0.154195
    outer loop
      vertex 0.990693 5.76945 2.4
      vertex 1.17374 4.69222 9.4
      vertex 1.20407 4.69672 9.4
    endloop
  endfacet
  facet normal -0.144981 0.977346 0.154195
    outer loop
      vertex 1.17374 4.69222 9.4
      vertex 0.990693 5.76945 2.4
      vertex 0.535662 5.70195 2.4
    endloop
  endfacet
  facet normal -0.663528 0.732089 0.154196
    outer loop
      vertex 3.24993 6.8503 2.4
      vertex 3.9154 5.97908 9.4
      vertex 4.34145 6.36523 9.4
    endloop
  endfacet
  facet normal -0.663524 0.732093 0.154196
    outer loop
      vertex 3.9154 5.97908 9.4
      vertex 3.24993 6.8503 2.4
      vertex 3.22153 6.82456 2.4
    endloop
  endfacet
  facet normal -0.588576 0.7936 0.154196
    outer loop
      vertex 3.22153 6.82456 2.4
      vertex 3.45354 5.63654 9.4
      vertex 3.9154 5.97908 9.4
    endloop
  endfacet
  facet normal -0.588652 0.793546 0.154189
    outer loop
      vertex 3.45354 5.63654 9.4
      vertex 3.22153 6.82456 2.4
      vertex 3.19074 6.80172 2.4
    endloop
  endfacet
  facet normal 0.977344 0.144994 0.154195
    outer loop
      vertex -6.05778 9.57626 9.4
      vertex -4.98055 9.75931 2.4
      vertex -5.04805 10.2143 2.4
    endloop
  endfacet
  facet normal 0.977342 0.145006 0.154195
    outer loop
      vertex -4.98055 9.75931 2.4
      vertex -6.05778 9.57626 9.4
      vertex -6.05328 9.54593 9.4
    endloop
  endfacet
  facet normal 0.732099 0.663518 0.154195
    outer loop
      vertex -4.38477 6.40855 9.4
      vertex -3.59078 7.15922 2.4
      vertex -3.8997 7.50007 2.4
    endloop
  endfacet
  facet normal 0.731965 0.663665 0.154195
    outer loop
      vertex -3.59078 7.15922 2.4
      vertex -4.38477 6.40855 9.4
      vertex -4.36417 6.38583 9.4
    endloop
  endfacet
  facet normal 0.732093 0.663524 0.154196
    outer loop
      vertex -4.77092 6.8346 9.4
      vertex -3.8997 7.50007 2.4
      vertex -3.92544 7.52847 2.4
    endloop
  endfacet
  facet normal 0.732089 0.663528 0.154196
    outer loop
      vertex -3.8997 7.50007 2.4
      vertex -4.77092 6.8346 9.4
      vertex -4.38477 6.40855 9.4
    endloop
  endfacet
  facet normal 0.588572 0.793604 0.154196
    outer loop
      vertex -3.19074 6.80172 2.4
      vertex -3.42891 5.61827 9.4
      vertex -2.82125 6.52769 2.4
    endloop
  endfacet
  facet normal 0.588641 0.793554 0.15419
    outer loop
      vertex -3.42891 5.61827 9.4
      vertex -3.19074 6.80172 2.4
      vertex -3.45354 5.63654 9.4
    endloop
  endfacet
  facet normal 0.144981 0.977346 0.154195
    outer loop
      vertex -0.990693 5.76945 2.4
      vertex -1.17374 4.69222 9.4
      vertex -0.535662 5.70195 2.4
    endloop
  endfacet
  facet normal 0.145006 0.977342 0.154195
    outer loop
      vertex -1.17374 4.69222 9.4
      vertex -0.990693 5.76945 2.4
      vertex -1.20407 4.69672 9.4
    endloop
  endfacet
  facet normal 0.0484732 0.98685 0.154196
    outer loop
      vertex -0.459455 5.69445 2.4
      vertex -0.604949 4.60784 9.4
      vertex -0.0306304 4.57963 9.4
    endloop
  endfacet
  facet normal 0.0484559 0.986851 0.154196
    outer loop
      vertex -0.604949 4.60784 9.4
      vertex -0.459455 5.69445 2.4
      vertex -0.497743 5.69633 2.4
    endloop
  endfacet
  facet normal 0.793215 -0.589107 0.154151
    outer loop
      vertex -5.13173 14.1789 9.4
      vertex -3.94828 13.9407 2.4
      vertex -5.11346 14.2035 9.4
    endloop
  endfacet
  facet normal 0.793536 -0.588665 0.15419
    outer loop
      vertex -3.94828 13.9407 2.4
      vertex -5.13173 14.1789 9.4
      vertex -4.22231 13.5713 2.4
    endloop
  endfacet
  facet normal 0.847468 -0.507959 0.154192
    outer loop
      vertex -5.44311 13.6594 9.4
      vertex -4.22231 13.5713 2.4
      vertex -5.13173 14.1789 9.4
    endloop
  endfacet
  facet normal 0.8475 -0.507905 0.154196
    outer loop
      vertex -4.22231 13.5713 2.4
      vertex -5.44311 13.6594 9.4
      vertex -4.47851 13.1438 2.4
    endloop
  endfacet
  facet normal 0.145006 -0.97734 0.154205
    outer loop
      vertex -0.990693 15.7305 2.4
      vertex -1.17374 16.8078 9.4
      vertex -1.20407 16.8033 9.4
    endloop
  endfacet
  facet normal 0.144981 -0.977344 0.154204
    outer loop
      vertex -1.17374 16.8078 9.4
      vertex -0.990693 15.7305 2.4
      vertex -0.535662 15.798 2.4
    endloop
  endfacet
  facet normal 0.663481 -0.732132 0.154194
    outer loop
      vertex -3.24993 14.6497 2.4
      vertex -3.9154 15.5209 9.4
      vertex -4.34145 15.1348 9.4
    endloop
  endfacet
  facet normal 0.662956 -0.732605 0.154203
    outer loop
      vertex -3.9154 15.5209 9.4
      vertex -3.24993 14.6497 2.4
      vertex -3.22153 14.6754 2.4
    endloop
  endfacet
  facet normal 0.588643 -0.793551 0.154198
    outer loop
      vertex -3.22153 14.6754 2.4
      vertex -3.45354 15.8635 9.4
      vertex -3.9154 15.5209 9.4
    endloop
  endfacet
  facet normal 0.589655 -0.792816 0.154107
    outer loop
      vertex -3.45354 15.8635 9.4
      vertex -3.22153 14.6754 2.4
      vertex -3.19074 14.6983 2.4
    endloop
  endfacet
  facet normal -0.58853 -0.793635 0.154194
    outer loop
      vertex 3.19074 14.6983 2.4
      vertex 3.42891 15.8817 9.4
      vertex 2.82125 14.9723 2.4
    endloop
  endfacet
  facet normal -0.587172 -0.794617 0.154314
    outer loop
      vertex 3.42891 15.8817 9.4
      vertex 3.19074 14.6983 2.4
      vertex 3.45354 15.8635 9.4
    endloop
  endfacet
  facet normal -0.507958 -0.847468 0.154195
    outer loop
      vertex 2.82125 14.9723 2.4
      vertex 2.9094 16.1931 9.4
      vertex 2.39381 15.2285 2.4
    endloop
  endfacet
  facet normal -0.507976 -0.847458 0.154194
    outer loop
      vertex 2.9094 16.1931 9.4
      vertex 2.82125 14.9723 2.4
      vertex 3.42891 15.8817 9.4
    endloop
  endfacet
  facet normal -0.930289 -0.332844 0.154198
    outer loop
      vertex 4.70449 12.6572 2.4
      vertex 5.90612 12.5416 9.4
      vertex 5.89578 12.5705 9.4
    endloop
  endfacet
  facet normal -0.93028 -0.332869 0.154196
    outer loop
      vertex 5.90612 12.5416 9.4
      vertex 4.70449 12.6572 2.4
      vertex 4.85946 12.2241 2.4
    endloop
  endfacet
  facet normal 0.930309 0.332787 0.1542
    outer loop
      vertex -5.89578 8.92953 9.4
      vertex -4.69158 8.80669 2.4
      vertex -4.70449 8.84278 2.4
    endloop
  endfacet
  facet normal 0.930287 0.332852 0.154195
    outer loop
      vertex -4.69158 8.80669 2.4
      vertex -5.89578 8.92953 9.4
      vertex -5.70207 8.38813 9.4
    endloop
  endfacet
  facet normal 0.930183 0.333152 0.154174
    outer loop
      vertex -4.70449 8.84278 2.4
      vertex -5.90612 8.9584 9.4
      vertex -5.89578 8.92953 9.4
    endloop
  endfacet
  facet normal 0.930285 0.332855 0.154196
    outer loop
      vertex -5.90612 8.9584 9.4
      vertex -4.70449 8.84278 2.4
      vertex -4.85946 9.2759 2.4
    endloop
  endfacet
  facet normal -0.893067 -0.422675 0.154198
    outer loop
      vertex 4.47851 13.1438 2.4
      vertex 5.45622 13.6317 9.4
      vertex 5.44311 13.6594 9.4
    endloop
  endfacet
  facet normal -0.89316 -0.422479 0.154197
    outer loop
      vertex 5.45622 13.6317 9.4
      vertex 4.47851 13.1438 2.4
      vertex 4.67519 12.728 2.4
    endloop
  endfacet
  facet normal 0.893176 0.422446 0.154195
    outer loop
      vertex -5.45622 7.86832 9.4
      vertex -4.47851 8.35619 2.4
      vertex -4.67519 8.77203 2.4
    endloop
  endfacet
  facet normal 0.893185 0.422426 0.154195
    outer loop
      vertex -4.47851 8.35619 2.4
      vertex -5.45622 7.86832 9.4
      vertex -5.44311 7.8406 9.4
    endloop
  endfacet
  facet normal -0.146746 -0.989174 0
    outer loop
      vertex -13.8853 -22.9924 0
      vertex -13.5941 -23.0356 2.4
      vertex -13.8853 -22.9924 2.4
    endloop
  endfacet
  facet normal -0.146746 -0.989174 -0
    outer loop
      vertex -13.5941 -23.0356 2.4
      vertex -13.8853 -22.9924 0
      vertex -13.5941 -23.0356 0
    endloop
  endfacet
  facet normal 0.0489044 -0.998803 0
    outer loop
      vertex 13.3 -23.05 0
      vertex 13.5941 -23.0356 2.4
      vertex 13.3 -23.05 2.4
    endloop
  endfacet
  facet normal 0.0489044 -0.998803 0
    outer loop
      vertex 13.5941 -23.0356 2.4
      vertex 13.3 -23.05 0
      vertex 13.5941 -23.0356 0
    endloop
  endfacet
  facet normal -0.998803 -0.0489044 0
    outer loop
      vertex -16.2856 -20.3441 0
      vertex -16.3 -20.05 2.4
      vertex -16.3 -20.05 0
    endloop
  endfacet
  facet normal -0.998803 -0.0489044 0
    outer loop
      vertex -16.3 -20.05 2.4
      vertex -16.2856 -20.3441 0
      vertex -16.2856 -20.3441 2.4
    endloop
  endfacet
  facet normal 0 0 1
    outer loop
      vertex 13.8853 22.9924 2.4
      vertex 13.8632 22.865 2.4
      vertex 13.9613 22.9733 2.4
    endloop
  endfacet
  facet normal 0 0 1
    outer loop
      vertex 13.5941 23.0356 2.4
      vertex 13.8632 22.865 2.4
      vertex 13.8853 22.9924 2.4
    endloop
  endfacet
  facet normal 0 0 1
    outer loop
      vertex 13.8632 22.865 2.4
      vertex 13.5941 23.0356 2.4
      vertex 13.7696 22.7389 2.4
    endloop
  endfacet
  facet normal 0 0 1
    outer loop
      vertex 13.7696 22.7389 2.4
      vertex 13.5941 23.0356 2.4
      vertex 13.6889 22.6042 2.4
    endloop
  endfacet
  facet normal 0 0 1
    outer loop
      vertex 13.3 23.05 2.4
      vertex 13.6889 22.6042 2.4
      vertex 13.5941 23.0356 2.4
    endloop
  endfacet
  facet normal 0 0 1
    outer loop
      vertex 13.6889 22.6042 2.4
      vertex 13.3 23.05 2.4
      vertex 13.6218 22.4623 2.4
    endloop
  endfacet
  facet normal 0 0 1
    outer loop
      vertex 13.6218 22.4623 2.4
      vertex 13.3 23.05 2.4
      vertex 13.5689 22.3145 2.4
    endloop
  endfacet
  facet normal 0 0 1
    outer loop
      vertex 13.5689 22.3145 2.4
      vertex 13.3 23.05 2.4
      vertex 13.5307 22.1621 2.4
    endloop
  endfacet
  facet normal 0 0 1
    outer loop
      vertex 14.3458 -20.4389 2.4
      vertex 1.91342 6.1306 2.4
      vertex 14.2111 -20.5196 2.4
    endloop
  endfacet
  facet normal 0 0 1
    outer loop
      vertex 13.5077 22.0068 2.4
      vertex 13.3 23.05 2.4
      vertex 13.5 21.85 2.4
    endloop
  endfacet
  facet normal 0 0 1
    outer loop
      vertex 13.5307 22.1621 2.4
      vertex 13.3 23.05 2.4
      vertex 13.5077 22.0068 2.4
    endloop
  endfacet
  facet normal 0 0 1
    outer loop
      vertex 15.8542 20.4389 2.4
      vertex 16.3 20.05 2.4
      vertex 16.2856 20.3441 2.4
    endloop
  endfacet
  facet normal -0 0 1
    outer loop
      vertex 15.1 20.25 2.4
      vertex 16.3 20.05 2.4
      vertex 15.2568 20.2577 2.4
    endloop
  endfacet
  facet normal -0 0 1
    outer loop
      vertex 16.115 20.6132 2.4
      vertex 16.2856 20.3441 2.4
      vertex 16.2424 20.6353 2.4
    endloop
  endfacet
  facet normal 0 0 1
    outer loop
      vertex 16.3 20.05 2.4
      vertex 15.8542 20.4389 2.4
      vertex 15.7123 20.3718 2.4
    endloop
  endfacet
  facet normal 0 0 1
    outer loop
      vertex 16.115 20.6132 2.4
      vertex 16.2424 20.6353 2.4
      vertex 16.2233 20.7113 2.4
    endloop
  endfacet
  facet normal 0 0 1
    outer loop
      vertex 16.2856 20.3441 2.4
      vertex 16.115 20.6132 2.4
      vertex 15.9889 20.5196 2.4
    endloop
  endfacet
  facet normal 0 0 1
    outer loop
      vertex 16.2856 20.3441 2.4
      vertex 15.9889 20.5196 2.4
      vertex 15.8542 20.4389 2.4
    endloop
  endfacet
  facet normal 0 0 1
    outer loop
      vertex 16.2424 -20.6353 2.4
      vertex 16.115 -20.6132 2.4
      vertex 16.2233 -20.7113 2.4
    endloop
  endfacet
  facet normal 0 0 1
    outer loop
      vertex 16.3 20.05 2.4
      vertex 15.7123 20.3718 2.4
      vertex 15.5645 20.3189 2.4
    endloop
  endfacet
  facet normal 0 0 1
    outer loop
      vertex 16.2856 -20.3441 2.4
      vertex 16.115 -20.6132 2.4
      vertex 16.2424 -20.6353 2.4
    endloop
  endfacet
  facet normal 0 -0 1
    outer loop
      vertex 15.9889 -20.5196 2.4
      vertex 16.2856 -20.3441 2.4
      vertex 15.8542 -20.4389 2.4
    endloop
  endfacet
  facet normal 0 -0 1
    outer loop
      vertex 16.115 -20.6132 2.4
      vertex 16.2856 -20.3441 2.4
      vertex 15.9889 -20.5196 2.4
    endloop
  endfacet
  facet normal 0 0 1
    outer loop
      vertex 16.3 20.05 2.4
      vertex 15.5645 20.3189 2.4
      vertex 15.4121 20.2807 2.4
    endloop
  endfacet
  facet normal 0 0 1
    outer loop
      vertex 16.3 -20.05 2.4
      vertex 15.8542 -20.4389 2.4
      vertex 16.2856 -20.3441 2.4
    endloop
  endfacet
  facet normal 0 0 1
    outer loop
      vertex 16.3 20.05 2.4
      vertex 15.4121 20.2807 2.4
      vertex 15.2568 20.2577 2.4
    endloop
  endfacet
  facet normal 0 -0 1
    outer loop
      vertex 15.8542 -20.4389 2.4
      vertex 16.3 -20.05 2.4
      vertex 15.7123 -20.3718 2.4
    endloop
  endfacet
  facet normal 0 0 1
    outer loop
      vertex 14.9432 20.2577 2.4
      vertex 16.3 20.05 2.4
      vertex 15.1 20.25 2.4
    endloop
  endfacet
  facet normal 0 -0 1
    outer loop
      vertex 15.7123 -20.3718 2.4
      vertex 16.3 -20.05 2.4
      vertex 15.5645 -20.3189 2.4
    endloop
  endfacet
  facet normal 0 -0 1
    outer loop
      vertex 15.4121 -20.2807 2.4
      vertex 16.3 -20.05 2.4
      vertex 15.2568 -20.2577 2.4
    endloop
  endfacet
  facet normal 0 -0 1
    outer loop
      vertex 15.5645 -20.3189 2.4
      vertex 16.3 -20.05 2.4
      vertex 15.4121 -20.2807 2.4
    endloop
  endfacet
  facet normal 0 0 1
    outer loop
      vertex 4.7847 9.29858 2.4
      vertex 16.3 20.05 2.4
      vertex 14.9432 20.2577 2.4
    endloop
  endfacet
  facet normal 0 0 1
    outer loop
      vertex 16.3 -20.05 2.4
      vertex 15.1 -20.25 2.4
      vertex 15.2568 -20.2577 2.4
    endloop
  endfacet
  facet normal 0 0 1
    outer loop
      vertex 4.6194 8.83658 2.4
      vertex 16.3 20.05 2.4
      vertex 4.7847 9.29858 2.4
    endloop
  endfacet
  facet normal 0 0 1
    outer loop
      vertex 16.3 -20.05 2.4
      vertex 14.9432 -20.2577 2.4
      vertex 15.1 -20.25 2.4
    endloop
  endfacet
  facet normal 0 0 1
    outer loop
      vertex 4.7847 9.29858 2.4
      vertex 14.9432 20.2577 2.4
      vertex 14.7879 20.2807 2.4
    endloop
  endfacet
  facet normal 0 0 1
    outer loop
      vertex 16.3 20.05 2.4
      vertex 4.6194 8.83658 2.4
      vertex 16.3 -20.05 2.4
    endloop
  endfacet
  facet normal 0 0 1
    outer loop
      vertex 4.7847 9.29858 2.4
      vertex 14.7879 20.2807 2.4
      vertex 14.6355 20.3189 2.4
    endloop
  endfacet
  facet normal -0 0 1
    outer loop
      vertex 4.40961 8.39302 2.4
      vertex 16.3 -20.05 2.4
      vertex 4.6194 8.83658 2.4
    endloop
  endfacet
  facet normal 0 0 1
    outer loop
      vertex 4.7847 9.29858 2.4
      vertex 14.6355 20.3189 2.4
      vertex 14.4877 20.3718 2.4
    endloop
  endfacet
  facet normal -0 0 1
    outer loop
      vertex 4.15735 7.97215 2.4
      vertex 16.3 -20.05 2.4
      vertex 4.40961 8.39302 2.4
    endloop
  endfacet
  facet normal 0 0 1
    outer loop
      vertex 4.7847 9.29858 2.4
      vertex 14.4877 20.3718 2.4
      vertex 14.3458 20.4389 2.4
    endloop
  endfacet
  facet normal -0 0 1
    outer loop
      vertex 3.86505 7.57803 2.4
      vertex 16.3 -20.05 2.4
      vertex 4.15735 7.97215 2.4
    endloop
  endfacet
  facet normal 0 0 1
    outer loop
      vertex 4.7847 9.29858 2.4
      vertex 14.3458 20.4389 2.4
      vertex 14.2111 20.5196 2.4
    endloop
  endfacet
  facet normal -0 0 1
    outer loop
      vertex 3.53553 7.21447 2.4
      vertex 16.3 -20.05 2.4
      vertex 3.86505 7.57803 2.4
    endloop
  endfacet
  facet normal 0 0 1
    outer loop
      vertex 4.7847 9.29858 2.4
      vertex 14.2111 20.5196 2.4
      vertex 14.085 20.6132 2.4
    endloop
  endfacet
  facet normal -0 0 1
    outer loop
      vertex 3.17197 6.88495 2.4
      vertex 16.3 -20.05 2.4
      vertex 3.53553 7.21447 2.4
    endloop
  endfacet
  facet normal 0 0 1
    outer loop
      vertex 4.7847 9.29858 2.4
      vertex 14.085 20.6132 2.4
      vertex 13.9686 20.7186 2.4
    endloop
  endfacet
  facet normal 0 0 1
    outer loop
      vertex 16.3 -20.05 2.4
      vertex 3.17197 6.88495 2.4
      vertex 14.9432 -20.2577 2.4
    endloop
  endfacet
  facet normal 0 0 1
    outer loop
      vertex 4.7847 9.29858 2.4
      vertex 13.9686 20.7186 2.4
      vertex 13.8632 20.835 2.4
    endloop
  endfacet
  facet normal 0 0 1
    outer loop
      vertex 14.9432 -20.2577 2.4
      vertex 3.17197 6.88495 2.4
      vertex 14.7879 -20.2807 2.4
    endloop
  endfacet
  facet normal 0 0 1
    outer loop
      vertex 4.7847 9.29858 2.4
      vertex 13.8632 20.835 2.4
      vertex 13.7696 20.9611 2.4
    endloop
  endfacet
  facet normal -0 0 1
    outer loop
      vertex 2.77785 6.59265 2.4
      vertex 14.7879 -20.2807 2.4
      vertex 3.17197 6.88495 2.4
    endloop
  endfacet
  facet normal 0 0 1
    outer loop
      vertex 4.7847 9.29858 2.4
      vertex 13.7696 20.9611 2.4
      vertex 13.6889 21.0958 2.4
    endloop
  endfacet
  facet normal 0 0 1
    outer loop
      vertex 14.7879 -20.2807 2.4
      vertex 2.77785 6.59265 2.4
      vertex 14.6355 -20.3189 2.4
    endloop
  endfacet
  facet normal 0 0 1
    outer loop
      vertex 4.7847 9.29858 2.4
      vertex 13.6889 21.0958 2.4
      vertex 13.6218 21.2377 2.4
    endloop
  endfacet
  facet normal -0 0 1
    outer loop
      vertex 2.35698 6.34039 2.4
      vertex 14.6355 -20.3189 2.4
      vertex 2.77785 6.59265 2.4
    endloop
  endfacet
  facet normal 0 0 1
    outer loop
      vertex 4.7847 9.29858 2.4
      vertex 13.6218 21.2377 2.4
      vertex 13.5689 21.3855 2.4
    endloop
  endfacet
  facet normal 0 0 1
    outer loop
      vertex 14.6355 -20.3189 2.4
      vertex 2.35698 6.34039 2.4
      vertex 14.4877 -20.3718 2.4
    endloop
  endfacet
  facet normal 0 0 1
    outer loop
      vertex 4.7847 9.29858 2.4
      vertex 13.5689 21.3855 2.4
      vertex 13.5307 21.5379 2.4
    endloop
  endfacet
  facet normal -0 0 1
    outer loop
      vertex 1.91342 6.1306 2.4
      vertex 14.4877 -20.3718 2.4
      vertex 2.35698 6.34039 2.4
    endloop
  endfacet
  facet normal 0 0 1
    outer loop
      vertex 4.7847 9.29858 2.4
      vertex 13.5307 21.5379 2.4
      vertex 13.5077 21.6932 2.4
    endloop
  endfacet
  facet normal 0 0 1
    outer loop
      vertex 14.4877 -20.3718 2.4
      vertex 1.91342 6.1306 2.4
      vertex 14.3458 -20.4389 2.4
    endloop
  endfacet
  facet normal 0 0 1
    outer loop
      vertex 13.3 23.05 2.4
      vertex 13.5077 21.6932 2.4
      vertex 13.5 21.85 2.4
    endloop
  endfacet
  facet normal 0 0 1
    outer loop
      vertex 4.7847 9.29858 2.4
      vertex 13.5077 21.6932 2.4
      vertex 13.3 23.05 2.4
    endloop
  endfacet
  facet normal 0 0 1
    outer loop
      vertex 13.8632 -22.865 2.4
      vertex 13.8853 -22.9924 2.4
      vertex 13.9613 -22.9733 2.4
    endloop
  endfacet
  facet normal 0 0 1
    outer loop
      vertex 13.5941 -23.0356 2.4
      vertex 13.8632 -22.865 2.4
      vertex 13.7696 -22.7389 2.4
    endloop
  endfacet
  facet normal 0 0 1
    outer loop
      vertex 13.5941 -23.0356 2.4
      vertex 13.7696 -22.7389 2.4
      vertex 13.6889 -22.6042 2.4
    endloop
  endfacet
  facet normal 0 0 1
    outer loop
      vertex 13.8632 -22.865 2.4
      vertex 13.5941 -23.0356 2.4
      vertex 13.8853 -22.9924 2.4
    endloop
  endfacet
  facet normal 0 0 1
    outer loop
      vertex 13.3 -23.05 2.4
      vertex 13.6889 -22.6042 2.4
      vertex 13.6218 -22.4623 2.4
    endloop
  endfacet
  facet normal 0 0 1
    outer loop
      vertex 13.3 -23.05 2.4
      vertex 13.6218 -22.4623 2.4
      vertex 13.5689 -22.3145 2.4
    endloop
  endfacet
  facet normal 0 0 1
    outer loop
      vertex 13.3 -23.05 2.4
      vertex 13.5689 -22.3145 2.4
      vertex 13.5307 -22.1621 2.4
    endloop
  endfacet
  facet normal 0 0 1
    outer loop
      vertex 13.3 -23.05 2.4
      vertex 13.5307 -22.1621 2.4
      vertex 13.5077 -22.0068 2.4
    endloop
  endfacet
  facet normal 0 0 1
    outer loop
      vertex 13.6889 -22.6042 2.4
      vertex 13.3 -23.05 2.4
      vertex 13.5941 -23.0356 2.4
    endloop
  endfacet
  facet normal 0 0 1
    outer loop
      vertex 13.5 -21.85 2.4
      vertex 13.3 -23.05 2.4
      vertex 13.5077 -22.0068 2.4
    endloop
  endfacet
  facet normal -0 0 1
    outer loop
      vertex 1.45142 5.9653 2.4
      vertex 14.2111 -20.5196 2.4
      vertex 1.91342 6.1306 2.4
    endloop
  endfacet
  facet normal 0 0 1
    outer loop
      vertex 4.97592 10.2599 2.4
      vertex 13.3 23.05 2.4
      vertex 5 10.75 2.4
    endloop
  endfacet
  facet normal 0 0 1
    outer loop
      vertex 13.3 23.05 2.4
      vertex 4.97592 11.2401 2.4
      vertex 5 10.75 2.4
    endloop
  endfacet
  facet normal 0 0 1
    outer loop
      vertex 13.3 23.05 2.4
      vertex 4.90393 11.7255 2.4
      vertex 4.97592 11.2401 2.4
    endloop
  endfacet
  facet normal 0 0 1
    outer loop
      vertex 13.3 23.05 2.4
      vertex 4.7847 12.2014 2.4
      vertex 4.90393 11.7255 2.4
    endloop
  endfacet
  facet normal 0 0 1
    outer loop
      vertex 13.3 23.05 2.4
      vertex 4.6194 12.6634 2.4
      vertex 4.7847 12.2014 2.4
    endloop
  endfacet
  facet normal 0 0 1
    outer loop
      vertex 13.3 23.05 2.4
      vertex 4.40961 13.107 2.4
      vertex 4.6194 12.6634 2.4
    endloop
  endfacet
  facet normal 0 0 1
    outer loop
      vertex 13.3 23.05 2.4
      vertex 4.15735 13.5279 2.4
      vertex 4.40961 13.107 2.4
    endloop
  endfacet
  facet normal 0 0 1
    outer loop
      vertex 13.3 23.05 2.4
      vertex 3.86505 13.922 2.4
      vertex 4.15735 13.5279 2.4
    endloop
  endfacet
  facet normal 0 0 1
    outer loop
      vertex 13.3 23.05 2.4
      vertex 3.53553 14.2855 2.4
      vertex 3.86505 13.922 2.4
    endloop
  endfacet
  facet normal 0 0 1
    outer loop
      vertex 13.3 23.05 2.4
      vertex 3.17197 14.6151 2.4
      vertex 3.53553 14.2855 2.4
    endloop
  endfacet
  facet normal 0 0 1
    outer loop
      vertex 13.3 23.05 2.4
      vertex 2.77785 14.9073 2.4
      vertex 3.17197 14.6151 2.4
    endloop
  endfacet
  facet normal 0 0 1
    outer loop
      vertex 13.3 23.05 2.4
      vertex 2.35698 15.1596 2.4
      vertex 2.77785 14.9073 2.4
    endloop
  endfacet
  facet normal 0 0 1
    outer loop
      vertex 13.3 23.05 2.4
      vertex 1.91342 15.3694 2.4
      vertex 2.35698 15.1596 2.4
    endloop
  endfacet
  facet normal 0 0 1
    outer loop
      vertex 13.3 23.05 2.4
      vertex 1.45142 15.5347 2.4
      vertex 1.91342 15.3694 2.4
    endloop
  endfacet
  facet normal 0 0 1
    outer loop
      vertex 13.3 23.05 2.4
      vertex 0.975451 15.6539 2.4
      vertex 1.45142 15.5347 2.4
    endloop
  endfacet
  facet normal 0 0 1
    outer loop
      vertex 13.3 23.05 2.4
      vertex 0.490086 15.7259 2.4
      vertex 0.975451 15.6539 2.4
    endloop
  endfacet
  facet normal 0 0 1
    outer loop
      vertex 13.3 23.05 2.4
      vertex 0 15.75 2.4
      vertex 0.490086 15.7259 2.4
    endloop
  endfacet
  facet normal -0 0 1
    outer loop
      vertex -13.3 23.05 2.4
      vertex 0 15.75 2.4
      vertex 13.3 23.05 2.4
    endloop
  endfacet
  facet normal 0 0 1
    outer loop
      vertex 0 15.75 2.4
      vertex -13.3 23.05 2.4
      vertex -0.490086 15.7259 2.4
    endloop
  endfacet
  facet normal 0 0 1
    outer loop
      vertex -0.490086 15.7259 2.4
      vertex -13.3 23.05 2.4
      vertex -0.975451 15.6539 2.4
    endloop
  endfacet
  facet normal 0 0 1
    outer loop
      vertex -0.975451 15.6539 2.4
      vertex -13.3 23.05 2.4
      vertex -1.45142 15.5347 2.4
    endloop
  endfacet
  facet normal 0 0 1
    outer loop
      vertex -1.45142 15.5347 2.4
      vertex -13.3 23.05 2.4
      vertex -1.91342 15.3694 2.4
    endloop
  endfacet
  facet normal 0 0 1
    outer loop
      vertex -3.86505 13.922 2.4
      vertex -13.7696 20.9611 2.4
      vertex -4.15735 13.5279 2.4
    endloop
  endfacet
  facet normal -0 0 1
    outer loop
      vertex -13.7696 20.9611 2.4
      vertex -3.86505 13.922 2.4
      vertex -13.6889 21.0958 2.4
    endloop
  endfacet
  facet normal 0 0 1
    outer loop
      vertex -3.53553 14.2855 2.4
      vertex -13.6889 21.0958 2.4
      vertex -3.86505 13.922 2.4
    endloop
  endfacet
  facet normal -0 0 1
    outer loop
      vertex -13.6889 21.0958 2.4
      vertex -3.53553 14.2855 2.4
      vertex -13.6218 21.2377 2.4
    endloop
  endfacet
  facet normal -0 0 1
    outer loop
      vertex -13.6218 21.2377 2.4
      vertex -3.53553 14.2855 2.4
      vertex -13.5689 21.3855 2.4
    endloop
  endfacet
  facet normal 0 0 1
    outer loop
      vertex -3.17197 14.6151 2.4
      vertex -13.5689 21.3855 2.4
      vertex -3.53553 14.2855 2.4
    endloop
  endfacet
  facet normal -0 0 1
    outer loop
      vertex -13.5689 21.3855 2.4
      vertex -3.17197 14.6151 2.4
      vertex -13.5307 21.5379 2.4
    endloop
  endfacet
  facet normal 0 0 1
    outer loop
      vertex -2.77785 14.9073 2.4
      vertex -13.5307 21.5379 2.4
      vertex -3.17197 14.6151 2.4
    endloop
  endfacet
  facet normal -0 0 1
    outer loop
      vertex -13.5307 21.5379 2.4
      vertex -2.77785 14.9073 2.4
      vertex -13.5077 21.6932 2.4
    endloop
  endfacet
  facet normal -0 0 1
    outer loop
      vertex -13.5077 21.6932 2.4
      vertex -2.77785 14.9073 2.4
      vertex -13.3 23.05 2.4
    endloop
  endfacet
  facet normal 0 0 1
    outer loop
      vertex -2.35698 15.1596 2.4
      vertex -13.3 23.05 2.4
      vertex -2.77785 14.9073 2.4
    endloop
  endfacet
  facet normal 0 0 1
    outer loop
      vertex -1.91342 15.3694 2.4
      vertex -13.3 23.05 2.4
      vertex -2.35698 15.1596 2.4
    endloop
  endfacet
  facet normal 0 0 1
    outer loop
      vertex -4.40961 13.107 2.4
      vertex -14.085 20.6132 2.4
      vertex -4.6194 12.6634 2.4
    endloop
  endfacet
  facet normal 0 0 1
    outer loop
      vertex -4.7847 9.29858 2.4
      vertex -13.5077 -21.6932 2.4
      vertex -13.5 -21.85 2.4
    endloop
  endfacet
  facet normal -0 0 1
    outer loop
      vertex -14.2111 20.5196 2.4
      vertex -4.6194 12.6634 2.4
      vertex -14.085 20.6132 2.4
    endloop
  endfacet
  facet normal 0 0 1
    outer loop
      vertex -4.7847 9.29858 2.4
      vertex -13.5307 -21.5379 2.4
      vertex -13.5077 -21.6932 2.4
    endloop
  endfacet
  facet normal -0 0 1
    outer loop
      vertex -14.3458 20.4389 2.4
      vertex -4.6194 12.6634 2.4
      vertex -14.2111 20.5196 2.4
    endloop
  endfacet
  facet normal 0 0 1
    outer loop
      vertex -4.7847 9.29858 2.4
      vertex -13.5689 -21.3855 2.4
      vertex -13.5307 -21.5379 2.4
    endloop
  endfacet
  facet normal 0 0 1
    outer loop
      vertex -4.6194 12.6634 2.4
      vertex -14.3458 20.4389 2.4
      vertex -4.7847 12.2014 2.4
    endloop
  endfacet
  facet normal 0 0 1
    outer loop
      vertex -4.7847 9.29858 2.4
      vertex -13.6218 -21.2377 2.4
      vertex -13.5689 -21.3855 2.4
    endloop
  endfacet
  facet normal -0 0 1
    outer loop
      vertex -14.4877 20.3718 2.4
      vertex -4.7847 12.2014 2.4
      vertex -14.3458 20.4389 2.4
    endloop
  endfacet
  facet normal 0 0 1
    outer loop
      vertex -4.7847 9.29858 2.4
      vertex -13.6889 -21.0958 2.4
      vertex -13.6218 -21.2377 2.4
    endloop
  endfacet
  facet normal 0 0 1
    outer loop
      vertex -4.7847 12.2014 2.4
      vertex -14.4877 20.3718 2.4
      vertex -4.90393 11.7255 2.4
    endloop
  endfacet
  facet normal 0 0 1
    outer loop
      vertex -4.7847 9.29858 2.4
      vertex -13.7696 -20.9611 2.4
      vertex -13.6889 -21.0958 2.4
    endloop
  endfacet
  facet normal -0 0 1
    outer loop
      vertex -14.6355 20.3189 2.4
      vertex -4.90393 11.7255 2.4
      vertex -14.4877 20.3718 2.4
    endloop
  endfacet
  facet normal 0 0 1
    outer loop
      vertex -4.7847 9.29858 2.4
      vertex -13.8632 -20.835 2.4
      vertex -13.7696 -20.9611 2.4
    endloop
  endfacet
  facet normal 0 0 1
    outer loop
      vertex -4.90393 11.7255 2.4
      vertex -14.6355 20.3189 2.4
      vertex -4.97592 11.2401 2.4
    endloop
  endfacet
  facet normal 0 0 1
    outer loop
      vertex -4.7847 9.29858 2.4
      vertex -13.9686 -20.7186 2.4
      vertex -13.8632 -20.835 2.4
    endloop
  endfacet
  facet normal -0 0 1
    outer loop
      vertex -14.7879 20.2807 2.4
      vertex -4.97592 11.2401 2.4
      vertex -14.6355 20.3189 2.4
    endloop
  endfacet
  facet normal 0 0 1
    outer loop
      vertex -4.7847 9.29858 2.4
      vertex -14.085 -20.6132 2.4
      vertex -13.9686 -20.7186 2.4
    endloop
  endfacet
  facet normal -0 0 1
    outer loop
      vertex -14.9432 20.2577 2.4
      vertex -4.97592 11.2401 2.4
      vertex -14.7879 20.2807 2.4
    endloop
  endfacet
  facet normal 0 0 1
    outer loop
      vertex -4.7847 9.29858 2.4
      vertex -14.2111 -20.5196 2.4
      vertex -14.085 -20.6132 2.4
    endloop
  endfacet
  facet normal 0 0 1
    outer loop
      vertex -4.97592 11.2401 2.4
      vertex -14.9432 20.2577 2.4
      vertex -5 10.75 2.4
    endloop
  endfacet
  facet normal 0 0 1
    outer loop
      vertex -4.7847 9.29858 2.4
      vertex -14.3458 -20.4389 2.4
      vertex -14.2111 -20.5196 2.4
    endloop
  endfacet
  facet normal -0 0 1
    outer loop
      vertex -16.3 20.05 2.4
      vertex -5 10.75 2.4
      vertex -14.9432 20.2577 2.4
    endloop
  endfacet
  facet normal 0 0 1
    outer loop
      vertex -4.7847 9.29858 2.4
      vertex -14.4877 -20.3718 2.4
      vertex -14.3458 -20.4389 2.4
    endloop
  endfacet
  facet normal 0 0 1
    outer loop
      vertex -5 10.75 2.4
      vertex -16.3 20.05 2.4
      vertex -4.97592 10.2599 2.4
    endloop
  endfacet
  facet normal 0 0 1
    outer loop
      vertex -4.7847 9.29858 2.4
      vertex -14.6355 -20.3189 2.4
      vertex -14.4877 -20.3718 2.4
    endloop
  endfacet
  facet normal 0 0 1
    outer loop
      vertex -4.97592 10.2599 2.4
      vertex -16.3 20.05 2.4
      vertex -4.90393 9.77455 2.4
    endloop
  endfacet
  facet normal 0 0 1
    outer loop
      vertex -4.7847 9.29858 2.4
      vertex -14.7879 -20.2807 2.4
      vertex -14.6355 -20.3189 2.4
    endloop
  endfacet
  facet normal 0 0 1
    outer loop
      vertex -4.90393 9.77455 2.4
      vertex -16.3 20.05 2.4
      vertex -4.7847 9.29858 2.4
    endloop
  endfacet
  facet normal 0 0 1
    outer loop
      vertex -4.7847 9.29858 2.4
      vertex -14.9432 -20.2577 2.4
      vertex -14.7879 -20.2807 2.4
    endloop
  endfacet
  facet normal 0 0 1
    outer loop
      vertex -16.3 20.05 2.4
      vertex -14.9432 20.2577 2.4
      vertex -15.1 20.25 2.4
    endloop
  endfacet
  facet normal 0 0 1
    outer loop
      vertex -16.3 -20.05 2.4
      vertex -4.7847 9.29858 2.4
      vertex -16.3 20.05 2.4
    endloop
  endfacet
  facet normal 0 0 1
    outer loop
      vertex -16.3 20.05 2.4
      vertex -15.1 20.25 2.4
      vertex -15.2568 20.2577 2.4
    endloop
  endfacet
  facet normal 0 0 1
    outer loop
      vertex -4.7847 9.29858 2.4
      vertex -16.3 -20.05 2.4
      vertex -14.9432 -20.2577 2.4
    endloop
  endfacet
  facet normal 0 0 1
    outer loop
      vertex -16.3 20.05 2.4
      vertex -15.2568 20.2577 2.4
      vertex -15.4121 20.2807 2.4
    endloop
  endfacet
  facet normal 0 0 1
    outer loop
      vertex -14.9432 -20.2577 2.4
      vertex -16.3 -20.05 2.4
      vertex -15.1 -20.25 2.4
    endloop
  endfacet
  facet normal 0 0 1
    outer loop
      vertex -16.3 20.05 2.4
      vertex -15.4121 20.2807 2.4
      vertex -15.5645 20.3189 2.4
    endloop
  endfacet
  facet normal 0 0 1
    outer loop
      vertex -15.1 -20.25 2.4
      vertex -16.3 -20.05 2.4
      vertex -15.2568 -20.2577 2.4
    endloop
  endfacet
  facet normal 0 0 1
    outer loop
      vertex -16.3 20.05 2.4
      vertex -15.5645 20.3189 2.4
      vertex -15.7123 20.3718 2.4
    endloop
  endfacet
  facet normal 0 0 1
    outer loop
      vertex -15.2568 -20.2577 2.4
      vertex -16.3 -20.05 2.4
      vertex -15.4121 -20.2807 2.4
    endloop
  endfacet
  facet normal 0 0 1
    outer loop
      vertex -16.3 20.05 2.4
      vertex -15.7123 20.3718 2.4
      vertex -15.8542 20.4389 2.4
    endloop
  endfacet
  facet normal 0 0 1
    outer loop
      vertex -15.4121 -20.2807 2.4
      vertex -16.3 -20.05 2.4
      vertex -15.5645 -20.3189 2.4
    endloop
  endfacet
  facet normal 0 0 1
    outer loop
      vertex -16.2856 20.3441 2.4
      vertex -15.8542 20.4389 2.4
      vertex -15.9889 20.5196 2.4
    endloop
  endfacet
  facet normal 0 0 1
    outer loop
      vertex -15.5645 -20.3189 2.4
      vertex -16.3 -20.05 2.4
      vertex -15.7123 -20.3718 2.4
    endloop
  endfacet
  facet normal 0 0 1
    outer loop
      vertex -16.2856 20.3441 2.4
      vertex -15.9889 20.5196 2.4
      vertex -16.115 20.6132 2.4
    endloop
  endfacet
  facet normal 0 0 1
    outer loop
      vertex -15.7123 -20.3718 2.4
      vertex -16.3 -20.05 2.4
      vertex -15.8542 -20.4389 2.4
    endloop
  endfacet
  facet normal -0 0 1
    outer loop
      vertex -16.2424 20.6353 2.4
      vertex -16.115 20.6132 2.4
      vertex -16.2233 20.7113 2.4
    endloop
  endfacet
  facet normal -0 -0 1
    outer loop
      vertex -16.2856 -20.3441 2.4
      vertex -15.8542 -20.4389 2.4
      vertex -16.3 -20.05 2.4
    endloop
  endfacet
  facet normal 0 0 1
    outer loop
      vertex -16.115 20.6132 2.4
      vertex -16.2424 20.6353 2.4
      vertex -16.2856 20.3441 2.4
    endloop
  endfacet
  facet normal 0 0 1
    outer loop
      vertex -15.8542 -20.4389 2.4
      vertex -16.2856 -20.3441 2.4
      vertex -15.9889 -20.5196 2.4
    endloop
  endfacet
  facet normal 0 0 1
    outer loop
      vertex -15.8542 20.4389 2.4
      vertex -16.2856 20.3441 2.4
      vertex -16.3 20.05 2.4
    endloop
  endfacet
  facet normal 0 0 1
    outer loop
      vertex -15.9889 -20.5196 2.4
      vertex -16.2856 -20.3441 2.4
      vertex -16.115 -20.6132 2.4
    endloop
  endfacet
  facet normal 0 -0 1
    outer loop
      vertex -16.2424 -20.6353 2.4
      vertex -16.115 -20.6132 2.4
      vertex -16.2856 -20.3441 2.4
    endloop
  endfacet
  facet normal 0 0 1
    outer loop
      vertex -16.115 -20.6132 2.4
      vertex -16.2424 -20.6353 2.4
      vertex -16.2233 -20.7113 2.4
    endloop
  endfacet
  facet normal 0 0 1
    outer loop
      vertex 13.3 -23.05 2.4
      vertex -13.5 -21.85 2.4
      vertex -13.3 -23.05 2.4
    endloop
  endfacet
  facet normal -0 0 1
    outer loop
      vertex -13.5077 -22.0068 2.4
      vertex -13.3 -23.05 2.4
      vertex -13.5 -21.85 2.4
    endloop
  endfacet
  facet normal -0 0 1
    outer loop
      vertex -13.5307 -22.1621 2.4
      vertex -13.3 -23.05 2.4
      vertex -13.5077 -22.0068 2.4
    endloop
  endfacet
  facet normal -0 0 1
    outer loop
      vertex -13.5689 -22.3145 2.4
      vertex -13.3 -23.05 2.4
      vertex -13.5307 -22.1621 2.4
    endloop
  endfacet
  facet normal -0 0 1
    outer loop
      vertex -13.6218 -22.4623 2.4
      vertex -13.3 -23.05 2.4
      vertex -13.5689 -22.3145 2.4
    endloop
  endfacet
  facet normal -0 0 1
    outer loop
      vertex -13.6889 -22.6042 2.4
      vertex -13.3 -23.05 2.4
      vertex -13.6218 -22.4623 2.4
    endloop
  endfacet
  facet normal 0 0 1
    outer loop
      vertex -13.3 -23.05 2.4
      vertex -13.6889 -22.6042 2.4
      vertex -13.5941 -23.0356 2.4
    endloop
  endfacet
  facet normal -0 0 1
    outer loop
      vertex -13.7696 -22.7389 2.4
      vertex -13.5941 -23.0356 2.4
      vertex -13.6889 -22.6042 2.4
    endloop
  endfacet
  facet normal -0 0 1
    outer loop
      vertex -13.8632 -22.865 2.4
      vertex -13.5941 -23.0356 2.4
      vertex -13.7696 -22.7389 2.4
    endloop
  endfacet
  facet normal 0 0 1
    outer loop
      vertex -13.8632 -22.865 2.4
      vertex -13.8853 -22.9924 2.4
      vertex -13.5941 -23.0356 2.4
    endloop
  endfacet
  facet normal 0 -0 1
    outer loop
      vertex -13.8853 -22.9924 2.4
      vertex -13.8632 -22.865 2.4
      vertex -13.9613 -22.9733 2.4
    endloop
  endfacet
  facet normal 0 0 1
    outer loop
      vertex 4.90393 9.77455 2.4
      vertex 13.3 23.05 2.4
      vertex 4.97592 10.2599 2.4
    endloop
  endfacet
  facet normal 0 0 1
    outer loop
      vertex 4.7847 9.29858 2.4
      vertex 13.3 23.05 2.4
      vertex 4.90393 9.77455 2.4
    endloop
  endfacet
  facet normal 0 0 1
    outer loop
      vertex 14.2111 -20.5196 2.4
      vertex 1.45142 5.9653 2.4
      vertex 14.085 -20.6132 2.4
    endloop
  endfacet
  facet normal -0 0 1
    outer loop
      vertex 0.975451 5.84607 2.4
      vertex 14.085 -20.6132 2.4
      vertex 1.45142 5.9653 2.4
    endloop
  endfacet
  facet normal 0 0 1
    outer loop
      vertex 14.085 -20.6132 2.4
      vertex 0.975451 5.84607 2.4
      vertex 13.9686 -20.7186 2.4
    endloop
  endfacet
  facet normal -0 0 1
    outer loop
      vertex 0.490086 5.77408 2.4
      vertex 13.9686 -20.7186 2.4
      vertex 0.975451 5.84607 2.4
    endloop
  endfacet
  facet normal 0 0 1
    outer loop
      vertex 13.9686 -20.7186 2.4
      vertex 0.490086 5.77408 2.4
      vertex 13.8632 -20.835 2.4
    endloop
  endfacet
  facet normal -0 0 1
    outer loop
      vertex 0 5.75 2.4
      vertex 13.8632 -20.835 2.4
      vertex 0.490086 5.77408 2.4
    endloop
  endfacet
  facet normal 0 0 1
    outer loop
      vertex 13.8632 -20.835 2.4
      vertex 0 5.75 2.4
      vertex 13.7696 -20.9611 2.4
    endloop
  endfacet
  facet normal 0 0 1
    outer loop
      vertex -13.5 -21.85 2.4
      vertex 13.7696 -20.9611 2.4
      vertex 0 5.75 2.4
    endloop
  endfacet
  facet normal 0 0 1
    outer loop
      vertex 13.7696 -20.9611 2.4
      vertex -13.5 -21.85 2.4
      vertex 13.6889 -21.0958 2.4
    endloop
  endfacet
  facet normal 0 0 1
    outer loop
      vertex 13.6889 -21.0958 2.4
      vertex -13.5 -21.85 2.4
      vertex 13.6218 -21.2377 2.4
    endloop
  endfacet
  facet normal 0 0 1
    outer loop
      vertex 13.6218 -21.2377 2.4
      vertex -13.5 -21.85 2.4
      vertex 13.5689 -21.3855 2.4
    endloop
  endfacet
  facet normal 0 0 1
    outer loop
      vertex 13.5689 -21.3855 2.4
      vertex -13.5 -21.85 2.4
      vertex 13.5307 -21.5379 2.4
    endloop
  endfacet
  facet normal 0 0 1
    outer loop
      vertex 13.5307 -21.5379 2.4
      vertex -13.5 -21.85 2.4
      vertex 13.5077 -21.6932 2.4
    endloop
  endfacet
  facet normal 0 -0 1
    outer loop
      vertex 13.3 -23.05 2.4
      vertex 13.5077 -21.6932 2.4
      vertex -13.5 -21.85 2.4
    endloop
  endfacet
  facet normal 0 0 1
    outer loop
      vertex -13.5 -21.85 2.4
      vertex 0 5.75 2.4
      vertex -0.490086 5.77408 2.4
    endloop
  endfacet
  facet normal 0 0 1
    outer loop
      vertex -13.5 -21.85 2.4
      vertex -0.490086 5.77408 2.4
      vertex -0.975451 5.84607 2.4
    endloop
  endfacet
  facet normal 0 0 1
    outer loop
      vertex -13.5 -21.85 2.4
      vertex -0.975451 5.84607 2.4
      vertex -1.45142 5.9653 2.4
    endloop
  endfacet
  facet normal 0 0 1
    outer loop
      vertex -13.5 -21.85 2.4
      vertex -1.45142 5.9653 2.4
      vertex -1.91342 6.1306 2.4
    endloop
  endfacet
  facet normal 0 0 1
    outer loop
      vertex -13.5 -21.85 2.4
      vertex -1.91342 6.1306 2.4
      vertex -2.35698 6.34039 2.4
    endloop
  endfacet
  facet normal 0 0 1
    outer loop
      vertex -13.5 -21.85 2.4
      vertex -2.35698 6.34039 2.4
      vertex -2.77785 6.59265 2.4
    endloop
  endfacet
  facet normal 0 0 1
    outer loop
      vertex -13.5 -21.85 2.4
      vertex -2.77785 6.59265 2.4
      vertex -3.17197 6.88495 2.4
    endloop
  endfacet
  facet normal 0 0 1
    outer loop
      vertex -13.5 -21.85 2.4
      vertex -3.17197 6.88495 2.4
      vertex -3.53553 7.21447 2.4
    endloop
  endfacet
  facet normal 0 0 1
    outer loop
      vertex -13.5 -21.85 2.4
      vertex -3.53553 7.21447 2.4
      vertex -3.86505 7.57803 2.4
    endloop
  endfacet
  facet normal 0 0 1
    outer loop
      vertex -13.5 -21.85 2.4
      vertex -3.86505 7.57803 2.4
      vertex -4.15735 7.97215 2.4
    endloop
  endfacet
  facet normal 0 0 1
    outer loop
      vertex -13.5 -21.85 2.4
      vertex -4.15735 7.97215 2.4
      vertex -4.40961 8.39302 2.4
    endloop
  endfacet
  facet normal 0 0 1
    outer loop
      vertex -13.5077 21.6932 2.4
      vertex -13.3 23.05 2.4
      vertex -13.5 21.85 2.4
    endloop
  endfacet
  facet normal -0 0 1
    outer loop
      vertex -13.8632 20.835 2.4
      vertex -4.15735 13.5279 2.4
      vertex -13.7696 20.9611 2.4
    endloop
  endfacet
  facet normal -0 0 1
    outer loop
      vertex -13.9686 20.7186 2.4
      vertex -4.15735 13.5279 2.4
      vertex -13.8632 20.835 2.4
    endloop
  endfacet
  facet normal 0 0 1
    outer loop
      vertex -4.15735 13.5279 2.4
      vertex -13.9686 20.7186 2.4
      vertex -4.40961 13.107 2.4
    endloop
  endfacet
  facet normal -0 0 1
    outer loop
      vertex -14.085 20.6132 2.4
      vertex -4.40961 13.107 2.4
      vertex -13.9686 20.7186 2.4
    endloop
  endfacet
  facet normal 0 0 1
    outer loop
      vertex -4.7847 9.29858 2.4
      vertex -13.5 -21.85 2.4
      vertex -4.6194 8.83658 2.4
    endloop
  endfacet
  facet normal 0 0 1
    outer loop
      vertex -13.5 -21.85 2.4
      vertex -4.40961 8.39302 2.4
      vertex -4.6194 8.83658 2.4
    endloop
  endfacet
  facet normal 0 0 1
    outer loop
      vertex 13.5077 -21.6932 2.4
      vertex 13.3 -23.05 2.4
      vertex 13.5 -21.85 2.4
    endloop
  endfacet
  facet normal 0 0 1
    outer loop
      vertex -13.3 23.05 2.4
      vertex -13.5077 22.0068 2.4
      vertex -13.5 21.85 2.4
    endloop
  endfacet
  facet normal 0 0 1
    outer loop
      vertex -13.3 23.05 2.4
      vertex -13.5307 22.1621 2.4
      vertex -13.5077 22.0068 2.4
    endloop
  endfacet
  facet normal 0 0 1
    outer loop
      vertex -13.3 23.05 2.4
      vertex -13.5689 22.3145 2.4
      vertex -13.5307 22.1621 2.4
    endloop
  endfacet
  facet normal 0 0 1
    outer loop
      vertex -13.6889 22.6042 2.4
      vertex -13.3 23.05 2.4
      vertex -13.5941 23.0356 2.4
    endloop
  endfacet
  facet normal 0 0 1
    outer loop
      vertex -13.3 23.05 2.4
      vertex -13.6218 22.4623 2.4
      vertex -13.5689 22.3145 2.4
    endloop
  endfacet
  facet normal 0 0 1
    outer loop
      vertex -13.3 23.05 2.4
      vertex -13.6889 22.6042 2.4
      vertex -13.6218 22.4623 2.4
    endloop
  endfacet
  facet normal 0 0 1
    outer loop
      vertex -13.5941 23.0356 2.4
      vertex -13.7696 22.7389 2.4
      vertex -13.6889 22.6042 2.4
    endloop
  endfacet
  facet normal 0 0 1
    outer loop
      vertex -13.5941 23.0356 2.4
      vertex -13.8632 22.865 2.4
      vertex -13.7696 22.7389 2.4
    endloop
  endfacet
  facet normal -0 0 1
    outer loop
      vertex -13.8853 22.9924 2.4
      vertex -13.8632 22.865 2.4
      vertex -13.5941 23.0356 2.4
    endloop
  endfacet
  facet normal 0 0 1
    outer loop
      vertex -13.8632 22.865 2.4
      vertex -13.8853 22.9924 2.4
      vertex -13.9613 22.9733 2.4
    endloop
  endfacet
  facet normal 0 -1 0
    outer loop
      vertex -13.3 -23.05 0
      vertex 13.3 -23.05 2.4
      vertex -13.3 -23.05 2.4
    endloop
  endfacet
  facet normal 0 -1 -0
    outer loop
      vertex 13.3 -23.05 2.4
      vertex -13.3 -23.05 0
      vertex 13.3 -23.05 0
    endloop
  endfacet
  facet normal 1 -0 0
    outer loop
      vertex 16.3 -20.05 2.4
      vertex 16.3 20.05 0
      vertex 16.3 20.05 2.4
    endloop
  endfacet
  facet normal 1 0 0
    outer loop
      vertex 16.3 20.05 0
      vertex 16.3 -20.05 2.4
      vertex 16.3 -20.05 0
    endloop
  endfacet
  facet normal 0.0489044 0.998803 -0
    outer loop
      vertex 13.5941 23.0356 0
      vertex 13.3 23.05 2.4
      vertex 13.5941 23.0356 2.4
    endloop
  endfacet
  facet normal 0.0489044 0.998803 0
    outer loop
      vertex 13.3 23.05 2.4
      vertex 13.5941 23.0356 0
      vertex 13.3 23.05 0
    endloop
  endfacet
  facet normal -1 0 0
    outer loop
      vertex -16.3 -20.05 0
      vertex -16.3 20.05 2.4
      vertex -16.3 20.05 0
    endloop
  endfacet
  facet normal -1 -0 0
    outer loop
      vertex -16.3 20.05 2.4
      vertex -16.3 -20.05 0
      vertex -16.3 -20.05 2.4
    endloop
  endfacet
  facet normal 0 1 -0
    outer loop
      vertex 13.3 23.05 0
      vertex -13.3 23.05 2.4
      vertex 13.3 23.05 2.4
    endloop
  endfacet
  facet normal 0 1 0
    outer loop
      vertex -13.3 23.05 2.4
      vertex 13.3 23.05 0
      vertex -13.3 23.05 0
    endloop
  endfacet
  facet normal -0.989174 -0.146746 0
    outer loop
      vertex -16.2424 -20.6353 0
      vertex -16.2856 -20.3441 2.4
      vertex -16.2856 -20.3441 0
    endloop
  endfacet
  facet normal -0.989174 -0.146746 0
    outer loop
      vertex -16.2856 -20.3441 2.4
      vertex -16.2424 -20.6353 0
      vertex -16.2424 -20.6353 2.4
    endloop
  endfacet
  facet normal -0.0489044 -0.998803 0
    outer loop
      vertex -13.5941 -23.0356 0
      vertex -13.3 -23.05 2.4
      vertex -13.5941 -23.0356 2.4
    endloop
  endfacet
  facet normal -0.0489044 -0.998803 -0
    outer loop
      vertex -13.3 -23.05 2.4
      vertex -13.5941 -23.0356 0
      vertex -13.3 -23.05 0
    endloop
  endfacet
  facet normal -0.243736 -0.969841 0
    outer loop
      vertex -13.9613 -22.9733 0
      vertex -13.8853 -22.9924 2.4
      vertex -13.9613 -22.9733 2.4
    endloop
  endfacet
  facet normal -0.243736 -0.969841 -0
    outer loop
      vertex -13.8853 -22.9924 2.4
      vertex -13.9613 -22.9733 0
      vertex -13.8853 -22.9924 0
    endloop
  endfacet
  facet normal -0.969841 -0.243736 0
    outer loop
      vertex -16.2233 -20.7113 0
      vertex -16.2424 -20.6353 2.4
      vertex -16.2424 -20.6353 0
    endloop
  endfacet
  facet normal -0.969841 -0.243736 0
    outer loop
      vertex -16.2424 -20.6353 2.4
      vertex -16.2233 -20.7113 0
      vertex -16.2233 -20.7113 2.4
    endloop
  endfacet
  facet normal 0 0 -1
    outer loop
      vertex 13.8853 -22.9924 0
      vertex 13.8632 -22.865 0
      vertex 13.9613 -22.9733 0
    endloop
  endfacet
  facet normal 0 0 -1
    outer loop
      vertex 13.5941 -23.0356 0
      vertex 13.8632 -22.865 0
      vertex 13.8853 -22.9924 0
    endloop
  endfacet
  facet normal -0 0 -1
    outer loop
      vertex 13.8632 -22.865 0
      vertex 13.5941 -23.0356 0
      vertex 13.7696 -22.7389 0
    endloop
  endfacet
  facet normal -0 0 -1
    outer loop
      vertex 13.7696 -22.7389 0
      vertex 13.5941 -23.0356 0
      vertex 13.6889 -22.6042 0
    endloop
  endfacet
  facet normal 0 0 -1
    outer loop
      vertex 13.3 -23.05 0
      vertex 13.6889 -22.6042 0
      vertex 13.5941 -23.0356 0
    endloop
  endfacet
  facet normal -0 0 -1
    outer loop
      vertex 13.6889 -22.6042 0
      vertex 13.3 -23.05 0
      vertex 13.6218 -22.4623 0
    endloop
  endfacet
  facet normal -0 0 -1
    outer loop
      vertex 13.6218 -22.4623 0
      vertex 13.3 -23.05 0
      vertex 13.5689 -22.3145 0
    endloop
  endfacet
  facet normal -0 0 -1
    outer loop
      vertex 13.5689 -22.3145 0
      vertex 13.3 -23.05 0
      vertex 13.5307 -22.1621 0
    endloop
  endfacet
  facet normal -0 0 -1
    outer loop
      vertex 13.5307 -22.1621 0
      vertex 13.3 -23.05 0
      vertex 13.5077 -22.0068 0
    endloop
  endfacet
  facet normal 0 0 -1
    outer loop
      vertex 11.75 -20.5 0
      vertex 13.5077 -22.0068 0
      vertex 13.3 -23.05 0
    endloop
  endfacet
  facet normal 0 -0 -1
    outer loop
      vertex 12.1402 -20.4616 0
      vertex 13.5 -21.85 0
      vertex 11.946 -20.4904 0
    endloop
  endfacet
  facet normal 0 0 -1
    outer loop
      vertex 13.5077 -21.6932 0
      vertex 13.296 -19.7688 0
      vertex 13.4129 -19.6111 0
    endloop
  endfacet
  facet normal 0 0 -1
    outer loop
      vertex 13.5077 -21.6932 0
      vertex 13.1642 -19.9142 0
      vertex 13.296 -19.7688 0
    endloop
  endfacet
  facet normal 0 0 -1
    outer loop
      vertex 13.5077 -21.6932 0
      vertex 13.0188 -20.046 0
      vertex 13.1642 -19.9142 0
    endloop
  endfacet
  facet normal 0 0 -1
    outer loop
      vertex 13.5077 -21.6932 0
      vertex 12.8611 -20.1629 0
      vertex 13.0188 -20.046 0
    endloop
  endfacet
  facet normal 0 0 -1
    outer loop
      vertex 13.5077 -21.6932 0
      vertex 12.6928 -20.2638 0
      vertex 12.8611 -20.1629 0
    endloop
  endfacet
  facet normal 0 0 -1
    outer loop
      vertex 13.5077 -21.6932 0
      vertex 12.5154 -20.3478 0
      vertex 12.6928 -20.2638 0
    endloop
  endfacet
  facet normal 0 0 -1
    outer loop
      vertex 13.5077 -21.6932 0
      vertex 12.3306 -20.4139 0
      vertex 12.5154 -20.3478 0
    endloop
  endfacet
  facet normal 0 0 -1
    outer loop
      vertex 13.5077 -21.6932 0
      vertex 12.1402 -20.4616 0
      vertex 12.3306 -20.4139 0
    endloop
  endfacet
  facet normal 0 0 -1
    outer loop
      vertex 13.5 -21.85 0
      vertex 12.1402 -20.4616 0
      vertex 13.5077 -21.6932 0
    endloop
  endfacet
  facet normal 0 0 -1
    outer loop
      vertex 13.5077 -22.0068 0
      vertex 11.75 -20.5 0
      vertex 11.946 -20.4904 0
    endloop
  endfacet
  facet normal 0 0 -1
    outer loop
      vertex 13.3 -23.05 0
      vertex -11.75 -20.5 0
      vertex 11.75 -20.5 0
    endloop
  endfacet
  facet normal 0 0 -1
    outer loop
      vertex -13.3 -23.05 0
      vertex -11.75 -20.5 0
      vertex 13.3 -23.05 0
    endloop
  endfacet
  facet normal 0 0 -1
    outer loop
      vertex -13.5077 -22.0068 0
      vertex -11.75 -20.5 0
      vertex -13.3 -23.05 0
    endloop
  endfacet
  facet normal -0 0 -1
    outer loop
      vertex -11.75 -20.5 0
      vertex -13.5077 -22.0068 0
      vertex -11.946 -20.4904 0
    endloop
  endfacet
  facet normal 0 -0 -1
    outer loop
      vertex -13.5 -21.85 0
      vertex -11.946 -20.4904 0
      vertex -13.5077 -22.0068 0
    endloop
  endfacet
  facet normal -0 0 -1
    outer loop
      vertex -11.946 -20.4904 0
      vertex -13.5 -21.85 0
      vertex -12.1402 -20.4616 0
    endloop
  endfacet
  facet normal 0 0 -1
    outer loop
      vertex -13.5077 -21.6932 0
      vertex -12.1402 -20.4616 0
      vertex -13.5 -21.85 0
    endloop
  endfacet
  facet normal 0 0 -1
    outer loop
      vertex -13.5307 -21.5379 0
      vertex -12.1402 -20.4616 0
      vertex -13.5077 -21.6932 0
    endloop
  endfacet
  facet normal 0 0 -1
    outer loop
      vertex -13.5689 -21.3855 0
      vertex -12.3306 -20.4139 0
      vertex -13.5307 -21.5379 0
    endloop
  endfacet
  facet normal -0 0 -1
    outer loop
      vertex -12.3306 -20.4139 0
      vertex -13.5689 -21.3855 0
      vertex -12.5154 -20.3478 0
    endloop
  endfacet
  facet normal 0 0 -1
    outer loop
      vertex -13.6218 -21.2377 0
      vertex -12.5154 -20.3478 0
      vertex -13.5689 -21.3855 0
    endloop
  endfacet
  facet normal 0 0 -1
    outer loop
      vertex -13.6889 -21.0958 0
      vertex -12.6928 -20.2638 0
      vertex -13.6218 -21.2377 0
    endloop
  endfacet
  facet normal -0 0 -1
    outer loop
      vertex -12.5154 -20.3478 0
      vertex -13.6218 -21.2377 0
      vertex -12.6928 -20.2638 0
    endloop
  endfacet
  facet normal -0 0 -1
    outer loop
      vertex -12.1402 -20.4616 0
      vertex -13.5307 -21.5379 0
      vertex -12.3306 -20.4139 0
    endloop
  endfacet
  facet normal 0 0 -1
    outer loop
      vertex -13.3 -23.05 0
      vertex -13.5307 -22.1621 0
      vertex -13.5077 -22.0068 0
    endloop
  endfacet
  facet normal 0 0 -1
    outer loop
      vertex -13.3 -23.05 0
      vertex -13.5689 -22.3145 0
      vertex -13.5307 -22.1621 0
    endloop
  endfacet
  facet normal 0 0 -1
    outer loop
      vertex -13.6889 -22.6042 0
      vertex -13.3 -23.05 0
      vertex -13.5941 -23.0356 0
    endloop
  endfacet
  facet normal 0 0 -1
    outer loop
      vertex -13.3 -23.05 0
      vertex -13.6218 -22.4623 0
      vertex -13.5689 -22.3145 0
    endloop
  endfacet
  facet normal 0 0 -1
    outer loop
      vertex -13.3 -23.05 0
      vertex -13.6889 -22.6042 0
      vertex -13.6218 -22.4623 0
    endloop
  endfacet
  facet normal 0 0 -1
    outer loop
      vertex -13.5941 -23.0356 0
      vertex -13.7696 -22.7389 0
      vertex -13.6889 -22.6042 0
    endloop
  endfacet
  facet normal 0 0 -1
    outer loop
      vertex -13.5941 -23.0356 0
      vertex -13.8632 -22.865 0
      vertex -13.7696 -22.7389 0
    endloop
  endfacet
  facet normal 0 0 -1
    outer loop
      vertex -13.8853 -22.9924 0
      vertex -13.8632 -22.865 0
      vertex -13.5941 -23.0356 0
    endloop
  endfacet
  facet normal 0 0 -1
    outer loop
      vertex -13.8632 -22.865 0
      vertex -13.8853 -22.9924 0
      vertex -13.9613 -22.9733 0
    endloop
  endfacet
  facet normal 0 0 -1
    outer loop
      vertex 15.8542 -20.4389 0
      vertex 16.3 -20.05 0
      vertex 16.2856 -20.3441 0
    endloop
  endfacet
  facet normal 0 0 -1
    outer loop
      vertex 16.3 -20.05 0
      vertex 13.75 -18.5 0
      vertex 16.3 20.05 0
    endloop
  endfacet
  facet normal 0 0 -1
    outer loop
      vertex 16.115 -20.6132 0
      vertex 16.2856 -20.3441 0
      vertex 16.2424 -20.6353 0
    endloop
  endfacet
  facet normal 0 0 -1
    outer loop
      vertex 13.75 18.5 0
      vertex 16.3 20.05 0
      vertex 13.75 -18.5 0
    endloop
  endfacet
  facet normal 0 0 -1
    outer loop
      vertex 16.115 -20.6132 0
      vertex 16.2424 -20.6353 0
      vertex 16.2233 -20.7113 0
    endloop
  endfacet
  facet normal 0 0 -1
    outer loop
      vertex 16.2856 -20.3441 0
      vertex 16.115 -20.6132 0
      vertex 15.9889 -20.5196 0
    endloop
  endfacet
  facet normal 0 -0 -1
    outer loop
      vertex 15.2568 20.2577 0
      vertex 16.3 20.05 0
      vertex 13.75 18.5 0
    endloop
  endfacet
  facet normal -0 0 -1
    outer loop
      vertex 16.2424 20.6353 0
      vertex 16.115 20.6132 0
      vertex 16.2233 20.7113 0
    endloop
  endfacet
  facet normal 0 0 -1
    outer loop
      vertex 16.2856 -20.3441 0
      vertex 15.9889 -20.5196 0
      vertex 15.8542 -20.4389 0
    endloop
  endfacet
  facet normal 0 -0 -1
    outer loop
      vertex 15.5645 20.3189 0
      vertex 16.3 20.05 0
      vertex 15.4121 20.2807 0
    endloop
  endfacet
  facet normal 0 0 -1
    outer loop
      vertex 16.3 -20.05 0
      vertex 15.8542 -20.4389 0
      vertex 15.7123 -20.3718 0
    endloop
  endfacet
  facet normal 0 -0 -1
    outer loop
      vertex 15.9889 20.5196 0
      vertex 16.2856 20.3441 0
      vertex 15.8542 20.4389 0
    endloop
  endfacet
  facet normal 0 0 -1
    outer loop
      vertex 16.3 -20.05 0
      vertex 15.7123 -20.3718 0
      vertex 15.5645 -20.3189 0
    endloop
  endfacet
  facet normal 0 0 -1
    outer loop
      vertex 16.2856 20.3441 0
      vertex 16.115 20.6132 0
      vertex 16.2424 20.6353 0
    endloop
  endfacet
  facet normal 0 0 -1
    outer loop
      vertex 16.3 -20.05 0
      vertex 15.5645 -20.3189 0
      vertex 15.4121 -20.2807 0
    endloop
  endfacet
  facet normal 0 -0 -1
    outer loop
      vertex 16.115 20.6132 0
      vertex 16.2856 20.3441 0
      vertex 15.9889 20.5196 0
    endloop
  endfacet
  facet normal 0 0 -1
    outer loop
      vertex 15.2568 -20.2577 0
      vertex 16.3 -20.05 0
      vertex 15.4121 -20.2807 0
    endloop
  endfacet
  facet normal 0 0 -1
    outer loop
      vertex 16.3 20.05 0
      vertex 15.8542 20.4389 0
      vertex 16.2856 20.3441 0
    endloop
  endfacet
  facet normal -0 0 -1
    outer loop
      vertex 16.3 -20.05 0
      vertex 15.2568 -20.2577 0
      vertex 13.75 -18.5 0
    endloop
  endfacet
  facet normal 0 -0 -1
    outer loop
      vertex 15.8542 20.4389 0
      vertex 16.3 20.05 0
      vertex 15.7123 20.3718 0
    endloop
  endfacet
  facet normal 0 0 -1
    outer loop
      vertex 13.7404 -18.696 0
      vertex 15.2568 -20.2577 0
      vertex 15.1 -20.25 0
    endloop
  endfacet
  facet normal 0 -0 -1
    outer loop
      vertex 15.7123 20.3718 0
      vertex 16.3 20.05 0
      vertex 15.5645 20.3189 0
    endloop
  endfacet
  facet normal 0 0 -1
    outer loop
      vertex 13.7116 -18.8902 0
      vertex 15.1 -20.25 0
      vertex 14.9432 -20.2577 0
    endloop
  endfacet
  facet normal 0 0 -1
    outer loop
      vertex 16.3 20.05 0
      vertex 15.2568 20.2577 0
      vertex 15.4121 20.2807 0
    endloop
  endfacet
  facet normal 0 0 -1
    outer loop
      vertex 13.7116 -18.8902 0
      vertex 14.9432 -20.2577 0
      vertex 14.7879 -20.2807 0
    endloop
  endfacet
  facet normal 0 0 -1
    outer loop
      vertex 13.7404 18.696 0
      vertex 15.2568 20.2577 0
      vertex 13.75 18.5 0
    endloop
  endfacet
  facet normal 0 0 -1
    outer loop
      vertex 13.6639 -19.0806 0
      vertex 14.7879 -20.2807 0
      vertex 14.6355 -20.3189 0
    endloop
  endfacet
  facet normal 0 0 -1
    outer loop
      vertex 15.2568 20.2577 0
      vertex 13.7404 18.696 0
      vertex 15.1 20.25 0
    endloop
  endfacet
  facet normal 0 0 -1
    outer loop
      vertex 13.5978 -19.2654 0
      vertex 14.6355 -20.3189 0
      vertex 14.4877 -20.3718 0
    endloop
  endfacet
  facet normal 0 0 -1
    outer loop
      vertex 13.7116 18.8902 0
      vertex 15.1 20.25 0
      vertex 13.7404 18.696 0
    endloop
  endfacet
  facet normal 0 0 -1
    outer loop
      vertex 13.5138 -19.4428 0
      vertex 14.4877 -20.3718 0
      vertex 14.3458 -20.4389 0
    endloop
  endfacet
  facet normal -0 0 -1
    outer loop
      vertex 15.1 20.25 0
      vertex 13.7116 18.8902 0
      vertex 14.9432 20.2577 0
    endloop
  endfacet
  facet normal 0 0 -1
    outer loop
      vertex 13.4129 -19.6111 0
      vertex 14.3458 -20.4389 0
      vertex 14.2111 -20.5196 0
    endloop
  endfacet
  facet normal -0 0 -1
    outer loop
      vertex 14.9432 20.2577 0
      vertex 13.7116 18.8902 0
      vertex 14.7879 20.2807 0
    endloop
  endfacet
  facet normal 0 0 -1
    outer loop
      vertex 13.4129 -19.6111 0
      vertex 14.2111 -20.5196 0
      vertex 14.085 -20.6132 0
    endloop
  endfacet
  facet normal 0 0 -1
    outer loop
      vertex 13.6639 19.0806 0
      vertex 14.7879 20.2807 0
      vertex 13.7116 18.8902 0
    endloop
  endfacet
  facet normal 0 0 -1
    outer loop
      vertex 13.4129 -19.6111 0
      vertex 14.085 -20.6132 0
      vertex 13.9686 -20.7186 0
    endloop
  endfacet
  facet normal -0 0 -1
    outer loop
      vertex 14.7879 20.2807 0
      vertex 13.6639 19.0806 0
      vertex 14.6355 20.3189 0
    endloop
  endfacet
  facet normal 0 0 -1
    outer loop
      vertex 13.4129 -19.6111 0
      vertex 13.9686 -20.7186 0
      vertex 13.8632 -20.835 0
    endloop
  endfacet
  facet normal 0 0 -1
    outer loop
      vertex 13.5978 19.2654 0
      vertex 14.6355 20.3189 0
      vertex 13.6639 19.0806 0
    endloop
  endfacet
  facet normal 0 0 -1
    outer loop
      vertex 13.4129 -19.6111 0
      vertex 13.8632 -20.835 0
      vertex 13.7696 -20.9611 0
    endloop
  endfacet
  facet normal -0 0 -1
    outer loop
      vertex 14.6355 20.3189 0
      vertex 13.5978 19.2654 0
      vertex 14.4877 20.3718 0
    endloop
  endfacet
  facet normal 0 0 -1
    outer loop
      vertex 13.5138 19.4428 0
      vertex 14.4877 20.3718 0
      vertex 13.5978 19.2654 0
    endloop
  endfacet
  facet normal 0 0 -1
    outer loop
      vertex 15.2568 -20.2577 0
      vertex 13.7404 -18.696 0
      vertex 13.75 -18.5 0
    endloop
  endfacet
  facet normal 0 0 -1
    outer loop
      vertex 15.1 -20.25 0
      vertex 13.7116 -18.8902 0
      vertex 13.7404 -18.696 0
    endloop
  endfacet
  facet normal 0 0 -1
    outer loop
      vertex 13.4129 -19.6111 0
      vertex 13.7696 -20.9611 0
      vertex 13.6889 -21.0958 0
    endloop
  endfacet
  facet normal 0 0 -1
    outer loop
      vertex 14.7879 -20.2807 0
      vertex 13.6639 -19.0806 0
      vertex 13.7116 -18.8902 0
    endloop
  endfacet
  facet normal 0 0 -1
    outer loop
      vertex 13.4129 -19.6111 0
      vertex 13.6889 -21.0958 0
      vertex 13.6218 -21.2377 0
    endloop
  endfacet
  facet normal 0 0 -1
    outer loop
      vertex 14.6355 -20.3189 0
      vertex 13.5978 -19.2654 0
      vertex 13.6639 -19.0806 0
    endloop
  endfacet
  facet normal 0 0 -1
    outer loop
      vertex 13.4129 -19.6111 0
      vertex 13.6218 -21.2377 0
      vertex 13.5689 -21.3855 0
    endloop
  endfacet
  facet normal 0 0 -1
    outer loop
      vertex 13.4129 -19.6111 0
      vertex 13.5689 -21.3855 0
      vertex 13.5307 -21.5379 0
    endloop
  endfacet
  facet normal 0 0 -1
    outer loop
      vertex 14.4877 -20.3718 0
      vertex 13.5138 -19.4428 0
      vertex 13.5978 -19.2654 0
    endloop
  endfacet
  facet normal 0 0 -1
    outer loop
      vertex 13.4129 -19.6111 0
      vertex 13.5307 -21.5379 0
      vertex 13.5077 -21.6932 0
    endloop
  endfacet
  facet normal 0 0 -1
    outer loop
      vertex 13.5077 -22.0068 0
      vertex 11.946 -20.4904 0
      vertex 13.5 -21.85 0
    endloop
  endfacet
  facet normal 0 0 -1
    outer loop
      vertex 14.3458 -20.4389 0
      vertex 13.4129 -19.6111 0
      vertex 13.5138 -19.4428 0
    endloop
  endfacet
  facet normal -0 0 -1
    outer loop
      vertex 14.4877 20.3718 0
      vertex 13.5138 19.4428 0
      vertex 14.3458 20.4389 0
    endloop
  endfacet
  facet normal 0 0 -1
    outer loop
      vertex 13.4129 19.6111 0
      vertex 14.3458 20.4389 0
      vertex 13.5138 19.4428 0
    endloop
  endfacet
  facet normal -0 0 -1
    outer loop
      vertex 14.3458 20.4389 0
      vertex 13.4129 19.6111 0
      vertex 14.2111 20.5196 0
    endloop
  endfacet
  facet normal 0 0 -1
    outer loop
      vertex 13.296 19.7688 0
      vertex 14.2111 20.5196 0
      vertex 13.4129 19.6111 0
    endloop
  endfacet
  facet normal -0 0 -1
    outer loop
      vertex 14.2111 20.5196 0
      vertex 13.296 19.7688 0
      vertex 14.085 20.6132 0
    endloop
  endfacet
  facet normal 0 0 -1
    outer loop
      vertex 13.1642 19.9142 0
      vertex 14.085 20.6132 0
      vertex 13.296 19.7688 0
    endloop
  endfacet
  facet normal -0 0 -1
    outer loop
      vertex 14.085 20.6132 0
      vertex 13.1642 19.9142 0
      vertex 13.9686 20.7186 0
    endloop
  endfacet
  facet normal -0 0 -1
    outer loop
      vertex 13.9686 20.7186 0
      vertex 13.1642 19.9142 0
      vertex 13.8632 20.835 0
    endloop
  endfacet
  facet normal 0 0 -1
    outer loop
      vertex 13.0188 20.046 0
      vertex 13.8632 20.835 0
      vertex 13.1642 19.9142 0
    endloop
  endfacet
  facet normal -0 0 -1
    outer loop
      vertex 13.8632 20.835 0
      vertex 13.0188 20.046 0
      vertex 13.7696 20.9611 0
    endloop
  endfacet
  facet normal 0 0 -1
    outer loop
      vertex 12.8611 20.1629 0
      vertex 13.7696 20.9611 0
      vertex 13.0188 20.046 0
    endloop
  endfacet
  facet normal -0 0 -1
    outer loop
      vertex 13.7696 20.9611 0
      vertex 12.8611 20.1629 0
      vertex 13.6889 21.0958 0
    endloop
  endfacet
  facet normal 0 0 -1
    outer loop
      vertex 12.6928 20.2638 0
      vertex 13.6889 21.0958 0
      vertex 12.8611 20.1629 0
    endloop
  endfacet
  facet normal 0 0 -1
    outer loop
      vertex 13.8632 22.865 0
      vertex 13.8853 22.9924 0
      vertex 13.9613 22.9733 0
    endloop
  endfacet
  facet normal 0 0 -1
    outer loop
      vertex 13.5941 23.0356 0
      vertex 13.8632 22.865 0
      vertex 13.7696 22.7389 0
    endloop
  endfacet
  facet normal 0 0 -1
    outer loop
      vertex 13.5941 23.0356 0
      vertex 13.7696 22.7389 0
      vertex 13.6889 22.6042 0
    endloop
  endfacet
  facet normal 0 0 -1
    outer loop
      vertex 13.8632 22.865 0
      vertex 13.5941 23.0356 0
      vertex 13.8853 22.9924 0
    endloop
  endfacet
  facet normal 0 0 -1
    outer loop
      vertex 13.3 23.05 0
      vertex 13.6889 22.6042 0
      vertex 13.6218 22.4623 0
    endloop
  endfacet
  facet normal 0 0 -1
    outer loop
      vertex 13.3 23.05 0
      vertex 13.6218 22.4623 0
      vertex 13.5689 22.3145 0
    endloop
  endfacet
  facet normal 0 0 -1
    outer loop
      vertex 13.3 23.05 0
      vertex 13.5689 22.3145 0
      vertex 13.5307 22.1621 0
    endloop
  endfacet
  facet normal 0 0 -1
    outer loop
      vertex 13.3 23.05 0
      vertex 13.5307 22.1621 0
      vertex 13.5077 22.0068 0
    endloop
  endfacet
  facet normal 0 0 -1
    outer loop
      vertex 13.6889 22.6042 0
      vertex 13.3 23.05 0
      vertex 13.5941 23.0356 0
    endloop
  endfacet
  facet normal 0 0 -1
    outer loop
      vertex 11.946 20.4904 0
      vertex 13.5077 22.0068 0
      vertex 13.5 21.85 0
    endloop
  endfacet
  facet normal -0 0 -1
    outer loop
      vertex 13.6889 21.0958 0
      vertex 12.6928 20.2638 0
      vertex 13.6218 21.2377 0
    endloop
  endfacet
  facet normal 0 0 -1
    outer loop
      vertex 12.5154 20.3478 0
      vertex 13.6218 21.2377 0
      vertex 12.6928 20.2638 0
    endloop
  endfacet
  facet normal -0 0 -1
    outer loop
      vertex 13.6218 21.2377 0
      vertex 12.5154 20.3478 0
      vertex 13.5689 21.3855 0
    endloop
  endfacet
  facet normal 0 0 -1
    outer loop
      vertex 12.3306 20.4139 0
      vertex 13.5689 21.3855 0
      vertex 12.5154 20.3478 0
    endloop
  endfacet
  facet normal -0 0 -1
    outer loop
      vertex 13.5689 21.3855 0
      vertex 12.3306 20.4139 0
      vertex 13.5307 21.5379 0
    endloop
  endfacet
  facet normal 0 0 -1
    outer loop
      vertex 12.1402 20.4616 0
      vertex 13.5307 21.5379 0
      vertex 12.3306 20.4139 0
    endloop
  endfacet
  facet normal -0 0 -1
    outer loop
      vertex 13.5307 21.5379 0
      vertex 12.1402 20.4616 0
      vertex 13.5077 21.6932 0
    endloop
  endfacet
  facet normal -0 0 -1
    outer loop
      vertex 13.5077 21.6932 0
      vertex 12.1402 20.4616 0
      vertex 13.5 21.85 0
    endloop
  endfacet
  facet normal 0 0 -1
    outer loop
      vertex 11.946 20.4904 0
      vertex 13.5 21.85 0
      vertex 12.1402 20.4616 0
    endloop
  endfacet
  facet normal 0 0 -1
    outer loop
      vertex 13.5077 22.0068 0
      vertex 11.946 20.4904 0
      vertex 11.75 20.5 0
    endloop
  endfacet
  facet normal -0 0 -1
    outer loop
      vertex 13.5077 22.0068 0
      vertex 11.75 20.5 0
      vertex 13.3 23.05 0
    endloop
  endfacet
  facet normal 0 0 -1
    outer loop
      vertex -11.75 20.5 0
      vertex 13.3 23.05 0
      vertex 11.75 20.5 0
    endloop
  endfacet
  facet normal 0 0 -1
    outer loop
      vertex -13.5077 22.0068 0
      vertex -11.75 20.5 0
      vertex -11.946 20.4904 0
    endloop
  endfacet
  facet normal 0 0 -1
    outer loop
      vertex -11.75 20.5 0
      vertex -13.3 23.05 0
      vertex 13.3 23.05 0
    endloop
  endfacet
  facet normal 0 0 -1
    outer loop
      vertex -13.5 21.85 0
      vertex -11.946 20.4904 0
      vertex -12.1402 20.4616 0
    endloop
  endfacet
  facet normal 0 0 -1
    outer loop
      vertex -13.5307 21.5379 0
      vertex -12.1402 20.4616 0
      vertex -12.3306 20.4139 0
    endloop
  endfacet
  facet normal 0 0 -1
    outer loop
      vertex -13.5689 21.3855 0
      vertex -12.3306 20.4139 0
      vertex -12.5154 20.3478 0
    endloop
  endfacet
  facet normal 0 0 -1
    outer loop
      vertex -13.6218 21.2377 0
      vertex -12.5154 20.3478 0
      vertex -12.6928 20.2638 0
    endloop
  endfacet
  facet normal 0 0 -1
    outer loop
      vertex -13.6889 21.0958 0
      vertex -12.6928 20.2638 0
      vertex -12.8611 20.1629 0
    endloop
  endfacet
  facet normal 0 0 -1
    outer loop
      vertex -13.7696 20.9611 0
      vertex -12.8611 20.1629 0
      vertex -13.0188 20.046 0
    endloop
  endfacet
  facet normal 0 0 -1
    outer loop
      vertex -13.8632 20.835 0
      vertex -13.0188 20.046 0
      vertex -13.1642 19.9142 0
    endloop
  endfacet
  facet normal 0 0 -1
    outer loop
      vertex -14.085 20.6132 0
      vertex -13.1642 19.9142 0
      vertex -13.296 19.7688 0
    endloop
  endfacet
  facet normal 0 0 -1
    outer loop
      vertex -14.2111 20.5196 0
      vertex -13.296 19.7688 0
      vertex -13.4129 19.6111 0
    endloop
  endfacet
  facet normal 0 0 -1
    outer loop
      vertex -12.1402 20.4616 0
      vertex -13.5077 21.6932 0
      vertex -13.5 21.85 0
    endloop
  endfacet
  facet normal 0 0 -1
    outer loop
      vertex -11.75 20.5 0
      vertex -13.5077 22.0068 0
      vertex -13.3 23.05 0
    endloop
  endfacet
  facet normal 0 0 -1
    outer loop
      vertex -13.5307 22.1621 0
      vertex -13.3 23.05 0
      vertex -13.5077 22.0068 0
    endloop
  endfacet
  facet normal 0 0 -1
    outer loop
      vertex -13.5689 22.3145 0
      vertex -13.3 23.05 0
      vertex -13.5307 22.1621 0
    endloop
  endfacet
  facet normal 0 0 -1
    outer loop
      vertex -13.6218 22.4623 0
      vertex -13.3 23.05 0
      vertex -13.5689 22.3145 0
    endloop
  endfacet
  facet normal 0 0 -1
    outer loop
      vertex -13.6889 22.6042 0
      vertex -13.3 23.05 0
      vertex -13.6218 22.4623 0
    endloop
  endfacet
  facet normal 0 0 -1
    outer loop
      vertex -13.3 23.05 0
      vertex -13.6889 22.6042 0
      vertex -13.5941 23.0356 0
    endloop
  endfacet
  facet normal 0 0 -1
    outer loop
      vertex -13.7696 22.7389 0
      vertex -13.5941 23.0356 0
      vertex -13.6889 22.6042 0
    endloop
  endfacet
  facet normal 0 0 -1
    outer loop
      vertex -13.8632 22.865 0
      vertex -13.5941 23.0356 0
      vertex -13.7696 22.7389 0
    endloop
  endfacet
  facet normal 0 0 -1
    outer loop
      vertex -13.8632 22.865 0
      vertex -13.8853 22.9924 0
      vertex -13.5941 23.0356 0
    endloop
  endfacet
  facet normal 0 -0 -1
    outer loop
      vertex -13.8853 22.9924 0
      vertex -13.8632 22.865 0
      vertex -13.9613 22.9733 0
    endloop
  endfacet
  facet normal 0 0 -1
    outer loop
      vertex -11.946 20.4904 0
      vertex -13.5 21.85 0
      vertex -13.5077 22.0068 0
    endloop
  endfacet
  facet normal 0 0 -1
    outer loop
      vertex -14.3458 20.4389 0
      vertex -13.4129 19.6111 0
      vertex -13.5138 19.4428 0
    endloop
  endfacet
  facet normal 0 0 -1
    outer loop
      vertex -12.1402 20.4616 0
      vertex -13.5307 21.5379 0
      vertex -13.5077 21.6932 0
    endloop
  endfacet
  facet normal 0 0 -1
    outer loop
      vertex -12.3306 20.4139 0
      vertex -13.5689 21.3855 0
      vertex -13.5307 21.5379 0
    endloop
  endfacet
  facet normal 0 0 -1
    outer loop
      vertex -14.4877 20.3718 0
      vertex -13.5138 19.4428 0
      vertex -13.5978 19.2654 0
    endloop
  endfacet
  facet normal 0 0 -1
    outer loop
      vertex -12.5154 20.3478 0
      vertex -13.6218 21.2377 0
      vertex -13.5689 21.3855 0
    endloop
  endfacet
  facet normal 0 0 -1
    outer loop
      vertex -14.6355 20.3189 0
      vertex -13.5978 19.2654 0
      vertex -13.6639 19.0806 0
    endloop
  endfacet
  facet normal 0 0 -1
    outer loop
      vertex -12.6928 20.2638 0
      vertex -13.6889 21.0958 0
      vertex -13.6218 21.2377 0
    endloop
  endfacet
  facet normal 0 0 -1
    outer loop
      vertex -14.7879 20.2807 0
      vertex -13.6639 19.0806 0
      vertex -13.7116 18.8902 0
    endloop
  endfacet
  facet normal 0 0 -1
    outer loop
      vertex -15.1 20.25 0
      vertex -13.7116 18.8902 0
      vertex -13.7404 18.696 0
    endloop
  endfacet
  facet normal 0 0 -1
    outer loop
      vertex -15.2568 20.2577 0
      vertex -13.7404 18.696 0
      vertex -13.75 18.5 0
    endloop
  endfacet
  facet normal 0 0 -1
    outer loop
      vertex -12.8611 20.1629 0
      vertex -13.7696 20.9611 0
      vertex -13.6889 21.0958 0
    endloop
  endfacet
  facet normal -0 0 -1
    outer loop
      vertex -13.5138 -19.4428 0
      vertex -14.4877 -20.3718 0
      vertex -13.5978 -19.2654 0
    endloop
  endfacet
  facet normal 0 0 -1
    outer loop
      vertex -14.6355 -20.3189 0
      vertex -13.5978 -19.2654 0
      vertex -14.4877 -20.3718 0
    endloop
  endfacet
  facet normal 0 0 -1
    outer loop
      vertex -13.0188 20.046 0
      vertex -13.8632 20.835 0
      vertex -13.7696 20.9611 0
    endloop
  endfacet
  facet normal -0 0 -1
    outer loop
      vertex -13.5978 -19.2654 0
      vertex -14.6355 -20.3189 0
      vertex -13.6639 -19.0806 0
    endloop
  endfacet
  facet normal 0 0 -1
    outer loop
      vertex -13.1642 19.9142 0
      vertex -13.9686 20.7186 0
      vertex -13.8632 20.835 0
    endloop
  endfacet
  facet normal 0 0 -1
    outer loop
      vertex -14.7879 -20.2807 0
      vertex -13.6639 -19.0806 0
      vertex -14.6355 -20.3189 0
    endloop
  endfacet
  facet normal 0 0 -1
    outer loop
      vertex -13.1642 19.9142 0
      vertex -14.085 20.6132 0
      vertex -13.9686 20.7186 0
    endloop
  endfacet
  facet normal -0 0 -1
    outer loop
      vertex -13.6639 -19.0806 0
      vertex -14.7879 -20.2807 0
      vertex -13.7116 -18.8902 0
    endloop
  endfacet
  facet normal 0 0 -1
    outer loop
      vertex -13.296 19.7688 0
      vertex -14.2111 20.5196 0
      vertex -14.085 20.6132 0
    endloop
  endfacet
  facet normal 0 0 -1
    outer loop
      vertex -14.9432 -20.2577 0
      vertex -13.7116 -18.8902 0
      vertex -14.7879 -20.2807 0
    endloop
  endfacet
  facet normal 0 0 -1
    outer loop
      vertex -13.4129 19.6111 0
      vertex -14.3458 20.4389 0
      vertex -14.2111 20.5196 0
    endloop
  endfacet
  facet normal 0 0 -1
    outer loop
      vertex -15.1 -20.25 0
      vertex -13.7116 -18.8902 0
      vertex -14.9432 -20.2577 0
    endloop
  endfacet
  facet normal 0 0 -1
    outer loop
      vertex -13.5138 19.4428 0
      vertex -14.4877 20.3718 0
      vertex -14.3458 20.4389 0
    endloop
  endfacet
  facet normal -0 0 -1
    outer loop
      vertex -13.7116 -18.8902 0
      vertex -15.1 -20.25 0
      vertex -13.7404 -18.696 0
    endloop
  endfacet
  facet normal 0 0 -1
    outer loop
      vertex -13.5978 19.2654 0
      vertex -14.6355 20.3189 0
      vertex -14.4877 20.3718 0
    endloop
  endfacet
  facet normal 0 0 -1
    outer loop
      vertex -15.2568 -20.2577 0
      vertex -13.7404 -18.696 0
      vertex -15.1 -20.25 0
    endloop
  endfacet
  facet normal 0 0 -1
    outer loop
      vertex -13.6639 19.0806 0
      vertex -14.7879 20.2807 0
      vertex -14.6355 20.3189 0
    endloop
  endfacet
  facet normal -0 0 -1
    outer loop
      vertex -13.75 -18.5 0
      vertex -16.3 -20.05 0
      vertex -13.75 18.5 0
    endloop
  endfacet
  facet normal 0 0 -1
    outer loop
      vertex -13.7116 18.8902 0
      vertex -14.9432 20.2577 0
      vertex -14.7879 20.2807 0
    endloop
  endfacet
  facet normal -0 0 -1
    outer loop
      vertex -13.7404 -18.696 0
      vertex -15.2568 -20.2577 0
      vertex -13.75 -18.5 0
    endloop
  endfacet
  facet normal 0 0 -1
    outer loop
      vertex -16.3 20.05 0
      vertex -13.75 18.5 0
      vertex -16.3 -20.05 0
    endloop
  endfacet
  facet normal 0 0 -1
    outer loop
      vertex -13.75 -18.5 0
      vertex -15.2568 -20.2577 0
      vertex -16.3 -20.05 0
    endloop
  endfacet
  facet normal 0 -0 -1
    outer loop
      vertex -15.2568 20.2577 0
      vertex -13.75 18.5 0
      vertex -16.3 20.05 0
    endloop
  endfacet
  facet normal 0 0 -1
    outer loop
      vertex -16.3 -20.05 0
      vertex -15.2568 -20.2577 0
      vertex -15.4121 -20.2807 0
    endloop
  endfacet
  facet normal 0 0 -1
    outer loop
      vertex -13.7116 18.8902 0
      vertex -15.1 20.25 0
      vertex -14.9432 20.2577 0
    endloop
  endfacet
  facet normal 0 0 -1
    outer loop
      vertex -16.3 -20.05 0
      vertex -15.4121 -20.2807 0
      vertex -15.5645 -20.3189 0
    endloop
  endfacet
  facet normal 0 0 -1
    outer loop
      vertex -13.7404 18.696 0
      vertex -15.2568 20.2577 0
      vertex -15.1 20.25 0
    endloop
  endfacet
  facet normal 0 0 -1
    outer loop
      vertex -16.3 -20.05 0
      vertex -15.5645 -20.3189 0
      vertex -15.7123 -20.3718 0
    endloop
  endfacet
  facet normal -0 0 -1
    outer loop
      vertex -15.2568 20.2577 0
      vertex -16.3 20.05 0
      vertex -15.4121 20.2807 0
    endloop
  endfacet
  facet normal 0 0 -1
    outer loop
      vertex -16.3 -20.05 0
      vertex -15.7123 -20.3718 0
      vertex -15.8542 -20.4389 0
    endloop
  endfacet
  facet normal -0 0 -1
    outer loop
      vertex -15.4121 20.2807 0
      vertex -16.3 20.05 0
      vertex -15.5645 20.3189 0
    endloop
  endfacet
  facet normal 0 0 -1
    outer loop
      vertex -16.2856 -20.3441 0
      vertex -15.8542 -20.4389 0
      vertex -15.9889 -20.5196 0
    endloop
  endfacet
  facet normal -0 0 -1
    outer loop
      vertex -15.5645 20.3189 0
      vertex -16.3 20.05 0
      vertex -15.7123 20.3718 0
    endloop
  endfacet
  facet normal 0 0 -1
    outer loop
      vertex -16.2856 -20.3441 0
      vertex -15.9889 -20.5196 0
      vertex -16.115 -20.6132 0
    endloop
  endfacet
  facet normal -0 0 -1
    outer loop
      vertex -15.7123 20.3718 0
      vertex -16.3 20.05 0
      vertex -15.8542 20.4389 0
    endloop
  endfacet
  facet normal 0 0 -1
    outer loop
      vertex -16.2424 -20.6353 0
      vertex -16.115 -20.6132 0
      vertex -16.2233 -20.7113 0
    endloop
  endfacet
  facet normal 0 -0 -1
    outer loop
      vertex -16.2856 20.3441 0
      vertex -15.8542 20.4389 0
      vertex -16.3 20.05 0
    endloop
  endfacet
  facet normal -0 0 -1
    outer loop
      vertex -16.115 -20.6132 0
      vertex -16.2424 -20.6353 0
      vertex -16.2856 -20.3441 0
    endloop
  endfacet
  facet normal -0 0 -1
    outer loop
      vertex -15.8542 20.4389 0
      vertex -16.2856 20.3441 0
      vertex -15.9889 20.5196 0
    endloop
  endfacet
  facet normal 0 0 -1
    outer loop
      vertex -15.8542 -20.4389 0
      vertex -16.2856 -20.3441 0
      vertex -16.3 -20.05 0
    endloop
  endfacet
  facet normal -0 0 -1
    outer loop
      vertex -15.9889 20.5196 0
      vertex -16.2856 20.3441 0
      vertex -16.115 20.6132 0
    endloop
  endfacet
  facet normal 0 -0 -1
    outer loop
      vertex -16.2424 20.6353 0
      vertex -16.115 20.6132 0
      vertex -16.2856 20.3441 0
    endloop
  endfacet
  facet normal 0 0 -1
    outer loop
      vertex -16.115 20.6132 0
      vertex -16.2424 20.6353 0
      vertex -16.2233 20.7113 0
    endloop
  endfacet
  facet normal -0 0 -1
    outer loop
      vertex -12.6928 -20.2638 0
      vertex -13.6889 -21.0958 0
      vertex -12.8611 -20.1629 0
    endloop
  endfacet
  facet normal 0 0 -1
    outer loop
      vertex -13.7696 -20.9611 0
      vertex -12.8611 -20.1629 0
      vertex -13.6889 -21.0958 0
    endloop
  endfacet
  facet normal -0 0 -1
    outer loop
      vertex -12.8611 -20.1629 0
      vertex -13.7696 -20.9611 0
      vertex -13.0188 -20.046 0
    endloop
  endfacet
  facet normal 0 0 -1
    outer loop
      vertex -13.8632 -20.835 0
      vertex -13.0188 -20.046 0
      vertex -13.7696 -20.9611 0
    endloop
  endfacet
  facet normal -0 0 -1
    outer loop
      vertex -13.0188 -20.046 0
      vertex -13.8632 -20.835 0
      vertex -13.1642 -19.9142 0
    endloop
  endfacet
  facet normal 0 0 -1
    outer loop
      vertex -13.9686 -20.7186 0
      vertex -13.1642 -19.9142 0
      vertex -13.8632 -20.835 0
    endloop
  endfacet
  facet normal 0 0 -1
    outer loop
      vertex -14.085 -20.6132 0
      vertex -13.1642 -19.9142 0
      vertex -13.9686 -20.7186 0
    endloop
  endfacet
  facet normal -0 0 -1
    outer loop
      vertex -13.1642 -19.9142 0
      vertex -14.085 -20.6132 0
      vertex -13.296 -19.7688 0
    endloop
  endfacet
  facet normal 0 0 -1
    outer loop
      vertex -14.2111 -20.5196 0
      vertex -13.296 -19.7688 0
      vertex -14.085 -20.6132 0
    endloop
  endfacet
  facet normal -0 0 -1
    outer loop
      vertex -13.296 -19.7688 0
      vertex -14.2111 -20.5196 0
      vertex -13.4129 -19.6111 0
    endloop
  endfacet
  facet normal 0 0 -1
    outer loop
      vertex -14.3458 -20.4389 0
      vertex -13.4129 -19.6111 0
      vertex -14.2111 -20.5196 0
    endloop
  endfacet
  facet normal 0 0 -1
    outer loop
      vertex -14.4877 -20.3718 0
      vertex -13.5138 -19.4428 0
      vertex -14.3458 -20.4389 0
    endloop
  endfacet
  facet normal -0 0 -1
    outer loop
      vertex -13.4129 -19.6111 0
      vertex -14.3458 -20.4389 0
      vertex -13.5138 -19.4428 0
    endloop
  endfacet
  facet normal -0.998803 0.0489044 0
    outer loop
      vertex -16.3 20.05 0
      vertex -16.2856 20.3441 2.4
      vertex -16.2856 20.3441 0
    endloop
  endfacet
  facet normal -0.998803 0.0489044 0
    outer loop
      vertex -16.2856 20.3441 2.4
      vertex -16.3 20.05 0
      vertex -16.3 20.05 2.4
    endloop
  endfacet
  facet normal 0.146746 -0.989174 0
    outer loop
      vertex 13.5941 -23.0356 0
      vertex 13.8853 -22.9924 2.4
      vertex 13.5941 -23.0356 2.4
    endloop
  endfacet
  facet normal 0.146746 -0.989174 0
    outer loop
      vertex 13.8853 -22.9924 2.4
      vertex 13.5941 -23.0356 0
      vertex 13.8853 -22.9924 0
    endloop
  endfacet
  facet normal 0.998803 -0.0489044 0
    outer loop
      vertex 16.2856 -20.3441 2.4
      vertex 16.3 -20.05 0
      vertex 16.3 -20.05 2.4
    endloop
  endfacet
  facet normal 0.998803 -0.0489044 0
    outer loop
      vertex 16.3 -20.05 0
      vertex 16.2856 -20.3441 2.4
      vertex 16.2856 -20.3441 0
    endloop
  endfacet
  facet normal 0.969841 -0.243736 0
    outer loop
      vertex 16.2233 -20.7113 2.4
      vertex 16.2424 -20.6353 0
      vertex 16.2424 -20.6353 2.4
    endloop
  endfacet
  facet normal 0.969841 -0.243736 0
    outer loop
      vertex 16.2424 -20.6353 0
      vertex 16.2233 -20.7113 2.4
      vertex 16.2233 -20.7113 0
    endloop
  endfacet
  facet normal 0.146746 0.989174 -0
    outer loop
      vertex 13.8853 22.9924 0
      vertex 13.5941 23.0356 2.4
      vertex 13.8853 22.9924 2.4
    endloop
  endfacet
  facet normal 0.146746 0.989174 0
    outer loop
      vertex 13.5941 23.0356 2.4
      vertex 13.8853 22.9924 0
      vertex 13.5941 23.0356 0
    endloop
  endfacet
  facet normal -0.146746 0.989174 0
    outer loop
      vertex -13.5941 23.0356 0
      vertex -13.8853 22.9924 2.4
      vertex -13.5941 23.0356 2.4
    endloop
  endfacet
  facet normal -0.146746 0.989174 0
    outer loop
      vertex -13.8853 22.9924 2.4
      vertex -13.5941 23.0356 0
      vertex -13.8853 22.9924 0
    endloop
  endfacet
  facet normal -0.969841 0.243736 0
    outer loop
      vertex -16.2424 20.6353 0
      vertex -16.2233 20.7113 2.4
      vertex -16.2233 20.7113 0
    endloop
  endfacet
  facet normal -0.969841 0.243736 0
    outer loop
      vertex -16.2233 20.7113 2.4
      vertex -16.2424 20.6353 0
      vertex -16.2424 20.6353 2.4
    endloop
  endfacet
  facet normal -0.989174 0.146746 0
    outer loop
      vertex -16.2856 20.3441 0
      vertex -16.2424 20.6353 2.4
      vertex -16.2424 20.6353 0
    endloop
  endfacet
  facet normal -0.989174 0.146746 0
    outer loop
      vertex -16.2424 20.6353 2.4
      vertex -16.2856 20.3441 0
      vertex -16.2856 20.3441 2.4
    endloop
  endfacet
  facet normal 0.243736 -0.969841 0
    outer loop
      vertex 13.8853 -22.9924 0
      vertex 13.9613 -22.9733 2.4
      vertex 13.8853 -22.9924 2.4
    endloop
  endfacet
  facet normal 0.243736 -0.969841 0
    outer loop
      vertex 13.9613 -22.9733 2.4
      vertex 13.8853 -22.9924 0
      vertex 13.9613 -22.9733 0
    endloop
  endfacet
  facet normal 0.989174 -0.146746 0
    outer loop
      vertex 16.2424 -20.6353 2.4
      vertex 16.2856 -20.3441 0
      vertex 16.2856 -20.3441 2.4
    endloop
  endfacet
  facet normal 0.989174 -0.146746 0
    outer loop
      vertex 16.2856 -20.3441 0
      vertex 16.2424 -20.6353 2.4
      vertex 16.2424 -20.6353 0
    endloop
  endfacet
  facet normal 0.969841 0.243736 0
    outer loop
      vertex 16.2424 20.6353 2.4
      vertex 16.2233 20.7113 0
      vertex 16.2233 20.7113 2.4
    endloop
  endfacet
  facet normal 0.969841 0.243736 0
    outer loop
      vertex 16.2233 20.7113 0
      vertex 16.2424 20.6353 2.4
      vertex 16.2424 20.6353 0
    endloop
  endfacet
  facet normal 0.998803 0.0489044 0
    outer loop
      vertex 16.3 20.05 2.4
      vertex 16.2856 20.3441 0
      vertex 16.2856 20.3441 2.4
    endloop
  endfacet
  facet normal 0.998803 0.0489044 0
    outer loop
      vertex 16.2856 20.3441 0
      vertex 16.3 20.05 2.4
      vertex 16.3 20.05 0
    endloop
  endfacet
  facet normal 0.243736 0.969841 -0
    outer loop
      vertex 13.9613 22.9733 0
      vertex 13.8853 22.9924 2.4
      vertex 13.9613 22.9733 2.4
    endloop
  endfacet
  facet normal 0.243736 0.969841 0
    outer loop
      vertex 13.8853 22.9924 2.4
      vertex 13.9613 22.9733 0
      vertex 13.8853 22.9924 0
    endloop
  endfacet
  facet normal -0.243736 0.969841 0
    outer loop
      vertex -13.8853 22.9924 0
      vertex -13.9613 22.9733 2.4
      vertex -13.8853 22.9924 2.4
    endloop
  endfacet
  facet normal -0.243736 0.969841 0
    outer loop
      vertex -13.9613 22.9733 2.4
      vertex -13.8853 22.9924 0
      vertex -13.9613 22.9733 0
    endloop
  endfacet
  facet normal -0.0489044 0.998803 0
    outer loop
      vertex -13.3 23.05 0
      vertex -13.5941 23.0356 2.4
      vertex -13.3 23.05 2.4
    endloop
  endfacet
  facet normal -0.0489044 0.998803 0
    outer loop
      vertex -13.5941 23.0356 2.4
      vertex -13.3 23.05 0
      vertex -13.5941 23.0356 0
    endloop
  endfacet
  facet normal 0.989174 0.146746 0
    outer loop
      vertex 16.2856 20.3441 2.4
      vertex 16.2424 20.6353 0
      vertex 16.2424 20.6353 2.4
    endloop
  endfacet
  facet normal 0.989174 0.146746 0
    outer loop
      vertex 16.2424 20.6353 0
      vertex 16.2856 20.3441 2.4
      vertex 16.2856 20.3441 0
    endloop
  endfacet
  facet normal -0.0489209 -0.998803 0
    outer loop
      vertex -11.946 -20.4904 -2
      vertex -11.75 -20.5 0
      vertex -11.946 -20.4904 0
    endloop
  endfacet
  facet normal -0.0489209 -0.998803 -0
    outer loop
      vertex -11.75 -20.5 0
      vertex -11.946 -20.4904 -2
      vertex -11.75 -20.5 -2
    endloop
  endfacet
  facet normal 0.998803 0.0489209 0
    outer loop
      vertex 13.75 18.5 0
      vertex 13.7404 18.696 -2
      vertex 13.7404 18.696 0
    endloop
  endfacet
  facet normal 0.998803 0.0489209 0
    outer loop
      vertex 13.7404 18.696 -2
      vertex 13.75 18.5 0
      vertex 13.75 18.5 -2
    endloop
  endfacet
  facet normal 0 -1 0
    outer loop
      vertex -11.75 -20.5 -2
      vertex 11.75 -20.5 0
      vertex -11.75 -20.5 0
    endloop
  endfacet
  facet normal 0 -1 -0
    outer loop
      vertex 11.75 -20.5 0
      vertex -11.75 -20.5 -2
      vertex 11.75 -20.5 -2
    endloop
  endfacet
  facet normal -1 0 0
    outer loop
      vertex -13.75 -18.5 -2
      vertex -13.75 18.5 0
      vertex -13.75 18.5 -2
    endloop
  endfacet
  facet normal -1 -0 0
    outer loop
      vertex -13.75 18.5 0
      vertex -13.75 -18.5 -2
      vertex -13.75 -18.5 0
    endloop
  endfacet
  facet normal -0.9038 0.427955 0
    outer loop
      vertex -13.5978 19.2654 -2
      vertex -13.5138 19.4428 0
      vertex -13.5138 19.4428 -2
    endloop
  endfacet
  facet normal -0.9038 0.427955 0
    outer loop
      vertex -13.5138 19.4428 0
      vertex -13.5978 19.2654 -2
      vertex -13.5978 19.2654 0
    endloop
  endfacet
  facet normal 0.427955 -0.9038 0
    outer loop
      vertex 12.5154 -20.3478 -2
      vertex 12.6928 -20.2638 0
      vertex 12.5154 -20.3478 0
    endloop
  endfacet
  facet normal 0.427955 -0.9038 0
    outer loop
      vertex 12.6928 -20.2638 0
      vertex 12.5154 -20.3478 -2
      vertex 12.6928 -20.2638 -2
    endloop
  endfacet
  facet normal 0.989182 -0.146696 0
    outer loop
      vertex 13.7116 -18.8902 0
      vertex 13.7404 -18.696 -2
      vertex 13.7404 -18.696 0
    endloop
  endfacet
  facet normal 0.989182 -0.146696 0
    outer loop
      vertex 13.7404 -18.696 -2
      vertex 13.7116 -18.8902 0
      vertex 13.7116 -18.8902 -2
    endloop
  endfacet
  facet normal -0.857673 0.514196 0
    outer loop
      vertex -13.5138 19.4428 -2
      vertex -13.4129 19.6111 0
      vertex -13.4129 19.6111 -2
    endloop
  endfacet
  facet normal -0.857673 0.514196 0
    outer loop
      vertex -13.4129 19.6111 0
      vertex -13.5138 19.4428 -2
      vertex -13.5138 19.4428 0
    endloop
  endfacet
  facet normal -0.94158 -0.336788 0
    outer loop
      vertex -13.5978 -19.2654 -2
      vertex -13.6639 -19.0806 0
      vertex -13.6639 -19.0806 -2
    endloop
  endfacet
  facet normal -0.94158 -0.336788 0
    outer loop
      vertex -13.6639 -19.0806 0
      vertex -13.5978 -19.2654 -2
      vertex -13.5978 -19.2654 0
    endloop
  endfacet
  facet normal 0.243015 -0.970023 0
    outer loop
      vertex 12.1402 -20.4616 -2
      vertex 12.3306 -20.4139 0
      vertex 12.1402 -20.4616 0
    endloop
  endfacet
  facet normal 0.243015 -0.970023 0
    outer loop
      vertex 12.3306 -20.4139 0
      vertex 12.1402 -20.4616 -2
      vertex 12.3306 -20.4139 -2
    endloop
  endfacet
  facet normal 0.336788 -0.94158 0
    outer loop
      vertex 12.3306 -20.4139 -2
      vertex 12.5154 -20.3478 0
      vertex 12.3306 -20.4139 0
    endloop
  endfacet
  facet normal 0.336788 -0.94158 0
    outer loop
      vertex 12.5154 -20.3478 0
      vertex 12.3306 -20.4139 -2
      vertex 12.5154 -20.3478 -2
    endloop
  endfacet
  facet normal 0 1 -0
    outer loop
      vertex 11.75 20.5 -2
      vertex -11.75 20.5 0
      vertex 11.75 20.5 0
    endloop
  endfacet
  facet normal 0 1 0
    outer loop
      vertex -11.75 20.5 0
      vertex 11.75 20.5 -2
      vertex -11.75 20.5 -2
    endloop
  endfacet
  facet normal 1 -0 0
    outer loop
      vertex 13.75 -18.5 0
      vertex 13.75 18.5 -2
      vertex 13.75 18.5 0
    endloop
  endfacet
  facet normal 1 0 0
    outer loop
      vertex 13.75 18.5 -2
      vertex 13.75 -18.5 0
      vertex 13.75 -18.5 -2
    endloop
  endfacet
  facet normal 0.970023 -0.243015 0
    outer loop
      vertex 13.6639 -19.0806 0
      vertex 13.7116 -18.8902 -2
      vertex 13.7116 -18.8902 0
    endloop
  endfacet
  facet normal 0.970023 -0.243015 0
    outer loop
      vertex 13.7116 -18.8902 -2
      vertex 13.6639 -19.0806 0
      vertex 13.6639 -19.0806 -2
    endloop
  endfacet
  facet normal -0.80335 0.595508 0
    outer loop
      vertex -13.4129 19.6111 -2
      vertex -13.296 19.7688 0
      vertex -13.296 19.7688 -2
    endloop
  endfacet
  facet normal -0.80335 0.595508 0
    outer loop
      vertex -13.296 19.7688 0
      vertex -13.4129 19.6111 -2
      vertex -13.4129 19.6111 0
    endloop
  endfacet
  facet normal -0.970023 0.243015 0
    outer loop
      vertex -13.7116 18.8902 -2
      vertex -13.6639 19.0806 0
      vertex -13.6639 19.0806 -2
    endloop
  endfacet
  facet normal -0.970023 0.243015 0
    outer loop
      vertex -13.6639 19.0806 0
      vertex -13.7116 18.8902 -2
      vertex -13.7116 18.8902 0
    endloop
  endfacet
  facet normal 0.514196 -0.857673 0
    outer loop
      vertex 12.6928 -20.2638 -2
      vertex 12.8611 -20.1629 0
      vertex 12.6928 -20.2638 0
    endloop
  endfacet
  facet normal 0.514196 -0.857673 0
    outer loop
      vertex 12.8611 -20.1629 0
      vertex 12.6928 -20.2638 -2
      vertex 12.8611 -20.1629 -2
    endloop
  endfacet
  facet normal 0.595508 -0.80335 0
    outer loop
      vertex 12.8611 -20.1629 -2
      vertex 13.0188 -20.046 0
      vertex 12.8611 -20.1629 0
    endloop
  endfacet
  facet normal 0.595508 -0.80335 0
    outer loop
      vertex 13.0188 -20.046 0
      vertex 12.8611 -20.1629 -2
      vertex 13.0188 -20.046 -2
    endloop
  endfacet
  facet normal 0.146696 -0.989182 0
    outer loop
      vertex 11.946 -20.4904 -2
      vertex 12.1402 -20.4616 0
      vertex 11.946 -20.4904 0
    endloop
  endfacet
  facet normal 0.146696 -0.989182 0
    outer loop
      vertex 12.1402 -20.4616 0
      vertex 11.946 -20.4904 -2
      vertex 12.1402 -20.4616 -2
    endloop
  endfacet
  facet normal 0.0489209 -0.998803 0
    outer loop
      vertex 11.75 -20.5 -2
      vertex 11.946 -20.4904 0
      vertex 11.75 -20.5 0
    endloop
  endfacet
  facet normal 0.0489209 -0.998803 0
    outer loop
      vertex 11.946 -20.4904 0
      vertex 11.75 -20.5 -2
      vertex 11.946 -20.4904 -2
    endloop
  endfacet
  facet normal -0.336788 -0.94158 0
    outer loop
      vertex -12.5154 -20.3478 -2
      vertex -12.3306 -20.4139 0
      vertex -12.5154 -20.3478 0
    endloop
  endfacet
  facet normal -0.336788 -0.94158 -0
    outer loop
      vertex -12.3306 -20.4139 0
      vertex -12.5154 -20.3478 -2
      vertex -12.3306 -20.4139 -2
    endloop
  endfacet
  facet normal -0.857673 -0.514196 0
    outer loop
      vertex -13.4129 -19.6111 -2
      vertex -13.5138 -19.4428 0
      vertex -13.5138 -19.4428 -2
    endloop
  endfacet
  facet normal -0.857673 -0.514196 0
    outer loop
      vertex -13.5138 -19.4428 0
      vertex -13.4129 -19.6111 -2
      vertex -13.4129 -19.6111 0
    endloop
  endfacet
  facet normal -0.595508 -0.80335 0
    outer loop
      vertex -13.0188 -20.046 -2
      vertex -12.8611 -20.1629 0
      vertex -13.0188 -20.046 0
    endloop
  endfacet
  facet normal -0.595508 -0.80335 -0
    outer loop
      vertex -12.8611 -20.1629 0
      vertex -13.0188 -20.046 -2
      vertex -12.8611 -20.1629 -2
    endloop
  endfacet
  facet normal -0.970023 -0.243015 0
    outer loop
      vertex -13.6639 -19.0806 -2
      vertex -13.7116 -18.8902 0
      vertex -13.7116 -18.8902 -2
    endloop
  endfacet
  facet normal -0.970023 -0.243015 0
    outer loop
      vertex -13.7116 -18.8902 0
      vertex -13.6639 -19.0806 -2
      vertex -13.6639 -19.0806 0
    endloop
  endfacet
  facet normal 0.998803 -0.0489209 0
    outer loop
      vertex 13.7404 -18.696 0
      vertex 13.75 -18.5 -2
      vertex 13.75 -18.5 0
    endloop
  endfacet
  facet normal 0.998803 -0.0489209 0
    outer loop
      vertex 13.75 -18.5 -2
      vertex 13.7404 -18.696 0
      vertex 13.7404 -18.696 -2
    endloop
  endfacet
  facet normal 0.9038 -0.427955 0
    outer loop
      vertex 13.5138 -19.4428 0
      vertex 13.5978 -19.2654 -2
      vertex 13.5978 -19.2654 0
    endloop
  endfacet
  facet normal 0.9038 -0.427955 0
    outer loop
      vertex 13.5978 -19.2654 -2
      vertex 13.5138 -19.4428 0
      vertex 13.5138 -19.4428 -2
    endloop
  endfacet
  facet normal 0.80335 -0.595508 0
    outer loop
      vertex 13.296 -19.7688 0
      vertex 13.4129 -19.6111 -2
      vertex 13.4129 -19.6111 0
    endloop
  endfacet
  facet normal 0.80335 -0.595508 0
    outer loop
      vertex 13.4129 -19.6111 -2
      vertex 13.296 -19.7688 0
      vertex 13.296 -19.7688 -2
    endloop
  endfacet
  facet normal 0.94158 -0.336788 0
    outer loop
      vertex 13.5978 -19.2654 0
      vertex 13.6639 -19.0806 -2
      vertex 13.6639 -19.0806 0
    endloop
  endfacet
  facet normal 0.94158 -0.336788 0
    outer loop
      vertex 13.6639 -19.0806 -2
      vertex 13.5978 -19.2654 0
      vertex 13.5978 -19.2654 -2
    endloop
  endfacet
  facet normal -0.998803 0.0489209 0
    outer loop
      vertex -13.75 18.5 -2
      vertex -13.7404 18.696 0
      vertex -13.7404 18.696 -2
    endloop
  endfacet
  facet normal -0.998803 0.0489209 0
    outer loop
      vertex -13.7404 18.696 0
      vertex -13.75 18.5 -2
      vertex -13.75 18.5 0
    endloop
  endfacet
  facet normal -0.94158 0.336788 0
    outer loop
      vertex -13.6639 19.0806 -2
      vertex -13.5978 19.2654 0
      vertex -13.5978 19.2654 -2
    endloop
  endfacet
  facet normal -0.94158 0.336788 0
    outer loop
      vertex -13.5978 19.2654 0
      vertex -13.6639 19.0806 -2
      vertex -13.6639 19.0806 0
    endloop
  endfacet
  facet normal 0.740908 -0.671607 0
    outer loop
      vertex 13.1642 -19.9142 0
      vertex 13.296 -19.7688 -2
      vertex 13.296 -19.7688 0
    endloop
  endfacet
  facet normal 0.740908 -0.671607 0
    outer loop
      vertex 13.296 -19.7688 -2
      vertex 13.1642 -19.9142 0
      vertex 13.1642 -19.9142 -2
    endloop
  endfacet
  facet normal 0.671607 -0.740908 0
    outer loop
      vertex 13.0188 -20.046 -2
      vertex 13.1642 -19.9142 0
      vertex 13.0188 -20.046 0
    endloop
  endfacet
  facet normal 0.671607 -0.740908 0
    outer loop
      vertex 13.1642 -19.9142 0
      vertex 13.0188 -20.046 -2
      vertex 13.1642 -19.9142 -2
    endloop
  endfacet
  facet normal -0.514196 -0.857673 0
    outer loop
      vertex -12.8611 -20.1629 -2
      vertex -12.6928 -20.2638 0
      vertex -12.8611 -20.1629 0
    endloop
  endfacet
  facet normal -0.514196 -0.857673 -0
    outer loop
      vertex -12.6928 -20.2638 0
      vertex -12.8611 -20.1629 -2
      vertex -12.6928 -20.2638 -2
    endloop
  endfacet
  facet normal -0.146696 -0.989182 0
    outer loop
      vertex -12.1402 -20.4616 -2
      vertex -11.946 -20.4904 0
      vertex -12.1402 -20.4616 0
    endloop
  endfacet
  facet normal -0.146696 -0.989182 -0
    outer loop
      vertex -11.946 -20.4904 0
      vertex -12.1402 -20.4616 -2
      vertex -11.946 -20.4904 -2
    endloop
  endfacet
  facet normal -0.243015 -0.970023 0
    outer loop
      vertex -12.3306 -20.4139 -2
      vertex -12.1402 -20.4616 0
      vertex -12.3306 -20.4139 0
    endloop
  endfacet
  facet normal -0.243015 -0.970023 -0
    outer loop
      vertex -12.1402 -20.4616 0
      vertex -12.3306 -20.4139 -2
      vertex -12.1402 -20.4616 -2
    endloop
  endfacet
  facet normal -0.740908 -0.671607 0
    outer loop
      vertex -13.1642 -19.9142 -2
      vertex -13.296 -19.7688 0
      vertex -13.296 -19.7688 -2
    endloop
  endfacet
  facet normal -0.740908 -0.671607 0
    outer loop
      vertex -13.296 -19.7688 0
      vertex -13.1642 -19.9142 -2
      vertex -13.1642 -19.9142 0
    endloop
  endfacet
  facet normal -0.998803 -0.0489209 0
    outer loop
      vertex -13.7404 -18.696 -2
      vertex -13.75 -18.5 0
      vertex -13.75 -18.5 -2
    endloop
  endfacet
  facet normal -0.998803 -0.0489209 0
    outer loop
      vertex -13.75 -18.5 0
      vertex -13.7404 -18.696 -2
      vertex -13.7404 -18.696 0
    endloop
  endfacet
  facet normal 0.671607 0.740908 -0
    outer loop
      vertex 13.1642 19.9142 -2
      vertex 13.0188 20.046 0
      vertex 13.1642 19.9142 0
    endloop
  endfacet
  facet normal 0.671607 0.740908 0
    outer loop
      vertex 13.0188 20.046 0
      vertex 13.1642 19.9142 -2
      vertex 13.0188 20.046 -2
    endloop
  endfacet
  facet normal 0.0489209 0.998803 -0
    outer loop
      vertex 11.946 20.4904 -2
      vertex 11.75 20.5 0
      vertex 11.946 20.4904 0
    endloop
  endfacet
  facet normal 0.0489209 0.998803 0
    outer loop
      vertex 11.75 20.5 0
      vertex 11.946 20.4904 -2
      vertex 11.75 20.5 -2
    endloop
  endfacet
  facet normal -0.427955 0.9038 0
    outer loop
      vertex -12.5154 20.3478 -2
      vertex -12.6928 20.2638 0
      vertex -12.5154 20.3478 0
    endloop
  endfacet
  facet normal -0.427955 0.9038 0
    outer loop
      vertex -12.6928 20.2638 0
      vertex -12.5154 20.3478 -2
      vertex -12.6928 20.2638 -2
    endloop
  endfacet
  facet normal 0.857673 -0.514196 0
    outer loop
      vertex 13.4129 -19.6111 0
      vertex 13.5138 -19.4428 -2
      vertex 13.5138 -19.4428 0
    endloop
  endfacet
  facet normal 0.857673 -0.514196 0
    outer loop
      vertex 13.5138 -19.4428 -2
      vertex 13.4129 -19.6111 0
      vertex 13.4129 -19.6111 -2
    endloop
  endfacet
  facet normal -0.989182 0.146696 0
    outer loop
      vertex -13.7404 18.696 -2
      vertex -13.7116 18.8902 0
      vertex -13.7116 18.8902 -2
    endloop
  endfacet
  facet normal -0.989182 0.146696 0
    outer loop
      vertex -13.7116 18.8902 0
      vertex -13.7404 18.696 -2
      vertex -13.7404 18.696 0
    endloop
  endfacet
  facet normal -0.427955 -0.9038 0
    outer loop
      vertex -12.6928 -20.2638 -2
      vertex -12.5154 -20.3478 0
      vertex -12.6928 -20.2638 0
    endloop
  endfacet
  facet normal -0.427955 -0.9038 -0
    outer loop
      vertex -12.5154 -20.3478 0
      vertex -12.6928 -20.2638 -2
      vertex -12.5154 -20.3478 -2
    endloop
  endfacet
  facet normal -0.80335 -0.595508 0
    outer loop
      vertex -13.296 -19.7688 -2
      vertex -13.4129 -19.6111 0
      vertex -13.4129 -19.6111 -2
    endloop
  endfacet
  facet normal -0.80335 -0.595508 0
    outer loop
      vertex -13.4129 -19.6111 0
      vertex -13.296 -19.7688 -2
      vertex -13.296 -19.7688 0
    endloop
  endfacet
  facet normal -0.9038 -0.427955 0
    outer loop
      vertex -13.5138 -19.4428 -2
      vertex -13.5978 -19.2654 0
      vertex -13.5978 -19.2654 -2
    endloop
  endfacet
  facet normal -0.9038 -0.427955 0
    outer loop
      vertex -13.5978 -19.2654 0
      vertex -13.5138 -19.4428 -2
      vertex -13.5138 -19.4428 0
    endloop
  endfacet
  facet normal -0.671607 -0.740908 0
    outer loop
      vertex -13.1642 -19.9142 -2
      vertex -13.0188 -20.046 0
      vertex -13.1642 -19.9142 0
    endloop
  endfacet
  facet normal -0.671607 -0.740908 -0
    outer loop
      vertex -13.0188 -20.046 0
      vertex -13.1642 -19.9142 -2
      vertex -13.0188 -20.046 -2
    endloop
  endfacet
  facet normal 0 0 -1
    outer loop
      vertex 4.40961 8.39302 -2
      vertex 9.9 14.15 -2
      vertex 9.9 -14.15 -2
    endloop
  endfacet
  facet normal 0 0 -1
    outer loop
      vertex 9.9 14.15 -2
      vertex 4.97592 10.2599 -2
      vertex 5 10.75 -2
    endloop
  endfacet
  facet normal 0 0 -1
    outer loop
      vertex 9.9 14.15 -2
      vertex 4.90393 9.77455 -2
      vertex 4.97592 10.2599 -2
    endloop
  endfacet
  facet normal 0 0 -1
    outer loop
      vertex 9.9 14.15 -2
      vertex 4.7847 9.29858 -2
      vertex 4.90393 9.77455 -2
    endloop
  endfacet
  facet normal 0 0 -1
    outer loop
      vertex 9.9 14.15 -2
      vertex 4.6194 8.83658 -2
      vertex 4.7847 9.29858 -2
    endloop
  endfacet
  facet normal 0 0 -1
    outer loop
      vertex 9.9 14.15 -2
      vertex 4.40961 8.39302 -2
      vertex 4.6194 8.83658 -2
    endloop
  endfacet
  facet normal 0 0 -1
    outer loop
      vertex 9.9 -14.15 -2
      vertex 4.15735 7.97215 -2
      vertex 4.40961 8.39302 -2
    endloop
  endfacet
  facet normal 0 0 -1
    outer loop
      vertex 9.9 -14.15 -2
      vertex 3.86505 7.57803 -2
      vertex 4.15735 7.97215 -2
    endloop
  endfacet
  facet normal 0 0 -1
    outer loop
      vertex 9.9 -14.15 -2
      vertex 3.53553 7.21447 -2
      vertex 3.86505 7.57803 -2
    endloop
  endfacet
  facet normal 0 0 -1
    outer loop
      vertex 9.9 -14.15 -2
      vertex 3.17197 6.88495 -2
      vertex 3.53553 7.21447 -2
    endloop
  endfacet
  facet normal 0 0 -1
    outer loop
      vertex 9.9 -14.15 -2
      vertex 2.77785 6.59265 -2
      vertex 3.17197 6.88495 -2
    endloop
  endfacet
  facet normal 0 0 -1
    outer loop
      vertex 9.9 -14.15 -2
      vertex 2.35698 6.34039 -2
      vertex 2.77785 6.59265 -2
    endloop
  endfacet
  facet normal 0 0 -1
    outer loop
      vertex 9.9 -14.15 -2
      vertex 1.91342 6.1306 -2
      vertex 2.35698 6.34039 -2
    endloop
  endfacet
  facet normal 0 0 -1
    outer loop
      vertex 9.9 -14.15 -2
      vertex 1.45142 5.9653 -2
      vertex 1.91342 6.1306 -2
    endloop
  endfacet
  facet normal 0 0 -1
    outer loop
      vertex 9.9 -14.15 -2
      vertex 0.975451 5.84607 -2
      vertex 1.45142 5.9653 -2
    endloop
  endfacet
  facet normal 0 0 -1
    outer loop
      vertex 9.9 -14.15 -2
      vertex 0.490086 5.77408 -2
      vertex 0.975451 5.84607 -2
    endloop
  endfacet
  facet normal 0 0 -1
    outer loop
      vertex 9.9 -14.15 -2
      vertex 0 5.75 -2
      vertex 0.490086 5.77408 -2
    endloop
  endfacet
  facet normal 0 0 -1
    outer loop
      vertex -9.9 -14.15 -2
      vertex 0 5.75 -2
      vertex 9.9 -14.15 -2
    endloop
  endfacet
  facet normal -0 0 -1
    outer loop
      vertex 0 5.75 -2
      vertex -9.9 -14.15 -2
      vertex -0.490086 5.77408 -2
    endloop
  endfacet
  facet normal -0 0 -1
    outer loop
      vertex -0.490086 5.77408 -2
      vertex -9.9 -14.15 -2
      vertex -0.975451 5.84607 -2
    endloop
  endfacet
  facet normal -0 0 -1
    outer loop
      vertex -0.975451 5.84607 -2
      vertex -9.9 -14.15 -2
      vertex -1.45142 5.9653 -2
    endloop
  endfacet
  facet normal -0 0 -1
    outer loop
      vertex -1.45142 5.9653 -2
      vertex -9.9 -14.15 -2
      vertex -1.91342 6.1306 -2
    endloop
  endfacet
  facet normal -0 0 -1
    outer loop
      vertex -1.91342 6.1306 -2
      vertex -9.9 -14.15 -2
      vertex -2.35698 6.34039 -2
    endloop
  endfacet
  facet normal -0 0 -1
    outer loop
      vertex -2.35698 6.34039 -2
      vertex -9.9 -14.15 -2
      vertex -2.77785 6.59265 -2
    endloop
  endfacet
  facet normal -0 0 -1
    outer loop
      vertex -2.77785 6.59265 -2
      vertex -9.9 -14.15 -2
      vertex -3.17197 6.88495 -2
    endloop
  endfacet
  facet normal -0 0 -1
    outer loop
      vertex -3.17197 6.88495 -2
      vertex -9.9 -14.15 -2
      vertex -3.53553 7.21447 -2
    endloop
  endfacet
  facet normal -0 0 -1
    outer loop
      vertex -3.53553 7.21447 -2
      vertex -9.9 -14.15 -2
      vertex -3.86505 7.57803 -2
    endloop
  endfacet
  facet normal 0 0 -1
    outer loop
      vertex -4.90393 9.77455 -2
      vertex -9.9 14.15 -2
      vertex -4.97592 10.2599 -2
    endloop
  endfacet
  facet normal 0 0 -1
    outer loop
      vertex -4.7847 9.29858 -2
      vertex -9.9 14.15 -2
      vertex -4.90393 9.77455 -2
    endloop
  endfacet
  facet normal 0 0 -1
    outer loop
      vertex -4.6194 8.83658 -2
      vertex -9.9 14.15 -2
      vertex -4.7847 9.29858 -2
    endloop
  endfacet
  facet normal 0 0 -1
    outer loop
      vertex -4.40961 8.39302 -2
      vertex -9.9 14.15 -2
      vertex -4.6194 8.83658 -2
    endloop
  endfacet
  facet normal 0 0 -1
    outer loop
      vertex -9.9 14.15 -2
      vertex -4.40961 8.39302 -2
      vertex -9.9 -14.15 -2
    endloop
  endfacet
  facet normal -0 0 -1
    outer loop
      vertex -4.15735 7.97215 -2
      vertex -9.9 -14.15 -2
      vertex -4.40961 8.39302 -2
    endloop
  endfacet
  facet normal -0 0 -1
    outer loop
      vertex -3.86505 7.57803 -2
      vertex -9.9 -14.15 -2
      vertex -4.15735 7.97215 -2
    endloop
  endfacet
  facet normal 0 0 -1
    outer loop
      vertex 9.9 -17.15 -2
      vertex 13.75 -18.5 -2
      vertex 13.7404 -18.696 -2
    endloop
  endfacet
  facet normal 0 0 -1
    outer loop
      vertex 13.75 -18.5 -2
      vertex 9.9 -14.15 -2
      vertex 13.75 18.5 -2
    endloop
  endfacet
  facet normal 0 0 -1
    outer loop
      vertex 9.9 -17.15 -2
      vertex 13.7404 -18.696 -2
      vertex 13.7116 -18.8902 -2
    endloop
  endfacet
  facet normal 0 0 -1
    outer loop
      vertex 9.9 14.15 -2
      vertex 13.75 18.5 -2
      vertex 9.9 -14.15 -2
    endloop
  endfacet
  facet normal 0 0 -1
    outer loop
      vertex 9.9 -17.15 -2
      vertex 13.7116 -18.8902 -2
      vertex 13.6639 -19.0806 -2
    endloop
  endfacet
  facet normal 0 0 -1
    outer loop
      vertex 9.9 17.15 -2
      vertex 13.75 18.5 -2
      vertex 9.9 14.15 -2
    endloop
  endfacet
  facet normal 0 0 -1
    outer loop
      vertex 9.9 -17.15 -2
      vertex 13.6639 -19.0806 -2
      vertex 13.5978 -19.2654 -2
    endloop
  endfacet
  facet normal -0 0 -1
    outer loop
      vertex 13.75 18.5 -2
      vertex 9.9 17.15 -2
      vertex 13.7404 18.696 -2
    endloop
  endfacet
  facet normal 0 0 -1
    outer loop
      vertex 9.9 -17.15 -2
      vertex 13.5978 -19.2654 -2
      vertex 13.5138 -19.4428 -2
    endloop
  endfacet
  facet normal -0 0 -1
    outer loop
      vertex 13.7404 18.696 -2
      vertex 9.9 17.15 -2
      vertex 13.7116 18.8902 -2
    endloop
  endfacet
  facet normal 0 0 -1
    outer loop
      vertex 9.9 -17.15 -2
      vertex 13.5138 -19.4428 -2
      vertex 13.4129 -19.6111 -2
    endloop
  endfacet
  facet normal -0 0 -1
    outer loop
      vertex 13.7116 18.8902 -2
      vertex 9.9 17.15 -2
      vertex 13.6639 19.0806 -2
    endloop
  endfacet
  facet normal 0 0 -1
    outer loop
      vertex 9.9 -17.15 -2
      vertex 13.4129 -19.6111 -2
      vertex 13.296 -19.7688 -2
    endloop
  endfacet
  facet normal -0 0 -1
    outer loop
      vertex 13.6639 19.0806 -2
      vertex 9.9 17.15 -2
      vertex 13.5978 19.2654 -2
    endloop
  endfacet
  facet normal 0 0 -1
    outer loop
      vertex 9.9 -17.15 -2
      vertex 13.296 -19.7688 -2
      vertex 13.1642 -19.9142 -2
    endloop
  endfacet
  facet normal -0 0 -1
    outer loop
      vertex 13.5978 19.2654 -2
      vertex 9.9 17.15 -2
      vertex 13.5138 19.4428 -2
    endloop
  endfacet
  facet normal 0 0 -1
    outer loop
      vertex 9.9 -17.15 -2
      vertex 13.1642 -19.9142 -2
      vertex 13.0188 -20.046 -2
    endloop
  endfacet
  facet normal -0 0 -1
    outer loop
      vertex 13.5138 19.4428 -2
      vertex 9.9 17.15 -2
      vertex 13.4129 19.6111 -2
    endloop
  endfacet
  facet normal 0 0 -1
    outer loop
      vertex 9.9 -17.15 -2
      vertex 13.0188 -20.046 -2
      vertex 12.8611 -20.1629 -2
    endloop
  endfacet
  facet normal -0 0 -1
    outer loop
      vertex 13.4129 19.6111 -2
      vertex 9.9 17.15 -2
      vertex 13.296 19.7688 -2
    endloop
  endfacet
  facet normal 0 0 -1
    outer loop
      vertex 9.9 -17.15 -2
      vertex 12.8611 -20.1629 -2
      vertex 12.6928 -20.2638 -2
    endloop
  endfacet
  facet normal -0 0 -1
    outer loop
      vertex 13.296 19.7688 -2
      vertex 9.9 17.15 -2
      vertex 13.1642 19.9142 -2
    endloop
  endfacet
  facet normal 0 0 -1
    outer loop
      vertex 9.9 -17.15 -2
      vertex 12.6928 -20.2638 -2
      vertex 12.5154 -20.3478 -2
    endloop
  endfacet
  facet normal -0 0 -1
    outer loop
      vertex 13.1642 19.9142 -2
      vertex 9.9 17.15 -2
      vertex 13.0188 20.046 -2
    endloop
  endfacet
  facet normal 0 0 -1
    outer loop
      vertex 9.9 -17.15 -2
      vertex 12.5154 -20.3478 -2
      vertex 12.3306 -20.4139 -2
    endloop
  endfacet
  facet normal -0 0 -1
    outer loop
      vertex 13.0188 20.046 -2
      vertex 9.9 17.15 -2
      vertex 12.8611 20.1629 -2
    endloop
  endfacet
  facet normal 0 0 -1
    outer loop
      vertex 9.9 -17.15 -2
      vertex 12.3306 -20.4139 -2
      vertex 12.1402 -20.4616 -2
    endloop
  endfacet
  facet normal -0 0 -1
    outer loop
      vertex 12.8611 20.1629 -2
      vertex 9.9 17.15 -2
      vertex 12.6928 20.2638 -2
    endloop
  endfacet
  facet normal 0 0 -1
    outer loop
      vertex 9.9 -17.15 -2
      vertex 12.1402 -20.4616 -2
      vertex 11.946 -20.4904 -2
    endloop
  endfacet
  facet normal -0 0 -1
    outer loop
      vertex 12.6928 20.2638 -2
      vertex 9.9 17.15 -2
      vertex 12.5154 20.3478 -2
    endloop
  endfacet
  facet normal 0 0 -1
    outer loop
      vertex 9.9 -17.15 -2
      vertex 11.946 -20.4904 -2
      vertex 11.75 -20.5 -2
    endloop
  endfacet
  facet normal -0 0 -1
    outer loop
      vertex 12.5154 20.3478 -2
      vertex 9.9 17.15 -2
      vertex 12.3306 20.4139 -2
    endloop
  endfacet
  facet normal 0 0 -1
    outer loop
      vertex 13.75 -18.5 -2
      vertex 9.9 -17.15 -2
      vertex 9.9 -14.15 -2
    endloop
  endfacet
  facet normal 0 0 -1
    outer loop
      vertex 11.75 -20.5 -2
      vertex -9.9 -17.15 -2
      vertex 9.9 -17.15 -2
    endloop
  endfacet
  facet normal 0 0 -1
    outer loop
      vertex -13.75 -18.5 -2
      vertex -9.9 -14.15 -2
      vertex -9.9 -17.15 -2
    endloop
  endfacet
  facet normal -0 0 -1
    outer loop
      vertex -9.9 -14.15 -2
      vertex -13.75 -18.5 -2
      vertex -9.9 14.15 -2
    endloop
  endfacet
  facet normal 0 0 -1
    outer loop
      vertex -13.75 -18.5 -2
      vertex -9.9 -17.15 -2
      vertex -11.75 -20.5 -2
    endloop
  endfacet
  facet normal 0 0 -1
    outer loop
      vertex -11.75 -20.5 -2
      vertex -9.9 -17.15 -2
      vertex 11.75 -20.5 -2
    endloop
  endfacet
  facet normal -0 0 -1
    outer loop
      vertex 12.3306 20.4139 -2
      vertex 9.9 17.15 -2
      vertex 12.1402 20.4616 -2
    endloop
  endfacet
  facet normal -0 0 -1
    outer loop
      vertex 12.1402 20.4616 -2
      vertex 9.9 17.15 -2
      vertex 11.946 20.4904 -2
    endloop
  endfacet
  facet normal -0 0 -1
    outer loop
      vertex 11.946 20.4904 -2
      vertex 9.9 17.15 -2
      vertex 11.75 20.5 -2
    endloop
  endfacet
  facet normal 0 0 -1
    outer loop
      vertex -9.9 17.15 -2
      vertex 11.75 20.5 -2
      vertex 9.9 17.15 -2
    endloop
  endfacet
  facet normal 0 0 -1
    outer loop
      vertex -9.9 17.15 -2
      vertex -11.75 20.5 -2
      vertex 11.75 20.5 -2
    endloop
  endfacet
  facet normal 0 0 -1
    outer loop
      vertex -13.75 18.5 -2
      vertex -9.9 14.15 -2
      vertex -13.75 -18.5 -2
    endloop
  endfacet
  facet normal 0 0 -1
    outer loop
      vertex -13.75 -18.5 -2
      vertex -11.75 -20.5 -2
      vertex -11.946 -20.4904 -2
    endloop
  endfacet
  facet normal 0 0 -1
    outer loop
      vertex -9.9 14.15 -2
      vertex -13.75 18.5 -2
      vertex -9.9 17.15 -2
    endloop
  endfacet
  facet normal 0 0 -1
    outer loop
      vertex -13.75 -18.5 -2
      vertex -11.946 -20.4904 -2
      vertex -12.1402 -20.4616 -2
    endloop
  endfacet
  facet normal 0 0 -1
    outer loop
      vertex -9.9 17.15 -2
      vertex -13.75 18.5 -2
      vertex -11.75 20.5 -2
    endloop
  endfacet
  facet normal 0 0 -1
    outer loop
      vertex -13.75 -18.5 -2
      vertex -12.1402 -20.4616 -2
      vertex -12.3306 -20.4139 -2
    endloop
  endfacet
  facet normal 0 0 -1
    outer loop
      vertex -11.75 20.5 -2
      vertex -13.75 18.5 -2
      vertex -11.946 20.4904 -2
    endloop
  endfacet
  facet normal 0 0 -1
    outer loop
      vertex -13.75 -18.5 -2
      vertex -12.3306 -20.4139 -2
      vertex -12.5154 -20.3478 -2
    endloop
  endfacet
  facet normal 0 0 -1
    outer loop
      vertex -11.946 20.4904 -2
      vertex -13.75 18.5 -2
      vertex -12.1402 20.4616 -2
    endloop
  endfacet
  facet normal 0 0 -1
    outer loop
      vertex -13.75 -18.5 -2
      vertex -12.5154 -20.3478 -2
      vertex -12.6928 -20.2638 -2
    endloop
  endfacet
  facet normal 0 0 -1
    outer loop
      vertex -12.1402 20.4616 -2
      vertex -13.75 18.5 -2
      vertex -12.3306 20.4139 -2
    endloop
  endfacet
  facet normal 0 0 -1
    outer loop
      vertex -13.75 -18.5 -2
      vertex -12.6928 -20.2638 -2
      vertex -12.8611 -20.1629 -2
    endloop
  endfacet
  facet normal 0 0 -1
    outer loop
      vertex -12.3306 20.4139 -2
      vertex -13.75 18.5 -2
      vertex -12.5154 20.3478 -2
    endloop
  endfacet
  facet normal 0 0 -1
    outer loop
      vertex -13.75 -18.5 -2
      vertex -12.8611 -20.1629 -2
      vertex -13.0188 -20.046 -2
    endloop
  endfacet
  facet normal 0 0 -1
    outer loop
      vertex -12.5154 20.3478 -2
      vertex -13.75 18.5 -2
      vertex -12.6928 20.2638 -2
    endloop
  endfacet
  facet normal 0 0 -1
    outer loop
      vertex -13.75 -18.5 -2
      vertex -13.0188 -20.046 -2
      vertex -13.1642 -19.9142 -2
    endloop
  endfacet
  facet normal 0 0 -1
    outer loop
      vertex -12.6928 20.2638 -2
      vertex -13.75 18.5 -2
      vertex -12.8611 20.1629 -2
    endloop
  endfacet
  facet normal 0 0 -1
    outer loop
      vertex -13.75 -18.5 -2
      vertex -13.1642 -19.9142 -2
      vertex -13.296 -19.7688 -2
    endloop
  endfacet
  facet normal 0 0 -1
    outer loop
      vertex -12.8611 20.1629 -2
      vertex -13.75 18.5 -2
      vertex -13.0188 20.046 -2
    endloop
  endfacet
  facet normal 0 0 -1
    outer loop
      vertex -13.75 -18.5 -2
      vertex -13.296 -19.7688 -2
      vertex -13.4129 -19.6111 -2
    endloop
  endfacet
  facet normal 0 0 -1
    outer loop
      vertex -13.0188 20.046 -2
      vertex -13.75 18.5 -2
      vertex -13.1642 19.9142 -2
    endloop
  endfacet
  facet normal 0 0 -1
    outer loop
      vertex -13.75 -18.5 -2
      vertex -13.4129 -19.6111 -2
      vertex -13.5138 -19.4428 -2
    endloop
  endfacet
  facet normal 0 0 -1
    outer loop
      vertex -13.1642 19.9142 -2
      vertex -13.75 18.5 -2
      vertex -13.296 19.7688 -2
    endloop
  endfacet
  facet normal 0 0 -1
    outer loop
      vertex -13.75 -18.5 -2
      vertex -13.5138 -19.4428 -2
      vertex -13.5978 -19.2654 -2
    endloop
  endfacet
  facet normal 0 0 -1
    outer loop
      vertex -13.296 19.7688 -2
      vertex -13.75 18.5 -2
      vertex -13.4129 19.6111 -2
    endloop
  endfacet
  facet normal 0 0 -1
    outer loop
      vertex -13.75 -18.5 -2
      vertex -13.5978 -19.2654 -2
      vertex -13.6639 -19.0806 -2
    endloop
  endfacet
  facet normal 0 0 -1
    outer loop
      vertex -13.4129 19.6111 -2
      vertex -13.75 18.5 -2
      vertex -13.5138 19.4428 -2
    endloop
  endfacet
  facet normal 0 0 -1
    outer loop
      vertex -13.75 -18.5 -2
      vertex -13.6639 -19.0806 -2
      vertex -13.7116 -18.8902 -2
    endloop
  endfacet
  facet normal 0 0 -1
    outer loop
      vertex -13.5138 19.4428 -2
      vertex -13.75 18.5 -2
      vertex -13.5978 19.2654 -2
    endloop
  endfacet
  facet normal 0 0 -1
    outer loop
      vertex -13.75 -18.5 -2
      vertex -13.7116 -18.8902 -2
      vertex -13.7404 -18.696 -2
    endloop
  endfacet
  facet normal 0 0 -1
    outer loop
      vertex -13.5978 19.2654 -2
      vertex -13.75 18.5 -2
      vertex -13.6639 19.0806 -2
    endloop
  endfacet
  facet normal 0 0 -1
    outer loop
      vertex -13.6639 19.0806 -2
      vertex -13.75 18.5 -2
      vertex -13.7116 18.8902 -2
    endloop
  endfacet
  facet normal 0 0 -1
    outer loop
      vertex -13.7116 18.8902 -2
      vertex -13.75 18.5 -2
      vertex -13.7404 18.696 -2
    endloop
  endfacet
  facet normal 0 0 -1
    outer loop
      vertex 4.97592 11.2401 -2
      vertex 9.9 14.15 -2
      vertex 5 10.75 -2
    endloop
  endfacet
  facet normal 0 0 -1
    outer loop
      vertex 4.90393 11.7255 -2
      vertex 9.9 14.15 -2
      vertex 4.97592 11.2401 -2
    endloop
  endfacet
  facet normal 0 0 -1
    outer loop
      vertex 4.7847 12.2014 -2
      vertex 9.9 14.15 -2
      vertex 4.90393 11.7255 -2
    endloop
  endfacet
  facet normal 0 0 -1
    outer loop
      vertex 4.6194 12.6634 -2
      vertex 9.9 14.15 -2
      vertex 4.7847 12.2014 -2
    endloop
  endfacet
  facet normal 0 0 -1
    outer loop
      vertex 4.40961 13.107 -2
      vertex 9.9 14.15 -2
      vertex 4.6194 12.6634 -2
    endloop
  endfacet
  facet normal 0 0 -1
    outer loop
      vertex 4.15735 13.5279 -2
      vertex 9.9 14.15 -2
      vertex 4.40961 13.107 -2
    endloop
  endfacet
  facet normal 0 0 -1
    outer loop
      vertex 3.86505 13.922 -2
      vertex 9.9 14.15 -2
      vertex 4.15735 13.5279 -2
    endloop
  endfacet
  facet normal -0 0 -1
    outer loop
      vertex 9.9 14.15 -2
      vertex 3.86505 13.922 -2
      vertex 3.65837 14.15 -2
    endloop
  endfacet
  facet normal 0 0 -1
    outer loop
      vertex -4.97592 10.2599 -2
      vertex -9.9 14.15 -2
      vertex -5 10.75 -2
    endloop
  endfacet
  facet normal 0 0 -1
    outer loop
      vertex -5 10.75 -2
      vertex -9.9 14.15 -2
      vertex -4.97592 11.2401 -2
    endloop
  endfacet
  facet normal 0 0 -1
    outer loop
      vertex -3.86505 13.922 -2
      vertex -9.9 14.15 -2
      vertex -3.65837 14.15 -2
    endloop
  endfacet
  facet normal 0 0 -1
    outer loop
      vertex -4.15735 13.5279 -2
      vertex -9.9 14.15 -2
      vertex -3.86505 13.922 -2
    endloop
  endfacet
  facet normal 0 0 -1
    outer loop
      vertex -4.40961 13.107 -2
      vertex -9.9 14.15 -2
      vertex -4.15735 13.5279 -2
    endloop
  endfacet
  facet normal 0 0 -1
    outer loop
      vertex -4.6194 12.6634 -2
      vertex -9.9 14.15 -2
      vertex -4.40961 13.107 -2
    endloop
  endfacet
  facet normal 0 0 -1
    outer loop
      vertex -4.7847 12.2014 -2
      vertex -9.9 14.15 -2
      vertex -4.6194 12.6634 -2
    endloop
  endfacet
  facet normal 0 0 -1
    outer loop
      vertex -4.90393 11.7255 -2
      vertex -9.9 14.15 -2
      vertex -4.7847 12.2014 -2
    endloop
  endfacet
  facet normal 0 0 -1
    outer loop
      vertex -4.97592 11.2401 -2
      vertex -9.9 14.15 -2
      vertex -4.90393 11.7255 -2
    endloop
  endfacet
  facet normal -0.989182 -0.146696 0
    outer loop
      vertex -13.7116 -18.8902 -2
      vertex -13.7404 -18.696 0
      vertex -13.7404 -18.696 -2
    endloop
  endfacet
  facet normal -0.989182 -0.146696 0
    outer loop
      vertex -13.7404 -18.696 0
      vertex -13.7116 -18.8902 -2
      vertex -13.7116 -18.8902 0
    endloop
  endfacet
  facet normal 0.9038 0.427955 0
    outer loop
      vertex 13.5978 19.2654 0
      vertex 13.5138 19.4428 -2
      vertex 13.5138 19.4428 0
    endloop
  endfacet
  facet normal 0.9038 0.427955 0
    outer loop
      vertex 13.5138 19.4428 -2
      vertex 13.5978 19.2654 0
      vertex 13.5978 19.2654 -2
    endloop
  endfacet
  facet normal 0.243015 0.970023 -0
    outer loop
      vertex 12.3306 20.4139 -2
      vertex 12.1402 20.4616 0
      vertex 12.3306 20.4139 0
    endloop
  endfacet
  facet normal 0.243015 0.970023 0
    outer loop
      vertex 12.1402 20.4616 0
      vertex 12.3306 20.4139 -2
      vertex 12.1402 20.4616 -2
    endloop
  endfacet
  facet normal 0.336788 0.94158 -0
    outer loop
      vertex 12.5154 20.3478 -2
      vertex 12.3306 20.4139 0
      vertex 12.5154 20.3478 0
    endloop
  endfacet
  facet normal 0.336788 0.94158 0
    outer loop
      vertex 12.3306 20.4139 0
      vertex 12.5154 20.3478 -2
      vertex 12.3306 20.4139 -2
    endloop
  endfacet
  facet normal -0.336788 0.94158 0
    outer loop
      vertex -12.3306 20.4139 -2
      vertex -12.5154 20.3478 0
      vertex -12.3306 20.4139 0
    endloop
  endfacet
  facet normal -0.336788 0.94158 0
    outer loop
      vertex -12.5154 20.3478 0
      vertex -12.3306 20.4139 -2
      vertex -12.5154 20.3478 -2
    endloop
  endfacet
  facet normal -0.740908 0.671607 0
    outer loop
      vertex -13.296 19.7688 -2
      vertex -13.1642 19.9142 0
      vertex -13.1642 19.9142 -2
    endloop
  endfacet
  facet normal -0.740908 0.671607 0
    outer loop
      vertex -13.1642 19.9142 0
      vertex -13.296 19.7688 -2
      vertex -13.296 19.7688 0
    endloop
  endfacet
  facet normal 0.94158 0.336788 0
    outer loop
      vertex 13.6639 19.0806 0
      vertex 13.5978 19.2654 -2
      vertex 13.5978 19.2654 0
    endloop
  endfacet
  facet normal 0.94158 0.336788 0
    outer loop
      vertex 13.5978 19.2654 -2
      vertex 13.6639 19.0806 0
      vertex 13.6639 19.0806 -2
    endloop
  endfacet
  facet normal 0.970023 0.243015 0
    outer loop
      vertex 13.7116 18.8902 0
      vertex 13.6639 19.0806 -2
      vertex 13.6639 19.0806 0
    endloop
  endfacet
  facet normal 0.970023 0.243015 0
    outer loop
      vertex 13.6639 19.0806 -2
      vertex 13.7116 18.8902 0
      vertex 13.7116 18.8902 -2
    endloop
  endfacet
  facet normal 0.989182 0.146696 0
    outer loop
      vertex 13.7404 18.696 0
      vertex 13.7116 18.8902 -2
      vertex 13.7116 18.8902 0
    endloop
  endfacet
  facet normal 0.989182 0.146696 0
    outer loop
      vertex 13.7116 18.8902 -2
      vertex 13.7404 18.696 0
      vertex 13.7404 18.696 -2
    endloop
  endfacet
  facet normal 0.740908 0.671607 0
    outer loop
      vertex 13.296 19.7688 0
      vertex 13.1642 19.9142 -2
      vertex 13.1642 19.9142 0
    endloop
  endfacet
  facet normal 0.740908 0.671607 0
    outer loop
      vertex 13.1642 19.9142 -2
      vertex 13.296 19.7688 0
      vertex 13.296 19.7688 -2
    endloop
  endfacet
  facet normal 0.80335 0.595508 0
    outer loop
      vertex 13.4129 19.6111 0
      vertex 13.296 19.7688 -2
      vertex 13.296 19.7688 0
    endloop
  endfacet
  facet normal 0.80335 0.595508 0
    outer loop
      vertex 13.296 19.7688 -2
      vertex 13.4129 19.6111 0
      vertex 13.4129 19.6111 -2
    endloop
  endfacet
  facet normal 0.857673 0.514196 0
    outer loop
      vertex 13.5138 19.4428 0
      vertex 13.4129 19.6111 -2
      vertex 13.4129 19.6111 0
    endloop
  endfacet
  facet normal 0.857673 0.514196 0
    outer loop
      vertex 13.4129 19.6111 -2
      vertex 13.5138 19.4428 0
      vertex 13.5138 19.4428 -2
    endloop
  endfacet
  facet normal 0.146696 0.989182 -0
    outer loop
      vertex 12.1402 20.4616 -2
      vertex 11.946 20.4904 0
      vertex 12.1402 20.4616 0
    endloop
  endfacet
  facet normal 0.146696 0.989182 0
    outer loop
      vertex 11.946 20.4904 0
      vertex 12.1402 20.4616 -2
      vertex 11.946 20.4904 -2
    endloop
  endfacet
  facet normal 0.514196 0.857673 -0
    outer loop
      vertex 12.8611 20.1629 -2
      vertex 12.6928 20.2638 0
      vertex 12.8611 20.1629 0
    endloop
  endfacet
  facet normal 0.514196 0.857673 0
    outer loop
      vertex 12.6928 20.2638 0
      vertex 12.8611 20.1629 -2
      vertex 12.6928 20.2638 -2
    endloop
  endfacet
  facet normal 0.595508 0.80335 -0
    outer loop
      vertex 13.0188 20.046 -2
      vertex 12.8611 20.1629 0
      vertex 13.0188 20.046 0
    endloop
  endfacet
  facet normal 0.595508 0.80335 0
    outer loop
      vertex 12.8611 20.1629 0
      vertex 13.0188 20.046 -2
      vertex 12.8611 20.1629 -2
    endloop
  endfacet
  facet normal 0.427955 0.9038 -0
    outer loop
      vertex 12.6928 20.2638 -2
      vertex 12.5154 20.3478 0
      vertex 12.6928 20.2638 0
    endloop
  endfacet
  facet normal 0.427955 0.9038 0
    outer loop
      vertex 12.5154 20.3478 0
      vertex 12.6928 20.2638 -2
      vertex 12.5154 20.3478 -2
    endloop
  endfacet
  facet normal -0.595508 0.80335 0
    outer loop
      vertex -12.8611 20.1629 -2
      vertex -13.0188 20.046 0
      vertex -12.8611 20.1629 0
    endloop
  endfacet
  facet normal -0.595508 0.80335 0
    outer loop
      vertex -13.0188 20.046 0
      vertex -12.8611 20.1629 -2
      vertex -13.0188 20.046 -2
    endloop
  endfacet
  facet normal -0.146696 0.989182 0
    outer loop
      vertex -11.946 20.4904 -2
      vertex -12.1402 20.4616 0
      vertex -11.946 20.4904 0
    endloop
  endfacet
  facet normal -0.146696 0.989182 0
    outer loop
      vertex -12.1402 20.4616 0
      vertex -11.946 20.4904 -2
      vertex -12.1402 20.4616 -2
    endloop
  endfacet
  facet normal -0.0489209 0.998803 0
    outer loop
      vertex -11.75 20.5 -2
      vertex -11.946 20.4904 0
      vertex -11.75 20.5 0
    endloop
  endfacet
  facet normal -0.0489209 0.998803 0
    outer loop
      vertex -11.946 20.4904 0
      vertex -11.75 20.5 -2
      vertex -11.946 20.4904 -2
    endloop
  endfacet
  facet normal -0.514196 0.857673 0
    outer loop
      vertex -12.6928 20.2638 -2
      vertex -12.8611 20.1629 0
      vertex -12.6928 20.2638 0
    endloop
  endfacet
  facet normal -0.514196 0.857673 0
    outer loop
      vertex -12.8611 20.1629 0
      vertex -12.6928 20.2638 -2
      vertex -12.8611 20.1629 -2
    endloop
  endfacet
  facet normal -0.671607 0.740908 0
    outer loop
      vertex -13.0188 20.046 -2
      vertex -13.1642 19.9142 0
      vertex -13.0188 20.046 0
    endloop
  endfacet
  facet normal -0.671607 0.740908 0
    outer loop
      vertex -13.1642 19.9142 0
      vertex -13.0188 20.046 -2
      vertex -13.1642 19.9142 -2
    endloop
  endfacet
  facet normal -0.243015 0.970023 0
    outer loop
      vertex -12.1402 20.4616 -2
      vertex -12.3306 20.4139 0
      vertex -12.1402 20.4616 0
    endloop
  endfacet
  facet normal -0.243015 0.970023 0
    outer loop
      vertex -12.3306 20.4139 0
      vertex -12.1402 20.4616 -2
      vertex -12.3306 20.4139 -2
    endloop
  endfacet
  facet normal -0.998796 -0.049048 0
    outer loop
      vertex -13.5 -21.85 0
      vertex -13.5077 -21.6932 2.4
      vertex -13.5077 -21.6932 0
    endloop
  endfacet
  facet normal -0.998796 -0.049048 0
    outer loop
      vertex -13.5077 -21.6932 2.4
      vertex -13.5 -21.85 0
      vertex -13.5 -21.85 2.4
    endloop
  endfacet
  facet normal -0.049048 -0.998796 0
    outer loop
      vertex -15.1 -20.25 0
      vertex -14.9432 -20.2577 2.4
      vertex -15.1 -20.25 2.4
    endloop
  endfacet
  facet normal -0.049048 -0.998796 -0
    outer loop
      vertex -14.9432 -20.2577 2.4
      vertex -15.1 -20.25 0
      vertex -14.9432 -20.2577 0
    endloop
  endfacet
  facet normal -0.741264 -0.671213 0
    outer loop
      vertex -13.8632 -20.835 0
      vertex -13.9686 -20.7186 2.4
      vertex -13.9686 -20.7186 0
    endloop
  endfacet
  facet normal -0.741264 -0.671213 0
    outer loop
      vertex -13.9686 -20.7186 2.4
      vertex -13.8632 -20.835 0
      vertex -13.8632 -20.835 2.4
    endloop
  endfacet
  facet normal 0.671343 -0.741147 0
    outer loop
      vertex -16.2233 -20.7113 0
      vertex -16.115 -20.6132 2.4
      vertex -16.2233 -20.7113 2.4
    endloop
  endfacet
  facet normal 0.671343 -0.741147 0
    outer loop
      vertex -16.115 -20.6132 2.4
      vertex -16.2233 -20.7113 0
      vertex -16.115 -20.6132 0
    endloop
  endfacet
  facet normal 0.336982 -0.941511 0
    outer loop
      vertex -15.7123 -20.3718 0
      vertex -15.5645 -20.3189 2.4
      vertex -15.7123 -20.3718 2.4
    endloop
  endfacet
  facet normal 0.336982 -0.941511 0
    outer loop
      vertex -15.5645 -20.3189 2.4
      vertex -15.7123 -20.3718 0
      vertex -15.5645 -20.3189 0
    endloop
  endfacet
  facet normal -0.904023 -0.427484 0
    outer loop
      vertex -13.6218 -21.2377 0
      vertex -13.6889 -21.0958 2.4
      vertex -13.6889 -21.0958 0
    endloop
  endfacet
  facet normal -0.904023 -0.427484 0
    outer loop
      vertex -13.6889 -21.0958 2.4
      vertex -13.6218 -21.2377 0
      vertex -13.6218 -21.2377 2.4
    endloop
  endfacet
  facet normal -0.427484 -0.904023 0
    outer loop
      vertex -14.4877 -20.3718 0
      vertex -14.3458 -20.4389 2.4
      vertex -14.4877 -20.3718 2.4
    endloop
  endfacet
  facet normal -0.427484 -0.904023 -0
    outer loop
      vertex -14.3458 -20.4389 2.4
      vertex -14.4877 -20.3718 0
      vertex -14.3458 -20.4389 0
    endloop
  endfacet
  facet normal -0.596019 -0.80297 0
    outer loop
      vertex -14.2111 -20.5196 0
      vertex -14.085 -20.6132 2.4
      vertex -14.2111 -20.5196 2.4
    endloop
  endfacet
  facet normal -0.596019 -0.80297 -0
    outer loop
      vertex -14.085 -20.6132 2.4
      vertex -14.2111 -20.5196 0
      vertex -14.085 -20.6132 0
    endloop
  endfacet
  facet normal 0.146502 -0.98921 0
    outer loop
      vertex -15.4121 -20.2807 0
      vertex -15.2568 -20.2577 2.4
      vertex -15.4121 -20.2807 2.4
    endloop
  endfacet
  facet normal 0.146502 -0.98921 0
    outer loop
      vertex -15.2568 -20.2577 2.4
      vertex -15.4121 -20.2807 0
      vertex -15.2568 -20.2577 0
    endloop
  endfacet
  facet normal -0.969993 -0.243135 0
    outer loop
      vertex -13.5307 -21.5379 0
      vertex -13.5689 -21.3855 2.4
      vertex -13.5689 -21.3855 0
    endloop
  endfacet
  facet normal -0.969993 -0.243135 0
    outer loop
      vertex -13.5689 -21.3855 2.4
      vertex -13.5307 -21.5379 0
      vertex -13.5307 -21.5379 2.4
    endloop
  endfacet
  facet normal -0.98921 -0.146502 0
    outer loop
      vertex -13.5077 -21.6932 0
      vertex -13.5307 -21.5379 2.4
      vertex -13.5307 -21.5379 0
    endloop
  endfacet
  facet normal -0.98921 -0.146502 0
    outer loop
      vertex -13.5307 -21.5379 2.4
      vertex -13.5077 -21.6932 0
      vertex -13.5077 -21.6932 2.4
    endloop
  endfacet
  facet normal -0.941511 -0.336982 0
    outer loop
      vertex -13.5689 -21.3855 0
      vertex -13.6218 -21.2377 2.4
      vertex -13.6218 -21.2377 0
    endloop
  endfacet
  facet normal -0.941511 -0.336982 0
    outer loop
      vertex -13.6218 -21.2377 2.4
      vertex -13.5689 -21.3855 0
      vertex -13.5689 -21.3855 2.4
    endloop
  endfacet
  facet normal -0.80297 -0.596019 0
    outer loop
      vertex -13.7696 -20.9611 0
      vertex -13.8632 -20.835 2.4
      vertex -13.8632 -20.835 0
    endloop
  endfacet
  facet normal -0.80297 -0.596019 0
    outer loop
      vertex -13.8632 -20.835 2.4
      vertex -13.7696 -20.9611 0
      vertex -13.7696 -20.9611 2.4
    endloop
  endfacet
  facet normal -0.85783 -0.513934 0
    outer loop
      vertex -13.6889 -21.0958 0
      vertex -13.7696 -20.9611 2.4
      vertex -13.7696 -20.9611 0
    endloop
  endfacet
  facet normal -0.85783 -0.513934 0
    outer loop
      vertex -13.7696 -20.9611 2.4
      vertex -13.6889 -21.0958 0
      vertex -13.6889 -21.0958 2.4
    endloop
  endfacet
  facet normal -0.243135 -0.969993 0
    outer loop
      vertex -14.7879 -20.2807 0
      vertex -14.6355 -20.3189 2.4
      vertex -14.7879 -20.2807 2.4
    endloop
  endfacet
  facet normal -0.243135 -0.969993 -0
    outer loop
      vertex -14.6355 -20.3189 2.4
      vertex -14.7879 -20.2807 0
      vertex -14.6355 -20.3189 0
    endloop
  endfacet
  facet normal -0.336982 -0.941511 0
    outer loop
      vertex -14.6355 -20.3189 0
      vertex -14.4877 -20.3718 2.4
      vertex -14.6355 -20.3189 2.4
    endloop
  endfacet
  facet normal -0.336982 -0.941511 -0
    outer loop
      vertex -14.4877 -20.3718 2.4
      vertex -14.6355 -20.3189 0
      vertex -14.4877 -20.3718 0
    endloop
  endfacet
  facet normal -0.146502 -0.98921 0
    outer loop
      vertex -14.9432 -20.2577 0
      vertex -14.7879 -20.2807 2.4
      vertex -14.9432 -20.2577 2.4
    endloop
  endfacet
  facet normal -0.146502 -0.98921 -0
    outer loop
      vertex -14.7879 -20.2807 2.4
      vertex -14.9432 -20.2577 0
      vertex -14.7879 -20.2807 0
    endloop
  endfacet
  facet normal -0.513934 -0.85783 0
    outer loop
      vertex -14.3458 -20.4389 0
      vertex -14.2111 -20.5196 2.4
      vertex -14.3458 -20.4389 2.4
    endloop
  endfacet
  facet normal -0.513934 -0.85783 -0
    outer loop
      vertex -14.2111 -20.5196 2.4
      vertex -14.3458 -20.4389 0
      vertex -14.2111 -20.5196 0
    endloop
  endfacet
  facet normal -0.671213 -0.741264 0
    outer loop
      vertex -14.085 -20.6132 0
      vertex -13.9686 -20.7186 2.4
      vertex -14.085 -20.6132 2.4
    endloop
  endfacet
  facet normal -0.671213 -0.741264 -0
    outer loop
      vertex -13.9686 -20.7186 2.4
      vertex -14.085 -20.6132 0
      vertex -13.9686 -20.7186 0
    endloop
  endfacet
  facet normal 0.513934 -0.85783 0
    outer loop
      vertex -15.9889 -20.5196 0
      vertex -15.8542 -20.4389 2.4
      vertex -15.9889 -20.5196 2.4
    endloop
  endfacet
  facet normal 0.513934 -0.85783 0
    outer loop
      vertex -15.8542 -20.4389 2.4
      vertex -15.9889 -20.5196 0
      vertex -15.8542 -20.4389 0
    endloop
  endfacet
  facet normal 0.427484 -0.904023 0
    outer loop
      vertex -15.8542 -20.4389 0
      vertex -15.7123 -20.3718 2.4
      vertex -15.8542 -20.4389 2.4
    endloop
  endfacet
  facet normal 0.427484 -0.904023 0
    outer loop
      vertex -15.7123 -20.3718 2.4
      vertex -15.8542 -20.4389 0
      vertex -15.7123 -20.3718 0
    endloop
  endfacet
  facet normal 0.596019 -0.80297 0
    outer loop
      vertex -16.115 -20.6132 0
      vertex -15.9889 -20.5196 2.4
      vertex -16.115 -20.6132 2.4
    endloop
  endfacet
  facet normal 0.596019 -0.80297 0
    outer loop
      vertex -15.9889 -20.5196 2.4
      vertex -16.115 -20.6132 0
      vertex -15.9889 -20.5196 0
    endloop
  endfacet
  facet normal 0.243135 -0.969993 0
    outer loop
      vertex -15.5645 -20.3189 0
      vertex -15.4121 -20.2807 2.4
      vertex -15.5645 -20.3189 2.4
    endloop
  endfacet
  facet normal 0.243135 -0.969993 0
    outer loop
      vertex -15.4121 -20.2807 2.4
      vertex -15.5645 -20.3189 0
      vertex -15.4121 -20.2807 0
    endloop
  endfacet
  facet normal 0.049048 -0.998796 0
    outer loop
      vertex -15.2568 -20.2577 0
      vertex -15.1 -20.25 2.4
      vertex -15.2568 -20.2577 2.4
    endloop
  endfacet
  facet normal 0.049048 -0.998796 0
    outer loop
      vertex -15.1 -20.25 2.4
      vertex -15.2568 -20.2577 0
      vertex -15.1 -20.25 0
    endloop
  endfacet
  facet normal -0.741147 0.671343 0
    outer loop
      vertex -13.9613 -22.9733 0
      vertex -13.8632 -22.865 2.4
      vertex -13.8632 -22.865 0
    endloop
  endfacet
  facet normal -0.741147 0.671343 0
    outer loop
      vertex -13.8632 -22.865 2.4
      vertex -13.9613 -22.9733 0
      vertex -13.9613 -22.9733 2.4
    endloop
  endfacet
  facet normal -0.85783 0.513934 0
    outer loop
      vertex -13.7696 -22.7389 0
      vertex -13.6889 -22.6042 2.4
      vertex -13.6889 -22.6042 0
    endloop
  endfacet
  facet normal -0.85783 0.513934 0
    outer loop
      vertex -13.6889 -22.6042 2.4
      vertex -13.7696 -22.7389 0
      vertex -13.7696 -22.7389 2.4
    endloop
  endfacet
  facet normal -0.998796 0.049048 0
    outer loop
      vertex -13.5077 -22.0068 0
      vertex -13.5 -21.85 2.4
      vertex -13.5 -21.85 0
    endloop
  endfacet
  facet normal -0.998796 0.049048 0
    outer loop
      vertex -13.5 -21.85 2.4
      vertex -13.5077 -22.0068 0
      vertex -13.5077 -22.0068 2.4
    endloop
  endfacet
  facet normal -0.80297 0.596019 0
    outer loop
      vertex -13.8632 -22.865 0
      vertex -13.7696 -22.7389 2.4
      vertex -13.7696 -22.7389 0
    endloop
  endfacet
  facet normal -0.80297 0.596019 0
    outer loop
      vertex -13.7696 -22.7389 2.4
      vertex -13.8632 -22.865 0
      vertex -13.8632 -22.865 2.4
    endloop
  endfacet
  facet normal -0.904023 0.427484 0
    outer loop
      vertex -13.6889 -22.6042 0
      vertex -13.6218 -22.4623 2.4
      vertex -13.6218 -22.4623 0
    endloop
  endfacet
  facet normal -0.904023 0.427484 0
    outer loop
      vertex -13.6218 -22.4623 2.4
      vertex -13.6889 -22.6042 0
      vertex -13.6889 -22.6042 2.4
    endloop
  endfacet
  facet normal -0.969993 0.243135 0
    outer loop
      vertex -13.5689 -22.3145 0
      vertex -13.5307 -22.1621 2.4
      vertex -13.5307 -22.1621 0
    endloop
  endfacet
  facet normal -0.969993 0.243135 0
    outer loop
      vertex -13.5307 -22.1621 2.4
      vertex -13.5689 -22.3145 0
      vertex -13.5689 -22.3145 2.4
    endloop
  endfacet
  facet normal -0.941511 0.336982 0
    outer loop
      vertex -13.6218 -22.4623 0
      vertex -13.5689 -22.3145 2.4
      vertex -13.5689 -22.3145 0
    endloop
  endfacet
  facet normal -0.941511 0.336982 0
    outer loop
      vertex -13.5689 -22.3145 2.4
      vertex -13.6218 -22.4623 0
      vertex -13.6218 -22.4623 2.4
    endloop
  endfacet
  facet normal -0.98921 0.146502 0
    outer loop
      vertex -13.5307 -22.1621 0
      vertex -13.5077 -22.0068 2.4
      vertex -13.5077 -22.0068 0
    endloop
  endfacet
  facet normal -0.98921 0.146502 0
    outer loop
      vertex -13.5077 -22.0068 2.4
      vertex -13.5307 -22.1621 0
      vertex -13.5307 -22.1621 2.4
    endloop
  endfacet
  facet normal -0.998796 -0.049048 0
    outer loop
      vertex -13.5 21.85 0
      vertex -13.5077 22.0068 2.4
      vertex -13.5077 22.0068 0
    endloop
  endfacet
  facet normal -0.998796 -0.049048 0
    outer loop
      vertex -13.5077 22.0068 2.4
      vertex -13.5 21.85 0
      vertex -13.5 21.85 2.4
    endloop
  endfacet
  facet normal -0.741147 -0.671343 0
    outer loop
      vertex -13.8632 22.865 0
      vertex -13.9613 22.9733 2.4
      vertex -13.9613 22.9733 0
    endloop
  endfacet
  facet normal -0.741147 -0.671343 0
    outer loop
      vertex -13.9613 22.9733 2.4
      vertex -13.8632 22.865 0
      vertex -13.8632 22.865 2.4
    endloop
  endfacet
  facet normal -0.904023 -0.427484 0
    outer loop
      vertex -13.6218 22.4623 0
      vertex -13.6889 22.6042 2.4
      vertex -13.6889 22.6042 0
    endloop
  endfacet
  facet normal -0.904023 -0.427484 0
    outer loop
      vertex -13.6889 22.6042 2.4
      vertex -13.6218 22.4623 0
      vertex -13.6218 22.4623 2.4
    endloop
  endfacet
  facet normal -0.969993 -0.243135 0
    outer loop
      vertex -13.5307 22.1621 0
      vertex -13.5689 22.3145 2.4
      vertex -13.5689 22.3145 0
    endloop
  endfacet
  facet normal -0.969993 -0.243135 0
    outer loop
      vertex -13.5689 22.3145 2.4
      vertex -13.5307 22.1621 0
      vertex -13.5307 22.1621 2.4
    endloop
  endfacet
  facet normal -0.98921 -0.146502 0
    outer loop
      vertex -13.5077 22.0068 0
      vertex -13.5307 22.1621 2.4
      vertex -13.5307 22.1621 0
    endloop
  endfacet
  facet normal -0.98921 -0.146502 0
    outer loop
      vertex -13.5307 22.1621 2.4
      vertex -13.5077 22.0068 0
      vertex -13.5077 22.0068 2.4
    endloop
  endfacet
  facet normal -0.941511 -0.336982 0
    outer loop
      vertex -13.5689 22.3145 0
      vertex -13.6218 22.4623 2.4
      vertex -13.6218 22.4623 0
    endloop
  endfacet
  facet normal -0.941511 -0.336982 0
    outer loop
      vertex -13.6218 22.4623 2.4
      vertex -13.5689 22.3145 0
      vertex -13.5689 22.3145 2.4
    endloop
  endfacet
  facet normal -0.80297 -0.596019 0
    outer loop
      vertex -13.7696 22.7389 0
      vertex -13.8632 22.865 2.4
      vertex -13.8632 22.865 0
    endloop
  endfacet
  facet normal -0.80297 -0.596019 0
    outer loop
      vertex -13.8632 22.865 2.4
      vertex -13.7696 22.7389 0
      vertex -13.7696 22.7389 2.4
    endloop
  endfacet
  facet normal -0.85783 -0.513934 0
    outer loop
      vertex -13.6889 22.6042 0
      vertex -13.7696 22.7389 2.4
      vertex -13.7696 22.7389 0
    endloop
  endfacet
  facet normal -0.85783 -0.513934 0
    outer loop
      vertex -13.7696 22.7389 2.4
      vertex -13.6889 22.6042 0
      vertex -13.6889 22.6042 2.4
    endloop
  endfacet
  facet normal -0.049048 0.998796 0
    outer loop
      vertex -14.9432 20.2577 0
      vertex -15.1 20.25 2.4
      vertex -14.9432 20.2577 2.4
    endloop
  endfacet
  facet normal -0.049048 0.998796 0
    outer loop
      vertex -15.1 20.25 2.4
      vertex -14.9432 20.2577 0
      vertex -15.1 20.25 0
    endloop
  endfacet
  facet normal -0.243135 0.969993 0
    outer loop
      vertex -14.6355 20.3189 0
      vertex -14.7879 20.2807 2.4
      vertex -14.6355 20.3189 2.4
    endloop
  endfacet
  facet normal -0.243135 0.969993 0
    outer loop
      vertex -14.7879 20.2807 2.4
      vertex -14.6355 20.3189 0
      vertex -14.7879 20.2807 0
    endloop
  endfacet
  facet normal -0.596019 0.80297 0
    outer loop
      vertex -14.085 20.6132 0
      vertex -14.2111 20.5196 2.4
      vertex -14.085 20.6132 2.4
    endloop
  endfacet
  facet normal -0.596019 0.80297 0
    outer loop
      vertex -14.2111 20.5196 2.4
      vertex -14.085 20.6132 0
      vertex -14.2111 20.5196 0
    endloop
  endfacet
  facet normal -0.427484 0.904023 0
    outer loop
      vertex -14.3458 20.4389 0
      vertex -14.4877 20.3718 2.4
      vertex -14.3458 20.4389 2.4
    endloop
  endfacet
  facet normal -0.427484 0.904023 0
    outer loop
      vertex -14.4877 20.3718 2.4
      vertex -14.3458 20.4389 0
      vertex -14.4877 20.3718 0
    endloop
  endfacet
  facet normal -0.741264 0.671213 0
    outer loop
      vertex -13.9686 20.7186 0
      vertex -13.8632 20.835 2.4
      vertex -13.8632 20.835 0
    endloop
  endfacet
  facet normal -0.741264 0.671213 0
    outer loop
      vertex -13.8632 20.835 2.4
      vertex -13.9686 20.7186 0
      vertex -13.9686 20.7186 2.4
    endloop
  endfacet
  facet normal -0.85783 0.513934 0
    outer loop
      vertex -13.7696 20.9611 0
      vertex -13.6889 21.0958 2.4
      vertex -13.6889 21.0958 0
    endloop
  endfacet
  facet normal -0.85783 0.513934 0
    outer loop
      vertex -13.6889 21.0958 2.4
      vertex -13.7696 20.9611 0
      vertex -13.7696 20.9611 2.4
    endloop
  endfacet
  facet normal 0.671343 0.741147 -0
    outer loop
      vertex -16.115 20.6132 0
      vertex -16.2233 20.7113 2.4
      vertex -16.115 20.6132 2.4
    endloop
  endfacet
  facet normal 0.671343 0.741147 0
    outer loop
      vertex -16.2233 20.7113 2.4
      vertex -16.115 20.6132 0
      vertex -16.2233 20.7113 0
    endloop
  endfacet
  facet normal 0.513934 0.85783 -0
    outer loop
      vertex -15.8542 20.4389 0
      vertex -15.9889 20.5196 2.4
      vertex -15.8542 20.4389 2.4
    endloop
  endfacet
  facet normal 0.513934 0.85783 0
    outer loop
      vertex -15.9889 20.5196 2.4
      vertex -15.8542 20.4389 0
      vertex -15.9889 20.5196 0
    endloop
  endfacet
  facet normal 0.336982 0.941511 -0
    outer loop
      vertex -15.5645 20.3189 0
      vertex -15.7123 20.3718 2.4
      vertex -15.5645 20.3189 2.4
    endloop
  endfacet
  facet normal 0.336982 0.941511 0
    outer loop
      vertex -15.7123 20.3718 2.4
      vertex -15.5645 20.3189 0
      vertex -15.7123 20.3718 0
    endloop
  endfacet
  facet normal 0.146502 0.98921 -0
    outer loop
      vertex -15.2568 20.2577 0
      vertex -15.4121 20.2807 2.4
      vertex -15.2568 20.2577 2.4
    endloop
  endfacet
  facet normal 0.146502 0.98921 0
    outer loop
      vertex -15.4121 20.2807 2.4
      vertex -15.2568 20.2577 0
      vertex -15.4121 20.2807 0
    endloop
  endfacet
  facet normal -0.998796 0.049048 0
    outer loop
      vertex -13.5077 21.6932 0
      vertex -13.5 21.85 2.4
      vertex -13.5 21.85 0
    endloop
  endfacet
  facet normal -0.998796 0.049048 0
    outer loop
      vertex -13.5 21.85 2.4
      vertex -13.5077 21.6932 0
      vertex -13.5077 21.6932 2.4
    endloop
  endfacet
  facet normal -0.146502 0.98921 0
    outer loop
      vertex -14.7879 20.2807 0
      vertex -14.9432 20.2577 2.4
      vertex -14.7879 20.2807 2.4
    endloop
  endfacet
  facet normal -0.146502 0.98921 0
    outer loop
      vertex -14.9432 20.2577 2.4
      vertex -14.7879 20.2807 0
      vertex -14.9432 20.2577 0
    endloop
  endfacet
  facet normal -0.336982 0.941511 0
    outer loop
      vertex -14.4877 20.3718 0
      vertex -14.6355 20.3189 2.4
      vertex -14.4877 20.3718 2.4
    endloop
  endfacet
  facet normal -0.336982 0.941511 0
    outer loop
      vertex -14.6355 20.3189 2.4
      vertex -14.4877 20.3718 0
      vertex -14.6355 20.3189 0
    endloop
  endfacet
  facet normal -0.671213 0.741264 0
    outer loop
      vertex -13.9686 20.7186 0
      vertex -14.085 20.6132 2.4
      vertex -13.9686 20.7186 2.4
    endloop
  endfacet
  facet normal -0.671213 0.741264 0
    outer loop
      vertex -14.085 20.6132 2.4
      vertex -13.9686 20.7186 0
      vertex -14.085 20.6132 0
    endloop
  endfacet
  facet normal -0.513934 0.85783 0
    outer loop
      vertex -14.2111 20.5196 0
      vertex -14.3458 20.4389 2.4
      vertex -14.2111 20.5196 2.4
    endloop
  endfacet
  facet normal -0.513934 0.85783 0
    outer loop
      vertex -14.3458 20.4389 2.4
      vertex -14.2111 20.5196 0
      vertex -14.3458 20.4389 0
    endloop
  endfacet
  facet normal -0.80297 0.596019 0
    outer loop
      vertex -13.8632 20.835 0
      vertex -13.7696 20.9611 2.4
      vertex -13.7696 20.9611 0
    endloop
  endfacet
  facet normal -0.80297 0.596019 0
    outer loop
      vertex -13.7696 20.9611 2.4
      vertex -13.8632 20.835 0
      vertex -13.8632 20.835 2.4
    endloop
  endfacet
  facet normal -0.904023 0.427484 0
    outer loop
      vertex -13.6889 21.0958 0
      vertex -13.6218 21.2377 2.4
      vertex -13.6218 21.2377 0
    endloop
  endfacet
  facet normal -0.904023 0.427484 0
    outer loop
      vertex -13.6218 21.2377 2.4
      vertex -13.6889 21.0958 0
      vertex -13.6889 21.0958 2.4
    endloop
  endfacet
  facet normal -0.969993 0.243135 0
    outer loop
      vertex -13.5689 21.3855 0
      vertex -13.5307 21.5379 2.4
      vertex -13.5307 21.5379 0
    endloop
  endfacet
  facet normal -0.969993 0.243135 0
    outer loop
      vertex -13.5307 21.5379 2.4
      vertex -13.5689 21.3855 0
      vertex -13.5689 21.3855 2.4
    endloop
  endfacet
  facet normal -0.941511 0.336982 0
    outer loop
      vertex -13.6218 21.2377 0
      vertex -13.5689 21.3855 2.4
      vertex -13.5689 21.3855 0
    endloop
  endfacet
  facet normal -0.941511 0.336982 0
    outer loop
      vertex -13.5689 21.3855 2.4
      vertex -13.6218 21.2377 0
      vertex -13.6218 21.2377 2.4
    endloop
  endfacet
  facet normal -0.98921 0.146502 0
    outer loop
      vertex -13.5307 21.5379 0
      vertex -13.5077 21.6932 2.4
      vertex -13.5077 21.6932 0
    endloop
  endfacet
  facet normal -0.98921 0.146502 0
    outer loop
      vertex -13.5077 21.6932 2.4
      vertex -13.5307 21.5379 0
      vertex -13.5307 21.5379 2.4
    endloop
  endfacet
  facet normal 0.596019 0.80297 -0
    outer loop
      vertex -15.9889 20.5196 0
      vertex -16.115 20.6132 2.4
      vertex -15.9889 20.5196 2.4
    endloop
  endfacet
  facet normal 0.596019 0.80297 0
    outer loop
      vertex -16.115 20.6132 2.4
      vertex -15.9889 20.5196 0
      vertex -16.115 20.6132 0
    endloop
  endfacet
  facet normal 0.427484 0.904023 -0
    outer loop
      vertex -15.7123 20.3718 0
      vertex -15.8542 20.4389 2.4
      vertex -15.7123 20.3718 2.4
    endloop
  endfacet
  facet normal 0.427484 0.904023 0
    outer loop
      vertex -15.8542 20.4389 2.4
      vertex -15.7123 20.3718 0
      vertex -15.8542 20.4389 0
    endloop
  endfacet
  facet normal 0.243135 0.969993 -0
    outer loop
      vertex -15.4121 20.2807 0
      vertex -15.5645 20.3189 2.4
      vertex -15.4121 20.2807 2.4
    endloop
  endfacet
  facet normal 0.243135 0.969993 0
    outer loop
      vertex -15.5645 20.3189 2.4
      vertex -15.4121 20.2807 0
      vertex -15.5645 20.3189 0
    endloop
  endfacet
  facet normal 0.049048 0.998796 -0
    outer loop
      vertex -15.1 20.25 0
      vertex -15.2568 20.2577 2.4
      vertex -15.1 20.25 2.4
    endloop
  endfacet
  facet normal 0.049048 0.998796 0
    outer loop
      vertex -15.2568 20.2577 2.4
      vertex -15.1 20.25 0
      vertex -15.2568 20.2577 0
    endloop
  endfacet
  facet normal 0.998796 -0.049048 0
    outer loop
      vertex 13.5 -21.85 2.4
      vertex 13.5077 -21.6932 0
      vertex 13.5077 -21.6932 2.4
    endloop
  endfacet
  facet normal 0.998796 -0.049048 0
    outer loop
      vertex 13.5077 -21.6932 0
      vertex 13.5 -21.85 2.4
      vertex 13.5 -21.85 0
    endloop
  endfacet
  facet normal -0.049048 -0.998796 0
    outer loop
      vertex 15.1 -20.25 0
      vertex 15.2568 -20.2577 2.4
      vertex 15.1 -20.25 2.4
    endloop
  endfacet
  facet normal -0.049048 -0.998796 -0
    outer loop
      vertex 15.2568 -20.2577 2.4
      vertex 15.1 -20.25 0
      vertex 15.2568 -20.2577 0
    endloop
  endfacet
  facet normal 0.671213 -0.741264 0
    outer loop
      vertex 13.9686 -20.7186 0
      vertex 14.085 -20.6132 2.4
      vertex 13.9686 -20.7186 2.4
    endloop
  endfacet
  facet normal 0.671213 -0.741264 0
    outer loop
      vertex 14.085 -20.6132 2.4
      vertex 13.9686 -20.7186 0
      vertex 14.085 -20.6132 0
    endloop
  endfacet
  facet normal 0.336982 -0.941511 0
    outer loop
      vertex 14.4877 -20.3718 0
      vertex 14.6355 -20.3189 2.4
      vertex 14.4877 -20.3718 2.4
    endloop
  endfacet
  facet normal 0.336982 -0.941511 0
    outer loop
      vertex 14.6355 -20.3189 2.4
      vertex 14.4877 -20.3718 0
      vertex 14.6355 -20.3189 0
    endloop
  endfacet
  facet normal -0.427484 -0.904023 0
    outer loop
      vertex 15.7123 -20.3718 0
      vertex 15.8542 -20.4389 2.4
      vertex 15.7123 -20.3718 2.4
    endloop
  endfacet
  facet normal -0.427484 -0.904023 -0
    outer loop
      vertex 15.8542 -20.4389 2.4
      vertex 15.7123 -20.3718 0
      vertex 15.8542 -20.4389 0
    endloop
  endfacet
  facet normal -0.596019 -0.80297 0
    outer loop
      vertex 15.9889 -20.5196 0
      vertex 16.115 -20.6132 2.4
      vertex 15.9889 -20.5196 2.4
    endloop
  endfacet
  facet normal -0.596019 -0.80297 -0
    outer loop
      vertex 16.115 -20.6132 2.4
      vertex 15.9889 -20.5196 0
      vertex 16.115 -20.6132 0
    endloop
  endfacet
  facet normal 0.904023 -0.427484 0
    outer loop
      vertex 13.6218 -21.2377 2.4
      vertex 13.6889 -21.0958 0
      vertex 13.6889 -21.0958 2.4
    endloop
  endfacet
  facet normal 0.904023 -0.427484 0
    outer loop
      vertex 13.6889 -21.0958 0
      vertex 13.6218 -21.2377 2.4
      vertex 13.6218 -21.2377 0
    endloop
  endfacet
  facet normal 0.146502 -0.98921 0
    outer loop
      vertex 14.7879 -20.2807 0
      vertex 14.9432 -20.2577 2.4
      vertex 14.7879 -20.2807 2.4
    endloop
  endfacet
  facet normal 0.146502 -0.98921 0
    outer loop
      vertex 14.9432 -20.2577 2.4
      vertex 14.7879 -20.2807 0
      vertex 14.9432 -20.2577 0
    endloop
  endfacet
  facet normal -0.243135 -0.969993 0
    outer loop
      vertex 15.4121 -20.2807 0
      vertex 15.5645 -20.3189 2.4
      vertex 15.4121 -20.2807 2.4
    endloop
  endfacet
  facet normal -0.243135 -0.969993 -0
    outer loop
      vertex 15.5645 -20.3189 2.4
      vertex 15.4121 -20.2807 0
      vertex 15.5645 -20.3189 0
    endloop
  endfacet
  facet normal -0.336982 -0.941511 0
    outer loop
      vertex 15.5645 -20.3189 0
      vertex 15.7123 -20.3718 2.4
      vertex 15.5645 -20.3189 2.4
    endloop
  endfacet
  facet normal -0.336982 -0.941511 -0
    outer loop
      vertex 15.7123 -20.3718 2.4
      vertex 15.5645 -20.3189 0
      vertex 15.7123 -20.3718 0
    endloop
  endfacet
  facet normal -0.146502 -0.98921 0
    outer loop
      vertex 15.2568 -20.2577 0
      vertex 15.4121 -20.2807 2.4
      vertex 15.2568 -20.2577 2.4
    endloop
  endfacet
  facet normal -0.146502 -0.98921 -0
    outer loop
      vertex 15.4121 -20.2807 2.4
      vertex 15.2568 -20.2577 0
      vertex 15.4121 -20.2807 0
    endloop
  endfacet
  facet normal -0.513934 -0.85783 0
    outer loop
      vertex 15.8542 -20.4389 0
      vertex 15.9889 -20.5196 2.4
      vertex 15.8542 -20.4389 2.4
    endloop
  endfacet
  facet normal -0.513934 -0.85783 -0
    outer loop
      vertex 15.9889 -20.5196 2.4
      vertex 15.8542 -20.4389 0
      vertex 15.9889 -20.5196 0
    endloop
  endfacet
  facet normal -0.671343 -0.741147 0
    outer loop
      vertex 16.115 -20.6132 0
      vertex 16.2233 -20.7113 2.4
      vertex 16.115 -20.6132 2.4
    endloop
  endfacet
  facet normal -0.671343 -0.741147 -0
    outer loop
      vertex 16.2233 -20.7113 2.4
      vertex 16.115 -20.6132 0
      vertex 16.2233 -20.7113 0
    endloop
  endfacet
  facet normal 0.969993 -0.243135 0
    outer loop
      vertex 13.5307 -21.5379 2.4
      vertex 13.5689 -21.3855 0
      vertex 13.5689 -21.3855 2.4
    endloop
  endfacet
  facet normal 0.969993 -0.243135 0
    outer loop
      vertex 13.5689 -21.3855 0
      vertex 13.5307 -21.5379 2.4
      vertex 13.5307 -21.5379 0
    endloop
  endfacet
  facet normal 0.80297 -0.596019 0
    outer loop
      vertex 13.7696 -20.9611 2.4
      vertex 13.8632 -20.835 0
      vertex 13.8632 -20.835 2.4
    endloop
  endfacet
  facet normal 0.80297 -0.596019 0
    outer loop
      vertex 13.8632 -20.835 0
      vertex 13.7696 -20.9611 2.4
      vertex 13.7696 -20.9611 0
    endloop
  endfacet
  facet normal 0.741264 -0.671213 0
    outer loop
      vertex 13.8632 -20.835 2.4
      vertex 13.9686 -20.7186 0
      vertex 13.9686 -20.7186 2.4
    endloop
  endfacet
  facet normal 0.741264 -0.671213 0
    outer loop
      vertex 13.9686 -20.7186 0
      vertex 13.8632 -20.835 2.4
      vertex 13.8632 -20.835 0
    endloop
  endfacet
  facet normal 0.85783 -0.513934 0
    outer loop
      vertex 13.6889 -21.0958 2.4
      vertex 13.7696 -20.9611 0
      vertex 13.7696 -20.9611 2.4
    endloop
  endfacet
  facet normal 0.85783 -0.513934 0
    outer loop
      vertex 13.7696 -20.9611 0
      vertex 13.6889 -21.0958 2.4
      vertex 13.6889 -21.0958 0
    endloop
  endfacet
  facet normal 0.941511 -0.336982 0
    outer loop
      vertex 13.5689 -21.3855 2.4
      vertex 13.6218 -21.2377 0
      vertex 13.6218 -21.2377 2.4
    endloop
  endfacet
  facet normal 0.941511 -0.336982 0
    outer loop
      vertex 13.6218 -21.2377 0
      vertex 13.5689 -21.3855 2.4
      vertex 13.5689 -21.3855 0
    endloop
  endfacet
  facet normal 0.98921 -0.146502 0
    outer loop
      vertex 13.5077 -21.6932 2.4
      vertex 13.5307 -21.5379 0
      vertex 13.5307 -21.5379 2.4
    endloop
  endfacet
  facet normal 0.98921 -0.146502 0
    outer loop
      vertex 13.5307 -21.5379 0
      vertex 13.5077 -21.6932 2.4
      vertex 13.5077 -21.6932 0
    endloop
  endfacet
  facet normal 0.513934 -0.85783 0
    outer loop
      vertex 14.2111 -20.5196 0
      vertex 14.3458 -20.4389 2.4
      vertex 14.2111 -20.5196 2.4
    endloop
  endfacet
  facet normal 0.513934 -0.85783 0
    outer loop
      vertex 14.3458 -20.4389 2.4
      vertex 14.2111 -20.5196 0
      vertex 14.3458 -20.4389 0
    endloop
  endfacet
  facet normal 0.427484 -0.904023 0
    outer loop
      vertex 14.3458 -20.4389 0
      vertex 14.4877 -20.3718 2.4
      vertex 14.3458 -20.4389 2.4
    endloop
  endfacet
  facet normal 0.427484 -0.904023 0
    outer loop
      vertex 14.4877 -20.3718 2.4
      vertex 14.3458 -20.4389 0
      vertex 14.4877 -20.3718 0
    endloop
  endfacet
  facet normal 0.596019 -0.80297 0
    outer loop
      vertex 14.085 -20.6132 0
      vertex 14.2111 -20.5196 2.4
      vertex 14.085 -20.6132 2.4
    endloop
  endfacet
  facet normal 0.596019 -0.80297 0
    outer loop
      vertex 14.2111 -20.5196 2.4
      vertex 14.085 -20.6132 0
      vertex 14.2111 -20.5196 0
    endloop
  endfacet
  facet normal 0.243135 -0.969993 0
    outer loop
      vertex 14.6355 -20.3189 0
      vertex 14.7879 -20.2807 2.4
      vertex 14.6355 -20.3189 2.4
    endloop
  endfacet
  facet normal 0.243135 -0.969993 0
    outer loop
      vertex 14.7879 -20.2807 2.4
      vertex 14.6355 -20.3189 0
      vertex 14.7879 -20.2807 0
    endloop
  endfacet
  facet normal 0.049048 -0.998796 0
    outer loop
      vertex 14.9432 -20.2577 0
      vertex 15.1 -20.25 2.4
      vertex 14.9432 -20.2577 2.4
    endloop
  endfacet
  facet normal 0.049048 -0.998796 0
    outer loop
      vertex 15.1 -20.25 2.4
      vertex 14.9432 -20.2577 0
      vertex 15.1 -20.25 0
    endloop
  endfacet
  facet normal 0.80297 0.596019 0
    outer loop
      vertex 13.8632 -22.865 2.4
      vertex 13.7696 -22.7389 0
      vertex 13.7696 -22.7389 2.4
    endloop
  endfacet
  facet normal 0.80297 0.596019 0
    outer loop
      vertex 13.7696 -22.7389 0
      vertex 13.8632 -22.865 2.4
      vertex 13.8632 -22.865 0
    endloop
  endfacet
  facet normal 0.904023 0.427484 0
    outer loop
      vertex 13.6889 -22.6042 2.4
      vertex 13.6218 -22.4623 0
      vertex 13.6218 -22.4623 2.4
    endloop
  endfacet
  facet normal 0.904023 0.427484 0
    outer loop
      vertex 13.6218 -22.4623 0
      vertex 13.6889 -22.6042 2.4
      vertex 13.6889 -22.6042 0
    endloop
  endfacet
  facet normal 0.85783 0.513934 0
    outer loop
      vertex 13.7696 -22.7389 2.4
      vertex 13.6889 -22.6042 0
      vertex 13.6889 -22.6042 2.4
    endloop
  endfacet
  facet normal 0.85783 0.513934 0
    outer loop
      vertex 13.6889 -22.6042 0
      vertex 13.7696 -22.7389 2.4
      vertex 13.7696 -22.7389 0
    endloop
  endfacet
  facet normal 0.969993 0.243135 0
    outer loop
      vertex 13.5689 -22.3145 2.4
      vertex 13.5307 -22.1621 0
      vertex 13.5307 -22.1621 2.4
    endloop
  endfacet
  facet normal 0.969993 0.243135 0
    outer loop
      vertex 13.5307 -22.1621 0
      vertex 13.5689 -22.3145 2.4
      vertex 13.5689 -22.3145 0
    endloop
  endfacet
  facet normal 0.941511 0.336982 0
    outer loop
      vertex 13.6218 -22.4623 2.4
      vertex 13.5689 -22.3145 0
      vertex 13.5689 -22.3145 2.4
    endloop
  endfacet
  facet normal 0.941511 0.336982 0
    outer loop
      vertex 13.5689 -22.3145 0
      vertex 13.6218 -22.4623 2.4
      vertex 13.6218 -22.4623 0
    endloop
  endfacet
  facet normal 0.998796 0.049048 0
    outer loop
      vertex 13.5077 -22.0068 2.4
      vertex 13.5 -21.85 0
      vertex 13.5 -21.85 2.4
    endloop
  endfacet
  facet normal 0.998796 0.049048 0
    outer loop
      vertex 13.5 -21.85 0
      vertex 13.5077 -22.0068 2.4
      vertex 13.5077 -22.0068 0
    endloop
  endfacet
  facet normal 0.741147 0.671343 0
    outer loop
      vertex 13.9613 -22.9733 2.4
      vertex 13.8632 -22.865 0
      vertex 13.8632 -22.865 2.4
    endloop
  endfacet
  facet normal 0.741147 0.671343 0
    outer loop
      vertex 13.8632 -22.865 0
      vertex 13.9613 -22.9733 2.4
      vertex 13.9613 -22.9733 0
    endloop
  endfacet
  facet normal 0.98921 0.146502 0
    outer loop
      vertex 13.5307 -22.1621 2.4
      vertex 13.5077 -22.0068 0
      vertex 13.5077 -22.0068 2.4
    endloop
  endfacet
  facet normal 0.98921 0.146502 0
    outer loop
      vertex 13.5077 -22.0068 0
      vertex 13.5307 -22.1621 2.4
      vertex 13.5307 -22.1621 0
    endloop
  endfacet
  facet normal 0.998796 -0.049048 0
    outer loop
      vertex 13.5 21.85 2.4
      vertex 13.5077 22.0068 0
      vertex 13.5077 22.0068 2.4
    endloop
  endfacet
  facet normal 0.998796 -0.049048 0
    outer loop
      vertex 13.5077 22.0068 0
      vertex 13.5 21.85 2.4
      vertex 13.5 21.85 0
    endloop
  endfacet
  facet normal 0.904023 -0.427484 0
    outer loop
      vertex 13.6218 22.4623 2.4
      vertex 13.6889 22.6042 0
      vertex 13.6889 22.6042 2.4
    endloop
  endfacet
  facet normal 0.904023 -0.427484 0
    outer loop
      vertex 13.6889 22.6042 0
      vertex 13.6218 22.4623 2.4
      vertex 13.6218 22.4623 0
    endloop
  endfacet
  facet normal 0.969993 -0.243135 0
    outer loop
      vertex 13.5307 22.1621 2.4
      vertex 13.5689 22.3145 0
      vertex 13.5689 22.3145 2.4
    endloop
  endfacet
  facet normal 0.969993 -0.243135 0
    outer loop
      vertex 13.5689 22.3145 0
      vertex 13.5307 22.1621 2.4
      vertex 13.5307 22.1621 0
    endloop
  endfacet
  facet normal 0.80297 -0.596019 0
    outer loop
      vertex 13.7696 22.7389 2.4
      vertex 13.8632 22.865 0
      vertex 13.8632 22.865 2.4
    endloop
  endfacet
  facet normal 0.80297 -0.596019 0
    outer loop
      vertex 13.8632 22.865 0
      vertex 13.7696 22.7389 2.4
      vertex 13.7696 22.7389 0
    endloop
  endfacet
  facet normal 0.741147 -0.671343 0
    outer loop
      vertex 13.8632 22.865 2.4
      vertex 13.9613 22.9733 0
      vertex 13.9613 22.9733 2.4
    endloop
  endfacet
  facet normal 0.741147 -0.671343 0
    outer loop
      vertex 13.9613 22.9733 0
      vertex 13.8632 22.865 2.4
      vertex 13.8632 22.865 0
    endloop
  endfacet
  facet normal 0.85783 -0.513934 0
    outer loop
      vertex 13.6889 22.6042 2.4
      vertex 13.7696 22.7389 0
      vertex 13.7696 22.7389 2.4
    endloop
  endfacet
  facet normal 0.85783 -0.513934 0
    outer loop
      vertex 13.7696 22.7389 0
      vertex 13.6889 22.6042 2.4
      vertex 13.6889 22.6042 0
    endloop
  endfacet
  facet normal 0.941511 -0.336982 0
    outer loop
      vertex 13.5689 22.3145 2.4
      vertex 13.6218 22.4623 0
      vertex 13.6218 22.4623 2.4
    endloop
  endfacet
  facet normal 0.941511 -0.336982 0
    outer loop
      vertex 13.6218 22.4623 0
      vertex 13.5689 22.3145 2.4
      vertex 13.5689 22.3145 0
    endloop
  endfacet
  facet normal 0.98921 -0.146502 0
    outer loop
      vertex 13.5077 22.0068 2.4
      vertex 13.5307 22.1621 0
      vertex 13.5307 22.1621 2.4
    endloop
  endfacet
  facet normal 0.98921 -0.146502 0
    outer loop
      vertex 13.5307 22.1621 0
      vertex 13.5077 22.0068 2.4
      vertex 13.5077 22.0068 0
    endloop
  endfacet
  facet normal -0.049048 0.998796 0
    outer loop
      vertex 15.2568 20.2577 0
      vertex 15.1 20.25 2.4
      vertex 15.2568 20.2577 2.4
    endloop
  endfacet
  facet normal -0.049048 0.998796 0
    outer loop
      vertex 15.1 20.25 2.4
      vertex 15.2568 20.2577 0
      vertex 15.1 20.25 0
    endloop
  endfacet
  facet normal -0.243135 0.969993 0
    outer loop
      vertex 15.5645 20.3189 0
      vertex 15.4121 20.2807 2.4
      vertex 15.5645 20.3189 2.4
    endloop
  endfacet
  facet normal -0.243135 0.969993 0
    outer loop
      vertex 15.4121 20.2807 2.4
      vertex 15.5645 20.3189 0
      vertex 15.4121 20.2807 0
    endloop
  endfacet
  facet normal -0.596019 0.80297 0
    outer loop
      vertex 16.115 20.6132 0
      vertex 15.9889 20.5196 2.4
      vertex 16.115 20.6132 2.4
    endloop
  endfacet
  facet normal -0.596019 0.80297 0
    outer loop
      vertex 15.9889 20.5196 2.4
      vertex 16.115 20.6132 0
      vertex 15.9889 20.5196 0
    endloop
  endfacet
  facet normal -0.427484 0.904023 0
    outer loop
      vertex 15.8542 20.4389 0
      vertex 15.7123 20.3718 2.4
      vertex 15.8542 20.4389 2.4
    endloop
  endfacet
  facet normal -0.427484 0.904023 0
    outer loop
      vertex 15.7123 20.3718 2.4
      vertex 15.8542 20.4389 0
      vertex 15.7123 20.3718 0
    endloop
  endfacet
  facet normal 0.671213 0.741264 -0
    outer loop
      vertex 14.085 20.6132 0
      vertex 13.9686 20.7186 2.4
      vertex 14.085 20.6132 2.4
    endloop
  endfacet
  facet normal 0.671213 0.741264 0
    outer loop
      vertex 13.9686 20.7186 2.4
      vertex 14.085 20.6132 0
      vertex 13.9686 20.7186 0
    endloop
  endfacet
  facet normal 0.513934 0.85783 -0
    outer loop
      vertex 14.3458 20.4389 0
      vertex 14.2111 20.5196 2.4
      vertex 14.3458 20.4389 2.4
    endloop
  endfacet
  facet normal 0.513934 0.85783 0
    outer loop
      vertex 14.2111 20.5196 2.4
      vertex 14.3458 20.4389 0
      vertex 14.2111 20.5196 0
    endloop
  endfacet
  facet normal 0.336982 0.941511 -0
    outer loop
      vertex 14.6355 20.3189 0
      vertex 14.4877 20.3718 2.4
      vertex 14.6355 20.3189 2.4
    endloop
  endfacet
  facet normal 0.336982 0.941511 0
    outer loop
      vertex 14.4877 20.3718 2.4
      vertex 14.6355 20.3189 0
      vertex 14.4877 20.3718 0
    endloop
  endfacet
  facet normal 0.146502 0.98921 -0
    outer loop
      vertex 14.9432 20.2577 0
      vertex 14.7879 20.2807 2.4
      vertex 14.9432 20.2577 2.4
    endloop
  endfacet
  facet normal 0.146502 0.98921 0
    outer loop
      vertex 14.7879 20.2807 2.4
      vertex 14.9432 20.2577 0
      vertex 14.7879 20.2807 0
    endloop
  endfacet
  facet normal 0.80297 0.596019 0
    outer loop
      vertex 13.8632 20.835 2.4
      vertex 13.7696 20.9611 0
      vertex 13.7696 20.9611 2.4
    endloop
  endfacet
  facet normal 0.80297 0.596019 0
    outer loop
      vertex 13.7696 20.9611 0
      vertex 13.8632 20.835 2.4
      vertex 13.8632 20.835 0
    endloop
  endfacet
  facet normal 0.904023 0.427484 0
    outer loop
      vertex 13.6889 21.0958 2.4
      vertex 13.6218 21.2377 0
      vertex 13.6218 21.2377 2.4
    endloop
  endfacet
  facet normal 0.904023 0.427484 0
    outer loop
      vertex 13.6218 21.2377 0
      vertex 13.6889 21.0958 2.4
      vertex 13.6889 21.0958 0
    endloop
  endfacet
  facet normal 0.85783 0.513934 0
    outer loop
      vertex 13.7696 20.9611 2.4
      vertex 13.6889 21.0958 0
      vertex 13.6889 21.0958 2.4
    endloop
  endfacet
  facet normal 0.85783 0.513934 0
    outer loop
      vertex 13.6889 21.0958 0
      vertex 13.7696 20.9611 2.4
      vertex 13.7696 20.9611 0
    endloop
  endfacet
  facet normal 0.969993 0.243135 0
    outer loop
      vertex 13.5689 21.3855 2.4
      vertex 13.5307 21.5379 0
      vertex 13.5307 21.5379 2.4
    endloop
  endfacet
  facet normal 0.969993 0.243135 0
    outer loop
      vertex 13.5307 21.5379 0
      vertex 13.5689 21.3855 2.4
      vertex 13.5689 21.3855 0
    endloop
  endfacet
  facet normal 0.941511 0.336982 0
    outer loop
      vertex 13.6218 21.2377 2.4
      vertex 13.5689 21.3855 0
      vertex 13.5689 21.3855 2.4
    endloop
  endfacet
  facet normal 0.941511 0.336982 0
    outer loop
      vertex 13.5689 21.3855 0
      vertex 13.6218 21.2377 2.4
      vertex 13.6218 21.2377 0
    endloop
  endfacet
  facet normal 0.998796 0.049048 0
    outer loop
      vertex 13.5077 21.6932 2.4
      vertex 13.5 21.85 0
      vertex 13.5 21.85 2.4
    endloop
  endfacet
  facet normal 0.998796 0.049048 0
    outer loop
      vertex 13.5 21.85 0
      vertex 13.5077 21.6932 2.4
      vertex 13.5077 21.6932 0
    endloop
  endfacet
  facet normal -0.146502 0.98921 0
    outer loop
      vertex 15.4121 20.2807 0
      vertex 15.2568 20.2577 2.4
      vertex 15.4121 20.2807 2.4
    endloop
  endfacet
  facet normal -0.146502 0.98921 0
    outer loop
      vertex 15.2568 20.2577 2.4
      vertex 15.4121 20.2807 0
      vertex 15.2568 20.2577 0
    endloop
  endfacet
  facet normal -0.336982 0.941511 0
    outer loop
      vertex 15.7123 20.3718 0
      vertex 15.5645 20.3189 2.4
      vertex 15.7123 20.3718 2.4
    endloop
  endfacet
  facet normal -0.336982 0.941511 0
    outer loop
      vertex 15.5645 20.3189 2.4
      vertex 15.7123 20.3718 0
      vertex 15.5645 20.3189 0
    endloop
  endfacet
  facet normal -0.671343 0.741147 0
    outer loop
      vertex 16.2233 20.7113 0
      vertex 16.115 20.6132 2.4
      vertex 16.2233 20.7113 2.4
    endloop
  endfacet
  facet normal -0.671343 0.741147 0
    outer loop
      vertex 16.115 20.6132 2.4
      vertex 16.2233 20.7113 0
      vertex 16.115 20.6132 0
    endloop
  endfacet
  facet normal -0.513934 0.85783 0
    outer loop
      vertex 15.9889 20.5196 0
      vertex 15.8542 20.4389 2.4
      vertex 15.9889 20.5196 2.4
    endloop
  endfacet
  facet normal -0.513934 0.85783 0
    outer loop
      vertex 15.8542 20.4389 2.4
      vertex 15.9889 20.5196 0
      vertex 15.8542 20.4389 0
    endloop
  endfacet
  facet normal 0.596019 0.80297 -0
    outer loop
      vertex 14.2111 20.5196 0
      vertex 14.085 20.6132 2.4
      vertex 14.2111 20.5196 2.4
    endloop
  endfacet
  facet normal 0.596019 0.80297 0
    outer loop
      vertex 14.085 20.6132 2.4
      vertex 14.2111 20.5196 0
      vertex 14.085 20.6132 0
    endloop
  endfacet
  facet normal 0.427484 0.904023 -0
    outer loop
      vertex 14.4877 20.3718 0
      vertex 14.3458 20.4389 2.4
      vertex 14.4877 20.3718 2.4
    endloop
  endfacet
  facet normal 0.427484 0.904023 0
    outer loop
      vertex 14.3458 20.4389 2.4
      vertex 14.4877 20.3718 0
      vertex 14.3458 20.4389 0
    endloop
  endfacet
  facet normal 0.243135 0.969993 -0
    outer loop
      vertex 14.7879 20.2807 0
      vertex 14.6355 20.3189 2.4
      vertex 14.7879 20.2807 2.4
    endloop
  endfacet
  facet normal 0.243135 0.969993 0
    outer loop
      vertex 14.6355 20.3189 2.4
      vertex 14.7879 20.2807 0
      vertex 14.6355 20.3189 0
    endloop
  endfacet
  facet normal 0.049048 0.998796 -0
    outer loop
      vertex 15.1 20.25 0
      vertex 14.9432 20.2577 2.4
      vertex 15.1 20.25 2.4
    endloop
  endfacet
  facet normal 0.049048 0.998796 0
    outer loop
      vertex 14.9432 20.2577 2.4
      vertex 15.1 20.25 0
      vertex 14.9432 20.2577 0
    endloop
  endfacet
  facet normal 0.741264 0.671213 0
    outer loop
      vertex 13.9686 20.7186 2.4
      vertex 13.8632 20.835 0
      vertex 13.8632 20.835 2.4
    endloop
  endfacet
  facet normal 0.741264 0.671213 0
    outer loop
      vertex 13.8632 20.835 0
      vertex 13.9686 20.7186 2.4
      vertex 13.9686 20.7186 0
    endloop
  endfacet
  facet normal 0.98921 0.146502 0
    outer loop
      vertex 13.5307 21.5379 2.4
      vertex 13.5077 21.6932 0
      vertex 13.5077 21.6932 2.4
    endloop
  endfacet
  facet normal 0.98921 0.146502 0
    outer loop
      vertex 13.5077 21.6932 0
      vertex 13.5307 21.5379 2.4
      vertex 13.5307 21.5379 0
    endloop
  endfacet
  facet normal -0.97002 -0.243025 0
    outer loop
      vertex 4.90393 11.7255 -2
      vertex 4.7847 12.2014 2.4
      vertex 4.7847 12.2014 -2
    endloop
  endfacet
  facet normal -0.97002 -0.243025 0
    outer loop
      vertex 4.7847 12.2014 2.4
      vertex 4.90393 11.7255 -2
      vertex 4.90393 11.7255 2.4
    endloop
  endfacet
  facet normal -0.998795 -0.0490736 0
    outer loop
      vertex 5 10.75 -2
      vertex 4.97592 11.2401 2.4
      vertex 4.97592 11.2401 -2
    endloop
  endfacet
  facet normal -0.998795 -0.0490736 0
    outer loop
      vertex 4.97592 11.2401 2.4
      vertex 5 10.75 -2
      vertex 5 10.75 2.4
    endloop
  endfacet
  facet normal 0.0491157 -0.998793 0
    outer loop
      vertex -0.490086 15.7259 -1
      vertex 0 15.75 2.4
      vertex -0.490086 15.7259 2.4
    endloop
  endfacet
  facet normal 0.0491157 -0.998793 0
    outer loop
      vertex 0 15.75 2.4
      vertex -0.490086 15.7259 -1
      vertex 0 15.75 -1
    endloop
  endfacet
  facet normal -0.671658 -0.740861 0
    outer loop
      vertex 3.17197 14.6151 -1
      vertex 3.53553 14.2855 2.4
      vertex 3.17197 14.6151 2.4
    endloop
  endfacet
  facet normal -0.671658 -0.740861 -0
    outer loop
      vertex 3.53553 14.2855 2.4
      vertex 3.17197 14.6151 -1
      vertex 3.53553 14.2855 -1
    endloop
  endfacet
  facet normal 0.74087 -0.671649 0
    outer loop
      vertex -3.53553 14.2855 2.4
      vertex -3.65837 14.15 -1
      vertex -3.53553 14.2855 -1
    endloop
  endfacet
  facet normal 0.740887 -0.671629 -1.42674e-06
    outer loop
      vertex -3.86505 13.922 2.4
      vertex -3.65837 14.15 -1
      vertex -3.53553 14.2855 2.4
    endloop
  endfacet
  facet normal 0.740898 -0.671618 0
    outer loop
      vertex -3.86505 13.922 -2
      vertex -3.65837 14.15 -1
      vertex -3.86505 13.922 2.4
    endloop
  endfacet
  facet normal 0.740898 -0.671618 0
    outer loop
      vertex -3.65837 14.15 -1
      vertex -3.86505 13.922 -2
      vertex -3.65837 14.15 -2
    endloop
  endfacet
  facet normal 0.427575 -0.90398 0
    outer loop
      vertex -2.35698 15.1596 -1
      vertex -1.91342 15.3694 2.4
      vertex -2.35698 15.1596 2.4
    endloop
  endfacet
  facet normal 0.427575 -0.90398 0
    outer loop
      vertex -1.91342 15.3694 2.4
      vertex -2.35698 15.1596 -1
      vertex -1.91342 15.3694 -1
    endloop
  endfacet
  facet normal 0.671568 0.740943 -0
    outer loop
      vertex -3.17197 6.88495 -2
      vertex -3.53553 7.21447 2.4
      vertex -3.17197 6.88495 2.4
    endloop
  endfacet
  facet normal 0.671568 0.740943 0
    outer loop
      vertex -3.53553 7.21447 2.4
      vertex -3.17197 6.88495 -2
      vertex -3.53553 7.21447 -2
    endloop
  endfacet
  facet normal -0.941548 -0.336879 0
    outer loop
      vertex 4.7847 12.2014 -2
      vertex 4.6194 12.6634 2.4
      vertex 4.6194 12.6634 -2
    endloop
  endfacet
  facet normal -0.941548 -0.336879 0
    outer loop
      vertex 4.6194 12.6634 2.4
      vertex 4.7847 12.2014 -2
      vertex 4.7847 12.2014 2.4
    endloop
  endfacet
  facet normal -0.336879 -0.941548 0
    outer loop
      vertex 1.45142 15.5347 -1
      vertex 1.91342 15.3694 2.4
      vertex 1.45142 15.5347 2.4
    endloop
  endfacet
  facet normal -0.336879 -0.941548 -0
    outer loop
      vertex 1.91342 15.3694 2.4
      vertex 1.45142 15.5347 -1
      vertex 1.91342 15.3694 -1
    endloop
  endfacet
  facet normal 0.904003 -0.427526 0
    outer loop
      vertex -4.6194 12.6634 2.4
      vertex -4.40961 13.107 -2
      vertex -4.40961 13.107 2.4
    endloop
  endfacet
  facet normal 0.904003 -0.427526 0
    outer loop
      vertex -4.40961 13.107 -2
      vertex -4.6194 12.6634 2.4
      vertex -4.6194 12.6634 -2
    endloop
  endfacet
  facet normal 0.857745 -0.514076 0
    outer loop
      vertex -4.40961 13.107 2.4
      vertex -4.15735 13.5279 -2
      vertex -4.15735 13.5279 2.4
    endloop
  endfacet
  facet normal 0.857745 -0.514076 0
    outer loop
      vertex -4.15735 13.5279 -2
      vertex -4.40961 13.107 2.4
      vertex -4.40961 13.107 -2
    endloop
  endfacet
  facet normal 0.998795 0.0490736 0
    outer loop
      vertex -4.97592 10.2599 2.4
      vertex -5 10.75 -2
      vertex -5 10.75 2.4
    endloop
  endfacet
  facet normal 0.998795 0.0490736 0
    outer loop
      vertex -5 10.75 -2
      vertex -4.97592 10.2599 2.4
      vertex -4.97592 10.2599 -2
    endloop
  endfacet
  facet normal -0.903988 0.427558 0
    outer loop
      vertex 4.40961 8.39302 -2
      vertex 4.6194 8.83658 2.4
      vertex 4.6194 8.83658 -2
    endloop
  endfacet
  facet normal -0.903988 0.427558 0
    outer loop
      vertex 4.6194 8.83658 2.4
      vertex 4.40961 8.39302 -2
      vertex 4.40961 8.39302 2.4
    endloop
  endfacet
  facet normal -0.336879 0.941548 0
    outer loop
      vertex 1.91342 6.1306 -2
      vertex 1.45142 5.9653 2.4
      vertex 1.91342 6.1306 2.4
    endloop
  endfacet
  facet normal -0.336879 0.941548 0
    outer loop
      vertex 1.45142 5.9653 2.4
      vertex 1.91342 6.1306 -2
      vertex 1.45142 5.9653 -2
    endloop
  endfacet
  facet normal -0.740943 0.671568 0
    outer loop
      vertex 3.53553 7.21447 -2
      vertex 3.86505 7.57803 2.4
      vertex 3.86505 7.57803 -2
    endloop
  endfacet
  facet normal -0.740943 0.671568 0
    outer loop
      vertex 3.86505 7.57803 2.4
      vertex 3.53553 7.21447 -2
      vertex 3.53553 7.21447 2.4
    endloop
  endfacet
  facet normal -0.970029 0.242991 0
    outer loop
      vertex 4.7847 9.29858 -2
      vertex 4.90393 9.77455 2.4
      vertex 4.90393 9.77455 -2
    endloop
  endfacet
  facet normal -0.970029 0.242991 0
    outer loop
      vertex 4.90393 9.77455 2.4
      vertex 4.7847 9.29858 -2
      vertex 4.7847 9.29858 2.4
    endloop
  endfacet
  facet normal 0.242992 0.970028 -0
    outer loop
      vertex -0.975451 5.84607 -2
      vertex -1.45142 5.9653 2.4
      vertex -0.975451 5.84607 2.4
    endloop
  endfacet
  facet normal 0.242992 0.970028 0
    outer loop
      vertex -1.45142 5.9653 2.4
      vertex -0.975451 5.84607 -2
      vertex -1.45142 5.9653 -2
    endloop
  endfacet
  facet normal 0.427558 0.903988 -0
    outer loop
      vertex -1.91342 6.1306 -2
      vertex -2.35698 6.34039 2.4
      vertex -1.91342 6.1306 2.4
    endloop
  endfacet
  facet normal 0.427558 0.903988 0
    outer loop
      vertex -2.35698 6.34039 2.4
      vertex -1.91342 6.1306 -2
      vertex -2.35698 6.34039 -2
    endloop
  endfacet
  facet normal 0.941548 0.336879 0
    outer loop
      vertex -4.6194 8.83658 2.4
      vertex -4.7847 9.29858 -2
      vertex -4.7847 9.29858 2.4
    endloop
  endfacet
  facet normal 0.941548 0.336879 0
    outer loop
      vertex -4.7847 9.29858 -2
      vertex -4.6194 8.83658 2.4
      vertex -4.6194 8.83658 -2
    endloop
  endfacet
  facet normal -0.904003 -0.427526 0
    outer loop
      vertex 4.6194 12.6634 -2
      vertex 4.40961 13.107 2.4
      vertex 4.40961 13.107 -2
    endloop
  endfacet
  facet normal -0.904003 -0.427526 0
    outer loop
      vertex 4.40961 13.107 2.4
      vertex 4.6194 12.6634 -2
      vertex 4.6194 12.6634 2.4
    endloop
  endfacet
  facet normal -0.857745 -0.514076 0
    outer loop
      vertex 4.40961 13.107 -2
      vertex 4.15735 13.5279 2.4
      vertex 4.15735 13.5279 -2
    endloop
  endfacet
  facet normal -0.857745 -0.514076 0
    outer loop
      vertex 4.15735 13.5279 2.4
      vertex 4.40961 13.107 -2
      vertex 4.40961 13.107 2.4
    endloop
  endfacet
  facet normal -0.74087 -0.671649 0
    outer loop
      vertex 3.65837 14.15 -1
      vertex 3.53553 14.2855 2.4
      vertex 3.53553 14.2855 -1
    endloop
  endfacet
  facet normal -0.740898 -0.671618 -0
    outer loop
      vertex 3.86505 13.922 2.4
      vertex 3.65837 14.15 -1
      vertex 3.86505 13.922 -2
    endloop
  endfacet
  facet normal -0.740887 -0.671629 -1.42674e-06
    outer loop
      vertex 3.65837 14.15 -1
      vertex 3.86505 13.922 2.4
      vertex 3.53553 14.2855 2.4
    endloop
  endfacet
  facet normal -0.740898 -0.671618 0
    outer loop
      vertex 3.65837 14.15 -2
      vertex 3.86505 13.922 -2
      vertex 3.65837 14.15 -1
    endloop
  endfacet
  facet normal -0.803192 -0.59572 0
    outer loop
      vertex 4.15735 13.5279 -2
      vertex 3.86505 13.922 2.4
      vertex 3.86505 13.922 -2
    endloop
  endfacet
  facet normal -0.803192 -0.59572 0
    outer loop
      vertex 3.86505 13.922 2.4
      vertex 4.15735 13.5279 -2
      vertex 4.15735 13.5279 2.4
    endloop
  endfacet
  facet normal -0.146736 -0.989176 0
    outer loop
      vertex 0.490086 15.7259 -1
      vertex 0.975451 15.6539 2.4
      vertex 0.490086 15.7259 2.4
    endloop
  endfacet
  facet normal -0.146736 -0.989176 -0
    outer loop
      vertex 0.975451 15.6539 2.4
      vertex 0.490086 15.7259 -1
      vertex 0.975451 15.6539 -1
    endloop
  endfacet
  facet normal -0.595569 -0.803304 0
    outer loop
      vertex 2.77785 14.9073 -1
      vertex 3.17197 14.6151 2.4
      vertex 2.77785 14.9073 2.4
    endloop
  endfacet
  facet normal -0.595569 -0.803304 -0
    outer loop
      vertex 3.17197 14.6151 2.4
      vertex 2.77785 14.9073 -1
      vertex 3.17197 14.6151 -1
    endloop
  endfacet
  facet normal -0.514163 -0.857692 0
    outer loop
      vertex 2.35698 15.1596 -1
      vertex 2.77785 14.9073 2.4
      vertex 2.35698 15.1596 2.4
    endloop
  endfacet
  facet normal -0.514163 -0.857692 -0
    outer loop
      vertex 2.77785 14.9073 2.4
      vertex 2.35698 15.1596 -1
      vertex 2.77785 14.9073 -1
    endloop
  endfacet
  facet normal 0.941548 -0.336879 0
    outer loop
      vertex -4.7847 12.2014 2.4
      vertex -4.6194 12.6634 -2
      vertex -4.6194 12.6634 2.4
    endloop
  endfacet
  facet normal 0.941548 -0.336879 0
    outer loop
      vertex -4.6194 12.6634 -2
      vertex -4.7847 12.2014 2.4
      vertex -4.7847 12.2014 -2
    endloop
  endfacet
  facet normal 0.98918 -0.146706 0
    outer loop
      vertex -4.97592 11.2401 2.4
      vertex -4.90393 11.7255 -2
      vertex -4.90393 11.7255 2.4
    endloop
  endfacet
  facet normal 0.98918 -0.146706 0
    outer loop
      vertex -4.90393 11.7255 -2
      vertex -4.97592 11.2401 2.4
      vertex -4.97592 11.2401 -2
    endloop
  endfacet
  facet normal 0.595569 -0.803304 0
    outer loop
      vertex -3.17197 14.6151 -1
      vertex -2.77785 14.9073 2.4
      vertex -3.17197 14.6151 2.4
    endloop
  endfacet
  facet normal 0.595569 -0.803304 0
    outer loop
      vertex -2.77785 14.9073 2.4
      vertex -3.17197 14.6151 -1
      vertex -2.77785 14.9073 -1
    endloop
  endfacet
  facet normal 0.146736 -0.989176 0
    outer loop
      vertex -0.975451 15.6539 -1
      vertex -0.490086 15.7259 2.4
      vertex -0.975451 15.6539 2.4
    endloop
  endfacet
  facet normal 0.146736 -0.989176 0
    outer loop
      vertex -0.490086 15.7259 2.4
      vertex -0.975451 15.6539 -1
      vertex -0.490086 15.7259 -1
    endloop
  endfacet
  facet normal 0.336879 -0.941548 0
    outer loop
      vertex -1.91342 15.3694 -1
      vertex -1.45142 15.5347 2.4
      vertex -1.91342 15.3694 2.4
    endloop
  endfacet
  facet normal 0.336879 -0.941548 0
    outer loop
      vertex -1.45142 15.5347 2.4
      vertex -1.91342 15.3694 -1
      vertex -1.45142 15.5347 -1
    endloop
  endfacet
  facet normal 0.242934 -0.970043 0
    outer loop
      vertex -1.45142 15.5347 -1
      vertex -0.975451 15.6539 2.4
      vertex -1.45142 15.5347 2.4
    endloop
  endfacet
  facet normal 0.242934 -0.970043 0
    outer loop
      vertex -0.975451 15.6539 2.4
      vertex -1.45142 15.5347 -1
      vertex -0.975451 15.6539 -1
    endloop
  endfacet
  facet normal -0.146716 0.989179 0
    outer loop
      vertex 0.975451 5.84607 -2
      vertex 0.490086 5.77408 2.4
      vertex 0.975451 5.84607 2.4
    endloop
  endfacet
  facet normal -0.146716 0.989179 0
    outer loop
      vertex 0.490086 5.77408 2.4
      vertex 0.975451 5.84607 -2
      vertex 0.490086 5.77408 -2
    endloop
  endfacet
  facet normal -0.242992 0.970028 0
    outer loop
      vertex 1.45142 5.9653 -2
      vertex 0.975451 5.84607 2.4
      vertex 1.45142 5.9653 2.4
    endloop
  endfacet
  facet normal -0.242992 0.970028 0
    outer loop
      vertex 0.975451 5.84607 2.4
      vertex 1.45142 5.9653 -2
      vertex 0.975451 5.84607 -2
    endloop
  endfacet
  facet normal -0.514103 0.857728 0
    outer loop
      vertex 2.77785 6.59265 -2
      vertex 2.35698 6.34039 2.4
      vertex 2.77785 6.59265 2.4
    endloop
  endfacet
  facet normal -0.514103 0.857728 0
    outer loop
      vertex 2.35698 6.34039 2.4
      vertex 2.77785 6.59265 -2
      vertex 2.35698 6.34039 -2
    endloop
  endfacet
  facet normal -0.671568 0.740943 0
    outer loop
      vertex 3.53553 7.21447 -2
      vertex 3.17197 6.88495 2.4
      vertex 3.53553 7.21447 2.4
    endloop
  endfacet
  facet normal -0.671568 0.740943 0
    outer loop
      vertex 3.17197 6.88495 2.4
      vertex 3.53553 7.21447 -2
      vertex 3.17197 6.88495 -2
    endloop
  endfacet
  facet normal -0.5957 0.803207 0
    outer loop
      vertex 3.17197 6.88495 -2
      vertex 2.77785 6.59265 2.4
      vertex 3.17197 6.88495 2.4
    endloop
  endfacet
  facet normal -0.5957 0.803207 0
    outer loop
      vertex 2.77785 6.59265 2.4
      vertex 3.17197 6.88495 -2
      vertex 2.77785 6.59265 -2
    endloop
  endfacet
  facet normal -0.803207 0.5957 0
    outer loop
      vertex 3.86505 7.57803 -2
      vertex 4.15735 7.97215 2.4
      vertex 4.15735 7.97215 -2
    endloop
  endfacet
  facet normal -0.803207 0.5957 0
    outer loop
      vertex 4.15735 7.97215 2.4
      vertex 3.86505 7.57803 -2
      vertex 3.86505 7.57803 2.4
    endloop
  endfacet
  facet normal -0.857728 0.514103 0
    outer loop
      vertex 4.15735 7.97215 -2
      vertex 4.40961 8.39302 2.4
      vertex 4.40961 8.39302 -2
    endloop
  endfacet
  facet normal -0.857728 0.514103 0
    outer loop
      vertex 4.40961 8.39302 2.4
      vertex 4.15735 7.97215 -2
      vertex 4.15735 7.97215 2.4
    endloop
  endfacet
  facet normal 0.049075 0.998795 -0
    outer loop
      vertex 0 5.75 -2
      vertex -0.490086 5.77408 2.4
      vertex 0 5.75 2.4
    endloop
  endfacet
  facet normal 0.049075 0.998795 0
    outer loop
      vertex -0.490086 5.77408 2.4
      vertex 0 5.75 -2
      vertex -0.490086 5.77408 -2
    endloop
  endfacet
  facet normal 0.5957 0.803207 -0
    outer loop
      vertex -2.77785 6.59265 -2
      vertex -3.17197 6.88495 2.4
      vertex -2.77785 6.59265 2.4
    endloop
  endfacet
  facet normal 0.5957 0.803207 0
    outer loop
      vertex -3.17197 6.88495 2.4
      vertex -2.77785 6.59265 -2
      vertex -3.17197 6.88495 -2
    endloop
  endfacet
  facet normal 0.336879 0.941548 -0
    outer loop
      vertex -1.45142 5.9653 -2
      vertex -1.91342 6.1306 2.4
      vertex -1.45142 5.9653 2.4
    endloop
  endfacet
  facet normal 0.336879 0.941548 0
    outer loop
      vertex -1.91342 6.1306 2.4
      vertex -1.45142 5.9653 -2
      vertex -1.91342 6.1306 -2
    endloop
  endfacet
  facet normal -0.049075 0.998795 0
    outer loop
      vertex 0.490086 5.77408 -2
      vertex 0 5.75 2.4
      vertex 0.490086 5.77408 2.4
    endloop
  endfacet
  facet normal -0.049075 0.998795 0
    outer loop
      vertex 0 5.75 2.4
      vertex 0.490086 5.77408 -2
      vertex 0 5.75 -2
    endloop
  endfacet
  facet normal 0.514103 0.857728 -0
    outer loop
      vertex -2.35698 6.34039 -2
      vertex -2.77785 6.59265 2.4
      vertex -2.35698 6.34039 2.4
    endloop
  endfacet
  facet normal 0.514103 0.857728 0
    outer loop
      vertex -2.77785 6.59265 2.4
      vertex -2.35698 6.34039 -2
      vertex -2.77785 6.59265 -2
    endloop
  endfacet
  facet normal 0.857728 0.514103 0
    outer loop
      vertex -4.15735 7.97215 2.4
      vertex -4.40961 8.39302 -2
      vertex -4.40961 8.39302 2.4
    endloop
  endfacet
  facet normal 0.857728 0.514103 0
    outer loop
      vertex -4.40961 8.39302 -2
      vertex -4.15735 7.97215 2.4
      vertex -4.15735 7.97215 -2
    endloop
  endfacet
  facet normal 0.740943 0.671568 0
    outer loop
      vertex -3.53553 7.21447 2.4
      vertex -3.86505 7.57803 -2
      vertex -3.86505 7.57803 2.4
    endloop
  endfacet
  facet normal 0.740943 0.671568 0
    outer loop
      vertex -3.86505 7.57803 -2
      vertex -3.53553 7.21447 2.4
      vertex -3.53553 7.21447 -2
    endloop
  endfacet
  facet normal 0.803207 0.5957 0
    outer loop
      vertex -3.86505 7.57803 2.4
      vertex -4.15735 7.97215 -2
      vertex -4.15735 7.97215 2.4
    endloop
  endfacet
  facet normal 0.803207 0.5957 0
    outer loop
      vertex -4.15735 7.97215 -2
      vertex -3.86505 7.57803 2.4
      vertex -3.86505 7.57803 -2
    endloop
  endfacet
  facet normal 0.989178 0.146721 0
    outer loop
      vertex -4.90393 9.77455 2.4
      vertex -4.97592 10.2599 -2
      vertex -4.97592 10.2599 2.4
    endloop
  endfacet
  facet normal 0.989178 0.146721 0
    outer loop
      vertex -4.97592 10.2599 -2
      vertex -4.90393 9.77455 2.4
      vertex -4.90393 9.77455 -2
    endloop
  endfacet
  facet normal -0.98918 -0.146706 0
    outer loop
      vertex 4.97592 11.2401 -2
      vertex 4.90393 11.7255 2.4
      vertex 4.90393 11.7255 -2
    endloop
  endfacet
  facet normal -0.98918 -0.146706 0
    outer loop
      vertex 4.90393 11.7255 2.4
      vertex 4.97592 11.2401 -2
      vertex 4.97592 11.2401 2.4
    endloop
  endfacet
  facet normal -0.0491157 -0.998793 0
    outer loop
      vertex 0 15.75 -1
      vertex 0.490086 15.7259 2.4
      vertex 0 15.75 2.4
    endloop
  endfacet
  facet normal -0.0491157 -0.998793 -0
    outer loop
      vertex 0.490086 15.7259 2.4
      vertex 0 15.75 -1
      vertex 0.490086 15.7259 -1
    endloop
  endfacet
  facet normal -0.242934 -0.970043 0
    outer loop
      vertex 0.975451 15.6539 -1
      vertex 1.45142 15.5347 2.4
      vertex 0.975451 15.6539 2.4
    endloop
  endfacet
  facet normal -0.242934 -0.970043 -0
    outer loop
      vertex 1.45142 15.5347 2.4
      vertex 0.975451 15.6539 -1
      vertex 1.45142 15.5347 -1
    endloop
  endfacet
  facet normal -0.427575 -0.90398 0
    outer loop
      vertex 1.91342 15.3694 -1
      vertex 2.35698 15.1596 2.4
      vertex 1.91342 15.3694 2.4
    endloop
  endfacet
  facet normal -0.427575 -0.90398 -0
    outer loop
      vertex 2.35698 15.1596 2.4
      vertex 1.91342 15.3694 -1
      vertex 2.35698 15.1596 -1
    endloop
  endfacet
  facet normal 0.803192 -0.59572 0
    outer loop
      vertex -4.15735 13.5279 2.4
      vertex -3.86505 13.922 -2
      vertex -3.86505 13.922 2.4
    endloop
  endfacet
  facet normal 0.803192 -0.59572 0
    outer loop
      vertex -3.86505 13.922 -2
      vertex -4.15735 13.5279 2.4
      vertex -4.15735 13.5279 -2
    endloop
  endfacet
  facet normal 0.998795 -0.0490736 0
    outer loop
      vertex -5 10.75 2.4
      vertex -4.97592 11.2401 -2
      vertex -4.97592 11.2401 2.4
    endloop
  endfacet
  facet normal 0.998795 -0.0490736 0
    outer loop
      vertex -4.97592 11.2401 -2
      vertex -5 10.75 2.4
      vertex -5 10.75 -2
    endloop
  endfacet
  facet normal 0.97002 -0.243025 0
    outer loop
      vertex -4.90393 11.7255 2.4
      vertex -4.7847 12.2014 -2
      vertex -4.7847 12.2014 2.4
    endloop
  endfacet
  facet normal 0.97002 -0.243025 0
    outer loop
      vertex -4.7847 12.2014 -2
      vertex -4.90393 11.7255 2.4
      vertex -4.90393 11.7255 -2
    endloop
  endfacet
  facet normal 0.671658 -0.740861 0
    outer loop
      vertex -3.53553 14.2855 -1
      vertex -3.17197 14.6151 2.4
      vertex -3.53553 14.2855 2.4
    endloop
  endfacet
  facet normal 0.671658 -0.740861 0
    outer loop
      vertex -3.17197 14.6151 2.4
      vertex -3.53553 14.2855 -1
      vertex -3.17197 14.6151 -1
    endloop
  endfacet
  facet normal 0.514163 -0.857692 0
    outer loop
      vertex -2.77785 14.9073 -1
      vertex -2.35698 15.1596 2.4
      vertex -2.77785 14.9073 2.4
    endloop
  endfacet
  facet normal 0.514163 -0.857692 0
    outer loop
      vertex -2.35698 15.1596 2.4
      vertex -2.77785 14.9073 -1
      vertex -2.35698 15.1596 -1
    endloop
  endfacet
  facet normal -0.427558 0.903988 0
    outer loop
      vertex 2.35698 6.34039 -2
      vertex 1.91342 6.1306 2.4
      vertex 2.35698 6.34039 2.4
    endloop
  endfacet
  facet normal -0.427558 0.903988 0
    outer loop
      vertex 1.91342 6.1306 2.4
      vertex 2.35698 6.34039 -2
      vertex 1.91342 6.1306 -2
    endloop
  endfacet
  facet normal -0.941548 0.336879 0
    outer loop
      vertex 4.6194 8.83658 -2
      vertex 4.7847 9.29858 2.4
      vertex 4.7847 9.29858 -2
    endloop
  endfacet
  facet normal -0.941548 0.336879 0
    outer loop
      vertex 4.7847 9.29858 2.4
      vertex 4.6194 8.83658 -2
      vertex 4.6194 8.83658 2.4
    endloop
  endfacet
  facet normal -0.989178 0.146721 0
    outer loop
      vertex 4.90393 9.77455 -2
      vertex 4.97592 10.2599 2.4
      vertex 4.97592 10.2599 -2
    endloop
  endfacet
  facet normal -0.989178 0.146721 0
    outer loop
      vertex 4.97592 10.2599 2.4
      vertex 4.90393 9.77455 -2
      vertex 4.90393 9.77455 2.4
    endloop
  endfacet
  facet normal -0.998795 0.0490736 0
    outer loop
      vertex 4.97592 10.2599 -2
      vertex 5 10.75 2.4
      vertex 5 10.75 -2
    endloop
  endfacet
  facet normal -0.998795 0.0490736 0
    outer loop
      vertex 5 10.75 2.4
      vertex 4.97592 10.2599 -2
      vertex 4.97592 10.2599 2.4
    endloop
  endfacet
  facet normal 0.146716 0.989179 -0
    outer loop
      vertex -0.490086 5.77408 -2
      vertex -0.975451 5.84607 2.4
      vertex -0.490086 5.77408 2.4
    endloop
  endfacet
  facet normal 0.146716 0.989179 0
    outer loop
      vertex -0.975451 5.84607 2.4
      vertex -0.490086 5.77408 -2
      vertex -0.975451 5.84607 -2
    endloop
  endfacet
  facet normal 0.970029 0.242991 0
    outer loop
      vertex -4.7847 9.29858 2.4
      vertex -4.90393 9.77455 -2
      vertex -4.90393 9.77455 2.4
    endloop
  endfacet
  facet normal 0.970029 0.242991 0
    outer loop
      vertex -4.90393 9.77455 -2
      vertex -4.7847 9.29858 2.4
      vertex -4.7847 9.29858 -2
    endloop
  endfacet
  facet normal 0.903988 0.427558 0
    outer loop
      vertex -4.40961 8.39302 2.4
      vertex -4.6194 8.83658 -2
      vertex -4.6194 8.83658 2.4
    endloop
  endfacet
  facet normal 0.903988 0.427558 0
    outer loop
      vertex -4.6194 8.83658 -2
      vertex -4.40961 8.39302 2.4
      vertex -4.40961 8.39302 -2
    endloop
  endfacet
  facet normal -1 0 0
    outer loop
      vertex -9.9 -17.15 -3
      vertex -9.9 -14.15 -2
      vertex -9.9 -14.15 -3
    endloop
  endfacet
  facet normal -1 -0 0
    outer loop
      vertex -9.9 -14.15 -2
      vertex -9.9 -17.15 -3
      vertex -9.9 -17.15 -2
    endloop
  endfacet
  facet normal 1 -0 0
    outer loop
      vertex 9.9 -17.15 -2
      vertex 9.9 -14.15 -3
      vertex 9.9 -14.15 -2
    endloop
  endfacet
  facet normal 1 0 0
    outer loop
      vertex 9.9 -14.15 -3
      vertex 9.9 -17.15 -2
      vertex 9.9 -17.15 -3
    endloop
  endfacet
  facet normal 0 0 -1
    outer loop
      vertex -9.9 -17.15 -3
      vertex 9.9 -14.15 -3
      vertex 9.9 -17.15 -3
    endloop
  endfacet
  facet normal -0 0 -1
    outer loop
      vertex 9.9 -14.15 -3
      vertex -9.9 -17.15 -3
      vertex -9.9 -14.15 -3
    endloop
  endfacet
  facet normal 0 -1 0
    outer loop
      vertex -9.9 -17.15 -3
      vertex 9.9 -17.15 -2
      vertex -9.9 -17.15 -2
    endloop
  endfacet
  facet normal 0 -1 -0
    outer loop
      vertex 9.9 -17.15 -2
      vertex -9.9 -17.15 -3
      vertex 9.9 -17.15 -3
    endloop
  endfacet
  facet normal 0 1 -0
    outer loop
      vertex 9.9 -14.15 -3
      vertex -9.9 -14.15 -2
      vertex 9.9 -14.15 -2
    endloop
  endfacet
  facet normal 0 1 0
    outer loop
      vertex -9.9 -14.15 -2
      vertex 9.9 -14.15 -3
      vertex -9.9 -14.15 -3
    endloop
  endfacet
  facet normal -1 0 0
    outer loop
      vertex -9.9 14.15 -3
      vertex -9.9 17.15 -2
      vertex -9.9 17.15 -3
    endloop
  endfacet
  facet normal -1 -0 0
    outer loop
      vertex -9.9 17.15 -2
      vertex -9.9 14.15 -3
      vertex -9.9 14.15 -2
    endloop
  endfacet
  facet normal 0 0 1
    outer loop
      vertex 3.17197 14.6151 -1
      vertex 3.65837 14.15 -1
      vertex 3.53553 14.2855 -1
    endloop
  endfacet
  facet normal 0 0 1
    outer loop
      vertex 2.77785 14.9073 -1
      vertex 3.65837 14.15 -1
      vertex 3.17197 14.6151 -1
    endloop
  endfacet
  facet normal 0 0 1
    outer loop
      vertex 2.35698 15.1596 -1
      vertex 3.65837 14.15 -1
      vertex 2.77785 14.9073 -1
    endloop
  endfacet
  facet normal 0 0 1
    outer loop
      vertex 1.91342 15.3694 -1
      vertex 3.65837 14.15 -1
      vertex 2.35698 15.1596 -1
    endloop
  endfacet
  facet normal 0 0 1
    outer loop
      vertex 1.45142 15.5347 -1
      vertex 3.65837 14.15 -1
      vertex 1.91342 15.3694 -1
    endloop
  endfacet
  facet normal 0 0 1
    outer loop
      vertex 0.975451 15.6539 -1
      vertex 3.65837 14.15 -1
      vertex 1.45142 15.5347 -1
    endloop
  endfacet
  facet normal 0 0 1
    outer loop
      vertex 0.490086 15.7259 -1
      vertex 3.65837 14.15 -1
      vertex 0.975451 15.6539 -1
    endloop
  endfacet
  facet normal 0 0 1
    outer loop
      vertex 0 15.75 -1
      vertex 3.65837 14.15 -1
      vertex 0.490086 15.7259 -1
    endloop
  endfacet
  facet normal -0 0 1
    outer loop
      vertex -0.490086 15.7259 -1
      vertex 3.65837 14.15 -1
      vertex 0 15.75 -1
    endloop
  endfacet
  facet normal -0 0 1
    outer loop
      vertex -0.975451 15.6539 -1
      vertex 3.65837 14.15 -1
      vertex -0.490086 15.7259 -1
    endloop
  endfacet
  facet normal -0 0 1
    outer loop
      vertex -1.45142 15.5347 -1
      vertex 3.65837 14.15 -1
      vertex -0.975451 15.6539 -1
    endloop
  endfacet
  facet normal -0 0 1
    outer loop
      vertex -1.91342 15.3694 -1
      vertex 3.65837 14.15 -1
      vertex -1.45142 15.5347 -1
    endloop
  endfacet
  facet normal -0 0 1
    outer loop
      vertex -2.35698 15.1596 -1
      vertex 3.65837 14.15 -1
      vertex -1.91342 15.3694 -1
    endloop
  endfacet
  facet normal -0 0 1
    outer loop
      vertex -2.77785 14.9073 -1
      vertex 3.65837 14.15 -1
      vertex -2.35698 15.1596 -1
    endloop
  endfacet
  facet normal -0 0 1
    outer loop
      vertex -3.17197 14.6151 -1
      vertex 3.65837 14.15 -1
      vertex -2.77785 14.9073 -1
    endloop
  endfacet
  facet normal 0 0 1
    outer loop
      vertex -3.65837 14.15 -1
      vertex -3.17197 14.6151 -1
      vertex -3.53553 14.2855 -1
    endloop
  endfacet
  facet normal 0 0 1
    outer loop
      vertex -3.17197 14.6151 -1
      vertex -3.65837 14.15 -1
      vertex 3.65837 14.15 -1
    endloop
  endfacet
  facet normal 1 -0 0
    outer loop
      vertex 9.9 14.15 -2
      vertex 9.9 17.15 -3
      vertex 9.9 17.15 -2
    endloop
  endfacet
  facet normal 1 0 0
    outer loop
      vertex 9.9 17.15 -3
      vertex 9.9 14.15 -2
      vertex 9.9 14.15 -3
    endloop
  endfacet
  facet normal 0 1 -0
    outer loop
      vertex 9.9 17.15 -3
      vertex -9.9 17.15 -2
      vertex 9.9 17.15 -2
    endloop
  endfacet
  facet normal 0 1 0
    outer loop
      vertex -9.9 17.15 -2
      vertex 9.9 17.15 -3
      vertex -9.9 17.15 -3
    endloop
  endfacet
  facet normal 0 0 -1
    outer loop
      vertex -9.9 14.15 -3
      vertex 9.9 17.15 -3
      vertex 9.9 14.15 -3
    endloop
  endfacet
  facet normal -0 0 -1
    outer loop
      vertex 9.9 17.15 -3
      vertex -9.9 14.15 -3
      vertex -9.9 17.15 -3
    endloop
  endfacet
  facet normal 0 -1 0
    outer loop
      vertex -9.9 14.15 -3
      vertex -3.65837 14.15 -2
      vertex -9.9 14.15 -2
    endloop
  endfacet
  facet normal 0 -1 -0
    outer loop
      vertex -3.65837 14.15 -2
      vertex -9.9 14.15 -3
      vertex 3.65837 14.15 -2
    endloop
  endfacet
  facet normal 0 -1 0
    outer loop
      vertex 9.9 14.15 -3
      vertex 3.65837 14.15 -2
      vertex -9.9 14.15 -3
    endloop
  endfacet
  facet normal 0 -1 0
    outer loop
      vertex 3.65837 14.15 -2
      vertex 9.9 14.15 -3
      vertex 9.9 14.15 -2
    endloop
  endfacet
  facet normal 0 -1 0
    outer loop
      vertex -3.65837 14.15 -2
      vertex 3.65837 14.15 -1
      vertex -3.65837 14.15 -1
    endloop
  endfacet
  facet normal 0 -1 -0
    outer loop
      vertex 3.65837 14.15 -1
      vertex -3.65837 14.15 -2
      vertex 3.65837 14.15 -2
    endloop
  endfacet
endsolid OpenSCAD_Model
